{
  "bill_id": "AL2025000H516",
  "source_url": "http://custom.statenet.com/public/resources.cgi?id=ID:bill:AL2025000H516&cuiq=93d84396-c63b-526a-b152-38b7f79b4cfd&client_md=e4f6fea4-27b4-5d41-b7d3-766fe52569f0",
  "versions": [
    {
      "date": "04/03/2025",
      "label": "Introduced",
      "url": "https://custom.statenet.com/public/resources.cgi?mode=show_text&id=ID:bill:AL2025000H516&verid=AL2025000H516_20250403_0_I&",
      "raw_html": "<html>\n<head>\n<title>Bill Resource</title>\n\n<!--   <link href=\"https://custom.statenet.com/network/Common/css/extregtext.css\" rel=\"stylesheet\" type=\"text/css\" />-->\n   <link href=\"https://custom.statenet.com/network/Common/css/xmltext-2.0.css\" rel=\"stylesheet\" type=\"text/css\" />\n   <link href=\"https://custom.statenet.com/network/Common/css/additional-text.css\" rel=\"stylesheet\" type=\"text/css\" />\n\n\t<style type=\"text/css\">\n<!--\n\ntd, body {\n     background-color: white;\n\tfont-family: Verdana, Arial, Helvetica, sans-serif;\n\tfont-size: 12px;\n}\n\n.resourceContainer {\n   border: 1px solid black;\n}\n-->\n</style>\n</head>\n<body>\n\n    <div style=\"width: 750px; margin: auto\">\n       <div style=\"font-size: .8em;margin-bottom: 10px\"><table width=\"100%\"><tr><td align=\"left\" style=\"font-size: .8em;\"><div>The following has special meaning:</div>\n<div><u class=\"amendmentInsertedText\">green underline denotes added text</u></div>\n<div><strike class=\"amendmentDeletedText\">red struck out text denotes deleted text</strike></div></td> <td align=\"right\"><a href=\"https://www.lexisnexis.com/statenet/\"><img alt=\"Powered by State Net\" src=\"https://custom.statenet.com/network/poweredby.gif\" /></a></td></tr></table></div><table id=\"text-identifier\"><tr><td class=\"key\">2025 AL H 516</td> <td><table><tr><td class=\"label\">Author:</td> <td>Chestnut</td></tr> <tr><td class=\"label\">Version:</td> <td>Introduced</td></tr> <tr><td class=\"label\">Version Date:</td> <td>04/03/2025</td></tr></table></td></tr></table><div class=\"documentBody\">\n  <a name=\"head_document_section\"></a><div class=\"head\">\n   <p class=\"indent\">HB516 INTRODUCED </p>\n   <p class=\"left\">ENNJ229-1</p>\n   <p class=\"left\">By Representatives Chestnut, Shaw, Lipscomb, Moore (P), Gray, Robbins, Rigsby </p>\n   <p class=\"left\">RFD: Commerce and Small Business </p>\n   <p class=\"left\">First Read: 03-Apr-25</p>\n   <p class=\"center\">SYNOPSIS:</p>\n   <p class=\"left\">Under existing law, the Legislature has declared numerous deceptive acts or practices in the conduct of any trade or commerce to be unlawful.</p>\n   <p class=\"left\">This bill would further provide that the use of a computer to interact with a consumer as part of a commercial transaction in a manner that would deceive the consumer into reasonably believing that the consumer is interacting with a human is also an unlawful deceptive trade practice.</p>\n  </div>\n  <a name=\"title_document_section\"></a><div class=\"title\">\n   <p class=\"center\">A BILL</p>\n   <p class=\"center\">TO BE ENTITLED</p>\n   <p class=\"center\">AN ACT</p>\n   <p class=\"indent\">Relating to deceptive trade practices; to amend Section 8-19-5, Code of Alabama 1975, to provide that the use of a computer to interact with a consumer in a manner that deceives the consumer into believing that the interaction is with a human is an unlawful trade practice.</p>\n  </div>\n  <a name=\"text_document_section\"></a><div class=\"text\">\n   <span>\n    <p class=\"left\">BE IT ENACTED BY THE LEGISLATURE OF ALABAMA:</p>\n   </span>\n   <p class=\"indent\">Section 1. Section 8-19-5, Code of Alabama 1975, is amended to read as follows:</p>\n   <p class=\"indent\">&quot;&sect;8-19-5</p>\n   <p class=\"indent\">The following deceptive acts or practices in the conduct of any trade or commerce are <strike class=\"amendmentDeletedText\">hereby declared to be</strike> unlawful:</p>\n   <p class=\"indent\">(1) Passing off goods or services as those of another, provided that this section shall not prohibit the private labeling of goods or services.</p>\n   <p class=\"indent\">(2) Causing confusion or misunderstanding as to the source, sponsorship, approval, or certification of goods or services.</p>\n   <p class=\"indent\">(3) Causing confusion or misunderstanding as to the affiliation, connection, or association with, or certification by another, provided that this section shall not prohibit the private labeling of goods or services.</p>\n   <p class=\"indent\">(4) Using deceptive representations or designations of geographic origin in connection with goods or services.</p>\n   <p class=\"indent\">(5) Representing that goods or services have sponsorship, approval, characteristics, ingredients, uses, benefits, or qualities that they do not have or that a person has sponsorship, approval, status, affiliation, or connection that he or she does not have.</p>\n   <p class=\"indent\">(6) Representing that goods are original or new if they are deteriorated, reconditioned, reclaimed, used, secondhand, or altered to the point of decreasing their value or rendering the goods unfit for the ordinary purpose for which they were purchased, provided that this subdivision shall not apply to new goods which have been reconditioned, reclaimed, or repaired and such fact is disclosed to the purchaser.</p>\n   <p class=\"indent\">(7) Representing that goods or services are of a particular standard, quality, or grade, or that goods are of a particular style or model, if they are of another.</p>\n   <p class=\"indent\">(8) Disparaging the goods, services, or business of another by false or misleading representation of fact.</p>\n   <p class=\"indent\">(9) Advertising goods or services with intent not to sell them as advertised.</p>\n   <p class=\"indent\">(10) Advertising goods or services with intent not to supply reasonably expectable public demand unless the advertisement discloses a limitation of quantity.</p>\n   <p class=\"indent\">(11) Making a false or misleading statement of fact concerning the reasons for, existence of, or amounts of, price reductions.</p>\n   <p class=\"indent\">(12) Knowingly failing to identify flood, water, fire, or accidentally damaged goods as damaged goods if they are damaged to the point of decreasing their value or rendering the goods unfit for the ordinary purpose for which they were purchased,; provided, that this subdivision shall not apply to accidentally damaged new goods where the goods are reconditioned, reclaimed, or repaired to substantially their original condition and such fact is disclosed to the purchaser.</p>\n   <p class=\"indent\">(13) Knowingly making false or misleading statements of fact concerning the need for parts, replacement, or repair service.</p>\n   <p class=\"indent\">(14) Misrepresenting the authority of a salesperson, representative, or agent to negotiate the final terms of a transaction.</p>\n   <p class=\"indent\">(15) Disconnecting, turning back, replacing, or resetting the odometer of any motor vehicle so as to reduce the number of miles indicated on the odometer gauge with the intent of deception.</p>\n   <p class=\"indent\">(16) Advertising of any sale by falsely representing that a person is going out of business.</p>\n   <p class=\"indent\">(17) After receipt of payment for goods or services, failing to ship the goods or furnish such services within the time advertised or otherwise represented or, if no specific time is advertised or represented, failing to ship the goods or furnish such services within 30 days, unless within the applicable time period the seller provides the buyer with the option to either cancel the sales agreement and receive a refund of all previous payments to the seller or to extend the date to a specific date proposed by the seller. Any refund shall be mailed or delivered to the buyer within 10 business days after the seller receives written notification from the buyer of the buyer&#39;s option to cancel the sales agreement and receive the refund.</p>\n   <p class=\"indent\">(18) Using or employing a chain referral sales plan in connection with the sale or offering for sale of goods, merchandise, or anything of value, involving a sales technique, plan, arrangement, or agreement in which the buyer or prospective buyer is offered the opportunity to purchase merchandise or goods and in connection with the purchase receives the seller&#39;s promise or representation that the buyer shall have the right to receive compensation or consideration in any form for furnishing to the seller the names of other prospective buyers, if the receipt of the compensation or consideration is contingent upon the occurrence of an event subsequent to the time the buyer purchased the goods, merchandise, or anything of value.</p>\n   <p class=\"indent\">(19) Establishing, promoting, or operating a pyramid promotional scheme.</p>\n   <p class=\"indent\">a. Nothing in this subdivision may be construed to prohibit a plan or operation, or to define a plan or operation, where the participants in the plan or operation give consideration in return for the right to receive compensation based upon purchases of goods, services, or intangible property for personal use, consumption, or resale if the plan or operation does not cause inventory loading and the plan or operation implements a bona fide inventory repurchase program.</p>\n   <p class=\"indent\">b. A bona fide inventory repurchase program under this subdivision is subject to the following requirements:</p>\n   <p class=\"indent\">1. The program shall be clearly described in its recruiting literature, sales manual, or contracts.</p>\n   <p class=\"indent\">2. The recruiting literature, sales manual, or contracts shall disclose any inventory that is not eligible for repurchase under the program, including inventory that is beyond the commercially reasonable use or shelf life period or has been used or opened.</p>\n   <p class=\"indent\">c. Before a repurchase of inventory is made, the entity operating the repurchase program shall clearly describe the inventory that is excluded from the entity&#39;s bona fide repurchase program as seasonal, discontinued, or special promotion products and the inventory that is not subject to the entity&#39;s bona fide inventory repurchase program.</p>\n   <p class=\"indent\">(20) In connection with any seller-assisted marketing plan, either misrepresenting the amount or extent of earnings to result therefrom, or misrepresenting the extent or nature of the market for the goods or services, or both, sold or delivered in connection with the plan, or misrepresenting that the seller of the plan will repurchase all or part of the goods or services, or both, sold or delivered in connection with the plan, or failing to deliver goods or services, or both, within the time represented. As used herein, &quot;seller-assisted marketing plan&quot; includes any plan, scheme, or system in which for a consideration a buyer acquires goods or services, or both, together with a plan, scheme, or system for the resale of the goods or services, or both.</p>\n   <p class=\"indent\">(21) Intentionally misrepresenting that a warranty or guarantee confers or involves certain rights or remedies.</p>\n   <p class=\"indent\">(22) In selling a new motor vehicle, failing to disclose material damage to the motor vehicle as prescribed hereafter:</p>\n   <p class=\"indent\">a. Each manufacturer, importer, or distributor of new motor vehicles sold or transferred to a motor vehicle dealer in this state, shall notify the motor vehicle dealer in writing prior to delivery of the vehicle of any material damage to the vehicle which is known to the manufacturer, importer, or distributor, and which was sustained or incurred by the motor vehicle at any time after the manufacturing process is complete but prior to delivery of the vehicle to the dealer.</p>\n   <p class=\"indent\">b. In selling a new motor vehicle, each motor vehicle dealer in this state shall notify the purchaser in writing at the time of sale of any material damage to the vehicle which is known to the motor vehicle dealer and which was sustained or incurred by the motor vehicle at any time after the manufacturing process is complete, but prior to delivery of the vehicle to the purchaser.</p>\n   <p class=\"indent\">c. For purposes of this section, &quot;material damage&quot; means damage sustained or incurred by a motor vehicle, whether corrected or uncorrected, which cost to repair exceeds three percent of the manufacturer&#39;s suggested retail price of the vehicle based upon the dealer&#39;s retail repair cost or the sum of five hundred dollars ($500), whichever is greater. Damage to tires, glass, bumpers, and in-dash audio equipment shall not be considered in determining the cost of repair if those components are replaced by identical manufacturer&#39;s original equipment. The failure of a manufacturer, importer, distributor, or motor vehicle dealer to give notice of damage below the threshold constituting material damage shall not provide grounds for revocation of the sale nor shall such failure constitute a material misrepresentation or omission of fact.</p>\n   <p class=\"indent\">d. Each manufacturer, importer, or distributor of new motor vehicles shall indemnify and hold harmless the motor vehicle dealer obtaining a vehicle from the manufacturer, importer, or distributor from and against any liability, including reasonable <strike class=\"amendmentDeletedText\">attorneys&#39;</strike>\n    <u class=\"amendmentInsertedText\">attorney</u> fees, which the motor vehicle dealer may have to the purchaser of the vehicle as a result of damage to the new motor vehicle which was known to the manufacturer, importer, or distributor, which occurred prior to delivery of the vehicle to the dealer, and which was not disclosed in writing to the dealer prior to delivery of the vehicle. This indemnity obligation of the manufacturer, importer, or distributor shall apply regardless of whether the damage constitutes material damage.</p>\n   <p class=\"indent\">(23) Affixing an Alabama revenue stamp, including local municipal or county stamps, to, or upon, any package of cigarettes, or selling or holding for sale any package of cigarettes to which an Alabama revenue stamp, including local municipal or county stamps, has been affixed, if:</p>\n   <p class=\"indent\">a. The package differs in any respect with the requirements of the Federal Cigarette Labeling and Advertising Act (15 U.S.C. &sect; 1331, et seq.), for the placement of labels, warnings, or any other information upon a package of cigarettes that is to be sold within the United States;</p>\n   <p class=\"indent\">b. The package is labeled &quot;For Export Only&quot;, &quot;U.S. Tax Exempt,&quot; &quot;For Use Outside U.S.,&quot; or similar wording indicating that the manufacturer did not intend that the product be sold in the United States;</p>\n   <p class=\"indent\">c. The package, or a package containing individually stamped packages, has been altered by adding or deleting the wording, labels, or warnings described in paragraph a. or b. of this subdivision;</p>\n   <p class=\"indent\">d. With respect to the cigarettes, any person is not in compliance with 15 U.S.C. &sect; 1335a (relating to submission of ingredient information to federal authorities), 19 U.S.C. &sect; 1681-1681b (relating to imports of certain cigarettes), 26 U.S.C. &sect; 5754 (relating to previously exported tobacco products), or any other federal law or implementing federal regulations; or </p>\n   <p class=\"indent\">e. The package in any way violates federal trademark or copyright laws.</p>\n   <p class=\"indent\">For the purposes of this subdivision, the term &quot;package&quot; means a pack, carton, or container of any kind in which cigarettes are offered for sale, sold, or otherwise distributed, or intended for distribution, to consumers. Also for the purposes of this subdivision, the term &quot;Alabama revenue stamp&quot; means the stamp or stamps by the use of which the tax levied under Article 1 of Chapter 25 of Title 40, is paid.</p>\n   <p class=\"indent\">(24) Engaging in the sale, distribution, possession, acquisition, importation, or transportation of any cigarettes that do not comply with all applicable requirements imposed by or pursuant to federal law and federal implementing regulations.</p>\n   <p class=\"indent\">(25) Engaging in a scheme or artifice to defraud by telephone communication. For purposes of this subdivision, a &quot;scheme or artifice to defraud&quot; means a systematic, ongoing course of conduct with the specific intent to defraud one or more persons in order to obtain property from that person by a telephone communication; and &quot;telephone communication&quot; means the transmission of information by the use of the telephone, with the specific intent of defrauding a person by a material misrepresentation and obtaining property from that person as a result of the fraud. Puffing or puffery does not constitute a scheme or artifice to defraud.</p>\n   <p class=\"indent\">(26) Making any communication by telephone directly to another person which offers to the other person a gift, award, or prize, where the person making the communication has actual knowledge at the time of making the communication that the communication was materially false and the person making the communication specifically intended to deprive the other person of real or personal property as a result of the false communication.</p>\n   <p class=\"indent\">\n    <u class=\"amendmentInsertedText\">(27) Engaging in a commercial transaction or trade practice with a consumer in which the consumer communicates or otherwise interacts with a chatbot, artificial intelligence agent, avatar, or any other computer technology that engages in a textual or aural conversation with the consumer and that may mislead or deceive a reasonable person to believe that they are communicating or interacting with a human and either of the following:</u>\n   </p>\n   <p class=\"indent\">\n    <u class=\"amendmentInsertedText\">a. The consumer is not notified in a clear and conspicuous manner that the consumer is communicating or interacting with a non-human.</u>\n   </p>\n   <p class=\"indent\">\n    <u class=\"amendmentInsertedText\">b. The consumer may otherwise reasonably believe that they are communicating or interacting with a human.</u>\n   </p>\n   <p class=\"indent\">\n    <strike class=\"amendmentDeletedText\">(27)</strike>\n    <u class=\"amendmentInsertedText\">(28)</u> Engaging in any other unconscionable, false, misleading, or deceptive act or practice in the conduct of trade or commerce.&quot;</p>\n   <p class=\"indent\">Section 2. This act shall become effective on October 1, 2025.</p>\n  </div>\n </div>\n    </div>\t\n<table cellpadding=0 cellspacing=0 width=\"100%\">\n   <tr>\n      <td>\n          Copyright &copy; 2025 State Net\n      </td>\n<BR>\n<!--???MOVED INTO resources.cgi      <td align=\"right\">\n          <img src=\"https://custom.statenet.com/network/poweredby.gif\" alt=\"Powered by State Net\">\n      </td>-->\n\n    </tr>\n</table>\n</body></html>\n",
      "markdown": "The following has special meaning: _green underline denotes added text_ ~~red struck out text denotes deleted text~~ | [![Powered by State Net](https://custom.statenet.com/network/poweredby.gif)](https://www.lexisnexis.com/statenet/)  \n---|---  \n  \n2025 AL H 516 | | Author: | Chestnut  \n---|---  \nVersion: | Introduced  \nVersion Date: | 04/03/2025  \n  \nHB516 INTRODUCED\n\nENNJ229-1\n\nBy Representatives Chestnut, Shaw, Lipscomb, Moore (P), Gray, Robbins, Rigsby\n\nRFD: Commerce and Small Business\n\nFirst Read: 03-Apr-25\n\nSYNOPSIS:\n\nUnder existing law, the Legislature has declared numerous deceptive acts or\npractices in the conduct of any trade or commerce to be unlawful.\n\nThis bill would further provide that the use of a computer to interact with a\nconsumer as part of a commercial transaction in a manner that would deceive\nthe consumer into reasonably believing that the consumer is interacting with a\nhuman is also an unlawful deceptive trade practice.\n\nA BILL\n\nTO BE ENTITLED\n\nAN ACT\n\nRelating to deceptive trade practices; to amend Section 8-19-5, Code of\nAlabama 1975, to provide that the use of a computer to interact with a\nconsumer in a manner that deceives the consumer into believing that the\ninteraction is with a human is an unlawful trade practice.\n\nBE IT ENACTED BY THE LEGISLATURE OF ALABAMA:\n\nSection 1. Section 8-19-5, Code of Alabama 1975, is amended to read as\nfollows:\n\n\"§8-19-5\n\nThe following deceptive acts or practices in the conduct of any trade or\ncommerce are ~~hereby declared to be~~ unlawful:\n\n(1) Passing off goods or services as those of another, provided that this\nsection shall not prohibit the private labeling of goods or services.\n\n(2) Causing confusion or misunderstanding as to the source, sponsorship,\napproval, or certification of goods or services.\n\n(3) Causing confusion or misunderstanding as to the affiliation, connection,\nor association with, or certification by another, provided that this section\nshall not prohibit the private labeling of goods or services.\n\n(4) Using deceptive representations or designations of geographic origin in\nconnection with goods or services.\n\n(5) Representing that goods or services have sponsorship, approval,\ncharacteristics, ingredients, uses, benefits, or qualities that they do not\nhave or that a person has sponsorship, approval, status, affiliation, or\nconnection that he or she does not have.\n\n(6) Representing that goods are original or new if they are deteriorated,\nreconditioned, reclaimed, used, secondhand, or altered to the point of\ndecreasing their value or rendering the goods unfit for the ordinary purpose\nfor which they were purchased, provided that this subdivision shall not apply\nto new goods which have been reconditioned, reclaimed, or repaired and such\nfact is disclosed to the purchaser.\n\n(7) Representing that goods or services are of a particular standard, quality,\nor grade, or that goods are of a particular style or model, if they are of\nanother.\n\n(8) Disparaging the goods, services, or business of another by false or\nmisleading representation of fact.\n\n(9) Advertising goods or services with intent not to sell them as advertised.\n\n(10) Advertising goods or services with intent not to supply reasonably\nexpectable public demand unless the advertisement discloses a limitation of\nquantity.\n\n(11) Making a false or misleading statement of fact concerning the reasons\nfor, existence of, or amounts of, price reductions.\n\n(12) Knowingly failing to identify flood, water, fire, or accidentally damaged\ngoods as damaged goods if they are damaged to the point of decreasing their\nvalue or rendering the goods unfit for the ordinary purpose for which they\nwere purchased,; provided, that this subdivision shall not apply to\naccidentally damaged new goods where the goods are reconditioned, reclaimed,\nor repaired to substantially their original condition and such fact is\ndisclosed to the purchaser.\n\n(13) Knowingly making false or misleading statements of fact concerning the\nneed for parts, replacement, or repair service.\n\n(14) Misrepresenting the authority of a salesperson, representative, or agent\nto negotiate the final terms of a transaction.\n\n(15) Disconnecting, turning back, replacing, or resetting the odometer of any\nmotor vehicle so as to reduce the number of miles indicated on the odometer\ngauge with the intent of deception.\n\n(16) Advertising of any sale by falsely representing that a person is going\nout of business.\n\n(17) After receipt of payment for goods or services, failing to ship the goods\nor furnish such services within the time advertised or otherwise represented\nor, if no specific time is advertised or represented, failing to ship the\ngoods or furnish such services within 30 days, unless within the applicable\ntime period the seller provides the buyer with the option to either cancel the\nsales agreement and receive a refund of all previous payments to the seller or\nto extend the date to a specific date proposed by the seller. Any refund shall\nbe mailed or delivered to the buyer within 10 business days after the seller\nreceives written notification from the buyer of the buyer's option to cancel\nthe sales agreement and receive the refund.\n\n(18) Using or employing a chain referral sales plan in connection with the\nsale or offering for sale of goods, merchandise, or anything of value,\ninvolving a sales technique, plan, arrangement, or agreement in which the\nbuyer or prospective buyer is offered the opportunity to purchase merchandise\nor goods and in connection with the purchase receives the seller's promise or\nrepresentation that the buyer shall have the right to receive compensation or\nconsideration in any form for furnishing to the seller the names of other\nprospective buyers, if the receipt of the compensation or consideration is\ncontingent upon the occurrence of an event subsequent to the time the buyer\npurchased the goods, merchandise, or anything of value.\n\n(19) Establishing, promoting, or operating a pyramid promotional scheme.\n\na. Nothing in this subdivision may be construed to prohibit a plan or\noperation, or to define a plan or operation, where the participants in the\nplan or operation give consideration in return for the right to receive\ncompensation based upon purchases of goods, services, or intangible property\nfor personal use, consumption, or resale if the plan or operation does not\ncause inventory loading and the plan or operation implements a bona fide\ninventory repurchase program.\n\nb. A bona fide inventory repurchase program under this subdivision is subject\nto the following requirements:\n\n1\\. The program shall be clearly described in its recruiting literature, sales\nmanual, or contracts.\n\n2\\. The recruiting literature, sales manual, or contracts shall disclose any\ninventory that is not eligible for repurchase under the program, including\ninventory that is beyond the commercially reasonable use or shelf life period\nor has been used or opened.\n\nc. Before a repurchase of inventory is made, the entity operating the\nrepurchase program shall clearly describe the inventory that is excluded from\nthe entity's bona fide repurchase program as seasonal, discontinued, or\nspecial promotion products and the inventory that is not subject to the\nentity's bona fide inventory repurchase program.\n\n(20) In connection with any seller-assisted marketing plan, either\nmisrepresenting the amount or extent of earnings to result therefrom, or\nmisrepresenting the extent or nature of the market for the goods or services,\nor both, sold or delivered in connection with the plan, or misrepresenting\nthat the seller of the plan will repurchase all or part of the goods or\nservices, or both, sold or delivered in connection with the plan, or failing\nto deliver goods or services, or both, within the time represented. As used\nherein, \"seller-assisted marketing plan\" includes any plan, scheme, or system\nin which for a consideration a buyer acquires goods or services, or both,\ntogether with a plan, scheme, or system for the resale of the goods or\nservices, or both.\n\n(21) Intentionally misrepresenting that a warranty or guarantee confers or\ninvolves certain rights or remedies.\n\n(22) In selling a new motor vehicle, failing to disclose material damage to\nthe motor vehicle as prescribed hereafter:\n\na. Each manufacturer, importer, or distributor of new motor vehicles sold or\ntransferred to a motor vehicle dealer in this state, shall notify the motor\nvehicle dealer in writing prior to delivery of the vehicle of any material\ndamage to the vehicle which is known to the manufacturer, importer, or\ndistributor, and which was sustained or incurred by the motor vehicle at any\ntime after the manufacturing process is complete but prior to delivery of the\nvehicle to the dealer.\n\nb. In selling a new motor vehicle, each motor vehicle dealer in this state\nshall notify the purchaser in writing at the time of sale of any material\ndamage to the vehicle which is known to the motor vehicle dealer and which was\nsustained or incurred by the motor vehicle at any time after the manufacturing\nprocess is complete, but prior to delivery of the vehicle to the purchaser.\n\nc. For purposes of this section, \"material damage\" means damage sustained or\nincurred by a motor vehicle, whether corrected or uncorrected, which cost to\nrepair exceeds three percent of the manufacturer's suggested retail price of\nthe vehicle based upon the dealer's retail repair cost or the sum of five\nhundred dollars ($500), whichever is greater. Damage to tires, glass, bumpers,\nand in-dash audio equipment shall not be considered in determining the cost of\nrepair if those components are replaced by identical manufacturer's original\nequipment. The failure of a manufacturer, importer, distributor, or motor\nvehicle dealer to give notice of damage below the threshold constituting\nmaterial damage shall not provide grounds for revocation of the sale nor shall\nsuch failure constitute a material misrepresentation or omission of fact.\n\nd. Each manufacturer, importer, or distributor of new motor vehicles shall\nindemnify and hold harmless the motor vehicle dealer obtaining a vehicle from\nthe manufacturer, importer, or distributor from and against any liability,\nincluding reasonable ~~attorneys '~~ _attorney_ fees, which the motor vehicle\ndealer may have to the purchaser of the vehicle as a result of damage to the\nnew motor vehicle which was known to the manufacturer, importer, or\ndistributor, which occurred prior to delivery of the vehicle to the dealer,\nand which was not disclosed in writing to the dealer prior to delivery of the\nvehicle. This indemnity obligation of the manufacturer, importer, or\ndistributor shall apply regardless of whether the damage constitutes material\ndamage.\n\n(23) Affixing an Alabama revenue stamp, including local municipal or county\nstamps, to, or upon, any package of cigarettes, or selling or holding for sale\nany package of cigarettes to which an Alabama revenue stamp, including local\nmunicipal or county stamps, has been affixed, if:\n\na. The package differs in any respect with the requirements of the Federal\nCigarette Labeling and Advertising Act (15 U.S.C. § 1331, et seq.), for the\nplacement of labels, warnings, or any other information upon a package of\ncigarettes that is to be sold within the United States;\n\nb. The package is labeled \"For Export Only\", \"U.S. Tax Exempt,\" \"For Use\nOutside U.S.,\" or similar wording indicating that the manufacturer did not\nintend that the product be sold in the United States;\n\nc. The package, or a package containing individually stamped packages, has\nbeen altered by adding or deleting the wording, labels, or warnings described\nin paragraph a. or b. of this subdivision;\n\nd. With respect to the cigarettes, any person is not in compliance with 15\nU.S.C. § 1335a (relating to submission of ingredient information to federal\nauthorities), 19 U.S.C. § 1681-1681b (relating to imports of certain\ncigarettes), 26 U.S.C. § 5754 (relating to previously exported tobacco\nproducts), or any other federal law or implementing federal regulations; or\n\ne. The package in any way violates federal trademark or copyright laws.\n\nFor the purposes of this subdivision, the term \"package\" means a pack, carton,\nor container of any kind in which cigarettes are offered for sale, sold, or\notherwise distributed, or intended for distribution, to consumers. Also for\nthe purposes of this subdivision, the term \"Alabama revenue stamp\" means the\nstamp or stamps by the use of which the tax levied under Article 1 of Chapter\n25 of Title 40, is paid.\n\n(24) Engaging in the sale, distribution, possession, acquisition, importation,\nor transportation of any cigarettes that do not comply with all applicable\nrequirements imposed by or pursuant to federal law and federal implementing\nregulations.\n\n(25) Engaging in a scheme or artifice to defraud by telephone communication.\nFor purposes of this subdivision, a \"scheme or artifice to defraud\" means a\nsystematic, ongoing course of conduct with the specific intent to defraud one\nor more persons in order to obtain property from that person by a telephone\ncommunication; and \"telephone communication\" means the transmission of\ninformation by the use of the telephone, with the specific intent of\ndefrauding a person by a material misrepresentation and obtaining property\nfrom that person as a result of the fraud. Puffing or puffery does not\nconstitute a scheme or artifice to defraud.\n\n(26) Making any communication by telephone directly to another person which\noffers to the other person a gift, award, or prize, where the person making\nthe communication has actual knowledge at the time of making the communication\nthat the communication was materially false and the person making the\ncommunication specifically intended to deprive the other person of real or\npersonal property as a result of the false communication.\n\n_(27) Engaging in a commercial transaction or trade practice with a consumer\nin which the consumer communicates or otherwise interacts with a chatbot,\nartificial intelligence agent, avatar, or any other computer technology that\nengages in a textual or aural conversation with the consumer and that may\nmislead or deceive a reasonable person to believe that they are communicating\nor interacting with a human and either of the following:_\n\n_a. The consumer is not notified in a clear and conspicuous manner that the\nconsumer is communicating or interacting with a non-human._\n\n_b. The consumer may otherwise reasonably believe that they are communicating\nor interacting with a human._\n\n~~(27)~~ _(28)_ Engaging in any other unconscionable, false, misleading, or\ndeceptive act or practice in the conduct of trade or commerce.\"\n\nSection 2. This act shall become effective on October 1, 2025.\n\nCopyright (C) 2025 State Net  \n  \n---\n\n",
      "latest_version": true
    }
  ]
}