{
  "bill_id": "AL2025000H208",
  "source_url": "http://custom.statenet.com/public/resources.cgi?id=ID:bill:AL2025000H208&cuiq=93d84396-c63b-526a-b152-38b7f79b4cfd&client_md=e4f6fea4-27b4-5d41-b7d3-766fe52569f0",
  "versions": [
    {
      "date": "02/06/2025",
      "label": "Introduced",
      "url": "https://custom.statenet.com/public/resources.cgi?mode=show_text&id=ID:bill:AL2025000H208&verid=AL2025000H208_20250206_0_I&",
      "raw_html": "<html>\n<head>\n<title>Bill Resource</title>\n\n<!--   <link href=\"https://custom.statenet.com/network/Common/css/extregtext.css\" rel=\"stylesheet\" type=\"text/css\" />-->\n   <link href=\"https://custom.statenet.com/network/Common/css/xmltext-2.0.css\" rel=\"stylesheet\" type=\"text/css\" />\n   <link href=\"https://custom.statenet.com/network/Common/css/additional-text.css\" rel=\"stylesheet\" type=\"text/css\" />\n\n\t<style type=\"text/css\">\n<!--\n\ntd, body {\n     background-color: white;\n\tfont-family: Verdana, Arial, Helvetica, sans-serif;\n\tfont-size: 12px;\n}\n\n.resourceContainer {\n   border: 1px solid black;\n}\n-->\n</style>\n</head>\n<body>\n\n    <div style=\"width: 750px; margin: auto\">\n       <div style=\"font-size: .8em;margin-bottom: 10px\"><table width=\"100%\"><tr><td align=\"left\" style=\"font-size: .8em;\"><div>The following has special meaning:</div>\n<div><u class=\"amendmentInsertedText\">green underline denotes added text</u></div>\n<div><strike class=\"amendmentDeletedText\">red struck out text denotes deleted text</strike></div></td> <td align=\"right\"><a href=\"https://www.lexisnexis.com/statenet/\"><img alt=\"Powered by State Net\" src=\"https://custom.statenet.com/network/poweredby.gif\" /></a></td></tr></table></div><table id=\"text-identifier\"><tr><td class=\"key\">2025 AL H 208</td> <td><table><tr><td class=\"label\">Author:</td> <td>Shaw</td></tr> <tr><td class=\"label\">Version:</td> <td>Introduced</td></tr> <tr><td class=\"label\">Version Date:</td> <td>02/06/2025</td></tr></table></td></tr></table><div class=\"documentBody\">\n  <a name=\"head_document_section\"></a><div class=\"head\">\n   <p class=\"indent\">HB208 INTRODUCED</p>\n   <p class=\"left\">I4K5ZW6-1</p>\n   <p class=\"left\">By Representative Shaw</p>\n   <p class=\"left\">RFD: State Government </p>\n   <p class=\"left\">First Read: 06-Feb-25</p>\n   <p class=\"center\">SYNOPSIS:</p>\n   <p class=\"left\">Under existing law, the Office of Information Technology was created to streamline information technology and provide for the delivery of information technology services for state government offices.</p>\n   <p class=\"left\">This bill would expand the services of the office to include cybersecurity and would also create a technology quality assurance board.</p>\n  </div>\n  <a name=\"title_document_section\"></a><div class=\"title\">\n   <p class=\"center\">A BILL</p>\n   <p class=\"center\">TO BE ENTITLED</p>\n   <p class=\"center\">AN ACT</p>\n   <p class=\"indent\">Relating to the powers and duties of the Secretary of Information Technology; to amend Section 41-28-4, Code of Alabama 1975, to authorize the secretary to adopt rules providing for cybersecurity governance for state agencies; and to authorize the secretary, in consultation with the Governor, to adopt rules providing for the creation, operation, and oversight of a technology quality assurance board.</p>\n  </div>\n  <a name=\"text_document_section\"></a><div class=\"text\">\n   <span>\n    <p class=\"left\">BE IT ENACTED BY THE LEGISLATURE OF ALABAMA:</p>\n   </span>\n   <p class=\"indent\">Section 1. Section 41-28-4 of the Code of Alabama 1975, is amended to read as follows:</p>\n   <p class=\"indent\">&quot;&sect;41-28-4</p>\n   <p class=\"indent\">The secretary shall have all of the following powers and duties:</p>\n   <p class=\"indent\">(1) Develop a comprehensive four-year strategic plan for the state&#39;s information technology to include acquisition, management, and use of information technology by state agencies. The plan shall be developed in conjunction with the planning and budgeting processes for state agencies and may include review of state agencies&#39; information technology plans, capital budgets, and operating budgets as appropriate to accomplish the goals of reducing redundant expenditures and maximizing the return on information technology investments. The plan shall be updated annually and submitted to the Governor and shall be presented during a public meeting to the Permanent Legislative Oversight Committee on Information Technology. The plan shall further be coordinated with the Boards of Directors of the Alabama Supercomputer Authority.</p>\n   <p class=\"indent\">(2) Collaborate and coordinate with the Division of Data Systems Management of the Department of Finance as set forth in Article 8 of Chapter 4 of this title, the Alabama Supercomputer Authority, or any state authority, board, or agency of like kind, and promote standards and coordinate services and infrastructure to ensure that information technology is used to support designated needs areas, including identifying applications, equipment, and services that may be statewide in scope and assisting state agencies in avoiding duplication of applications, equipment, and services.</p>\n   <p class=\"indent\">(3) Serve as a member of the board, or boards, for the Alabama Supercomputer Authority.</p>\n   <p class=\"indent\">(4) Solicit, receive, and administer funds, goods, services, and equipment from public and private entities to be used for the purchase of computers, satellites, hardware, software, and other information technology equipment and services and for staff training in the use of information technology development programs.</p>\n   <p class=\"indent\">(5) Establish an inventory of information technology resources to allow identification of underutilized or idle resources and all data and data systems in state agencies to promote improved asset management, utilization, and data sharing, with information technology resources to include personnel, software, hardware, and services.</p>\n   <p class=\"indent\">(6) Establish and administer a structured system for review and approval of new information technology initiatives and projects, including business case, cost benefit analysis, and compatibility analysis.</p>\n   <p class=\"indent\">(7) Administer any funds appropriated to the secretary by the Legislature for the establishment, operation, and coordination of the office.</p>\n   <p class=\"indent\">(8) Represent state information technology and related areas with both the private and public sectors, including the federal government.</p>\n   <p class=\"indent\">(9) Issue annual reports to the Governor, the Legislature, and the general public concerning the coordination and operation of the office.</p>\n   <p class=\"indent\">(10)<strike class=\"amendmentDeletedText\"> Promulgate</strike>\n    <u class=\"amendmentInsertedText\"> Adopt</u> rules<strike class=\"amendmentDeletedText\">, regulations,</strike> and policies and establish procedures and standards for the management and operation of information technology by state agencies to carry out this chapter, including coordinating state information technology; providing technical assistance to state agency administrators on design and management of state information technology systems; evaluating the cost, system design, and suitability of information technology equipment and related services;<u class=\"amendmentInsertedText\"> establishing and enforcing cybersecurity governance for state agencies, including supporting operations and technology controls;</u> establishing standards and policies for project management and project methodologies; and developing a unified and integrated structure and enterprise architecture for information technology systems for all state agencies.</p>\n   <p class=\"indent\">\n    <u class=\"amendmentInsertedText\">(11) In consultation with the Governor, adopt rules to provide for the creation, operation, and oversight of a technology quality assurance board that will promote the responsible and transparent procurement, development, and use of novel technologies, including artificial intelligence, within state agencies through establishing and enforcing the following measures for all of the following technologies:</u>\n   </p>\n   <p class=\"indent\">\n    <u class=\"amendmentInsertedText\">a. Ethical guidelines and frameworks.</u>\n   </p>\n   <p class=\"indent\">\n    <u class=\"amendmentInsertedText\">b. Security and privacy controls.</u>\n   </p>\n   <p class=\"indent\">\n    <u class=\"amendmentInsertedText\">c. Ongoing compliance mechanisms.</u>\n   </p>\n   <p class=\"indent\">\n    <strike class=\"amendmentDeletedText\">(11)</strike>\n    <u class=\"amendmentInsertedText\">(12)</u> Plan and coordinate information technology<u class=\"amendmentInsertedText\"> and cybersecurity</u> activities for state agencies in such a manner as to promote the most economical and effective use of state resources.&quot;</p>\n   <p class=\"indent\">Section 2. This act shall become effective on October 1, 2025.</p>\n  </div>\n </div>\n    </div>\t\n<table cellpadding=0 cellspacing=0 width=\"100%\">\n   <tr>\n      <td>\n          Copyright &copy; 2025 State Net\n      </td>\n<BR>\n<!--???MOVED INTO resources.cgi      <td align=\"right\">\n          <img src=\"https://custom.statenet.com/network/poweredby.gif\" alt=\"Powered by State Net\">\n      </td>-->\n\n    </tr>\n</table>\n</body></html>\n",
      "markdown": "The following has special meaning: _green underline denotes added text_ ~~red struck out text denotes deleted text~~ | [![Powered by State Net](https://custom.statenet.com/network/poweredby.gif)](https://www.lexisnexis.com/statenet/)  \n---|---  \n  \n2025 AL H 208 | | Author: | Shaw  \n---|---  \nVersion: | Introduced  \nVersion Date: | 02/06/2025  \n  \nHB208 INTRODUCED\n\nI4K5ZW6-1\n\nBy Representative Shaw\n\nRFD: State Government\n\nFirst Read: 06-Feb-25\n\nSYNOPSIS:\n\nUnder existing law, the Office of Information Technology was created to\nstreamline information technology and provide for the delivery of information\ntechnology services for state government offices.\n\nThis bill would expand the services of the office to include cybersecurity and\nwould also create a technology quality assurance board.\n\nA BILL\n\nTO BE ENTITLED\n\nAN ACT\n\nRelating to the powers and duties of the Secretary of Information Technology;\nto amend Section 41-28-4, Code of Alabama 1975, to authorize the secretary to\nadopt rules providing for cybersecurity governance for state agencies; and to\nauthorize the secretary, in consultation with the Governor, to adopt rules\nproviding for the creation, operation, and oversight of a technology quality\nassurance board.\n\nBE IT ENACTED BY THE LEGISLATURE OF ALABAMA:\n\nSection 1. Section 41-28-4 of the Code of Alabama 1975, is amended to read as\nfollows:\n\n\"§41-28-4\n\nThe secretary shall have all of the following powers and duties:\n\n(1) Develop a comprehensive four-year strategic plan for the state's\ninformation technology to include acquisition, management, and use of\ninformation technology by state agencies. The plan shall be developed in\nconjunction with the planning and budgeting processes for state agencies and\nmay include review of state agencies' information technology plans, capital\nbudgets, and operating budgets as appropriate to accomplish the goals of\nreducing redundant expenditures and maximizing the return on information\ntechnology investments. The plan shall be updated annually and submitted to\nthe Governor and shall be presented during a public meeting to the Permanent\nLegislative Oversight Committee on Information Technology. The plan shall\nfurther be coordinated with the Boards of Directors of the Alabama\nSupercomputer Authority.\n\n(2) Collaborate and coordinate with the Division of Data Systems Management of\nthe Department of Finance as set forth in Article 8 of Chapter 4 of this\ntitle, the Alabama Supercomputer Authority, or any state authority, board, or\nagency of like kind, and promote standards and coordinate services and\ninfrastructure to ensure that information technology is used to support\ndesignated needs areas, including identifying applications, equipment, and\nservices that may be statewide in scope and assisting state agencies in\navoiding duplication of applications, equipment, and services.\n\n(3) Serve as a member of the board, or boards, for the Alabama Supercomputer\nAuthority.\n\n(4) Solicit, receive, and administer funds, goods, services, and equipment\nfrom public and private entities to be used for the purchase of computers,\nsatellites, hardware, software, and other information technology equipment and\nservices and for staff training in the use of information technology\ndevelopment programs.\n\n(5) Establish an inventory of information technology resources to allow\nidentification of underutilized or idle resources and all data and data\nsystems in state agencies to promote improved asset management, utilization,\nand data sharing, with information technology resources to include personnel,\nsoftware, hardware, and services.\n\n(6) Establish and administer a structured system for review and approval of\nnew information technology initiatives and projects, including business case,\ncost benefit analysis, and compatibility analysis.\n\n(7) Administer any funds appropriated to the secretary by the Legislature for\nthe establishment, operation, and coordination of the office.\n\n(8) Represent state information technology and related areas with both the\nprivate and public sectors, including the federal government.\n\n(9) Issue annual reports to the Governor, the Legislature, and the general\npublic concerning the coordination and operation of the office.\n\n(10)~~Promulgate~~ _Adopt_ rules~~, regulations,~~ and policies and establish\nprocedures and standards for the management and operation of information\ntechnology by state agencies to carry out this chapter, including coordinating\nstate information technology; providing technical assistance to state agency\nadministrators on design and management of state information technology\nsystems; evaluating the cost, system design, and suitability of information\ntechnology equipment and related services;_establishing and enforcing\ncybersecurity governance for state agencies, including supporting operations\nand technology controls;_ establishing standards and policies for project\nmanagement and project methodologies; and developing a unified and integrated\nstructure and enterprise architecture for information technology systems for\nall state agencies.\n\n_(11) In consultation with the Governor, adopt rules to provide for the\ncreation, operation, and oversight of a technology quality assurance board\nthat will promote the responsible and transparent procurement, development,\nand use of novel technologies, including artificial intelligence, within state\nagencies through establishing and enforcing the following measures for all of\nthe following technologies:_\n\n_a. Ethical guidelines and frameworks._\n\n_b. Security and privacy controls._\n\n_c. Ongoing compliance mechanisms._\n\n~~(11)~~ _(12)_ Plan and coordinate information technology _and cybersecurity_\nactivities for state agencies in such a manner as to promote the most\neconomical and effective use of state resources.\"\n\nSection 2. This act shall become effective on October 1, 2025.\n\nCopyright (C) 2025 State Net  \n  \n---\n\n",
      "latest_version": true
    }
  ]
}