{
  "bill_id": "AL2025000H557",
  "source_url": "http://custom.statenet.com/public/resources.cgi?id=ID:bill:AL2025000H557&cuiq=93d84396-c63b-526a-b152-38b7f79b4cfd&client_md=e4f6fea4-27b4-5d41-b7d3-766fe52569f0",
  "versions": [
    {
      "date": "04/09/2025",
      "label": "Introduced",
      "url": "https://custom.statenet.com/public/resources.cgi?mode=show_text&id=ID:bill:AL2025000H557&verid=AL2025000H557_20250409_0_I&",
      "raw_html": "<html>\n<head>\n<title>Bill Resource</title>\n\n<!--   <link href=\"https://custom.statenet.com/network/Common/css/extregtext.css\" rel=\"stylesheet\" type=\"text/css\" />-->\n   <link href=\"https://custom.statenet.com/network/Common/css/xmltext-2.0.css\" rel=\"stylesheet\" type=\"text/css\" />\n   <link href=\"https://custom.statenet.com/network/Common/css/additional-text.css\" rel=\"stylesheet\" type=\"text/css\" />\n\n\t<style type=\"text/css\">\n<!--\n\ntd, body {\n     background-color: white;\n\tfont-family: Verdana, Arial, Helvetica, sans-serif;\n\tfont-size: 12px;\n}\n\n.resourceContainer {\n   border: 1px solid black;\n}\n-->\n</style>\n</head>\n<body>\n\n    <div style=\"width: 750px; margin: auto\">\n       <div style=\"font-size: .8em;margin-bottom: 10px\"><table width=\"100%\"><tr><td align=\"left\" style=\"font-size: .8em;\"><div>The following has special meaning:</div>\n<div><u class=\"amendmentInsertedText\">green underline denotes added text</u></div>\n<div><strike class=\"amendmentDeletedText\">red struck out text denotes deleted text</strike></div></td> <td align=\"right\"><a href=\"https://www.lexisnexis.com/statenet/\"><img alt=\"Powered by State Net\" src=\"https://custom.statenet.com/network/poweredby.gif\" /></a></td></tr></table></div><table id=\"text-identifier\"><tr><td class=\"key\">2025 AL H 557</td> <td><table><tr><td class=\"label\">Author:</td> <td>Datcher</td></tr> <tr><td class=\"label\">Version:</td> <td>Introduced</td></tr> <tr><td class=\"label\">Version Date:</td> <td>04/09/2025</td></tr></table></td></tr></table><div class=\"documentBody\">\n  <a name=\"head_document_section\"></a><div class=\"head\">\n   <p class=\"indent\">HB557 INTRODUCED</p>\n   <p class=\"left\">HB557</p>\n   <p class=\"left\">5VL5133-1</p>\n   <p class=\"left\">By Representative Datcher</p>\n   <p class=\"left\">RFD: Insurance </p>\n   <p class=\"left\">First Read: 09-Apr-25</p>\n   <p class=\"center\">SYNOPSIS:</p>\n   <p class=\"left\">Under existing law, &quot;utilization review,&quot; the process by which health insurers determine whether or not to pay or reimburse for health care services, is regulated under the Alabama Department of Public Health.</p>\n   <p class=\"left\">This bill would place regulation of utilization review functions under the Department of Insurance.</p>\n   <p class=\"left\">This bill would require health insurers to annually report the number of coverage requests denied to the Department of Insurance and make their coverage criteria accessible to enrollees and health care providers.</p>\n   <p class=\"left\">This bill would require coverage determinations to be made and communicated to a health care provider within 72 hours for nonurgent care requests and 24 hours for urgent care requests.</p>\n   <p class=\"left\">This bill would require that coverage determinations be reviewed by a licensed health care professional.</p>\n   <p class=\"left\">This bill would also require the Department of Insurance to establish an ombudsman to receive and investigate complaints from enrollees and health care providers concerning coverage decisions.</p>\n   <p class=\"left\">This bill would further provide enforcement powers to the Department of Insurance, including the authority to impose civil fines on an insurer who violates this act, and would recognize that an enrollee aggrieved by a utilization review determination may pursue civil damages.</p>\n  </div>\n  <a name=\"title_document_section\"></a><div class=\"title\">\n   <p class=\"center\">A BILL</p>\n   <p class=\"center\">TO BE ENTITLED</p>\n   <p class=\"center\">AN ACT</p>\n   <p class=\"indent\">Relating to health insurance; to amend Sections 27-3A-1, 27-3A-2, 27-3A-3, 27-3A-4, 27-3A-5, and 27-3A-6, Code of Alabama 1975, to further regulate utilization review by health insurers; to place enforcement of utilization review requirements under the Department of Insurance; to provide time limits for determinations of coverage and the resolution of appeals of coverage denials; to require that determinations of coverage be reviewed by a licensed health care professional; to require the the Department of Insurance to establish an ombudsman program to receive complaints from enrollees and health care providers; to provide civil penalties for violations of this act; and to add Section 27-3A-7 to the Code of Alabama 1975, to recognize that an enrollee may have a civil action for damages.</p>\n  </div>\n  <a name=\"text_document_section\"></a><div class=\"text\">\n   <span>\n    <p class=\"left\">BE IT ENACTED BY THE LEGISLATURE OF ALABAMA:</p>\n   </span>\n   <p class=\"indent\">Section 1. Sections 27-3A-1, 27-3A-2, 27-3A-3, 27-3A-4, 27-3A-5, and 27-3A-6, Code of Alabama 1975, are amended to read as follows:</p>\n   <p class=\"indent\">&quot;&sect;27-3A-1</p>\n   <p class=\"indent\">This chapter may be cited as the &quot;Health Care Service Utilization Review<u class=\"amendmentInsertedText\">, Accountability, and Transparency</u> Act.&quot;&quot;</p>\n   <p class=\"indent\">&quot;&sect;27-3A-2</p>\n   <p class=\"indent\">The purposes of this chapter are to:</p>\n   <p class=\"indent\">(1) Promote the delivery of quality health care in a cost-effective manner <u class=\"amendmentInsertedText\">in the recognition that Alabamians have a right to timely and equitable access to medically necessary care</u>\n    <strike class=\"amendmentDeletedText\">.</strike>\n    <u class=\"amendmentInsertedText\">;</u>\n   </p>\n   <p class=\"indent\">(2) Assure that utilization review agents adhere to reasonable standards for conducting utilization review<strike class=\"amendmentDeletedText\">.</strike>\n    <u class=\"amendmentInsertedText\">;</u>\n   </p>\n   <p class=\"indent\">(3) Foster greater coordination and cooperation between health care providers and utilization review agents<strike class=\"amendmentDeletedText\">.</strike>\n    <u class=\"amendmentInsertedText\">;</u>\n   </p>\n   <p class=\"indent\">(4) Improve communications and knowledge of benefit plan requirements among all parties concerned <strike class=\"amendmentDeletedText\">before expenses are incurred</strike>\n    <u class=\"amendmentInsertedText\">, and to require transparency and oversight of insurance operations in order to ensure fair treatment of Alabama consumers</u>\n    <strike class=\"amendmentDeletedText\">.</strike>\n    <u class=\"amendmentInsertedText\">;</u>\n   </p>\n   <p class=\"indent\">(5) Ensure that utilization review agents maintain the confidentiality of medical records in accordance with applicable laws<u class=\"amendmentInsertedText\">; and</u>\n   </p>\n   <p class=\"indent\">\n    <u class=\"amendmentInsertedText\">(6) Hold health insurers accountable for industry practices that deny or delay medically necessary care that results in harm to consumers</u>.&quot;</p>\n   <p class=\"indent\">&quot;&sect;27-3A-3</p>\n   <p class=\"indent\">As used in this chapter, the following words and phrases<strike class=\"amendmentDeletedText\"> shall</strike> have the following meanings:</p>\n   <p class=\"indent\">\n    <u class=\"amendmentInsertedText\">(1) ARTIFICIAL INTELLIGENCE. A machine-based system that may include software or physical hardware that performs tasks, based upon data set inputs, which require human-like perception, cognition, planning, learning, communication, or physical action and which is capable of improving performance based upon learned experience without significant human oversight toward influencing real or virtual environments.</u>\n   </p>\n   <p class=\"indent\">\n    <u class=\"amendmentInsertedText\">(2) COMMISSIONER. The Commissioner of the Alabama Department of Insurance.</u>\n   </p>\n   <p class=\"indent\">\n    <u class=\"amendmentInsertedText\">(3) COVERAGE DENIAL. A coverage determination by a utilization review agent to deny or refuse to certify a payment or reimbursement for a health care treatment, admission, service, procedure, or medication.</u>\n   </p>\n   <p class=\"indent\">\n    <u class=\"amendmentInsertedText\">(4) COVERAGE DETERMINATION. A written or oral determination made by a utilization review agent that a treatment, admission, service, procedure, or medication, under the enrollee&#39;s clinical circumstances is or is not: (i) a benefit covered under the applicable health benefit plan; (ii) medically necessary; or (iii) in compliance with another requirement in the policies or guidelines imposed by the utilization review agent, and thus satisfies the requirements for payment or reimbursement.</u>\n   </p>\n   <p class=\"indent\">\n    <strike class=\"amendmentDeletedText\">(1)</strike>\n    <u class=\"amendmentInsertedText\">(5)</u> DEPARTMENT. The Alabama Department of <u class=\"amendmentInsertedText\">Insurance</u>\n    <strike class=\"amendmentDeletedText\">Public Health</strike>.</p>\n   <p class=\"indent\">\n    <strike class=\"amendmentDeletedText\">(2)</strike>\n    <u class=\"amendmentInsertedText\">(6)</u> ENROLLEE. An individual who has contracted for or who participates in coverage under <strike class=\"amendmentDeletedText\">an insurance policy, a health maintenance organization contract, a health service corporation contract,</strike>\n    <u class=\"amendmentInsertedText\">a health benefit plan</u>\n    <strike class=\"amendmentDeletedText\"> an employee welfare benefit plan, a hospital or medical services plan, or any other benefit program providing payment, reimbursement, or indemnification for health care costs for the individual or the eligible dependents of the individual</strike>.</p>\n   <p class=\"indent\">\n    <u class=\"amendmentInsertedText\">(7) HEALTH BENEFIT PLAN. a. Any plan, policy, or contract issued, delivered, or renewed in this state by an insurer that provides health coverage that includes payment for hospitalization, physician care, treatment, surgery, therapy, drugs, equipment, and any other medical expense, regardless of whether the plan is for a group or an individual.</u>\n   </p>\n   <p class=\"indent\">\n    <u class=\"amendmentInsertedText\">b. The term does not include accident-only, specified disease, individual hospital indemnity, credit, dental-only, Medicare supplement, long-term care, disability income, or other limited benefit health insurance policies, or coverage issued as supplemental to liability insurance, workers&#39; compensation, or automobile medical payment insurance.</u>\n   </p>\n   <p class=\"indent\">\n    <u class=\"amendmentInsertedText\">(8) INSURER. Any entity that issues, delivers, or renews a health benefit plan, including a person as defined in Section 27-1-2, a health maintenance organization established under Chapter 21A, or a nonprofit health care services plan established under Article 6, Chapter 20, Title 10A.</u>\n   </p>\n   <p class=\"indent\">\n    <u class=\"amendmentInsertedText\">(9) POLICIES AND GUIDELINES. Written standards developed or adopted by a utilization review agent, which include parameters and considerations for prior authorization or coverage of treatments, services, procedures, medications, diagnostic services, therapies, final medical policies, and medical policies in draft form.</u>\n   </p>\n   <p class=\"indent\">\n    <strike class=\"amendmentDeletedText\">(3)</strike>\n    <u class=\"amendmentInsertedText\">(10)</u> PROVIDER. A health care provider<strike class=\"amendmentDeletedText\"> duly</strike> licensed or certified by the State of Alabama.</p>\n   <p class=\"indent\">\n    <u class=\"amendmentInsertedText\">(11) URGENT CARE REQUEST. A request for a coverage determination for treatments, services, procedures, medications, diagnostic services, or therapies for which the time period for making a nonurgent determination of prior authorization could result in at least one of the following outcomes for the enrollee:</u>\n   </p>\n   <p class=\"indent\">\n    <u class=\"amendmentInsertedText\">a. Death.</u>\n   </p>\n   <p class=\"indent\">\n    <u class=\"amendmentInsertedText\">b. Permanent impairment of health.</u>\n   </p>\n   <p class=\"indent\">\n    <u class=\"amendmentInsertedText\">c. Inability to regain maximum bodily function.</u>\n   </p>\n   <p class=\"indent\">\n    <u class=\"amendmentInsertedText\">d. Severe pain that cannot be adequately managed.</u>\n   </p>\n   <p class=\"indent\">\n    <strike class=\"amendmentDeletedText\">(4)</strike>\n    <u class=\"amendmentInsertedText\">(12)</u> UTILIZATION REVIEW. A system for prospective and concurrent review of the <u class=\"amendmentInsertedText\">medical </u>necessity and appropriateness in the allocation of health care resources and services given or proposed to be given to an individual within this state<u class=\"amendmentInsertedText\">, including a coverage determination on a request for prior authorization or otherwise.</u> The term does not include <strike class=\"amendmentDeletedText\">elective </strike>requests for clarification of coverage.</p>\n   <p class=\"indent\">\n    <strike class=\"amendmentDeletedText\">(5)</strike>\n    <u class=\"amendmentInsertedText\">(13)</u> UTILIZATION REVIEW AGENT. Any <strike class=\"amendmentDeletedText\">person or </strike>entity<strike class=\"amendmentDeletedText\">, including the State of Alabama, performing a utilization review</strike>\n    <u class=\"amendmentInsertedText\">that makes coverage determinations and performs other utilization review functions for an insurer in the administration of a health benefit plan</u>, except the following:</p>\n   <p class=\"indent\">a. An agency of the federal government.</p>\n   <p class=\"indent\">b. An agent acting on behalf of the federal government, but only to the extent that the agent is providing services to the federal government.</p>\n   <p class=\"indent\">c. The internal quality assurance program of a hospital.</p>\n   <p class=\"indent\">d. An employee of a utilization review agent.</p>\n   <p class=\"indent\">\n    <strike class=\"amendmentDeletedText\">e. Health maintenance organizations licensed and regulated by the state, but only to the extent of providing a utilization review to their own members.</strike>\n   </p>\n   <p class=\"indent\">\n    <strike class=\"amendmentDeletedText\">f. Any entity that has a current accreditation from the Utilization Review Accreditation Commission (URAC). However, entities with current URAC accreditation shall file a URAC certification with the department annually.</strike>\n   </p>\n   <p class=\"indent\">\n    <strike class=\"amendmentDeletedText\">g.</strike>\n    <u class=\"amendmentInsertedText\">e.</u> An entity performing utilization reviews or bill audits, or both, exclusively for workers&#39; compensation claims pursuant to Section 25-5-312. If an entity also performs services for claims other than workers&#39; compensation, it shall be considered a private review agent subject to this chapter for those claims.</p>\n   <p class=\"indent\">\n    <strike class=\"amendmentDeletedText\">h.</strike>\n    <u class=\"amendmentInsertedText\">f.</u> An entity performing utilization reviews or bill audits, or both, exclusively for the Medicaid Agency.</p>\n   <p class=\"indent\">\n    <strike class=\"amendmentDeletedText\">i.</strike>\n    <u class=\"amendmentInsertedText\">g.</u> A person performing utilization reviews or bill audits, or both, exclusively for their company&#39;s health plan, independent of a utilization review <strike class=\"amendmentDeletedText\">company</strike>\n    <u class=\"amendmentInsertedText\">agent</u>.</p>\n   <p class=\"indent\">\n    <strike class=\"amendmentDeletedText\">j.</strike>\n    <u class=\"amendmentInsertedText\">h.</u> An insurance company licensed by the State of Alabama performing utilization reviews or bill audits, or both, exclusively for their company&#39;s health plan, independent of a utilization review <strike class=\"amendmentDeletedText\">company</strike>\n    <u class=\"amendmentInsertedText\">agent</u>.</p>\n   <p class=\"indent\">\n    <strike class=\"amendmentDeletedText\">k.</strike>\n    <u class=\"amendmentInsertedText\">i.</u> The Peer Review Committee of the Alabama State Chiropractic Association.&quot;</p>\n   <p class=\"indent\">&quot;&sect;27-3A-4</p>\n   <p class=\"indent\">(a) Utilization review agents shall adhere to the minimum standards set forth in Section 27-3A-5.</p>\n   <p class=\"indent\">(b)<strike class=\"amendmentDeletedText\"> On or after July 1, 1994, a</strike>\n    <u class=\"amendmentInsertedText\"> A</u> utilization review agent shall not conduct a utilization review in this state unless the agent has certified to the department in writing that the agent is in compliance with Section 27-3A-5. Certification shall be made annually on or before July 1 of each calendar year. In addition, a utilization review agent shall file the following information:</p>\n   <p class=\"indent\">(1) The name, address, telephone number, and normal business hours of the utilization review agent.</p>\n   <p class=\"indent\">(2) The name and telephone number of <strike class=\"amendmentDeletedText\">a person</strike>\n    <u class=\"amendmentInsertedText\">an individual</u> for the department to contact.</p>\n   <p class=\"indent\">(3) A description of the appeal procedures for utilization review determinations.</p>\n   <p class=\"indent\">(c) Any material changes in the information filed in accordance with <strike class=\"amendmentDeletedText\">this section</strike>\n    <u class=\"amendmentInsertedText\">subsection (b)</u> shall be filed with the <strike class=\"amendmentDeletedText\">State Health Officer</strike>\n    <u class=\"amendmentInsertedText\">commissioner</u> within 30 days of the change.</p>\n   <p class=\"indent\">(d) <strike class=\"amendmentDeletedText\">Unless exempted pursuant to paragraph f. of subdivision (5) of Section 27-3A-3, each</strike>\n    <u class=\"amendmentInsertedText\">Each</u> utilization review agent, upon filing the certification<u class=\"amendmentInsertedText\"> under subsection (b)</u>, shall pay an annual fee in the amount of one thousand dollars ($1,000) to the department. All fees paid pursuant to this subdivision shall be held by the department as expendable receipts for the purpose of administering this chapter.</p>\n   <p class=\"indent\">\n    <u class=\"amendmentInsertedText\">(e) No later than March 31 of each year, a utilization review agent shall file a report with the commissioner which shall include all of the following information for the previous calendar year:</u>\n   </p>\n   <p class=\"indent\">\n    <u class=\"amendmentInsertedText\">(1) The total number of coverage determinations.</u>\n   </p>\n   <p class=\"indent\">\n    <u class=\"amendmentInsertedText\">(2) The number of coverage denials, arranged by category of treatment, admission, service, procedure, or medication.</u>\n   </p>\n   <p class=\"indent\">\n    <u class=\"amendmentInsertedText\">(3) Within each category of coverage denial as required under subdivision (2), the principal reason for the denial, ranked in order according to numerical frequency.</u>\n   </p>\n   <p class=\"indent\">\n    <u class=\"amendmentInsertedText\">(f) The commissioner shall make available to the public the information filed by the insurer pursuant to subsection (c) by posting the information in an accessible format on the website of the department.</u>\n   </p>\n   <p class=\"indent\">\n    <strike class=\"amendmentDeletedText\">(e)</strike>\n    <u class=\"amendmentInsertedText\">(g)</u> The department may adopt rules <strike class=\"amendmentDeletedText\">pursuant to the Administrative Procedure Act necessary </strike>to implement this chapter.&quot;</p>\n   <p class=\"indent\">&quot;&sect;27-3A-5</p>\n   <p class=\"indent\">\n    <strike class=\"amendmentDeletedText\">(a) Except as provided in subsection (b), all</strike>\n    <u class=\"amendmentInsertedText\">All</u> utilization review agents shall meet the following minimum standards:</p>\n   <p class=\"indent\">(1) Notification of a <u class=\"amendmentInsertedText\">coverage</u> determination by the utilization review agent shall be <u class=\"amendmentInsertedText\">electronically </u>mailed <strike class=\"amendmentDeletedText\">or otherwise communicated </strike>to the provider of record or the enrollee or other appropriate individual within <strike class=\"amendmentDeletedText\">two business days</strike>\n    <u class=\"amendmentInsertedText\">72 hours</u> of the receipt of <strike class=\"amendmentDeletedText\">the</strike>\n    <u class=\"amendmentInsertedText\">a</u> request for <u class=\"amendmentInsertedText\">coverage</u> determination and the receipt of all information necessary to complete the review.</p>\n   <p class=\"indent\">\n    <u class=\"amendmentInsertedText\">(2) Notification of a coverage determination by the utilization review agent shall be electronically mailed to the provider of record or the enrollee or other appropriate individual within 24 hours of the receipt of a request for coverage determination for urgent care and the receipt of all information necessary to complete the review.</u>\n   </p>\n   <p class=\"indent\">\n    <u class=\"amendmentInsertedText\">(3) A request for coverage determination is deemed granted when all information necessary to complete the review is received by the utilization review agent and notification is not provided to the provider of record or the enrollee or other appropriate individual within the applicable time period required for a nonurgent care request under subdivision (1) or a request for urgent care under subdivision (2).</u>\n   </p>\n   <p class=\"indent\">\n    <strike class=\"amendmentDeletedText\">(2)</strike>\n    <u class=\"amendmentInsertedText\">(4)</u> Any <u class=\"amendmentInsertedText\">coverage </u>determination by a utilization review agent as to the necessity or appropriateness of <strike class=\"amendmentDeletedText\">an</strike>\n    <u class=\"amendmentInsertedText\">a treatment,</u> admission, service, <strike class=\"amendmentDeletedText\">or </strike>procedure<u class=\"amendmentInsertedText\">, or medication</u> shall be reviewed by a physician<u class=\"amendmentInsertedText\"> or other provider</u>\n    <strike class=\"amendmentDeletedText\"> or determined in accordance with standards or</strike>\n    <u class=\"amendmentInsertedText\">for compliance with policies and</u> guidelines<strike class=\"amendmentDeletedText\"> approved by a physician</strike>.</p>\n   <p class=\"indent\">\n    <strike class=\"amendmentDeletedText\">(3)</strike>\n    <u class=\"amendmentInsertedText\">(5)</u> Any notification of <u class=\"amendmentInsertedText\">coverage </u>determination not to certify <strike class=\"amendmentDeletedText\">an</strike>\n    <u class=\"amendmentInsertedText\">a treatment,</u> admission, service, <strike class=\"amendmentDeletedText\">or </strike>procedure<u class=\"amendmentInsertedText\">, or medication</u> shall include the principal reason for the determination and the procedures to initiate an appeal of the determination.</p>\n   <p class=\"indent\">\n    <strike class=\"amendmentDeletedText\">(4)</strike>\n    <u class=\"amendmentInsertedText\">(6)</u> Utilization review agents shall maintain and make available a written description of the appeal procedure by which the enrollee or the provider of record may seek review of a <u class=\"amendmentInsertedText\">coverage </u>determination by the utilization review agent. The appeal procedure shall provide for the following:</p>\n   <p class=\"indent\">a. On appeal, all <u class=\"amendmentInsertedText\">coverage </u>determinations <strike class=\"amendmentDeletedText\">not to certify an</strike>\n    <u class=\"amendmentInsertedText\">to deny a treatment,</u> admission, service, <strike class=\"amendmentDeletedText\">or</strike> procedure<u class=\"amendmentInsertedText\">, or medications</u> as being <u class=\"amendmentInsertedText\">medically </u>necessary or appropriate shall be made by a physician in the same or a similar general specialty as typically manages the medical condition<strike class=\"amendmentDeletedText\">, procedure, or treatment</strike> under discussion as mutually deemed appropriate. A chiropractor <strike class=\"amendmentDeletedText\">must</strike>\n    <u class=\"amendmentInsertedText\">shall</u> review all cases in which the utilization review organization has concluded that a determination not to certify a chiropractic service or procedure is appropriate and an appeal has been made by the attending chiropractor, enrollee, or designee.</p>\n   <p class=\"indent\">b. Utilization review agents shall complete the adjudication of appeals of determinations not to certify <strike class=\"amendmentDeletedText\">admissions, services, and procedures</strike>\n    <u class=\"amendmentInsertedText\">a treatment, admission, service, procedure, or medication</u> no later than <strike class=\"amendmentDeletedText\">30</strike>\n    <u class=\"amendmentInsertedText\">five business</u> days<u class=\"amendmentInsertedText\"> in the case of a request for nonurgent care, or no later than 24 hours in the case of a request for urgent care,</u> from the date the appeal is filed and the receipt of all information necessary to complete the appeal.</p>\n   <p class=\"indent\">c. <strike class=\"amendmentDeletedText\">When an initial determination not to certify a health care service is made prior to or during an ongoing service requiring review, and the attending physician believes that the determination warrants immediate appeal, the attending physician shall have an opportunity to appeal that determination over the telephone on an expedited basis. A representative of a hospital or other health care provider or a representative of the enrollee or covered patient may assist in an appeal. Utilization review agents shall complete the adjudication on an expedited basis. Utilization review agents shall complete the adjudication of expedited appeals within 48 hours of the date the appeal is filed and the receipt of all information necessary to complete the appeal. Expedited appeals that do not resolve a difference of opinion may be resubmitted through the standard appeal process</strike>\n    <u class=\"amendmentInsertedText\">A determination to deny coverage of a treatment, admission, service, procedure, or medication is deemed reversed, with coverage granted, when a utilization review agent receives all information necessary to complete the appeal but does not complete the adjudication within the time period that applies to a request for nonurgent care or a request for urgent care as required in paragraph b</u>.</p>\n   <p class=\"indent\">\n    <u class=\"amendmentInsertedText\">(7) Utilization review agents shall maintain an electronic portal to communicate with providers and to receive and respond to coverage determination or prior authorization requests.</u>\n   </p>\n   <p class=\"indent\">\n    <strike class=\"amendmentDeletedText\">(5)</strike>\n    <u class=\"amendmentInsertedText\">(8)</u> Utilization review agents shall make staff available by toll-free telephone at least <strike class=\"amendmentDeletedText\">40</strike>\n    <u class=\"amendmentInsertedText\">55</u> hours per week <strike class=\"amendmentDeletedText\">during</strike>\n    <u class=\"amendmentInsertedText\">that include</u> normal business hours.</p>\n   <p class=\"indent\">\n    <strike class=\"amendmentDeletedText\">(6)</strike>\n    <u class=\"amendmentInsertedText\">(9)</u> Utilization review agents shall have a telephone system capable of accepting or recording incoming telephone calls during other than normal business hours and shall respond to <strike class=\"amendmentDeletedText\">these</strike>\n    <u class=\"amendmentInsertedText\">all</u> calls <u class=\"amendmentInsertedText\">or electronic mail </u>within two <strike class=\"amendmentDeletedText\">working</strike>\n    <u class=\"amendmentInsertedText\">business</u> days.</p>\n   <p class=\"indent\">\n    <strike class=\"amendmentDeletedText\">(7)</strike>\n    <u class=\"amendmentInsertedText\">(10)</u> Utilization review agents shall comply with all applicable laws to protect the confidentiality of individual medical records,<u class=\"amendmentInsertedText\"> including the federal Health Insurance Portability and Accountability Act (HIPAA), 42 U.S.C. &sect; 1320d et seq</u>.</p>\n   <p class=\"indent\">\n    <strike class=\"amendmentDeletedText\">(8)</strike>\n    <u class=\"amendmentInsertedText\">(11)</u> Physicians<strike class=\"amendmentDeletedText\">, chiropractors, or psychologists</strike>\n    <u class=\"amendmentInsertedText\">and other health care professionals who</u>\n    <strike class=\"amendmentDeletedText\">making</strike>\n    <u class=\"amendmentInsertedText\">review</u> utilization review determinations<u class=\"amendmentInsertedText\"> and who would require an occupational license to practice their profession in the State of Alabama</u> shall have current licenses from <strike class=\"amendmentDeletedText\">a</strike>\n    <u class=\"amendmentInsertedText\">an applicable</u> state licensing<u class=\"amendmentInsertedText\"> board</u>\n    <strike class=\"amendmentDeletedText\"> agency in the United States</strike>.</p>\n   <p class=\"indent\">\n    <strike class=\"amendmentDeletedText\">(9)</strike>\n    <u class=\"amendmentInsertedText\">(12)</u> Utilization review agents shall allow a minimum of 24 hours after an emergency <u class=\"amendmentInsertedText\">treatment,</u> admission, service, or procedure for an enrollee or representative of the enrollee to notify the utilization review agent and request<strike class=\"amendmentDeletedText\"> certification or continuing treatment</strike>\n    <u class=\"amendmentInsertedText\">a coverage determination</u> for that condition<u class=\"amendmentInsertedText\">.</u>\n   </p>\n   <p class=\"indent\">\n    <u class=\"amendmentInsertedText\">(13) Utilization review agents shall make their policies and guidelines easily accessible to enrollees and providers in electronic format.</u>\n   </p>\n   <p class=\"indent\">\n    <u class=\"amendmentInsertedText\">(14) Utilization review agents shall make coverage determinations that are consistent with the provisions of the health benefit contract, and policies and guidelines that may apply to an enrollee&#39;s clinical condition.</u>\n   </p>\n   <p class=\"indent\">\n    <u class=\"amendmentInsertedText\">(15) A utilization review agent shall ensure that all coverage determinations are reviewed by a physician or other health care professional who is competent to evaluate and reject, if appropriate, any recommendation or conclusion of artificial intelligence that is in conflict with independent professional judgment as informed by an enrollee&#39;s unique clinical condition, the recommendation of the provider, and any applicable policies and guidelines</u>\n    <strike class=\"amendmentDeletedText\">.</strike>\n   </p>\n   <p class=\"indent\">\n    <strike class=\"amendmentDeletedText\">(b) Any utilization review agent that has received accreditation by the utilization review accreditation commission shall be exempt from this section</strike>.&quot;</p>\n   <p class=\"indent\">&quot;&sect;27-3A-6</p>\n   <p class=\"indent\">(a) <u class=\"amendmentInsertedText\">The commissioner shall establish an ombudsman program to receive and investigate complaints from enrollees or providers aggrieved by a coverage determination by a utilization review agent.</u>\n   </p>\n   <p class=\"indent\">\n    <u class=\"amendmentInsertedText\">(b) An ombudsman may do any of the following:</u>\n   </p>\n   <p class=\"indent\">\n    <u class=\"amendmentInsertedText\">(1) Help an aggrieved enrollee or provider use the utilization review agent&#39;s internal appeal process for seeking a reversal or modification of a coverage denial.</u>\n   </p>\n   <p class=\"indent\">\n    <u class=\"amendmentInsertedText\">(2) Help an aggrieved enrollee or provider understand provisions of a health benefit plan or the utilization review agent&#39;s policies and guidelines that may be relevant to a claim, or correspondence received from a utilization review agent.</u>\n   </p>\n   <p class=\"indent\">\n    <u class=\"amendmentInsertedText\">(3) Based on complaints received, investigate any general business pattern or practice by a utilization review agent that indicates that coverage denials are being made contrary to the requirements imposed pursuant to Sections 27-3A-5(13) through (15).</u>\n   </p>\n   <p class=\"indent\">\n    <u class=\"amendmentInsertedText\">(4) Audit compliance by a utilization review agent with the coverage provisions of a health benefit plan, its policies and guidelines, and the requirements of this chapter, and issue a report with findings.</u>\n   </p>\n   <p class=\"indent\">\n    <u class=\"amendmentInsertedText\">(5) Refer a utilization review agent to the department for action pursuant to subsection (c).</u>\n   </p>\n   <p class=\"indent\">\n    <u class=\"amendmentInsertedText\">(c)(1)</u> Whenever the department has reason to believe that a utilization review agent <strike class=\"amendmentDeletedText\">subject to this chapter </strike>has been or is engaged in conduct that violates this chapter, the department shall notify the utilization review agent of the alleged violation. The agent shall respond to the notice not later than 30 days after the notice is made.</p>\n   <p class=\"indent\">\n    <strike class=\"amendmentDeletedText\">(b)</strike>\n    <u class=\"amendmentInsertedText\">(2) Upon receiving a response from the utilization review agent, </u>\n    <strike class=\"amendmentDeletedText\">If</strike>\n    <u class=\"amendmentInsertedText\">if</u> the department finds<u class=\"amendmentInsertedText\"> the response to be unsatisfactory or</u> that the utilization review agent has violated this chapter, or that the alleged violation has not been corrected, the <strike class=\"amendmentDeletedText\">department may conduct a contested case hearing on the alleged violation in accordance with the Administrative Procedure Act</strike>\n    <u class=\"amendmentInsertedText\">commissioner may hold a hearing as provided in Article 1, Chapter 2</u>.</p>\n   <p class=\"indent\">\n    <strike class=\"amendmentDeletedText\">(c)</strike>\n    <u class=\"amendmentInsertedText\">(3)</u> If, after the hearing, the department determines that the utilization review agent has engaged in a violation, the department shall reduce the findings to writing and shall issue and cause to be served upon the agent a copy of the findings and an order requiring the agent to cease and desist from engaging in the violation.</p>\n   <p class=\"indent\">\n    <strike class=\"amendmentDeletedText\">(d)</strike>\n    <u class=\"amendmentInsertedText\">(4)</u> The department may also exercise either or both of the following disciplinary powers:</p>\n   <p class=\"indent\">\n    <strike class=\"amendmentDeletedText\">(1)</strike>\n    <u class=\"amendmentInsertedText\">a.</u> Impose an administrative fine of not more than <u class=\"amendmentInsertedText\">one thousand dollars ($1,000) for a violation, or not more than</u>\n    <strike class=\"amendmentDeletedText\">five</strike>\n    <u class=\"amendmentInsertedText\">ten</u> thousand dollars <strike class=\"amendmentDeletedText\">($5,000)</strike>\n    <u class=\"amendmentInsertedText\">($10,000)</u> for a violation that occurred with such frequency as to indicate a a general business pattern or practice.</p>\n   <p class=\"indent\">\n    <strike class=\"amendmentDeletedText\">(2)</strike>\n    <u class=\"amendmentInsertedText\">b.</u> Suspend or revoke the certification of a utilization review agent if the agent <strike class=\"amendmentDeletedText\">knew the act was in violation of this chapter and </strike>repeated the act with such frequency as to indicate a general business pattern or practice.&quot;</p>\n   <p class=\"indent\">Section 2. Section 27-3A-7 is added to the Code of Alabama 1975, to read as follows:</p>\n   <p class=\"indent\">&sect;27-3A-7</p>\n   <p class=\"indent\">Nothing in this chapter shall be construed to prohibit an enrollee from pursuing any available remedies, including civil damages, in an appropriate forum as a consequence of the determination, act, or omission of a utilization review agent, consistent with other state and federal law.</p>\n   <p class=\"indent\">Section 3. This act shall become effective on October 1, 2025.</p>\n  </div>\n </div>\n    </div>\t\n<table cellpadding=0 cellspacing=0 width=\"100%\">\n   <tr>\n      <td>\n          Copyright &copy; 2025 State Net\n      </td>\n<BR>\n<!--???MOVED INTO resources.cgi      <td align=\"right\">\n          <img src=\"https://custom.statenet.com/network/poweredby.gif\" alt=\"Powered by State Net\">\n      </td>-->\n\n    </tr>\n</table>\n</body></html>\n",
      "markdown": "The following has special meaning: _green underline denotes added text_ ~~red struck out text denotes deleted text~~ | [![Powered by State Net](https://custom.statenet.com/network/poweredby.gif)](https://www.lexisnexis.com/statenet/)  \n---|---  \n  \n2025 AL H 557 | | Author: | Datcher  \n---|---  \nVersion: | Introduced  \nVersion Date: | 04/09/2025  \n  \nHB557 INTRODUCED\n\nHB557\n\n5VL5133-1\n\nBy Representative Datcher\n\nRFD: Insurance\n\nFirst Read: 09-Apr-25\n\nSYNOPSIS:\n\nUnder existing law, \"utilization review,\" the process by which health insurers\ndetermine whether or not to pay or reimburse for health care services, is\nregulated under the Alabama Department of Public Health.\n\nThis bill would place regulation of utilization review functions under the\nDepartment of Insurance.\n\nThis bill would require health insurers to annually report the number of\ncoverage requests denied to the Department of Insurance and make their\ncoverage criteria accessible to enrollees and health care providers.\n\nThis bill would require coverage determinations to be made and communicated to\na health care provider within 72 hours for nonurgent care requests and 24\nhours for urgent care requests.\n\nThis bill would require that coverage determinations be reviewed by a licensed\nhealth care professional.\n\nThis bill would also require the Department of Insurance to establish an\nombudsman to receive and investigate complaints from enrollees and health care\nproviders concerning coverage decisions.\n\nThis bill would further provide enforcement powers to the Department of\nInsurance, including the authority to impose civil fines on an insurer who\nviolates this act, and would recognize that an enrollee aggrieved by a\nutilization review determination may pursue civil damages.\n\nA BILL\n\nTO BE ENTITLED\n\nAN ACT\n\nRelating to health insurance; to amend Sections 27-3A-1, 27-3A-2, 27-3A-3,\n27-3A-4, 27-3A-5, and 27-3A-6, Code of Alabama 1975, to further regulate\nutilization review by health insurers; to place enforcement of utilization\nreview requirements under the Department of Insurance; to provide time limits\nfor determinations of coverage and the resolution of appeals of coverage\ndenials; to require that determinations of coverage be reviewed by a licensed\nhealth care professional; to require the the Department of Insurance to\nestablish an ombudsman program to receive complaints from enrollees and health\ncare providers; to provide civil penalties for violations of this act; and to\nadd Section 27-3A-7 to the Code of Alabama 1975, to recognize that an enrollee\nmay have a civil action for damages.\n\nBE IT ENACTED BY THE LEGISLATURE OF ALABAMA:\n\nSection 1. Sections 27-3A-1, 27-3A-2, 27-3A-3, 27-3A-4, 27-3A-5, and 27-3A-6,\nCode of Alabama 1975, are amended to read as follows:\n\n\"§27-3A-1\n\nThis chapter may be cited as the \"Health Care Service Utilization Review _,\nAccountability, and Transparency_ Act.\"\"\n\n\"§27-3A-2\n\nThe purposes of this chapter are to:\n\n(1) Promote the delivery of quality health care in a cost-effective manner _in\nthe recognition that Alabamians have a right to timely and equitable access to\nmedically necessary care_ ~~.~~ _;_\n\n(2) Assure that utilization review agents adhere to reasonable standards for\nconducting utilization review~~.~~ _;_\n\n(3) Foster greater coordination and cooperation between health care providers\nand utilization review agents~~.~~ _;_\n\n(4) Improve communications and knowledge of benefit plan requirements among\nall parties concerned ~~before expenses are incurred~~ _, and to require\ntransparency and oversight of insurance operations in order to ensure fair\ntreatment of Alabama consumers_ ~~.~~ _;_\n\n(5) Ensure that utilization review agents maintain the confidentiality of\nmedical records in accordance with applicable laws _; and_\n\n_(6) Hold health insurers accountable for industry practices that deny or\ndelay medically necessary care that results in harm to consumers_.\"\n\n\"§27-3A-3\n\nAs used in this chapter, the following words and phrases~~shall~~ have the\nfollowing meanings:\n\n_(1) ARTIFICIAL INTELLIGENCE. A machine-based system that may include software\nor physical hardware that performs tasks, based upon data set inputs, which\nrequire human-like perception, cognition, planning, learning, communication,\nor physical action and which is capable of improving performance based upon\nlearned experience without significant human oversight toward influencing real\nor virtual environments._\n\n_(2) COMMISSIONER. The Commissioner of the Alabama Department of Insurance._\n\n_(3) COVERAGE DENIAL. A coverage determination by a utilization review agent\nto deny or refuse to certify a payment or reimbursement for a health care\ntreatment, admission, service, procedure, or medication._\n\n_(4) COVERAGE DETERMINATION. A written or oral determination made by a\nutilization review agent that a treatment, admission, service, procedure, or\nmedication, under the enrollee 's clinical circumstances is or is not: (i) a\nbenefit covered under the applicable health benefit plan; (ii) medically\nnecessary; or (iii) in compliance with another requirement in the policies or\nguidelines imposed by the utilization review agent, and thus satisfies the\nrequirements for payment or reimbursement._\n\n~~(1)~~ _(5)_ DEPARTMENT. The Alabama Department of _Insurance_ ~~Public\nHealth~~.\n\n~~(2)~~ _(6)_ ENROLLEE. An individual who has contracted for or who\nparticipates in coverage under ~~an insurance policy, a health maintenance\norganization contract, a health service corporation contract,~~ _a health\nbenefit plan_ ~~an employee welfare benefit plan, a hospital or medical\nservices plan, or any other benefit program providing payment, reimbursement,\nor indemnification for health care costs for the individual or the eligible\ndependents of the individual~~.\n\n_(7) HEALTH BENEFIT PLAN. a. Any plan, policy, or contract issued, delivered,\nor renewed in this state by an insurer that provides health coverage that\nincludes payment for hospitalization, physician care, treatment, surgery,\ntherapy, drugs, equipment, and any other medical expense, regardless of\nwhether the plan is for a group or an individual._\n\n_b. The term does not include accident-only, specified disease, individual\nhospital indemnity, credit, dental-only, Medicare supplement, long-term care,\ndisability income, or other limited benefit health insurance policies, or\ncoverage issued as supplemental to liability insurance, workers '\ncompensation, or automobile medical payment insurance._\n\n_(8) INSURER. Any entity that issues, delivers, or renews a health benefit\nplan, including a person as defined in Section 27-1-2, a health maintenance\norganization established under Chapter 21A, or a nonprofit health care\nservices plan established under Article 6, Chapter 20, Title 10A._\n\n_(9) POLICIES AND GUIDELINES. Written standards developed or adopted by a\nutilization review agent, which include parameters and considerations for\nprior authorization or coverage of treatments, services, procedures,\nmedications, diagnostic services, therapies, final medical policies, and\nmedical policies in draft form._\n\n~~(3)~~ _(10)_ PROVIDER. A health care provider~~duly~~ licensed or certified\nby the State of Alabama.\n\n_(11) URGENT CARE REQUEST. A request for a coverage determination for\ntreatments, services, procedures, medications, diagnostic services, or\ntherapies for which the time period for making a nonurgent determination of\nprior authorization could result in at least one of the following outcomes for\nthe enrollee:_\n\n_a. Death._\n\n_b. Permanent impairment of health._\n\n_c. Inability to regain maximum bodily function._\n\n_d. Severe pain that cannot be adequately managed._\n\n~~(4)~~ _(12)_ UTILIZATION REVIEW. A system for prospective and concurrent\nreview of the _medical_ necessity and appropriateness in the allocation of\nhealth care resources and services given or proposed to be given to an\nindividual within this state _, including a coverage determination on a\nrequest for prior authorization or otherwise._ The term does not include\n~~elective~~ requests for clarification of coverage.\n\n~~(5)~~ _(13)_ UTILIZATION REVIEW AGENT. Any ~~person or~~ entity~~, including\nthe State of Alabama, performing a utilization review~~ _that makes coverage\ndeterminations and performs other utilization review functions for an insurer\nin the administration of a health benefit plan_ , except the following:\n\na. An agency of the federal government.\n\nb. An agent acting on behalf of the federal government, but only to the extent\nthat the agent is providing services to the federal government.\n\nc. The internal quality assurance program of a hospital.\n\nd. An employee of a utilization review agent.\n\n~~e. Health maintenance organizations licensed and regulated by the state, but\nonly to the extent of providing a utilization review to their own members.~~\n\n~~f. Any entity that has a current accreditation from the Utilization Review\nAccreditation Commission (URAC). However, entities with current URAC\naccreditation shall file a URAC certification with the department annually.~~\n\n~~g.~~ _e._ An entity performing utilization reviews or bill audits, or both,\nexclusively for workers' compensation claims pursuant to Section 25-5-312. If\nan entity also performs services for claims other than workers' compensation,\nit shall be considered a private review agent subject to this chapter for\nthose claims.\n\n~~h.~~ _f._ An entity performing utilization reviews or bill audits, or both,\nexclusively for the Medicaid Agency.\n\n~~i.~~ _g._ A person performing utilization reviews or bill audits, or both,\nexclusively for their company's health plan, independent of a utilization\nreview ~~company~~ _agent_.\n\n~~j.~~ _h._ An insurance company licensed by the State of Alabama performing\nutilization reviews or bill audits, or both, exclusively for their company's\nhealth plan, independent of a utilization review ~~company~~ _agent_.\n\n~~k.~~ _i._ The Peer Review Committee of the Alabama State Chiropractic\nAssociation.\"\n\n\"§27-3A-4\n\n(a) Utilization review agents shall adhere to the minimum standards set forth\nin Section 27-3A-5.\n\n(b)~~On or after July 1, 1994, a~~ _A_ utilization review agent shall not\nconduct a utilization review in this state unless the agent has certified to\nthe department in writing that the agent is in compliance with Section\n27-3A-5. Certification shall be made annually on or before July 1 of each\ncalendar year. In addition, a utilization review agent shall file the\nfollowing information:\n\n(1) The name, address, telephone number, and normal business hours of the\nutilization review agent.\n\n(2) The name and telephone number of ~~a person~~ _an individual_ for the\ndepartment to contact.\n\n(3) A description of the appeal procedures for utilization review\ndeterminations.\n\n(c) Any material changes in the information filed in accordance with ~~this\nsection~~ _subsection (b)_ shall be filed with the ~~State Health Officer~~\n_commissioner_ within 30 days of the change.\n\n(d) ~~Unless exempted pursuant to paragraph f. of subdivision (5) of Section\n27-3A-3, each~~ _Each_ utilization review agent, upon filing the certification\n_under subsection (b)_ , shall pay an annual fee in the amount of one thousand\ndollars ($1,000) to the department. All fees paid pursuant to this subdivision\nshall be held by the department as expendable receipts for the purpose of\nadministering this chapter.\n\n_(e) No later than March 31 of each year, a utilization review agent shall\nfile a report with the commissioner which shall include all of the following\ninformation for the previous calendar year:_\n\n_(1) The total number of coverage determinations._\n\n_(2) The number of coverage denials, arranged by category of treatment,\nadmission, service, procedure, or medication._\n\n_(3) Within each category of coverage denial as required under subdivision\n(2), the principal reason for the denial, ranked in order according to\nnumerical frequency._\n\n_(f) The commissioner shall make available to the public the information filed\nby the insurer pursuant to subsection (c) by posting the information in an\naccessible format on the website of the department._\n\n~~(e)~~ _(g)_ The department may adopt rules ~~pursuant to the Administrative\nProcedure Act necessary~~ to implement this chapter.\"\n\n\"§27-3A-5\n\n~~(a) Except as provided in subsection (b), all~~ _All_ utilization review\nagents shall meet the following minimum standards:\n\n(1) Notification of a _coverage_ determination by the utilization review agent\nshall be _electronically_ mailed ~~or otherwise communicated~~ to the provider\nof record or the enrollee or other appropriate individual within ~~two\nbusiness days~~ _72 hours_ of the receipt of ~~the~~ _a_ request for\n_coverage_ determination and the receipt of all information necessary to\ncomplete the review.\n\n_(2) Notification of a coverage determination by the utilization review agent\nshall be electronically mailed to the provider of record or the enrollee or\nother appropriate individual within 24 hours of the receipt of a request for\ncoverage determination for urgent care and the receipt of all information\nnecessary to complete the review._\n\n_(3) A request for coverage determination is deemed granted when all\ninformation necessary to complete the review is received by the utilization\nreview agent and notification is not provided to the provider of record or the\nenrollee or other appropriate individual within the applicable time period\nrequired for a nonurgent care request under subdivision (1) or a request for\nurgent care under subdivision (2)._\n\n~~(2)~~ _(4)_ Any _coverage_ determination by a utilization review agent as to\nthe necessity or appropriateness of ~~an~~ _a treatment,_ admission, service,\n~~or~~ procedure _, or medication_ shall be reviewed by a physician _or other\nprovider_ ~~or determined in accordance with standards or~~ _for compliance\nwith policies and_ guidelines~~approved by a physician~~.\n\n~~(3)~~ _(5)_ Any notification of _coverage_ determination not to certify\n~~an~~ _a treatment,_ admission, service, ~~or~~ procedure _, or medication_\nshall include the principal reason for the determination and the procedures to\ninitiate an appeal of the determination.\n\n~~(4)~~ _(6)_ Utilization review agents shall maintain and make available a\nwritten description of the appeal procedure by which the enrollee or the\nprovider of record may seek review of a _coverage_ determination by the\nutilization review agent. The appeal procedure shall provide for the\nfollowing:\n\na. On appeal, all _coverage_ determinations ~~not to certify an~~ _to deny a\ntreatment,_ admission, service, ~~or~~ procedure _, or medications_ as being\n_medically_ necessary or appropriate shall be made by a physician in the same\nor a similar general specialty as typically manages the medical condition~~,\nprocedure, or treatment~~ under discussion as mutually deemed appropriate. A\nchiropractor ~~must~~ _shall_ review all cases in which the utilization review\norganization has concluded that a determination not to certify a chiropractic\nservice or procedure is appropriate and an appeal has been made by the\nattending chiropractor, enrollee, or designee.\n\nb. Utilization review agents shall complete the adjudication of appeals of\ndeterminations not to certify ~~admissions, services, and procedures~~ _a\ntreatment, admission, service, procedure, or medication_ no later than ~~30~~\n_five business_ days _in the case of a request for nonurgent care, or no later\nthan 24 hours in the case of a request for urgent care,_ from the date the\nappeal is filed and the receipt of all information necessary to complete the\nappeal.\n\nc. ~~When an initial determination not to certify a health care service is\nmade prior to or during an ongoing service requiring review, and the attending\nphysician believes that the determination warrants immediate appeal, the\nattending physician shall have an opportunity to appeal that determination\nover the telephone on an expedited basis. A representative of a hospital or\nother health care provider or a representative of the enrollee or covered\npatient may assist in an appeal. Utilization review agents shall complete the\nadjudication on an expedited basis. Utilization review agents shall complete\nthe adjudication of expedited appeals within 48 hours of the date the appeal\nis filed and the receipt of all information necessary to complete the appeal.\nExpedited appeals that do not resolve a difference of opinion may be\nresubmitted through the standard appeal process~~ _A determination to deny\ncoverage of a treatment, admission, service, procedure, or medication is\ndeemed reversed, with coverage granted, when a utilization review agent\nreceives all information necessary to complete the appeal but does not\ncomplete the adjudication within the time period that applies to a request for\nnonurgent care or a request for urgent care as required in paragraph b_.\n\n_(7) Utilization review agents shall maintain an electronic portal to\ncommunicate with providers and to receive and respond to coverage\ndetermination or prior authorization requests._\n\n~~(5)~~ _(8)_ Utilization review agents shall make staff available by toll-\nfree telephone at least ~~40~~ _55_ hours per week ~~during~~ _that include_\nnormal business hours.\n\n~~(6)~~ _(9)_ Utilization review agents shall have a telephone system capable\nof accepting or recording incoming telephone calls during other than normal\nbusiness hours and shall respond to ~~these~~ _all_ calls _or electronic mail_\nwithin two ~~working~~ _business_ days.\n\n~~(7)~~ _(10)_ Utilization review agents shall comply with all applicable laws\nto protect the confidentiality of individual medical records,_including the\nfederal Health Insurance Portability and Accountability Act (HIPAA), 42 U.S.C.\n§ 1320d et seq_.\n\n~~(8)~~ _(11)_ Physicians~~, chiropractors, or psychologists~~ _and other\nhealth care professionals who_ ~~making~~ _review_ utilization review\ndeterminations _and who would require an occupational license to practice\ntheir profession in the State of Alabama_ shall have current licenses from\n~~a~~ _an applicable_ state licensing _board_ ~~agency in the United States~~.\n\n~~(9)~~ _(12)_ Utilization review agents shall allow a minimum of 24 hours\nafter an emergency _treatment,_ admission, service, or procedure for an\nenrollee or representative of the enrollee to notify the utilization review\nagent and request~~certification or continuing treatment~~ _a coverage\ndetermination_ for that condition _._\n\n_(13) Utilization review agents shall make their policies and guidelines\neasily accessible to enrollees and providers in electronic format._\n\n_(14) Utilization review agents shall make coverage determinations that are\nconsistent with the provisions of the health benefit contract, and policies\nand guidelines that may apply to an enrollee 's clinical condition._\n\n_(15) A utilization review agent shall ensure that all coverage determinations\nare reviewed by a physician or other health care professional who is competent\nto evaluate and reject, if appropriate, any recommendation or conclusion of\nartificial intelligence that is in conflict with independent professional\njudgment as informed by an enrollee 's unique clinical condition, the\nrecommendation of the provider, and any applicable policies and guidelines_\n~~.~~\n\n~~(b) Any utilization review agent that has received accreditation by the\nutilization review accreditation commission shall be exempt from this\nsection~~.\"\n\n\"§27-3A-6\n\n(a) _The commissioner shall establish an ombudsman program to receive and\ninvestigate complaints from enrollees or providers aggrieved by a coverage\ndetermination by a utilization review agent._\n\n_(b) An ombudsman may do any of the following:_\n\n_(1) Help an aggrieved enrollee or provider use the utilization review agent\n's internal appeal process for seeking a reversal or modification of a\ncoverage denial._\n\n_(2) Help an aggrieved enrollee or provider understand provisions of a health\nbenefit plan or the utilization review agent 's policies and guidelines that\nmay be relevant to a claim, or correspondence received from a utilization\nreview agent._\n\n_(3) Based on complaints received, investigate any general business pattern or\npractice by a utilization review agent that indicates that coverage denials\nare being made contrary to the requirements imposed pursuant to Sections\n27-3A-5(13) through (15)._\n\n_(4) Audit compliance by a utilization review agent with the coverage\nprovisions of a health benefit plan, its policies and guidelines, and the\nrequirements of this chapter, and issue a report with findings._\n\n_(5) Refer a utilization review agent to the department for action pursuant to\nsubsection (c)._\n\n_(c)(1)_ Whenever the department has reason to believe that a utilization\nreview agent ~~subject to this chapter~~ has been or is engaged in conduct\nthat violates this chapter, the department shall notify the utilization review\nagent of the alleged violation. The agent shall respond to the notice not\nlater than 30 days after the notice is made.\n\n~~(b)~~ _(2) Upon receiving a response from the utilization review agent,_\n~~If~~ _if_ the department finds _the response to be unsatisfactory or_ that\nthe utilization review agent has violated this chapter, or that the alleged\nviolation has not been corrected, the ~~department may conduct a contested\ncase hearing on the alleged violation in accordance with the Administrative\nProcedure Act~~ _commissioner may hold a hearing as provided in Article 1,\nChapter 2_.\n\n~~(c)~~ _(3)_ If, after the hearing, the department determines that the\nutilization review agent has engaged in a violation, the department shall\nreduce the findings to writing and shall issue and cause to be served upon the\nagent a copy of the findings and an order requiring the agent to cease and\ndesist from engaging in the violation.\n\n~~(d)~~ _(4)_ The department may also exercise either or both of the following\ndisciplinary powers:\n\n~~(1)~~ _a._ Impose an administrative fine of not more than _one thousand\ndollars ($1,000) for a violation, or not more than_ ~~five~~ _ten_ thousand\ndollars ~~($5,000)~~ _($10,000)_ for a violation that occurred with such\nfrequency as to indicate a a general business pattern or practice.\n\n~~(2)~~ _b._ Suspend or revoke the certification of a utilization review agent\nif the agent ~~knew the act was in violation of this chapter and~~ repeated\nthe act with such frequency as to indicate a general business pattern or\npractice.\"\n\nSection 2. Section 27-3A-7 is added to the Code of Alabama 1975, to read as\nfollows:\n\n§27-3A-7\n\nNothing in this chapter shall be construed to prohibit an enrollee from\npursuing any available remedies, including civil damages, in an appropriate\nforum as a consequence of the determination, act, or omission of a utilization\nreview agent, consistent with other state and federal law.\n\nSection 3. This act shall become effective on October 1, 2025.\n\nCopyright (C) 2025 State Net  \n  \n---\n\n",
      "latest_version": true
    }
  ]
}