{
  "bill_id": "CA2025000A551",
  "source_url": "http://custom.statenet.com/public/resources.cgi?id=ID:bill:CA2025000A551&cuiq=93d84396-c63b-526a-b152-38b7f79b4cfd&client_md=e4f6fea4-27b4-5d41-b7d3-766fe52569f0",
  "versions": [
    {
      "date": "02/11/2025",
      "label": "Introduced",
      "url": "https://custom.statenet.com/public/resources.cgi?mode=show_text&id=ID:bill:CA2025000A551&verid=CA2025000A551_20250211_0_I&",
      "raw_html": "<html>\n<head>\n<title>Bill Resource</title>\n\n<!--   <link href=\"https://custom.statenet.com/network/Common/css/extregtext.css\" rel=\"stylesheet\" type=\"text/css\" />-->\n   <link href=\"https://custom.statenet.com/network/Common/css/xmltext-2.0.css\" rel=\"stylesheet\" type=\"text/css\" />\n   <link href=\"https://custom.statenet.com/network/Common/css/additional-text.css\" rel=\"stylesheet\" type=\"text/css\" />\n\n\t<style type=\"text/css\">\n<!--\n\ntd, body {\n     background-color: white;\n\tfont-family: Verdana, Arial, Helvetica, sans-serif;\n\tfont-size: 12px;\n}\n\n.resourceContainer {\n   border: 1px solid black;\n}\n-->\n</style>\n</head>\n<body>\n\n    <div style=\"width: 750px; margin: auto\">\n       <div style=\"font-size: .8em;margin-bottom: 10px\"><table width=\"100%\"><tr><td align=\"left\" style=\"font-size: .8em;\"><div>The following has special meaning:</div>\n<div><u class=\"amendmentInsertedText\">green underline denotes added text</u></div>\n<div><strike class=\"amendmentDeletedText\">red struck out text denotes deleted text</strike></div></td> <td align=\"right\"><a href=\"https://www.lexisnexis.com/statenet/\"><img alt=\"Powered by State Net\" src=\"https://custom.statenet.com/network/poweredby.gif\" /></a></td></tr></table></div><table id=\"text-identifier\"><tr><td class=\"key\">2025 CA A 551</td> <td><table><tr><td class=\"label\">Author:</td> <td>Krell</td></tr> <tr><td class=\"label\">Version:</td> <td>Introduced</td></tr> <tr><td class=\"label\">Version Date:</td> <td>02/11/2025</td></tr></table></td></tr></table><div class=\"documentBody\">\n  <a name=\"head_document_section\"></a><div class=\"head\">\n   <p class=\"center\">CALIFORNIA LEGISLATURE--2025-2026 REGULAR SESSION</p>\n   <p class=\"left\">\n    <b> Assembly Bill </b>\n   </p>\n   <p class=\"right\">\n    <b> No. 551 </b>\n   </p>\n   <p class=\"center\">\n    <b>Introduced by</b> Assembly Members Krell and Petrie-Norris</p>\n   <p class=\"center\"> February 11, 2025 </p>\n  </div>\n  <a name=\"code_document_section\"></a><div class=\"code\">\n   <p class=\"center\"> An act to add and repeal Chapter 6.5 (commencing with Section 127650) of Part 2 of Division 107 of the Health and Safety Code, relating to health care. </p>\n  </div>\n  <a name=\"digest_document_section\"></a><div class=\"digest\">\n   <p class=\"center\">LEGISLATIVE COUNSEL&#39;S DIGEST</p>\n   <p class=\"center\">AB 551, as introduced, Krell. Reproductive Health Emergency Preparedness Program.</p>\n   <p class=\"indent\">Existing law establishes the Department of Health Care Access and Information to oversee and administer various health programs. The California Constitution prohibits the state from denying or interfering with an individual&#39;s reproductive freedom in their most intimate decisions. Existing law establishes the California Reproductive Health Equity Program within the department to ensure abortion and contraception services are affordable for and accessible to all patients and to provide financial support for safety net providers of these services.</p>\n   <p class=\"indent\">This bill would, upon appropriation by the Legislature or the availability of funds from private sources, establish the Reproductive Health Emergency Preparedness Program (RHEPP) for the purpose of expanding and improving access to reproductive and sexual health care in emergency departments across California. The bill would require the department to award the grants and administer the RHEPP in collaboration with California-based organizations to serve as the technical assistance provider. The bill would require the department to establish minimum standards, funding schedules, and procedures for awarding grants and would specify the qualifications for the collaborating organizations. The bill would limit the permissible uses of grant funds under the program, as specified. The bill would repeal these provisions on January 1, 2030.</p>\n   <p class=\"indent\"> Vote Required: MAJORITY Appropriation: NO Fiscal Committee: YES Local Program: NO Immediate Effect NO Urgency: NO Tax Levy: NO Election: NO Usual Current Expenses: NO Budget Bill: NO Prop 25 Trailer Bill: NO </p>\n  </div>\n  <a name=\"text_document_section\"></a><div class=\"text\">\n   <span>\n    <p class=\"indent\">The people of the State of California do enact as follows:</p>\n   </span>\n   <p class=\"indent\">SECTION 1. This act shall be known, and may be cited, as the Reproductive Health Emergency Preparedness Program (RHEPP).</p>\n   <p class=\"indent\">SEC. 2. The Legislature finds and declares all of the following:</p>\n   <p class=\"indent\">(a) Abortion care is a constitutional right and an integral part of comprehensive sexual and reproductive health care. In clinical settings, both pregnancy loss and abortion are managed with the same medication and procedural skills.</p>\n   <p class=\"indent\">(b) In May 2019, Governor Gavin Newsom signed the California Proclamation on Reproductive Freedom reaffirming California&#39;s commitment to ensuring access to reproductive health care services, including abortion.</p>\n   <p class=\"indent\">(c) With the United States Supreme Court overturning the protections under Roe v. Wade (1973) 410 U.S. 113, 41 states now enforce formal restrictions or bans on abortion, meaning people in nearly one-half of the states in this country, over 36,000,000 women and other people who may become pregnant, have lost access to abortion care.</p>\n   <p class=\"indent\">(d) California is committed to building upon existing protections to the right to abortion and implementing innovative and bold programs and policies to improve access and truly be a reproductive freedom state.</p>\n   <p class=\"indent\">(e) In many California regions, the emergency department serves as the most accessible source of medical care for pregnancy emergencies due to shortages of primary care providers, obstetrician-gynecologists (OBGYNs), and reproductive health clinics.</p>\n   <p class=\"indent\">(f) Many emergency departments could meet the growing reproductive health needs of the populations, especially in regions with OBGYN shortages, if provided with technical assistance to expand care.</p>\n   <p class=\"indent\">(g) The State of California should create a statewide project for the purpose of advancing reproductive and sexual health care from emergency departments, including treatment of miscarriage and ectopic pregnancy, contraception and emergency contraception, and abortion care for those opting in to provide this service.</p>\n   <p class=\"indent\">SEC. 3. Chapter 6.5 (commencing with Section 127650) is added to Part 2 of Division 107 of the Health and Safety Code, to read:</p>\n   <p class=\"indent\">6.5. Reproductive Health Emergency Preparedness Program</p>\n   <p class=\"indent\">127650. (a) The Reproductive Health Emergency Preparedness Program (RHEPP) is hereby established for the purpose of expanding and improving access to reproductive and sexual health care in emergency departments across California.</p>\n   <p class=\"indent\">(b) The Legislature finds and declares that emergency departments in hospitals are essential access points for pregnant people and people of reproductive capacity. The RHEPP shall work to improve and expand access to the full spectrum of sexual and reproductive health care in California&#39;s emergency departments, including abortion and evidence-based miscarriage care in emergency departments choosing to provide these services.</p>\n   <p class=\"indent\">127651. (a) The RHEPP shall be administered by the department, in collaboration with California-based organizations, to serve as the technical assistance provider.</p>\n   <p class=\"indent\">(b) The organizations chosen shall have experience providing technical assistance related to abortion, contraception, pregnancy emergencies, and pregnancy loss. The organizations shall oversee the recruitment and selection of participating emergency departments, administer the funding, and coordinate directly with hospitals that apply to participate in the program.</p>\n   <p class=\"indent\">(c) Funds awarded pursuant to the RHEPP shall be awarded to increase access to timely, evidence-based treatment of pregnancy loss and miscarriage, contraception, emergency contraception, and abortion.</p>\n   <p class=\"indent\">(d) (1) The department shall award grants on a competitive basis.</p>\n   <p class=\"indent\">(2) The department shall establish minimum standards, funding schedules, and procedures for awarding grants that shall take into consideration efforts identified to increase access to reproductive and sexual health care in emergency departments.</p>\n   <p class=\"indent\">127652. Participating emergency departments or outpatient clinics that lack hospital service capacity and are committed to expanding access to more comprehensive care and to receiving grants pursuant to the RHEPP may use those funds for, but are not limited to, any of the following:</p>\n   <p class=\"indent\">(a) Providing medically accurate education, clinical guidelines and algorithms, and training tools for emergency departments, including materials that correct common misinformation about abortion and other reproductive health care.</p>\n   <p class=\"indent\">(b) Supporting clinical fellowships to support internal champions working within participating emergency departments.</p>\n   <p class=\"indent\">(c) Providing mentorship and coaching services for physicians and nursing and administrative leadership to support practice change.</p>\n   <p class=\"indent\">(d) Piloting the delivery of medication abortion in emergency departments electing to provide these services.</p>\n   <p class=\"indent\">(e) Building internal capacity among emergency department providers to integrate medication abortion and manual or other aspiration techniques for the management of pregnancy loss and abortion in emergency departments electing to provide these services.</p>\n   <p class=\"indent\">(f) Developing coordinated responses between medical and nursing specialties within and outside of the emergency department.</p>\n   <p class=\"indent\">127653. (a) This chapter shall be operative upon appropriation by the Legislature or to the extent funds from private sources are made available for this purpose.</p>\n   <p class=\"indent\">(b) This chapter shall remain in effect only until January 1, 2030, and as of that date is repealed.</p>\n  </div>\n </div>\n    </div>\t\n<table cellpadding=0 cellspacing=0 width=\"100%\">\n   <tr>\n      <td>\n          Copyright &copy; 2025 State Net\n      </td>\n<BR>\n<!--???MOVED INTO resources.cgi      <td align=\"right\">\n          <img src=\"https://custom.statenet.com/network/poweredby.gif\" alt=\"Powered by State Net\">\n      </td>-->\n\n    </tr>\n</table>\n</body></html>\n",
      "markdown": "The following has special meaning: _green underline denotes added text_ ~~red struck out text denotes deleted text~~ | [![Powered by State Net](https://custom.statenet.com/network/poweredby.gif)](https://www.lexisnexis.com/statenet/)  \n---|---  \n  \n2025 CA A 551 | | Author: | Krell  \n---|---  \nVersion: | Introduced  \nVersion Date: | 02/11/2025  \n  \nCALIFORNIA LEGISLATURE--2025-2026 REGULAR SESSION\n\n**Assembly Bill**\n\n**No. 551**\n\n**Introduced by** Assembly Members Krell and Petrie-Norris\n\nFebruary 11, 2025\n\nAn act to add and repeal Chapter 6.5 (commencing with Section 127650) of Part\n2 of Division 107 of the Health and Safety Code, relating to health care.\n\nLEGISLATIVE COUNSEL'S DIGEST\n\nAB 551, as introduced, Krell. Reproductive Health Emergency Preparedness\nProgram.\n\nExisting law establishes the Department of Health Care Access and Information\nto oversee and administer various health programs. The California Constitution\nprohibits the state from denying or interfering with an individual's\nreproductive freedom in their most intimate decisions. Existing law\nestablishes the California Reproductive Health Equity Program within the\ndepartment to ensure abortion and contraception services are affordable for\nand accessible to all patients and to provide financial support for safety net\nproviders of these services.\n\nThis bill would, upon appropriation by the Legislature or the availability of\nfunds from private sources, establish the Reproductive Health Emergency\nPreparedness Program (RHEPP) for the purpose of expanding and improving access\nto reproductive and sexual health care in emergency departments across\nCalifornia. The bill would require the department to award the grants and\nadminister the RHEPP in collaboration with California-based organizations to\nserve as the technical assistance provider. The bill would require the\ndepartment to establish minimum standards, funding schedules, and procedures\nfor awarding grants and would specify the qualifications for the collaborating\norganizations. The bill would limit the permissible uses of grant funds under\nthe program, as specified. The bill would repeal these provisions on January\n1, 2030.\n\nVote Required: MAJORITY Appropriation: NO Fiscal Committee: YES Local Program:\nNO Immediate Effect NO Urgency: NO Tax Levy: NO Election: NO Usual Current\nExpenses: NO Budget Bill: NO Prop 25 Trailer Bill: NO\n\nThe people of the State of California do enact as follows:\n\nSECTION 1. This act shall be known, and may be cited, as the Reproductive\nHealth Emergency Preparedness Program (RHEPP).\n\nSEC. 2. The Legislature finds and declares all of the following:\n\n(a) Abortion care is a constitutional right and an integral part of\ncomprehensive sexual and reproductive health care. In clinical settings, both\npregnancy loss and abortion are managed with the same medication and\nprocedural skills.\n\n(b) In May 2019, Governor Gavin Newsom signed the California Proclamation on\nReproductive Freedom reaffirming California's commitment to ensuring access to\nreproductive health care services, including abortion.\n\n(c) With the United States Supreme Court overturning the protections under Roe\nv. Wade (1973) 410 U.S. 113, 41 states now enforce formal restrictions or bans\non abortion, meaning people in nearly one-half of the states in this country,\nover 36,000,000 women and other people who may become pregnant, have lost\naccess to abortion care.\n\n(d) California is committed to building upon existing protections to the right\nto abortion and implementing innovative and bold programs and policies to\nimprove access and truly be a reproductive freedom state.\n\n(e) In many California regions, the emergency department serves as the most\naccessible source of medical care for pregnancy emergencies due to shortages\nof primary care providers, obstetrician-gynecologists (OBGYNs), and\nreproductive health clinics.\n\n(f) Many emergency departments could meet the growing reproductive health\nneeds of the populations, especially in regions with OBGYN shortages, if\nprovided with technical assistance to expand care.\n\n(g) The State of California should create a statewide project for the purpose\nof advancing reproductive and sexual health care from emergency departments,\nincluding treatment of miscarriage and ectopic pregnancy, contraception and\nemergency contraception, and abortion care for those opting in to provide this\nservice.\n\nSEC. 3. Chapter 6.5 (commencing with Section 127650) is added to Part 2 of\nDivision 107 of the Health and Safety Code, to read:\n\n6.5. Reproductive Health Emergency Preparedness Program\n\n127650\\. (a) The Reproductive Health Emergency Preparedness Program (RHEPP) is\nhereby established for the purpose of expanding and improving access to\nreproductive and sexual health care in emergency departments across\nCalifornia.\n\n(b) The Legislature finds and declares that emergency departments in hospitals\nare essential access points for pregnant people and people of reproductive\ncapacity. The RHEPP shall work to improve and expand access to the full\nspectrum of sexual and reproductive health care in California's emergency\ndepartments, including abortion and evidence-based miscarriage care in\nemergency departments choosing to provide these services.\n\n127651\\. (a) The RHEPP shall be administered by the department, in\ncollaboration with California-based organizations, to serve as the technical\nassistance provider.\n\n(b) The organizations chosen shall have experience providing technical\nassistance related to abortion, contraception, pregnancy emergencies, and\npregnancy loss. The organizations shall oversee the recruitment and selection\nof participating emergency departments, administer the funding, and coordinate\ndirectly with hospitals that apply to participate in the program.\n\n(c) Funds awarded pursuant to the RHEPP shall be awarded to increase access to\ntimely, evidence-based treatment of pregnancy loss and miscarriage,\ncontraception, emergency contraception, and abortion.\n\n(d) (1) The department shall award grants on a competitive basis.\n\n(2) The department shall establish minimum standards, funding schedules, and\nprocedures for awarding grants that shall take into consideration efforts\nidentified to increase access to reproductive and sexual health care in\nemergency departments.\n\n127652\\. Participating emergency departments or outpatient clinics that lack\nhospital service capacity and are committed to expanding access to more\ncomprehensive care and to receiving grants pursuant to the RHEPP may use those\nfunds for, but are not limited to, any of the following:\n\n(a) Providing medically accurate education, clinical guidelines and\nalgorithms, and training tools for emergency departments, including materials\nthat correct common misinformation about abortion and other reproductive\nhealth care.\n\n(b) Supporting clinical fellowships to support internal champions working\nwithin participating emergency departments.\n\n(c) Providing mentorship and coaching services for physicians and nursing and\nadministrative leadership to support practice change.\n\n(d) Piloting the delivery of medication abortion in emergency departments\nelecting to provide these services.\n\n(e) Building internal capacity among emergency department providers to\nintegrate medication abortion and manual or other aspiration techniques for\nthe management of pregnancy loss and abortion in emergency departments\nelecting to provide these services.\n\n(f) Developing coordinated responses between medical and nursing specialties\nwithin and outside of the emergency department.\n\n127653\\. (a) This chapter shall be operative upon appropriation by the\nLegislature or to the extent funds from private sources are made available for\nthis purpose.\n\n(b) This chapter shall remain in effect only until January 1, 2030, and as of\nthat date is repealed.\n\nCopyright (C) 2025 State Net  \n  \n---\n\n",
      "latest_version": false
    },
    {
      "date": "03/10/2025",
      "label": "Amended",
      "url": "https://custom.statenet.com/public/resources.cgi?mode=show_text&id=ID:bill:CA2025000A551&verid=CA2025000A551_20250310_0_A&",
      "raw_html": "<html>\n<head>\n<title>Bill Resource</title>\n\n<!--   <link href=\"https://custom.statenet.com/network/Common/css/extregtext.css\" rel=\"stylesheet\" type=\"text/css\" />-->\n   <link href=\"https://custom.statenet.com/network/Common/css/xmltext-2.0.css\" rel=\"stylesheet\" type=\"text/css\" />\n   <link href=\"https://custom.statenet.com/network/Common/css/additional-text.css\" rel=\"stylesheet\" type=\"text/css\" />\n\n\t<style type=\"text/css\">\n<!--\n\ntd, body {\n     background-color: white;\n\tfont-family: Verdana, Arial, Helvetica, sans-serif;\n\tfont-size: 12px;\n}\n\n.resourceContainer {\n   border: 1px solid black;\n}\n-->\n</style>\n</head>\n<body>\n\n    <div style=\"width: 750px; margin: auto\">\n       <div style=\"font-size: .8em;margin-bottom: 10px\"><table width=\"100%\"><tr><td align=\"left\" style=\"font-size: .8em;\"><div>The following has special meaning:</div>\n<div><u class=\"amendmentInsertedText\">green underline denotes added text</u></div>\n<div><strike class=\"amendmentDeletedText\">red struck out text denotes deleted text</strike></div></td> <td align=\"right\"><a href=\"https://www.lexisnexis.com/statenet/\"><img alt=\"Powered by State Net\" src=\"https://custom.statenet.com/network/poweredby.gif\" /></a></td></tr></table></div><table id=\"text-identifier\"><tr><td class=\"key\">2025 CA A 551</td> <td><table><tr><td class=\"label\">Author:</td> <td>Krell</td></tr> <tr><td class=\"label\">Version:</td> <td>Amended</td></tr> <tr><td class=\"label\">Version Date:</td> <td>03/10/2025</td></tr></table></td></tr></table><div class=\"documentBody\">\n  <a name=\"head_document_section\"></a><div class=\"head\">\n   <p class=\"center\"> AMENDED IN ASSEMBLY March 10, 2025 </p>\n   <p class=\"center\">CALIFORNIA LEGISLATURE--2025-2026 REGULAR SESSION</p>\n   <p class=\"left\">\n    <b> Assembly Bill </b>\n   </p>\n   <p class=\"right\">\n    <b> No. 551 </b>\n   </p>\n   <p class=\"center\">\n    <b>Introduced by</b> Assembly Members Krell and Petrie-Norris</p>\n   <p class=\"center\"> February 11, 2025 </p>\n  </div>\n  <a name=\"code_document_section\"></a><div class=\"code\">\n   <p class=\"center\"> An act to add and repeal Chapter 6.5 (commencing with Section 127650) of Part 2 of Division 107 of the Health and Safety Code, relating to health care. </p>\n  </div>\n  <a name=\"digest_document_section\"></a><div class=\"digest\">\n   <p class=\"center\">LEGISLATIVE COUNSEL&#39;S DIGEST</p>\n   <p class=\"center\">AB 551, as amended, Krell. Reproductive Health Emergency Preparedness Program.</p>\n   <p class=\"indent\">Existing law establishes the Department of Health Care Access and Information to oversee and administer various health programs. The California Constitution prohibits the state from denying or interfering with an individual&#39;s reproductive freedom in their most intimate decisions. Existing law establishes the California Reproductive Health Equity Program within the department to ensure abortion and contraception services are affordable for and accessible to all patients and to provide financial support for safety net providers of these services.</p>\n   <p class=\"indent\">This bill would, upon appropriation by the Legislature or the availability of funds from private sources, establish the Reproductive Health Emergency Preparedness Program (RHEPP) for the purpose of expanding and improving access to reproductive and sexual health care in emergency departments across California. The bill would require the department to award the grants and administer the RHEPP in collaboration with California-based organizations to serve as the technical assistance provider. The bill would require the department to establish minimum standards, funding schedules, and procedures for awarding grants and would specify the qualifications for the collaborating organizations. The bill would limit the permissible uses of grant funds under the program, as specified. The bill would repeal these provisions on January 1, 2030.</p>\n   <p class=\"indent\"> Vote Required: MAJORITY Appropriation: NO Fiscal Committee: YES Local Program: NO Immediate Effect NO Urgency: NO Tax Levy: NO Election: NO Usual Current Expenses: NO Budget Bill: NO Prop 25 Trailer Bill: NO </p>\n  </div>\n  <a name=\"text_document_section\"></a><div class=\"text\">\n   <span>\n    <p class=\"indent\">The people of the State of California do enact as follows:</p>\n   </span>\n   <p class=\"indent\">SECTION 1. This act shall be known, and may be cited, as the Reproductive Health Emergency Preparedness Program (RHEPP).</p>\n   <p class=\"indent\">SEC. 2. The Legislature finds and declares all of the following:</p>\n   <p class=\"indent\">(a) Abortion care is a constitutional right and an integral part of comprehensive sexual and reproductive health care. In clinical settings, both pregnancy loss and abortion are managed with the same medication and procedural skills.</p>\n   <p class=\"indent\">(b) In May 2019, Governor Gavin Newsom signed the California Proclamation on Reproductive Freedom reaffirming California&#39;s commitment to ensuring access to reproductive health care services, including abortion.</p>\n   <p class=\"indent\">(c) With the United States Supreme Court overturning the protections under Roe v. Wade (1973) 410 U.S. 113, 41 states now enforce formal restrictions or bans on abortion, meaning people in nearly one-half of the states in this country, over 36,000,000 women and other people who may become pregnant, have lost access to abortion care.</p>\n   <p class=\"indent\">(d) California is committed to building upon existing protections to the right to abortion and implementing innovative and bold programs and policies to improve access and truly be a reproductive freedom state.</p>\n   <p class=\"indent\">(e) In many California regions, the emergency department serves as the most accessible source of medical care for pregnancy emergencies due to shortages of primary care providers, obstetrician-gynecologists (OBGYNs), and reproductive health clinics.</p>\n   <p class=\"indent\">(f) Many emergency departments could meet the growing reproductive health needs of the populations, especially in regions with OBGYN shortages, if provided with technical assistance to expand care.</p>\n   <p class=\"indent\">(g) The State of California should create a statewide project for the purpose of advancing reproductive and sexual health care from emergency departments, including treatment of miscarriage and ectopic pregnancy, contraception and emergency contraception, and abortion<strike class=\"amendmentDeletedText\"> care for those opting in to provide this service.</strike>\n    <u class=\"amendmentInsertedText\"> care.</u>\n   </p>\n   <p class=\"indent\">SEC. 3. Chapter 6.5 (commencing with Section 127650) is added to Part 2 of Division 107 of the Health and Safety Code, to read:</p>\n   <p class=\"indent\">6.5. Reproductive Health Emergency Preparedness Program</p>\n   <p class=\"indent\">127650. (a) The Reproductive Health Emergency Preparedness Program (RHEPP) is hereby established for the purpose of expanding and improving access to reproductive and sexual health care in emergency departments across California.</p>\n   <p class=\"indent\">(b) The Legislature finds and declares that emergency departments in hospitals are essential access points for pregnant people and people of reproductive capacity. The RHEPP shall work to improve and expand access to<strike class=\"amendmentDeletedText\"> the full spectrum of</strike> sexual and reproductive health care in California&#39;s<u class=\"amendmentInsertedText\"> participating</u> emergency departments, including abortion and evidence-based miscarriage care in emergency<strike class=\"amendmentDeletedText\"> departments choosing to provide these services.</strike>\n    <u class=\"amendmentInsertedText\"> departments.</u>\n   </p>\n   <p class=\"indent\">127651. (a) The RHEPP shall be administered by the department, in collaboration with California-based organizations, to serve as the technical assistance provider.</p>\n   <p class=\"indent\">(b) The organizations chosen shall have experience providing technical assistance related to abortion, contraception, pregnancy emergencies, and pregnancy loss. The organizations shall oversee the recruitment and selection of participating emergency departments, administer the funding, and coordinate directly with hospitals that apply to participate in the program.</p>\n   <p class=\"indent\">(c) Funds awarded pursuant to the RHEPP shall be awarded to increase access to timely, evidence-based treatment of pregnancy loss and miscarriage, contraception, emergency contraception, and abortion.</p>\n   <p class=\"indent\">(d) (1) The department shall award grants on a competitive basis.</p>\n   <p class=\"indent\">(2) The department shall establish minimum standards, funding schedules, and procedures for awarding grants that shall take into consideration efforts identified to increase access to reproductive and sexual health care in<u class=\"amendmentInsertedText\"> participating</u> emergency departments.</p>\n   <p class=\"indent\">127652. Participating emergency departments or outpatient clinics that lack hospital service capacity and are committed to expanding access to more comprehensive care and to receiving grants pursuant to the RHEPP may use those funds for, but are not limited to, any of the following:</p>\n   <p class=\"indent\">(a) Providing medically accurate education, clinical guidelines and algorithms, and training tools for emergency departments, including materials that correct common misinformation about abortion and other reproductive health care.</p>\n   <p class=\"indent\">(b) Supporting clinical fellowships to support internal champions working within participating emergency departments.</p>\n   <p class=\"indent\">(c) Providing mentorship and coaching services for physicians and nursing and administrative leadership to support practice change.</p>\n   <p class=\"indent\">(d) Piloting the delivery of medication abortion in<u class=\"amendmentInsertedText\"> participating</u> emergency<strike class=\"amendmentDeletedText\"> departments electing to provide these services.</strike>\n    <u class=\"amendmentInsertedText\"> departments.</u>\n   </p>\n   <p class=\"indent\">(e) Building internal capacity among<u class=\"amendmentInsertedText\"> participating</u> emergency department providers to integrate medication abortion and manual or other aspiration techniques for the management of pregnancy loss and<strike class=\"amendmentDeletedText\"> abortion in emergency departments electing to provide these services.</strike>\n    <u class=\"amendmentInsertedText\"> abortion.</u>\n   </p>\n   <p class=\"indent\">(f) Developing coordinated responses between medical and nursing specialties within and outside of the<u class=\"amendmentInsertedText\"> participating</u> emergency department.</p>\n   <p class=\"indent\">127653. (a) This chapter shall be operative upon appropriation by the Legislature or to the extent funds from private sources are made available for this purpose.</p>\n   <p class=\"indent\">(b) This chapter shall remain in effect only until January 1, 2030, and as of that date is repealed.</p>\n  </div>\n </div>\n    </div>\t\n<table cellpadding=0 cellspacing=0 width=\"100%\">\n   <tr>\n      <td>\n          Copyright &copy; 2025 State Net\n      </td>\n<BR>\n<!--???MOVED INTO resources.cgi      <td align=\"right\">\n          <img src=\"https://custom.statenet.com/network/poweredby.gif\" alt=\"Powered by State Net\">\n      </td>-->\n\n    </tr>\n</table>\n</body></html>\n",
      "markdown": "The following has special meaning: _green underline denotes added text_ ~~red struck out text denotes deleted text~~ | [![Powered by State Net](https://custom.statenet.com/network/poweredby.gif)](https://www.lexisnexis.com/statenet/)  \n---|---  \n  \n2025 CA A 551 | | Author: | Krell  \n---|---  \nVersion: | Amended  \nVersion Date: | 03/10/2025  \n  \nAMENDED IN ASSEMBLY March 10, 2025\n\nCALIFORNIA LEGISLATURE--2025-2026 REGULAR SESSION\n\n**Assembly Bill**\n\n**No. 551**\n\n**Introduced by** Assembly Members Krell and Petrie-Norris\n\nFebruary 11, 2025\n\nAn act to add and repeal Chapter 6.5 (commencing with Section 127650) of Part\n2 of Division 107 of the Health and Safety Code, relating to health care.\n\nLEGISLATIVE COUNSEL'S DIGEST\n\nAB 551, as amended, Krell. Reproductive Health Emergency Preparedness Program.\n\nExisting law establishes the Department of Health Care Access and Information\nto oversee and administer various health programs. The California Constitution\nprohibits the state from denying or interfering with an individual's\nreproductive freedom in their most intimate decisions. Existing law\nestablishes the California Reproductive Health Equity Program within the\ndepartment to ensure abortion and contraception services are affordable for\nand accessible to all patients and to provide financial support for safety net\nproviders of these services.\n\nThis bill would, upon appropriation by the Legislature or the availability of\nfunds from private sources, establish the Reproductive Health Emergency\nPreparedness Program (RHEPP) for the purpose of expanding and improving access\nto reproductive and sexual health care in emergency departments across\nCalifornia. The bill would require the department to award the grants and\nadminister the RHEPP in collaboration with California-based organizations to\nserve as the technical assistance provider. The bill would require the\ndepartment to establish minimum standards, funding schedules, and procedures\nfor awarding grants and would specify the qualifications for the collaborating\norganizations. The bill would limit the permissible uses of grant funds under\nthe program, as specified. The bill would repeal these provisions on January\n1, 2030.\n\nVote Required: MAJORITY Appropriation: NO Fiscal Committee: YES Local Program:\nNO Immediate Effect NO Urgency: NO Tax Levy: NO Election: NO Usual Current\nExpenses: NO Budget Bill: NO Prop 25 Trailer Bill: NO\n\nThe people of the State of California do enact as follows:\n\nSECTION 1. This act shall be known, and may be cited, as the Reproductive\nHealth Emergency Preparedness Program (RHEPP).\n\nSEC. 2. The Legislature finds and declares all of the following:\n\n(a) Abortion care is a constitutional right and an integral part of\ncomprehensive sexual and reproductive health care. In clinical settings, both\npregnancy loss and abortion are managed with the same medication and\nprocedural skills.\n\n(b) In May 2019, Governor Gavin Newsom signed the California Proclamation on\nReproductive Freedom reaffirming California's commitment to ensuring access to\nreproductive health care services, including abortion.\n\n(c) With the United States Supreme Court overturning the protections under Roe\nv. Wade (1973) 410 U.S. 113, 41 states now enforce formal restrictions or bans\non abortion, meaning people in nearly one-half of the states in this country,\nover 36,000,000 women and other people who may become pregnant, have lost\naccess to abortion care.\n\n(d) California is committed to building upon existing protections to the right\nto abortion and implementing innovative and bold programs and policies to\nimprove access and truly be a reproductive freedom state.\n\n(e) In many California regions, the emergency department serves as the most\naccessible source of medical care for pregnancy emergencies due to shortages\nof primary care providers, obstetrician-gynecologists (OBGYNs), and\nreproductive health clinics.\n\n(f) Many emergency departments could meet the growing reproductive health\nneeds of the populations, especially in regions with OBGYN shortages, if\nprovided with technical assistance to expand care.\n\n(g) The State of California should create a statewide project for the purpose\nof advancing reproductive and sexual health care from emergency departments,\nincluding treatment of miscarriage and ectopic pregnancy, contraception and\nemergency contraception, and abortion~~care for those opting in to provide\nthis service.~~ _care._\n\nSEC. 3. Chapter 6.5 (commencing with Section 127650) is added to Part 2 of\nDivision 107 of the Health and Safety Code, to read:\n\n6.5. Reproductive Health Emergency Preparedness Program\n\n127650\\. (a) The Reproductive Health Emergency Preparedness Program (RHEPP) is\nhereby established for the purpose of expanding and improving access to\nreproductive and sexual health care in emergency departments across\nCalifornia.\n\n(b) The Legislature finds and declares that emergency departments in hospitals\nare essential access points for pregnant people and people of reproductive\ncapacity. The RHEPP shall work to improve and expand access to~~the full\nspectrum of~~ sexual and reproductive health care in California's\n_participating_ emergency departments, including abortion and evidence-based\nmiscarriage care in emergency~~departments choosing to provide these\nservices.~~ _departments._\n\n127651\\. (a) The RHEPP shall be administered by the department, in\ncollaboration with California-based organizations, to serve as the technical\nassistance provider.\n\n(b) The organizations chosen shall have experience providing technical\nassistance related to abortion, contraception, pregnancy emergencies, and\npregnancy loss. The organizations shall oversee the recruitment and selection\nof participating emergency departments, administer the funding, and coordinate\ndirectly with hospitals that apply to participate in the program.\n\n(c) Funds awarded pursuant to the RHEPP shall be awarded to increase access to\ntimely, evidence-based treatment of pregnancy loss and miscarriage,\ncontraception, emergency contraception, and abortion.\n\n(d) (1) The department shall award grants on a competitive basis.\n\n(2) The department shall establish minimum standards, funding schedules, and\nprocedures for awarding grants that shall take into consideration efforts\nidentified to increase access to reproductive and sexual health care in\n_participating_ emergency departments.\n\n127652\\. Participating emergency departments or outpatient clinics that lack\nhospital service capacity and are committed to expanding access to more\ncomprehensive care and to receiving grants pursuant to the RHEPP may use those\nfunds for, but are not limited to, any of the following:\n\n(a) Providing medically accurate education, clinical guidelines and\nalgorithms, and training tools for emergency departments, including materials\nthat correct common misinformation about abortion and other reproductive\nhealth care.\n\n(b) Supporting clinical fellowships to support internal champions working\nwithin participating emergency departments.\n\n(c) Providing mentorship and coaching services for physicians and nursing and\nadministrative leadership to support practice change.\n\n(d) Piloting the delivery of medication abortion in _participating_\nemergency~~departments electing to provide these services.~~ _departments._\n\n(e) Building internal capacity among _participating_ emergency department\nproviders to integrate medication abortion and manual or other aspiration\ntechniques for the management of pregnancy loss and~~abortion in emergency\ndepartments electing to provide these services.~~ _abortion._\n\n(f) Developing coordinated responses between medical and nursing specialties\nwithin and outside of the _participating_ emergency department.\n\n127653\\. (a) This chapter shall be operative upon appropriation by the\nLegislature or to the extent funds from private sources are made available for\nthis purpose.\n\n(b) This chapter shall remain in effect only until January 1, 2030, and as of\nthat date is repealed.\n\nCopyright (C) 2025 State Net  \n  \n---\n\n",
      "latest_version": false
    },
    {
      "date": "04/10/2025",
      "label": "Amended",
      "url": "https://custom.statenet.com/public/resources.cgi?mode=show_text&id=ID:bill:CA2025000A551&verid=CA2025000A551_20250410_0_A&",
      "raw_html": "<html>\n<head>\n<title>Bill Resource</title>\n\n<!--   <link href=\"https://custom.statenet.com/network/Common/css/extregtext.css\" rel=\"stylesheet\" type=\"text/css\" />-->\n   <link href=\"https://custom.statenet.com/network/Common/css/xmltext-2.0.css\" rel=\"stylesheet\" type=\"text/css\" />\n   <link href=\"https://custom.statenet.com/network/Common/css/additional-text.css\" rel=\"stylesheet\" type=\"text/css\" />\n\n\t<style type=\"text/css\">\n<!--\n\ntd, body {\n     background-color: white;\n\tfont-family: Verdana, Arial, Helvetica, sans-serif;\n\tfont-size: 12px;\n}\n\n.resourceContainer {\n   border: 1px solid black;\n}\n-->\n</style>\n</head>\n<body>\n\n    <div style=\"width: 750px; margin: auto\">\n       <div style=\"font-size: .8em;margin-bottom: 10px\"><table width=\"100%\"><tr><td align=\"left\" style=\"font-size: .8em;\"><div>The following has special meaning:</div>\n<div><u class=\"amendmentInsertedText\">green underline denotes added text</u></div>\n<div><strike class=\"amendmentDeletedText\">red struck out text denotes deleted text</strike></div></td> <td align=\"right\"><a href=\"https://www.lexisnexis.com/statenet/\"><img alt=\"Powered by State Net\" src=\"https://custom.statenet.com/network/poweredby.gif\" /></a></td></tr></table></div><table id=\"text-identifier\"><tr><td class=\"key\">2025 CA A 551</td> <td><table><tr><td class=\"label\">Author:</td> <td>Krell</td></tr> <tr><td class=\"label\">Version:</td> <td>Amended</td></tr> <tr><td class=\"label\">Version Date:</td> <td>04/10/2025</td></tr></table></td></tr></table><div class=\"documentBody\">\n  <a name=\"head_document_section\"></a><div class=\"head\">\n   <p class=\"center\"> AMENDED IN ASSEMBLY March 10, 2025 </p>\n   <p class=\"center\"> AMENDED IN ASSEMBLY April 10, 2025 </p>\n   <p class=\"center\">CALIFORNIA LEGISLATURE--2025-2026 REGULAR SESSION</p>\n   <p class=\"left\">\n    <b> Assembly Bill </b>\n   </p>\n   <p class=\"right\">\n    <b> No. 551 </b>\n   </p>\n   <p class=\"center\">\n    <b>Introduced by</b> Assembly Members Krell and Petrie-Norris</p>\n   <p class=\"center\"> February 11, 2025 </p>\n  </div>\n  <a name=\"code_document_section\"></a><div class=\"code\">\n   <p class=\"center\"> An act to add and repeal Chapter 6.5 (commencing with Section 127650) of Part 2 of Division 107 of the Health and Safety Code, relating to health care. </p>\n  </div>\n  <a name=\"digest_document_section\"></a><div class=\"digest\">\n   <p class=\"center\">LEGISLATIVE COUNSEL&#39;S DIGEST</p>\n   <p class=\"center\">AB 551, as amended, Krell. Reproductive Health Emergency Preparedness Program.</p>\n   <p class=\"indent\">Existing law establishes the Department of Health Care Access and Information to oversee and administer various health programs. The California Constitution prohibits the state from denying or interfering with an individual&#39;s reproductive freedom in their most intimate decisions. Existing law establishes the California Reproductive Health Equity Program within the department to ensure abortion and contraception services are affordable for and accessible to all patients and to provide financial support for safety net providers of these services.</p>\n   <p class=\"indent\">This bill would, upon appropriation by the Legislature or the availability of funds from private sources, establish the Reproductive Health Emergency Preparedness Program (RHEPP) for the purpose of expanding and improving access to reproductive and sexual health care in emergency departments across California. The bill would require the department to award the grants and administer the RHEPP in collaboration with California-based organizations to serve as the technical assistance provider. The bill would require the department to establish minimum standards, funding schedules, and procedures for awarding grants and would specify the qualifications for the collaborating organizations. The bill would limit the permissible uses of grant funds under the program, as specified. The bill would repeal these provisions on January 1, 2030.</p>\n   <p class=\"indent\"> Vote Required: MAJORITY Appropriation: NO Fiscal Committee: YES Local Program: NO Immediate Effect NO Urgency: NO Tax Levy: NO Election: NO Usual Current Expenses: NO Budget Bill: NO Prop 25 Trailer Bill: NO </p>\n  </div>\n  <a name=\"text_document_section\"></a><div class=\"text\">\n   <span>\n    <p class=\"indent\">The people of the State of California do enact as follows:</p>\n   </span>\n   <p class=\"indent\">SECTION 1. This act shall be known, and may be cited, as the Reproductive Health Emergency Preparedness Program (RHEPP).</p>\n   <p class=\"indent\">SEC. 2. The Legislature finds and declares all of the following:</p>\n   <p class=\"indent\">(a) Abortion care is a constitutional right and an integral part of comprehensive sexual and reproductive health care. In clinical settings, both pregnancy loss and abortion are managed with the same medication and procedural skills.</p>\n   <p class=\"indent\">(b) In May 2019, Governor Gavin Newsom signed the California Proclamation on Reproductive Freedom reaffirming California&#39;s commitment to ensuring access to reproductive health care services, including abortion.</p>\n   <p class=\"indent\">(c) With the United States Supreme Court overturning the protections under Roe v. Wade (1973) 410 U.S. 113, 41 states now enforce formal restrictions or bans on abortion, meaning people in nearly one-half of the states in this country, over 36,000,000 women and other people who may become pregnant, have lost access to abortion care.</p>\n   <p class=\"indent\">(d) California is committed to building upon existing protections to the right to abortion and implementing innovative and bold programs and policies to improve access and truly be a reproductive freedom state.</p>\n   <p class=\"indent\">(e) In many California regions, the emergency department serves as the most accessible source of medical care for pregnancy emergencies due to shortages of primary care providers, obstetrician-gynecologists (OBGYNs), and reproductive health clinics.</p>\n   <p class=\"indent\">(f) Many emergency departments could meet the growing reproductive health needs of the populations, especially in regions with OBGYN shortages, if provided with technical assistance to expand care.</p>\n   <p class=\"indent\">(g) The State of California should create a statewide project for the purpose of advancing reproductive and sexual health care from emergency departments, including treatment of miscarriage and ectopic pregnancy, contraception and emergency contraception, and abortion care.</p>\n   <p class=\"indent\">SEC. 3. Chapter 6.5 (commencing with Section 127650) is added to Part 2 of Division 107 of the Health and Safety Code, to read:</p>\n   <p class=\"indent\">6.5. Reproductive Health Emergency Preparedness Program</p>\n   <p class=\"indent\">127650. (a) The Reproductive Health Emergency Preparedness Program (RHEPP) is hereby established for the purpose of expanding and improving access to reproductive and sexual health care in emergency departments across California.</p>\n   <p class=\"indent\">(b) The Legislature finds and declares that emergency departments in hospitals are essential access points for pregnant people and people of reproductive capacity. The RHEPP shall work to improve and expand access to sexual and reproductive health care in California&#39;s<strike class=\"amendmentDeletedText\"> participating</strike> emergency departments, including abortion and evidence-based miscarriage care in emergency<strike class=\"amendmentDeletedText\"> departments.</strike>\n    <u class=\"amendmentInsertedText\"> departments that participate in the RHEPP.</u>\n   </p>\n   <p class=\"indent\">127651. (a) The RHEPP shall be administered by the department, in collaboration with California-based organizations, to serve as the technical assistance provider.</p>\n   <p class=\"indent\">(b) The organizations chosen shall have experience providing technical assistance related to abortion, contraception, pregnancy emergencies, and pregnancy loss. The organizations shall oversee the recruitment and selection of participating emergency departments, administer the funding, and coordinate directly with hospitals that apply to participate in the program.</p>\n   <p class=\"indent\">(c) Funds awarded pursuant to the RHEPP shall be awarded to increase access to timely, evidence-based treatment of pregnancy loss and miscarriage, contraception, emergency contraception, and abortion.</p>\n   <p class=\"indent\">(d) (1) The department shall award grants on a competitive basis.</p>\n   <p class=\"indent\">(2) The department shall establish minimum standards, funding schedules, and procedures for awarding grants that shall take into consideration efforts identified to increase access to reproductive and sexual health care in<strike class=\"amendmentDeletedText\"> participating emergency departments.</strike>\n    <u class=\"amendmentInsertedText\"> emergency departments participating in the RHEPP.</u>\n   </p>\n   <p class=\"indent\">127652. <strike class=\"amendmentDeletedText\">Participating emergency </strike>\n    <u class=\"amendmentInsertedText\">Emergency </u>departments or outpatient clinics<u class=\"amendmentInsertedText\"> participating in the RHEPP</u> that lack hospital service capacity and are committed to expanding access to more comprehensive care and to receiving grants pursuant to the RHEPP may use those funds for, but are not limited to, any of the following:</p>\n   <p class=\"indent\">(a) Providing medically accurate education, clinical guidelines and algorithms, and training tools for emergency departments, including materials that correct common misinformation about abortion and other reproductive health care.</p>\n   <p class=\"indent\">(b) Supporting clinical fellowships to support internal champions working within participating emergency departments.</p>\n   <p class=\"indent\">(c) Providing mentorship and coaching services for physicians and nursing and administrative leadership to support practice change.</p>\n   <p class=\"indent\">(d) Piloting the delivery of medication abortion in<strike class=\"amendmentDeletedText\"> participating emergency departments.</strike>\n    <u class=\"amendmentInsertedText\"> emergency departments participating in the RHEPP.</u>\n   </p>\n   <p class=\"indent\">(e) Building internal capacity among<strike class=\"amendmentDeletedText\"> participating</strike> emergency department providers<u class=\"amendmentInsertedText\"> participating in the RHEPP</u> to integrate medication abortion and manual or other aspiration techniques for the management of pregnancy loss and abortion.</p>\n   <p class=\"indent\">(f) Developing coordinated responses between medical and nursing specialties within and outside of the<strike class=\"amendmentDeletedText\"> participating emergency department.</strike>\n    <u class=\"amendmentInsertedText\"> emergency department participating in the RHEPP.</u>\n   </p>\n   <p class=\"indent\">127653. (a) This chapter shall be operative upon appropriation by the Legislature or to the extent funds from private sources are made available for this purpose.</p>\n   <p class=\"indent\">(b) This chapter shall remain in effect only until January 1, 2030, and as of that date is repealed.</p>\n  </div>\n </div>\n    </div>\t\n<table cellpadding=0 cellspacing=0 width=\"100%\">\n   <tr>\n      <td>\n          Copyright &copy; 2025 State Net\n      </td>\n<BR>\n<!--???MOVED INTO resources.cgi      <td align=\"right\">\n          <img src=\"https://custom.statenet.com/network/poweredby.gif\" alt=\"Powered by State Net\">\n      </td>-->\n\n    </tr>\n</table>\n</body></html>\n",
      "markdown": "The following has special meaning: _green underline denotes added text_ ~~red struck out text denotes deleted text~~ | [![Powered by State Net](https://custom.statenet.com/network/poweredby.gif)](https://www.lexisnexis.com/statenet/)  \n---|---  \n  \n2025 CA A 551 | | Author: | Krell  \n---|---  \nVersion: | Amended  \nVersion Date: | 04/10/2025  \n  \nAMENDED IN ASSEMBLY March 10, 2025\n\nAMENDED IN ASSEMBLY April 10, 2025\n\nCALIFORNIA LEGISLATURE--2025-2026 REGULAR SESSION\n\n**Assembly Bill**\n\n**No. 551**\n\n**Introduced by** Assembly Members Krell and Petrie-Norris\n\nFebruary 11, 2025\n\nAn act to add and repeal Chapter 6.5 (commencing with Section 127650) of Part\n2 of Division 107 of the Health and Safety Code, relating to health care.\n\nLEGISLATIVE COUNSEL'S DIGEST\n\nAB 551, as amended, Krell. Reproductive Health Emergency Preparedness Program.\n\nExisting law establishes the Department of Health Care Access and Information\nto oversee and administer various health programs. The California Constitution\nprohibits the state from denying or interfering with an individual's\nreproductive freedom in their most intimate decisions. Existing law\nestablishes the California Reproductive Health Equity Program within the\ndepartment to ensure abortion and contraception services are affordable for\nand accessible to all patients and to provide financial support for safety net\nproviders of these services.\n\nThis bill would, upon appropriation by the Legislature or the availability of\nfunds from private sources, establish the Reproductive Health Emergency\nPreparedness Program (RHEPP) for the purpose of expanding and improving access\nto reproductive and sexual health care in emergency departments across\nCalifornia. The bill would require the department to award the grants and\nadminister the RHEPP in collaboration with California-based organizations to\nserve as the technical assistance provider. The bill would require the\ndepartment to establish minimum standards, funding schedules, and procedures\nfor awarding grants and would specify the qualifications for the collaborating\norganizations. The bill would limit the permissible uses of grant funds under\nthe program, as specified. The bill would repeal these provisions on January\n1, 2030.\n\nVote Required: MAJORITY Appropriation: NO Fiscal Committee: YES Local Program:\nNO Immediate Effect NO Urgency: NO Tax Levy: NO Election: NO Usual Current\nExpenses: NO Budget Bill: NO Prop 25 Trailer Bill: NO\n\nThe people of the State of California do enact as follows:\n\nSECTION 1. This act shall be known, and may be cited, as the Reproductive\nHealth Emergency Preparedness Program (RHEPP).\n\nSEC. 2. The Legislature finds and declares all of the following:\n\n(a) Abortion care is a constitutional right and an integral part of\ncomprehensive sexual and reproductive health care. In clinical settings, both\npregnancy loss and abortion are managed with the same medication and\nprocedural skills.\n\n(b) In May 2019, Governor Gavin Newsom signed the California Proclamation on\nReproductive Freedom reaffirming California's commitment to ensuring access to\nreproductive health care services, including abortion.\n\n(c) With the United States Supreme Court overturning the protections under Roe\nv. Wade (1973) 410 U.S. 113, 41 states now enforce formal restrictions or bans\non abortion, meaning people in nearly one-half of the states in this country,\nover 36,000,000 women and other people who may become pregnant, have lost\naccess to abortion care.\n\n(d) California is committed to building upon existing protections to the right\nto abortion and implementing innovative and bold programs and policies to\nimprove access and truly be a reproductive freedom state.\n\n(e) In many California regions, the emergency department serves as the most\naccessible source of medical care for pregnancy emergencies due to shortages\nof primary care providers, obstetrician-gynecologists (OBGYNs), and\nreproductive health clinics.\n\n(f) Many emergency departments could meet the growing reproductive health\nneeds of the populations, especially in regions with OBGYN shortages, if\nprovided with technical assistance to expand care.\n\n(g) The State of California should create a statewide project for the purpose\nof advancing reproductive and sexual health care from emergency departments,\nincluding treatment of miscarriage and ectopic pregnancy, contraception and\nemergency contraception, and abortion care.\n\nSEC. 3. Chapter 6.5 (commencing with Section 127650) is added to Part 2 of\nDivision 107 of the Health and Safety Code, to read:\n\n6.5. Reproductive Health Emergency Preparedness Program\n\n127650\\. (a) The Reproductive Health Emergency Preparedness Program (RHEPP) is\nhereby established for the purpose of expanding and improving access to\nreproductive and sexual health care in emergency departments across\nCalifornia.\n\n(b) The Legislature finds and declares that emergency departments in hospitals\nare essential access points for pregnant people and people of reproductive\ncapacity. The RHEPP shall work to improve and expand access to sexual and\nreproductive health care in California's~~participating~~ emergency\ndepartments, including abortion and evidence-based miscarriage care in\nemergency~~departments.~~ _departments that participate in the RHEPP._\n\n127651\\. (a) The RHEPP shall be administered by the department, in\ncollaboration with California-based organizations, to serve as the technical\nassistance provider.\n\n(b) The organizations chosen shall have experience providing technical\nassistance related to abortion, contraception, pregnancy emergencies, and\npregnancy loss. The organizations shall oversee the recruitment and selection\nof participating emergency departments, administer the funding, and coordinate\ndirectly with hospitals that apply to participate in the program.\n\n(c) Funds awarded pursuant to the RHEPP shall be awarded to increase access to\ntimely, evidence-based treatment of pregnancy loss and miscarriage,\ncontraception, emergency contraception, and abortion.\n\n(d) (1) The department shall award grants on a competitive basis.\n\n(2) The department shall establish minimum standards, funding schedules, and\nprocedures for awarding grants that shall take into consideration efforts\nidentified to increase access to reproductive and sexual health care\nin~~participating emergency departments.~~ _emergency departments\nparticipating in the RHEPP._\n\n127652\\. ~~Participating emergency~~ _Emergency_ departments or outpatient\nclinics _participating in the RHEPP_ that lack hospital service capacity and\nare committed to expanding access to more comprehensive care and to receiving\ngrants pursuant to the RHEPP may use those funds for, but are not limited to,\nany of the following:\n\n(a) Providing medically accurate education, clinical guidelines and\nalgorithms, and training tools for emergency departments, including materials\nthat correct common misinformation about abortion and other reproductive\nhealth care.\n\n(b) Supporting clinical fellowships to support internal champions working\nwithin participating emergency departments.\n\n(c) Providing mentorship and coaching services for physicians and nursing and\nadministrative leadership to support practice change.\n\n(d) Piloting the delivery of medication abortion in~~participating emergency\ndepartments.~~ _emergency departments participating in the RHEPP._\n\n(e) Building internal capacity among~~participating~~ emergency department\nproviders _participating in the RHEPP_ to integrate medication abortion and\nmanual or other aspiration techniques for the management of pregnancy loss and\nabortion.\n\n(f) Developing coordinated responses between medical and nursing specialties\nwithin and outside of the~~participating emergency department.~~ _emergency\ndepartment participating in the RHEPP._\n\n127653\\. (a) This chapter shall be operative upon appropriation by the\nLegislature or to the extent funds from private sources are made available for\nthis purpose.\n\n(b) This chapter shall remain in effect only until January 1, 2030, and as of\nthat date is repealed.\n\nCopyright (C) 2025 State Net  \n  \n---\n\n",
      "latest_version": true
    }
  ]
}