{
  "bill_id": "CA2025000A316",
  "source_url": "http://custom.statenet.com/public/resources.cgi?id=ID:bill:CA2025000A316&cuiq=93d84396-c63b-526a-b152-38b7f79b4cfd&client_md=e4f6fea4-27b4-5d41-b7d3-766fe52569f0",
  "versions": [
    {
      "date": "01/24/2025",
      "label": "Introduced",
      "url": "https://custom.statenet.com/public/resources.cgi?mode=show_text&id=ID:bill:CA2025000A316&verid=CA2025000A316_20250124_0_I&",
      "raw_html": "<html>\n<head>\n<title>Bill Resource</title>\n\n<!--   <link href=\"https://custom.statenet.com/network/Common/css/extregtext.css\" rel=\"stylesheet\" type=\"text/css\" />-->\n   <link href=\"https://custom.statenet.com/network/Common/css/xmltext-2.0.css\" rel=\"stylesheet\" type=\"text/css\" />\n   <link href=\"https://custom.statenet.com/network/Common/css/additional-text.css\" rel=\"stylesheet\" type=\"text/css\" />\n\n\t<style type=\"text/css\">\n<!--\n\ntd, body {\n     background-color: white;\n\tfont-family: Verdana, Arial, Helvetica, sans-serif;\n\tfont-size: 12px;\n}\n\n.resourceContainer {\n   border: 1px solid black;\n}\n-->\n</style>\n</head>\n<body>\n\n    <div style=\"width: 750px; margin: auto\">\n       <div style=\"font-size: .8em;margin-bottom: 10px\"><table width=\"100%\"><tr><td align=\"left\" style=\"font-size: .8em;\"><div>The following has special meaning:</div>\n<div><u class=\"amendmentInsertedText\">green underline denotes added text</u></div>\n<div><strike class=\"amendmentDeletedText\">red struck out text denotes deleted text</strike></div></td> <td align=\"right\"><a href=\"https://www.lexisnexis.com/statenet/\"><img alt=\"Powered by State Net\" src=\"https://custom.statenet.com/network/poweredby.gif\" /></a></td></tr></table></div><table id=\"text-identifier\"><tr><td class=\"key\">2025 CA A 316</td> <td><table><tr><td class=\"label\">Author:</td> <td>Krell</td></tr> <tr><td class=\"label\">Version:</td> <td>Introduced</td></tr> <tr><td class=\"label\">Version Date:</td> <td>01/24/2025</td></tr></table></td></tr></table><div class=\"documentBody\">\n  <a name=\"head_document_section\"></a><div class=\"head\">\n   <p class=\"center\">CALIFORNIA LEGISLATURE--2025-2026 REGULAR SESSION</p>\n   <p class=\"left\">\n    <b> Assembly Bill</b>\n   </p>\n   <p class=\"right\">\n    <b>No. 316</b>\n   </p>\n   <p class=\"center\">\n    <b>Introduced by Assembly Member Krell</b>\n   </p>\n   <p class=\"center\">January 24, 2025</p>\n  </div>\n  <a name=\"code_document_section\"></a><div class=\"code\">\n   <p class=\"center\">\n    <b>An act to add Section 1714.46 to the Civil Code, relating to civil actions. </b>\n   </p>\n  </div>\n  <a name=\"digest_document_section\"></a><div class=\"digest\">\n   <p class=\"center\">LEGISLATIVE COUNSEL&#39;S DIGEST</p>\n   <p class=\"indent\">AB 316, as introduced, Krell. Artificial intelligence: defenses.</p>\n   <p class=\"indent\">Existing law provides that everyone is responsible not only for the result of their willful acts, but also for an injury occasioned to another by their want of ordinary care or skill in the management of their property or person.</p>\n   <p class=\"indent\">Existing law requires the developer of a generative artificial intelligence system or service that is released on or after January 1, 2022, and made publicly available to Californians for use, to post on the developer&#39;s internet website documentation regarding the data used by the developer to train the generative artificial intelligence system or service. Existing law defines &quot;artificial intelligence&quot; for these purposes.</p>\n   <p class=\"indent\">This bill would prohibit a defendant that developed or used artificial intelligence, as defined, from asserting a defense that the artificial intelligence autonomously caused the harm to the plaintiff.</p>\n   <p class=\"indent\">Vote: MAJORITY  Appropriation: NO  Fiscal Committee: NO  Local Program: NO</p>\n  </div>\n  <a name=\"text_document_section\"></a><div class=\"text\">\n   <span>\n    <p class=\"indent\">The people of the State of California do enact as follows:</p>\n   </span>\n   <p class=\"indent\">SECTION 1. Section 1714.46 is added to the Civil Code, to read:</p>\n   <p class=\"indent\">1714.46. (a) &quot;Artificial intelligence&quot; means an engineered or machine-based system that varies in its level of autonomy and that can, for explicit or implicit objectives, infer from the input it receives how to generate outputs that can influence physical or virtual environments.</p>\n   <p class=\"indent\">(b) In an action against a defendant that developed or used artificial intelligence that is alleged to have caused a harm to the plaintiff, it shall not be a defense, and the defendant may not assert, that the artificial intelligence autonomously caused the harm to the plaintiff.</p>\n  </div>\n </div>\n    </div>\t\n<table cellpadding=0 cellspacing=0 width=\"100%\">\n   <tr>\n      <td>\n          Copyright &copy; 2025 State Net\n      </td>\n<BR>\n<!--???MOVED INTO resources.cgi      <td align=\"right\">\n          <img src=\"https://custom.statenet.com/network/poweredby.gif\" alt=\"Powered by State Net\">\n      </td>-->\n\n    </tr>\n</table>\n</body></html>\n",
      "markdown": "The following has special meaning: _green underline denotes added text_ ~~red struck out text denotes deleted text~~ | [![Powered by State Net](https://custom.statenet.com/network/poweredby.gif)](https://www.lexisnexis.com/statenet/)  \n---|---  \n  \n2025 CA A 316 | | Author: | Krell  \n---|---  \nVersion: | Introduced  \nVersion Date: | 01/24/2025  \n  \nCALIFORNIA LEGISLATURE--2025-2026 REGULAR SESSION\n\n**Assembly Bill**\n\n**No. 316**\n\n**Introduced by Assembly Member Krell**\n\nJanuary 24, 2025\n\n**An act to add Section 1714.46 to the Civil Code, relating to civil\nactions.**\n\nLEGISLATIVE COUNSEL'S DIGEST\n\nAB 316, as introduced, Krell. Artificial intelligence: defenses.\n\nExisting law provides that everyone is responsible not only for the result of\ntheir willful acts, but also for an injury occasioned to another by their want\nof ordinary care or skill in the management of their property or person.\n\nExisting law requires the developer of a generative artificial intelligence\nsystem or service that is released on or after January 1, 2022, and made\npublicly available to Californians for use, to post on the developer's\ninternet website documentation regarding the data used by the developer to\ntrain the generative artificial intelligence system or service. Existing law\ndefines \"artificial intelligence\" for these purposes.\n\nThis bill would prohibit a defendant that developed or used artificial\nintelligence, as defined, from asserting a defense that the artificial\nintelligence autonomously caused the harm to the plaintiff.\n\nVote: MAJORITY Appropriation: NO Fiscal Committee: NO Local Program: NO\n\nThe people of the State of California do enact as follows:\n\nSECTION 1. Section 1714.46 is added to the Civil Code, to read:\n\n1714.46. (a) \"Artificial intelligence\" means an engineered or machine-based\nsystem that varies in its level of autonomy and that can, for explicit or\nimplicit objectives, infer from the input it receives how to generate outputs\nthat can influence physical or virtual environments.\n\n(b) In an action against a defendant that developed or used artificial\nintelligence that is alleged to have caused a harm to the plaintiff, it shall\nnot be a defense, and the defendant may not assert, that the artificial\nintelligence autonomously caused the harm to the plaintiff.\n\nCopyright (C) 2025 State Net  \n  \n---\n\n",
      "latest_version": false
    },
    {
      "date": "04/28/2025",
      "label": "Amended",
      "url": "https://custom.statenet.com/public/resources.cgi?mode=show_text&id=ID:bill:CA2025000A316&verid=CA2025000A316_20250428_0_A&",
      "raw_html": "<html>\n<head>\n<title>Bill Resource</title>\n\n<!--   <link href=\"https://custom.statenet.com/network/Common/css/extregtext.css\" rel=\"stylesheet\" type=\"text/css\" />-->\n   <link href=\"https://custom.statenet.com/network/Common/css/xmltext-2.0.css\" rel=\"stylesheet\" type=\"text/css\" />\n   <link href=\"https://custom.statenet.com/network/Common/css/additional-text.css\" rel=\"stylesheet\" type=\"text/css\" />\n\n\t<style type=\"text/css\">\n<!--\n\ntd, body {\n     background-color: white;\n\tfont-family: Verdana, Arial, Helvetica, sans-serif;\n\tfont-size: 12px;\n}\n\n.resourceContainer {\n   border: 1px solid black;\n}\n-->\n</style>\n</head>\n<body>\n\n    <div style=\"width: 750px; margin: auto\">\n       <div style=\"font-size: .8em;margin-bottom: 10px\"><table width=\"100%\"><tr><td align=\"left\" style=\"font-size: .8em;\"><div>The following has special meaning:</div>\n<div><u class=\"amendmentInsertedText\">green underline denotes added text</u></div>\n<div><strike class=\"amendmentDeletedText\">red struck out text denotes deleted text</strike></div></td> <td align=\"right\"><a href=\"https://www.lexisnexis.com/statenet/\"><img alt=\"Powered by State Net\" src=\"https://custom.statenet.com/network/poweredby.gif\" /></a></td></tr></table></div><table id=\"text-identifier\"><tr><td class=\"key\">2025 CA A 316</td> <td><table><tr><td class=\"label\">Author:</td> <td>Krell</td></tr> <tr><td class=\"label\">Version:</td> <td>Amended</td></tr> <tr><td class=\"label\">Version Date:</td> <td>04/28/2025</td></tr></table></td></tr></table><div class=\"documentBody\">\n  <a name=\"head_document_section\"></a><div class=\"head\">\n   <p class=\"center\"> AMENDED IN ASSEMBLY April 28, 2025 </p>\n   <p class=\"center\">CALIFORNIA LEGISLATURE--2025-2026 REGULAR SESSION</p>\n   <p class=\"left\">\n    <b> Assembly Bill </b>\n   </p>\n   <p class=\"right\">\n    <b> No. 316 </b>\n   </p>\n   <p class=\"center\">\n    <b>Introduced by</b> Assembly Member Krell</p>\n   <p class=\"center\"> January 24, 2025 </p>\n  </div>\n  <a name=\"code_document_section\"></a><div class=\"code\">\n   <p class=\"center\"> An act to add Section 1714.46 to the Civil Code, relating to civil actions. </p>\n  </div>\n  <a name=\"digest_document_section\"></a><div class=\"digest\">\n   <p class=\"center\">LEGISLATIVE COUNSEL&#39;S DIGEST</p>\n   <p class=\"center\">AB 316, as amended, Krell. Artificial intelligence: defenses.</p>\n   <p class=\"indent\">Existing law provides that everyone is responsible not only for the result of their willful acts, but also for an injury occasioned to another by their want of ordinary care or skill in the management of their property or person.</p>\n   <p class=\"indent\">Existing law requires the developer of a generative artificial intelligence system or service that is released on or after January 1, 2022, and made publicly available to Californians for use, to post on the developer&#39;s internet website documentation regarding the data used by the developer to train the generative artificial intelligence system or service. Existing law defines &quot;artificial intelligence&quot; for these purposes.</p>\n   <p class=\"indent\">This bill would prohibit a defendant<strike class=\"amendmentDeletedText\"> that developed</strike>\n    <u class=\"amendmentInsertedText\"> who developed, modified,</u> or used artificial intelligence, as defined, from asserting a defense that the artificial intelligence autonomously caused the harm to the plaintiff.</p>\n   <p class=\"indent\"> Vote Required: MAJORITY Appropriation: NO Fiscal Committee: NO Local Program: NO Immediate Effect NO Urgency: NO Tax Levy: NO Election: NO Usual Current Expenses: NO Budget Bill: NO Prop 25 Trailer Bill: NO </p>\n  </div>\n  <a name=\"text_document_section\"></a><div class=\"text\">\n   <span>\n    <p class=\"indent\">The people of the State of California do enact as follows:</p>\n   </span>\n   <p class=\"indent\">SECTION 1. Section 1714.46 is added to the Civil Code, to read:</p>\n   <p class=\"indent\">1714.46. (a) &quot;Artificial intelligence&quot; means an engineered or machine-based system that varies in its level of autonomy and that can, for explicit or implicit objectives, infer from the input it receives how to generate outputs that can influence physical or virtual environments.</p>\n   <p class=\"indent\">(b) In an action against a defendant<strike class=\"amendmentDeletedText\"> that developed</strike>\n    <u class=\"amendmentInsertedText\"> who developed, modified,</u> or used artificial intelligence that is alleged to have caused a harm to the plaintiff, it shall not be a defense, and the defendant may not assert, that the artificial intelligence autonomously caused the harm to the plaintiff.</p>\n  </div>\n </div>\n    </div>\t\n<table cellpadding=0 cellspacing=0 width=\"100%\">\n   <tr>\n      <td>\n          Copyright &copy; 2025 State Net\n      </td>\n<BR>\n<!--???MOVED INTO resources.cgi      <td align=\"right\">\n          <img src=\"https://custom.statenet.com/network/poweredby.gif\" alt=\"Powered by State Net\">\n      </td>-->\n\n    </tr>\n</table>\n</body></html>\n",
      "markdown": "The following has special meaning: _green underline denotes added text_ ~~red struck out text denotes deleted text~~ | [![Powered by State Net](https://custom.statenet.com/network/poweredby.gif)](https://www.lexisnexis.com/statenet/)  \n---|---  \n  \n2025 CA A 316 | | Author: | Krell  \n---|---  \nVersion: | Amended  \nVersion Date: | 04/28/2025  \n  \nAMENDED IN ASSEMBLY April 28, 2025\n\nCALIFORNIA LEGISLATURE--2025-2026 REGULAR SESSION\n\n**Assembly Bill**\n\n**No. 316**\n\n**Introduced by** Assembly Member Krell\n\nJanuary 24, 2025\n\nAn act to add Section 1714.46 to the Civil Code, relating to civil actions.\n\nLEGISLATIVE COUNSEL'S DIGEST\n\nAB 316, as amended, Krell. Artificial intelligence: defenses.\n\nExisting law provides that everyone is responsible not only for the result of\ntheir willful acts, but also for an injury occasioned to another by their want\nof ordinary care or skill in the management of their property or person.\n\nExisting law requires the developer of a generative artificial intelligence\nsystem or service that is released on or after January 1, 2022, and made\npublicly available to Californians for use, to post on the developer's\ninternet website documentation regarding the data used by the developer to\ntrain the generative artificial intelligence system or service. Existing law\ndefines \"artificial intelligence\" for these purposes.\n\nThis bill would prohibit a defendant~~that developed~~ _who developed,\nmodified,_ or used artificial intelligence, as defined, from asserting a\ndefense that the artificial intelligence autonomously caused the harm to the\nplaintiff.\n\nVote Required: MAJORITY Appropriation: NO Fiscal Committee: NO Local Program:\nNO Immediate Effect NO Urgency: NO Tax Levy: NO Election: NO Usual Current\nExpenses: NO Budget Bill: NO Prop 25 Trailer Bill: NO\n\nThe people of the State of California do enact as follows:\n\nSECTION 1. Section 1714.46 is added to the Civil Code, to read:\n\n1714.46. (a) \"Artificial intelligence\" means an engineered or machine-based\nsystem that varies in its level of autonomy and that can, for explicit or\nimplicit objectives, infer from the input it receives how to generate outputs\nthat can influence physical or virtual environments.\n\n(b) In an action against a defendant~~that developed~~ _who developed,\nmodified,_ or used artificial intelligence that is alleged to have caused a\nharm to the plaintiff, it shall not be a defense, and the defendant may not\nassert, that the artificial intelligence autonomously caused the harm to the\nplaintiff.\n\nCopyright (C) 2025 State Net  \n  \n---\n\n",
      "latest_version": true
    }
  ]
}