{
  "bill_id": "CA2025000S579",
  "source_url": "http://custom.statenet.com/public/resources.cgi?id=ID:bill:CA2025000S579&cuiq=93d84396-c63b-526a-b152-38b7f79b4cfd&client_md=e4f6fea4-27b4-5d41-b7d3-766fe52569f0",
  "versions": [
    {
      "date": "02/20/2025",
      "label": "Introduced",
      "url": "https://custom.statenet.com/public/resources.cgi?mode=show_text&id=ID:bill:CA2025000S579&verid=CA2025000S579_20250220_0_I&",
      "raw_html": "<html>\n<head>\n<title>Bill Resource</title>\n\n<!--   <link href=\"https://custom.statenet.com/network/Common/css/extregtext.css\" rel=\"stylesheet\" type=\"text/css\" />-->\n   <link href=\"https://custom.statenet.com/network/Common/css/xmltext-2.0.css\" rel=\"stylesheet\" type=\"text/css\" />\n   <link href=\"https://custom.statenet.com/network/Common/css/additional-text.css\" rel=\"stylesheet\" type=\"text/css\" />\n\n\t<style type=\"text/css\">\n<!--\n\ntd, body {\n     background-color: white;\n\tfont-family: Verdana, Arial, Helvetica, sans-serif;\n\tfont-size: 12px;\n}\n\n.resourceContainer {\n   border: 1px solid black;\n}\n-->\n</style>\n</head>\n<body>\n\n    <div style=\"width: 750px; margin: auto\">\n       <div style=\"font-size: .8em;margin-bottom: 10px\"><table width=\"100%\"><tr><td align=\"left\" style=\"font-size: .8em;\"><div>The following has special meaning:</div>\n<div><u class=\"amendmentInsertedText\">green underline denotes added text</u></div>\n<div><strike class=\"amendmentDeletedText\">red struck out text denotes deleted text</strike></div></td> <td align=\"right\"><a href=\"https://www.lexisnexis.com/statenet/\"><img alt=\"Powered by State Net\" src=\"https://custom.statenet.com/network/poweredby.gif\" /></a></td></tr></table></div><table id=\"text-identifier\"><tr><td class=\"key\">2025 CA S 579</td> <td><table><tr><td class=\"label\">Author:</td> <td>Padilla</td></tr> <tr><td class=\"label\">Version:</td> <td>Introduced</td></tr> <tr><td class=\"label\">Version Date:</td> <td>02/20/2025</td></tr></table></td></tr></table><div class=\"documentBody\">\n  <a name=\"head_document_section\"></a><div class=\"head\">\n   <p class=\"center\">CALIFORNIA LEGISLATURE--2025-2026 REGULAR SESSION</p>\n   <p class=\"left\">\n    <b> Senate Bill </b>\n   </p>\n   <p class=\"right\">\n    <b> No. 579 </b>\n   </p>\n   <p class=\"center\">\n    <b>Introduced by</b> Senator Padilla</p>\n   <p class=\"center\"> February 20, 2025 </p>\n  </div>\n  <a name=\"code_document_section\"></a><div class=\"code\">\n   <p class=\"center\"> An act to add Section 12817 to the Government Code, relating to artificial intelligence. </p>\n  </div>\n  <a name=\"digest_document_section\"></a><div class=\"digest\">\n   <p class=\"center\">LEGISLATIVE COUNSEL&#39;S DIGEST</p>\n   <p class=\"center\">SB 579, as introduced, Padilla. Mental health and artificial intelligence working group.</p>\n   <p class=\"indent\">Existing law establishes the Government Operations Agency, which consists of several state entities, including, but not limited to, the State Personnel Board, the Department of General Services, and the Office of Administrative Law. Under existing law, the Government Operations Agency is under the direction of an executive officer known as the Secretary of Government Operations, who is appointed by, and holds office at the pleasure of, the Governor, subject to confirmation by the Senate.</p>\n   <p class=\"indent\">This bill would require the secretary, by July 1, 2026, to appoint a mental health and artificial intelligence working group, as specified, that would evaluate certain issues to determine the role of artificial intelligence in mental health settings. The bill would require the working group to take input from various stakeholder groups, including health organizations and academic institutions. The bill would require the working group to produce a report of its findings to the Legislature by July 1, 2028.</p>\n   <p class=\"indent\"> Vote Required: MAJORITY Appropriation: NO Fiscal Committee: YES Local Program: NO Immediate Effect NO Urgency: NO Tax Levy: NO Election: NO Usual Current Expenses: NO Budget Bill: NO Prop 25 Trailer Bill: NO </p>\n  </div>\n  <a name=\"text_document_section\"></a><div class=\"text\">\n   <span>\n    <p class=\"indent\">The people of the State of California do enact as follows:</p>\n   </span>\n   <p class=\"indent\">SECTION 1. Section 12817 is added to the Government Code, to read:</p>\n   <p class=\"indent\">12817. (a) The Secretary of Government Operations shall appoint a mental health and artificial intelligence working group and designate the chairperson of that group on or before July 1, 2026, to evaluate all of the following:</p>\n   <p class=\"indent\">(1) The role of artificial intelligence in improving mental health outcomes, ensuring ethical standards, promoting innovation, and addressing concerns regarding artificial intelligence in mental health settings.</p>\n   <p class=\"indent\">(2) The current and emerging artificial intelligence technologies that have the potential to improve mental health diagnosis, treatment, monitoring, and care. The evaluation shall include artificial-intelligence-driven therapeutic tools, virtual assistants, diagnostics, and predictive models.</p>\n   <p class=\"indent\">(3) The potential risks associated with artificial intelligence to mental health, including reliance on automated systems, privacy concerns, or unintended consequences on mental health treatment.</p>\n   <p class=\"indent\">(b) The working group shall consist of all of the following participants:</p>\n   <p class=\"indent\">(1) Four appointees who are mental health professionals.</p>\n   <p class=\"indent\">(2) Three appointees who are artificial intelligence and technology experts.</p>\n   <p class=\"indent\">(3) Two appointees with a background in patient advocacy.</p>\n   <p class=\"indent\">(4) Two appointees who are experts in ethics and law.</p>\n   <p class=\"indent\">(5) One appointee representing a public health agency.</p>\n   <p class=\"indent\">(6) The State Chief Information Officer, or their designee.</p>\n   <p class=\"indent\">(7) The Director of Health Care Services, or their designee.</p>\n   <p class=\"indent\">(8) The chief information officers of three other state agencies, departments, or commissions.</p>\n   <p class=\"indent\">(9) One Member of the Senate, appointed by the Senate Committee on Rules, and one Member of the Assembly, appointed by the Speaker of the Assembly.</p>\n   <p class=\"indent\">(c) (1) The working group shall take input from a broad range of stakeholders with a diverse range of interests affected by state policies governing emerging technologies, privacy, business, the courts, the legal community, and state government.</p>\n   <p class=\"indent\">(2) This input shall come from groups, including, but not limited to, health organizations, academic institutions, technology companies, and advocacy groups.</p>\n   <p class=\"indent\">(d) (1) On or before July 1, 2028, the working group shall report to the Legislature on the potential uses, risks, and benefits of the use of artificial intelligence technology in mental health treatment by state government and California-based businesses.</p>\n   <p class=\"indent\">(2) This report shall include best practices and recommendations for policy around facilitating the beneficial uses and mitigating the potential risks surrounding artificial intelligence in mental health treatment.</p>\n   <p class=\"indent\">(3) The report shall include a framework for developing training for mental health professionals to enhance their understanding of artificial intelligence tools and how to incorporate them into their practice effectively.</p>\n   <p class=\"indent\">(4) A report submitted pursuant to this subdivision shall be submitted in compliance with Section 9795.</p>\n   <p class=\"indent\">(e) The members of the working group shall serve without compensation, but shall be reimbursed for all necessary expenses actually incurred in the performance of their duties.</p>\n  </div>\n </div>\n    </div>\t\n<table cellpadding=0 cellspacing=0 width=\"100%\">\n   <tr>\n      <td>\n          Copyright &copy; 2025 State Net\n      </td>\n<BR>\n<!--???MOVED INTO resources.cgi      <td align=\"right\">\n          <img src=\"https://custom.statenet.com/network/poweredby.gif\" alt=\"Powered by State Net\">\n      </td>-->\n\n    </tr>\n</table>\n</body></html>\n",
      "markdown": "The following has special meaning: _green underline denotes added text_ ~~red struck out text denotes deleted text~~ | [![Powered by State Net](https://custom.statenet.com/network/poweredby.gif)](https://www.lexisnexis.com/statenet/)  \n---|---  \n  \n2025 CA S 579 | | Author: | Padilla  \n---|---  \nVersion: | Introduced  \nVersion Date: | 02/20/2025  \n  \nCALIFORNIA LEGISLATURE--2025-2026 REGULAR SESSION\n\n**Senate Bill**\n\n**No. 579**\n\n**Introduced by** Senator Padilla\n\nFebruary 20, 2025\n\nAn act to add Section 12817 to the Government Code, relating to artificial\nintelligence.\n\nLEGISLATIVE COUNSEL'S DIGEST\n\nSB 579, as introduced, Padilla. Mental health and artificial intelligence\nworking group.\n\nExisting law establishes the Government Operations Agency, which consists of\nseveral state entities, including, but not limited to, the State Personnel\nBoard, the Department of General Services, and the Office of Administrative\nLaw. Under existing law, the Government Operations Agency is under the\ndirection of an executive officer known as the Secretary of Government\nOperations, who is appointed by, and holds office at the pleasure of, the\nGovernor, subject to confirmation by the Senate.\n\nThis bill would require the secretary, by July 1, 2026, to appoint a mental\nhealth and artificial intelligence working group, as specified, that would\nevaluate certain issues to determine the role of artificial intelligence in\nmental health settings. The bill would require the working group to take input\nfrom various stakeholder groups, including health organizations and academic\ninstitutions. The bill would require the working group to produce a report of\nits findings to the Legislature by July 1, 2028.\n\nVote Required: MAJORITY Appropriation: NO Fiscal Committee: YES Local Program:\nNO Immediate Effect NO Urgency: NO Tax Levy: NO Election: NO Usual Current\nExpenses: NO Budget Bill: NO Prop 25 Trailer Bill: NO\n\nThe people of the State of California do enact as follows:\n\nSECTION 1. Section 12817 is added to the Government Code, to read:\n\n12817\\. (a) The Secretary of Government Operations shall appoint a mental\nhealth and artificial intelligence working group and designate the chairperson\nof that group on or before July 1, 2026, to evaluate all of the following:\n\n(1) The role of artificial intelligence in improving mental health outcomes,\nensuring ethical standards, promoting innovation, and addressing concerns\nregarding artificial intelligence in mental health settings.\n\n(2) The current and emerging artificial intelligence technologies that have\nthe potential to improve mental health diagnosis, treatment, monitoring, and\ncare. The evaluation shall include artificial-intelligence-driven therapeutic\ntools, virtual assistants, diagnostics, and predictive models.\n\n(3) The potential risks associated with artificial intelligence to mental\nhealth, including reliance on automated systems, privacy concerns, or\nunintended consequences on mental health treatment.\n\n(b) The working group shall consist of all of the following participants:\n\n(1) Four appointees who are mental health professionals.\n\n(2) Three appointees who are artificial intelligence and technology experts.\n\n(3) Two appointees with a background in patient advocacy.\n\n(4) Two appointees who are experts in ethics and law.\n\n(5) One appointee representing a public health agency.\n\n(6) The State Chief Information Officer, or their designee.\n\n(7) The Director of Health Care Services, or their designee.\n\n(8) The chief information officers of three other state agencies, departments,\nor commissions.\n\n(9) One Member of the Senate, appointed by the Senate Committee on Rules, and\none Member of the Assembly, appointed by the Speaker of the Assembly.\n\n(c) (1) The working group shall take input from a broad range of stakeholders\nwith a diverse range of interests affected by state policies governing\nemerging technologies, privacy, business, the courts, the legal community, and\nstate government.\n\n(2) This input shall come from groups, including, but not limited to, health\norganizations, academic institutions, technology companies, and advocacy\ngroups.\n\n(d) (1) On or before July 1, 2028, the working group shall report to the\nLegislature on the potential uses, risks, and benefits of the use of\nartificial intelligence technology in mental health treatment by state\ngovernment and California-based businesses.\n\n(2) This report shall include best practices and recommendations for policy\naround facilitating the beneficial uses and mitigating the potential risks\nsurrounding artificial intelligence in mental health treatment.\n\n(3) The report shall include a framework for developing training for mental\nhealth professionals to enhance their understanding of artificial intelligence\ntools and how to incorporate them into their practice effectively.\n\n(4) A report submitted pursuant to this subdivision shall be submitted in\ncompliance with Section 9795.\n\n(e) The members of the working group shall serve without compensation, but\nshall be reimbursed for all necessary expenses actually incurred in the\nperformance of their duties.\n\nCopyright (C) 2025 State Net  \n  \n---\n\n",
      "latest_version": false
    },
    {
      "date": "03/26/2025",
      "label": "Amended",
      "url": "https://custom.statenet.com/public/resources.cgi?mode=show_text&id=ID:bill:CA2025000S579&verid=CA2025000S579_20250326_0_A&",
      "raw_html": "<html>\n<head>\n<title>Bill Resource</title>\n\n<!--   <link href=\"https://custom.statenet.com/network/Common/css/extregtext.css\" rel=\"stylesheet\" type=\"text/css\" />-->\n   <link href=\"https://custom.statenet.com/network/Common/css/xmltext-2.0.css\" rel=\"stylesheet\" type=\"text/css\" />\n   <link href=\"https://custom.statenet.com/network/Common/css/additional-text.css\" rel=\"stylesheet\" type=\"text/css\" />\n\n\t<style type=\"text/css\">\n<!--\n\ntd, body {\n     background-color: white;\n\tfont-family: Verdana, Arial, Helvetica, sans-serif;\n\tfont-size: 12px;\n}\n\n.resourceContainer {\n   border: 1px solid black;\n}\n-->\n</style>\n</head>\n<body>\n\n    <div style=\"width: 750px; margin: auto\">\n       <div style=\"font-size: .8em;margin-bottom: 10px\"><table width=\"100%\"><tr><td align=\"left\" style=\"font-size: .8em;\"><div>The following has special meaning:</div>\n<div><u class=\"amendmentInsertedText\">green underline denotes added text</u></div>\n<div><strike class=\"amendmentDeletedText\">red struck out text denotes deleted text</strike></div></td> <td align=\"right\"><a href=\"https://www.lexisnexis.com/statenet/\"><img alt=\"Powered by State Net\" src=\"https://custom.statenet.com/network/poweredby.gif\" /></a></td></tr></table></div><table id=\"text-identifier\"><tr><td class=\"key\">2025 CA S 579</td> <td><table><tr><td class=\"label\">Author:</td> <td>Padilla</td></tr> <tr><td class=\"label\">Version:</td> <td>Amended</td></tr> <tr><td class=\"label\">Version Date:</td> <td>03/26/2025</td></tr></table></td></tr></table><div class=\"documentBody\">\n  <a name=\"head_document_section\"></a><div class=\"head\">\n   <p class=\"center\"> AMENDED IN SENATE March 26, 2025 </p>\n   <p class=\"center\">CALIFORNIA LEGISLATURE--2025-2026 REGULAR SESSION</p>\n   <p class=\"left\">\n    <b> Senate Bill </b>\n   </p>\n   <p class=\"right\">\n    <b> No. 579 </b>\n   </p>\n   <p class=\"center\">\n    <b>Introduced by</b> Senator Padilla</p>\n   <p class=\"center\"> February 20, 2025 </p>\n  </div>\n  <a name=\"code_document_section\"></a><div class=\"code\">\n   <p class=\"center\">An act to add<u class=\"amendmentInsertedText\"> and repeal</u> Section 12817 to the Government Code, relating to artificial intelligence.</p>\n  </div>\n  <a name=\"digest_document_section\"></a><div class=\"digest\">\n   <p class=\"center\">LEGISLATIVE COUNSEL&#39;S DIGEST</p>\n   <p class=\"center\">SB 579, as amended, Padilla. Mental health and artificial intelligence working group.</p>\n   <p class=\"indent\">Existing law establishes the Government Operations Agency, which consists of several state entities, including,<strike class=\"amendmentDeletedText\"> but not limited to,</strike>\n    <u class=\"amendmentInsertedText\"> among others,</u> the State Personnel Board, the Department of General Services, and the Office of Administrative Law. Under existing law, the Government Operations Agency is under the direction of an executive officer known as the Secretary of Government Operations, who is appointed by, and holds office at the pleasure of, the Governor, subject to confirmation by the Senate.</p>\n   <p class=\"indent\">This bill would require the secretary, by July 1, 2026, to appoint a mental health and artificial intelligence working group, as specified, that would evaluate certain issues to determine the role of artificial intelligence in mental health settings. The bill would require the working group to take input from various stakeholder groups, including health organizations and academic<strike class=\"amendmentDeletedText\"> institutions.</strike>\n    <u class=\"amendmentInsertedText\"> institutions, and conduct at least 3 public meetings.</u> The bill would require the working group to produce a report of its findings to the Legislature by July 1,<strike class=\"amendmentDeletedText\"> 2028.</strike>\n    <u class=\"amendmentInsertedText\"> 2028, and issue a followup report by January 1, 2030, as specified. The bill would repeal its provisions on July 1, 2031.</u>\n   </p>\n   <p class=\"indent\"> Vote Required: MAJORITY Appropriation: NO Fiscal Committee: YES Local Program: NO Immediate Effect NO Urgency: NO Tax Levy: NO Election: NO Usual Current Expenses: NO Budget Bill: NO Prop 25 Trailer Bill: NO </p>\n  </div>\n  <a name=\"text_document_section\"></a><div class=\"text\">\n   <span>\n    <p class=\"indent\">The people of the State of California do enact as follows:</p>\n   </span>\n   <p class=\"indent\">SECTION 1. Section 12817 is added to the Government Code, to read:</p>\n   <p class=\"indent\">12817. (a) The Secretary of Government Operations shall appoint a mental health and artificial intelligence working group and designate the chairperson of that group on or before July 1, 2026, to evaluate all of the following:</p>\n   <p class=\"indent\">(1) The role of artificial intelligence in improving mental health outcomes, ensuring ethical standards, promoting innovation, and addressing concerns regarding artificial intelligence in mental health settings.</p>\n   <p class=\"indent\">(2) The current and emerging artificial intelligence technologies that have the potential to improve mental health diagnosis, treatment, monitoring, and care. The evaluation shall include artificial-intelligence-driven therapeutic tools, virtual assistants, diagnostics, and predictive models.</p>\n   <p class=\"indent\">(3) The potential risks associated with artificial intelligence to mental health, including<strike class=\"amendmentDeletedText\"> reliance on</strike> automated systems, privacy concerns, or unintended<strike class=\"amendmentDeletedText\"> consequences on mental health treatment.</strike>\n    <u class=\"amendmentInsertedText\"> consequences, and artificial intelligence chatbots, and other artificial intelligence intended to promote mental health or impersonate a mental health professional.</u>\n   </p>\n   <p class=\"indent\">(b) The working group shall consist of all of the following participants:</p>\n   <p class=\"indent\">(1) Four appointees who are<strike class=\"amendmentDeletedText\"> mental health professionals.</strike>\n    <u class=\"amendmentInsertedText\"> behavioral health professionals selected in consultation with mental health provider professional organizations, at least one of whom works in specialty mental health services serving individuals with serious mental illness, serious emotional disturbance, or substance abuse disorder.</u>\n   </p>\n   <p class=\"indent\">(2) Three appointees who are artificial intelligence and technology experts.</p>\n   <p class=\"indent\">(3) Two appointees with a background in patient advocacy.</p>\n   <p class=\"indent\">(4) Two appointees who are experts in ethics and law.</p>\n   <p class=\"indent\">(5) One appointee representing a public health agency.</p>\n   <p class=\"indent\">(6) The State Chief Information Officer, or their designee.</p>\n   <p class=\"indent\">(7) The Director of Health Care Services, or their designee.</p>\n   <p class=\"indent\">(8) The chief information officers of three other state agencies, departments, or commissions.</p>\n   <p class=\"indent\">(9) One Member of the Senate, appointed by the Senate Committee on Rules, and one Member of the Assembly, appointed by the Speaker of the Assembly.</p>\n   <p class=\"indent\">(c) (1) The working group shall take input from a broad range of stakeholders with a diverse range of interests affected by state policies governing emerging technologies, privacy, business, the courts, the legal community, and state government.</p>\n   <p class=\"indent\">(2) This input shall come from groups, including, but not limited to, health organizations, academic institutions, technology companies, and advocacy groups.</p>\n   <p class=\"indent\">\n    <u class=\"amendmentInsertedText\">(3) (A) The working group shall conduct at least three public meetings to incorporate feedback from groups, including, but not limited to, health organizations, academic institutions, technology companies, and advocacy groups.</u>\n   </p>\n   <p class=\"indent\">\n    <u class=\"amendmentInsertedText\">(B) A public meeting held pursuant to subparagraph (A) may be held by teleconference, pursuant to the procedures required by Section 11123, for the benefit of the public and the working group.</u>\n   </p>\n   <p class=\"indent\">(d) (1) <u class=\"amendmentInsertedText\">(A) </u>On or before July 1, 2028, the working group shall report to the Legislature on the potential uses, risks, and benefits of the use of artificial intelligence technology in mental health treatment by state government and California-based businesses.</p>\n   <p class=\"indent\">\n    <strike class=\"amendmentDeletedText\">(2)</strike>\n   </p>\n   <p class=\"indent\">\n    <u class=\"amendmentInsertedText\">(B)</u> This report shall include best practices and recommendations for policy around facilitating the beneficial uses and mitigating the potential risks surrounding artificial intelligence in mental health treatment.</p>\n   <p class=\"indent\">\n    <strike class=\"amendmentDeletedText\">(3)</strike>\n   </p>\n   <p class=\"indent\">\n    <u class=\"amendmentInsertedText\">(C)</u> The report shall include a framework for developing training for mental health professionals to enhance their understanding of artificial intelligence tools and how to incorporate them into their practice effectively.</p>\n   <p class=\"indent\">\n    <u class=\"amendmentInsertedText\">(2) On or before January 1, 2030, the working group shall issue a followup report to the Legislature on the implementation of the working group&#39;s recommendations and the status of the framework for developing training for mental health professionals and how it has been incorporated into practice.</u>\n   </p>\n   <p class=\"indent\">\n    <strike class=\"amendmentDeletedText\">(4)</strike>\n   </p>\n   <p class=\"indent\">\n    <u class=\"amendmentInsertedText\">(3)</u> A report submitted pursuant to this subdivision shall be submitted in compliance with Section 9795.</p>\n   <p class=\"indent\">(e) The members of the working group shall serve without compensation, but shall be reimbursed for all necessary expenses actually incurred in the performance of their duties.</p>\n   <p class=\"indent\">\n    <u class=\"amendmentInsertedText\">(f) The working group is subject to the Bagley-Keene Open Meeting Act (Article 9 (commencing with Section 11120) of Chapter 1 of Part 1).</u>\n   </p>\n   <p class=\"indent\">\n    <u class=\"amendmentInsertedText\">(g) This section shall remain in effect only until January 1, 2031, and as of that date is repealed.</u>\n   </p>\n  </div>\n </div>\n    </div>\t\n<table cellpadding=0 cellspacing=0 width=\"100%\">\n   <tr>\n      <td>\n          Copyright &copy; 2025 State Net\n      </td>\n<BR>\n<!--???MOVED INTO resources.cgi      <td align=\"right\">\n          <img src=\"https://custom.statenet.com/network/poweredby.gif\" alt=\"Powered by State Net\">\n      </td>-->\n\n    </tr>\n</table>\n</body></html>\n",
      "markdown": "The following has special meaning: _green underline denotes added text_ ~~red struck out text denotes deleted text~~ | [![Powered by State Net](https://custom.statenet.com/network/poweredby.gif)](https://www.lexisnexis.com/statenet/)  \n---|---  \n  \n2025 CA S 579 | | Author: | Padilla  \n---|---  \nVersion: | Amended  \nVersion Date: | 03/26/2025  \n  \nAMENDED IN SENATE March 26, 2025\n\nCALIFORNIA LEGISLATURE--2025-2026 REGULAR SESSION\n\n**Senate Bill**\n\n**No. 579**\n\n**Introduced by** Senator Padilla\n\nFebruary 20, 2025\n\nAn act to add _and repeal_ Section 12817 to the Government Code, relating to\nartificial intelligence.\n\nLEGISLATIVE COUNSEL'S DIGEST\n\nSB 579, as amended, Padilla. Mental health and artificial intelligence working\ngroup.\n\nExisting law establishes the Government Operations Agency, which consists of\nseveral state entities, including,~~but not limited to,~~ _among others,_ the\nState Personnel Board, the Department of General Services, and the Office of\nAdministrative Law. Under existing law, the Government Operations Agency is\nunder the direction of an executive officer known as the Secretary of\nGovernment Operations, who is appointed by, and holds office at the pleasure\nof, the Governor, subject to confirmation by the Senate.\n\nThis bill would require the secretary, by July 1, 2026, to appoint a mental\nhealth and artificial intelligence working group, as specified, that would\nevaluate certain issues to determine the role of artificial intelligence in\nmental health settings. The bill would require the working group to take input\nfrom various stakeholder groups, including health organizations and\nacademic~~institutions.~~ _institutions, and conduct at least 3 public\nmeetings._ The bill would require the working group to produce a report of its\nfindings to the Legislature by July 1,~~2028.~~ _2028, and issue a followup\nreport by January 1, 2030, as specified. The bill would repeal its provisions\non July 1, 2031._\n\nVote Required: MAJORITY Appropriation: NO Fiscal Committee: YES Local Program:\nNO Immediate Effect NO Urgency: NO Tax Levy: NO Election: NO Usual Current\nExpenses: NO Budget Bill: NO Prop 25 Trailer Bill: NO\n\nThe people of the State of California do enact as follows:\n\nSECTION 1. Section 12817 is added to the Government Code, to read:\n\n12817\\. (a) The Secretary of Government Operations shall appoint a mental\nhealth and artificial intelligence working group and designate the chairperson\nof that group on or before July 1, 2026, to evaluate all of the following:\n\n(1) The role of artificial intelligence in improving mental health outcomes,\nensuring ethical standards, promoting innovation, and addressing concerns\nregarding artificial intelligence in mental health settings.\n\n(2) The current and emerging artificial intelligence technologies that have\nthe potential to improve mental health diagnosis, treatment, monitoring, and\ncare. The evaluation shall include artificial-intelligence-driven therapeutic\ntools, virtual assistants, diagnostics, and predictive models.\n\n(3) The potential risks associated with artificial intelligence to mental\nhealth, including~~reliance on~~ automated systems, privacy concerns, or\nunintended~~consequences on mental health treatment.~~ _consequences, and\nartificial intelligence chatbots, and other artificial intelligence intended\nto promote mental health or impersonate a mental health professional._\n\n(b) The working group shall consist of all of the following participants:\n\n(1) Four appointees who are~~mental health professionals.~~ _behavioral health\nprofessionals selected in consultation with mental health provider\nprofessional organizations, at least one of whom works in specialty mental\nhealth services serving individuals with serious mental illness, serious\nemotional disturbance, or substance abuse disorder._\n\n(2) Three appointees who are artificial intelligence and technology experts.\n\n(3) Two appointees with a background in patient advocacy.\n\n(4) Two appointees who are experts in ethics and law.\n\n(5) One appointee representing a public health agency.\n\n(6) The State Chief Information Officer, or their designee.\n\n(7) The Director of Health Care Services, or their designee.\n\n(8) The chief information officers of three other state agencies, departments,\nor commissions.\n\n(9) One Member of the Senate, appointed by the Senate Committee on Rules, and\none Member of the Assembly, appointed by the Speaker of the Assembly.\n\n(c) (1) The working group shall take input from a broad range of stakeholders\nwith a diverse range of interests affected by state policies governing\nemerging technologies, privacy, business, the courts, the legal community, and\nstate government.\n\n(2) This input shall come from groups, including, but not limited to, health\norganizations, academic institutions, technology companies, and advocacy\ngroups.\n\n_(3) (A) The working group shall conduct at least three public meetings to\nincorporate feedback from groups, including, but not limited to, health\norganizations, academic institutions, technology companies, and advocacy\ngroups._\n\n_(B) A public meeting held pursuant to subparagraph (A) may be held by\nteleconference, pursuant to the procedures required by Section 11123, for the\nbenefit of the public and the working group._\n\n(d) (1) _(A)_ On or before July 1, 2028, the working group shall report to the\nLegislature on the potential uses, risks, and benefits of the use of\nartificial intelligence technology in mental health treatment by state\ngovernment and California-based businesses.\n\n~~(2)~~\n\n_(B)_ This report shall include best practices and recommendations for policy\naround facilitating the beneficial uses and mitigating the potential risks\nsurrounding artificial intelligence in mental health treatment.\n\n~~(3)~~\n\n_(C)_ The report shall include a framework for developing training for mental\nhealth professionals to enhance their understanding of artificial intelligence\ntools and how to incorporate them into their practice effectively.\n\n_(2) On or before January 1, 2030, the working group shall issue a followup\nreport to the Legislature on the implementation of the working group 's\nrecommendations and the status of the framework for developing training for\nmental health professionals and how it has been incorporated into practice._\n\n~~(4)~~\n\n_(3)_ A report submitted pursuant to this subdivision shall be submitted in\ncompliance with Section 9795.\n\n(e) The members of the working group shall serve without compensation, but\nshall be reimbursed for all necessary expenses actually incurred in the\nperformance of their duties.\n\n_(f) The working group is subject to the Bagley-Keene Open Meeting Act\n(Article 9 (commencing with Section 11120) of Chapter 1 of Part 1)._\n\n_(g) This section shall remain in effect only until January 1, 2031, and as of\nthat date is repealed._\n\nCopyright (C) 2025 State Net  \n  \n---\n\n",
      "latest_version": true
    }
  ]
}