{
  "bill_id": "CA2025000S430",
  "source_url": "http://custom.statenet.com/public/resources.cgi?id=ID:bill:CA2025000S430&cuiq=93d84396-c63b-526a-b152-38b7f79b4cfd&client_md=e4f6fea4-27b4-5d41-b7d3-766fe52569f0",
  "versions": [
    {
      "date": "02/18/2025",
      "label": "Introduced",
      "url": "https://custom.statenet.com/public/resources.cgi?mode=show_text&id=ID:bill:CA2025000S430&verid=CA2025000S430_20250218_0_I&",
      "raw_html": "<html>\n<head>\n<title>Bill Resource</title>\n\n<!--   <link href=\"https://custom.statenet.com/network/Common/css/extregtext.css\" rel=\"stylesheet\" type=\"text/css\" />-->\n   <link href=\"https://custom.statenet.com/network/Common/css/xmltext-2.0.css\" rel=\"stylesheet\" type=\"text/css\" />\n   <link href=\"https://custom.statenet.com/network/Common/css/additional-text.css\" rel=\"stylesheet\" type=\"text/css\" />\n\n\t<style type=\"text/css\">\n<!--\n\ntd, body {\n     background-color: white;\n\tfont-family: Verdana, Arial, Helvetica, sans-serif;\n\tfont-size: 12px;\n}\n\n.resourceContainer {\n   border: 1px solid black;\n}\n-->\n</style>\n</head>\n<body>\n\n    <div style=\"width: 750px; margin: auto\">\n       <div style=\"font-size: .8em;margin-bottom: 10px\"><table width=\"100%\"><tr><td align=\"left\" style=\"font-size: .8em;\"><div>The following has special meaning:</div>\n<div><u class=\"amendmentInsertedText\">green underline denotes added text</u></div>\n<div><strike class=\"amendmentDeletedText\">red struck out text denotes deleted text</strike></div></td> <td align=\"right\"><a href=\"https://www.lexisnexis.com/statenet/\"><img alt=\"Powered by State Net\" src=\"https://custom.statenet.com/network/poweredby.gif\" /></a></td></tr></table></div><table id=\"text-identifier\"><tr><td class=\"key\">2025 CA S 430</td> <td><table><tr><td class=\"label\">Author:</td> <td>Cabaldon</td></tr> <tr><td class=\"label\">Version:</td> <td>Introduced</td></tr> <tr><td class=\"label\">Version Date:</td> <td>02/18/2025</td></tr></table></td></tr></table><div class=\"documentBody\">\n  <a name=\"head_document_section\"></a><div class=\"head\">\n   <p class=\"center\">CALIFORNIA LEGISLATURE--2025-2026 REGULAR SESSION</p>\n   <p class=\"left\">\n    <b> Senate Bill </b>\n   </p>\n   <p class=\"right\">\n    <b> No. 430 </b>\n   </p>\n   <p class=\"center\">\n    <b>Introduced by</b> Senator Cabaldon</p>\n   <p class=\"center\"> February 18, 2025 </p>\n  </div>\n  <a name=\"code_document_section\"></a><div class=\"code\">\n   <p class=\"center\"> An act relating to state government. </p>\n  </div>\n  <a name=\"digest_document_section\"></a><div class=\"digest\">\n   <p class=\"center\">LEGISLATIVE COUNSEL&#39;S DIGEST</p>\n   <p class=\"center\">SB 430, as introduced, Cabaldon. State government: efficiency of public sector workers.</p>\n   <p class=\"indent\">Existing law establishes the Milton Marks &quot;Little Hoover&quot; Commission on California State Government Organization and Economy (Little Hoover Commission) to promote economy, efficiency, and improved service in the transaction of the public business in the various departments, agencies, and instrumentalities of the executive branch of state government, and in making the operation of all state departments, agencies, and instrumentalities, and all expenditures of public funds, more directly responsive to the wishes of the people as expressed by their elected representatives. </p>\n   <p class=\"indent\">This bill would state the intent of the Legislature to enact legislation that would lessen the time, effort, money, and programmatic expertise of local public sector workers in compliance with state reporting and permit processing, as specified.</p>\n   <p class=\"indent\"> Vote Required: MAJORITY Appropriation: NO Fiscal Committee: NO Local Program: NO Immediate Effect NO Urgency: NO Tax Levy: NO Election: NO Usual Current Expenses: NO Budget Bill: NO Prop 25 Trailer Bill: NO </p>\n  </div>\n  <a name=\"text_document_section\"></a><div class=\"text\">\n   <span>\n    <p class=\"indent\">The people of the State of California do enact as follows:</p>\n   </span>\n   <p class=\"indent\">SECTION 1. (a) It is the intent of the Legislature to enact legislation that would lessen the time, effort, money, and programmatic expertise of local public sector workers in compliance with state reporting and permit processing.</p>\n   <p class=\"indent\">(b) It is the intent of the Legislature that the legislation described in subdivision (a) would do both of the following:</p>\n   <p class=\"indent\">(1) Emphasize systematic, rather than one-off, burden-reduction initiatives, using machine learning tools to capture and analyze data, and to deploy methods of nonlinear processing of nondiscretionary permits.</p>\n   <p class=\"indent\">(2) Require workers and end-users to participate fully in technological deployment to support responsible and effective implementation.</p>\n  </div>\n </div>\n    </div>\t\n<table cellpadding=0 cellspacing=0 width=\"100%\">\n   <tr>\n      <td>\n          Copyright &copy; 2025 State Net\n      </td>\n<BR>\n<!--???MOVED INTO resources.cgi      <td align=\"right\">\n          <img src=\"https://custom.statenet.com/network/poweredby.gif\" alt=\"Powered by State Net\">\n      </td>-->\n\n    </tr>\n</table>\n</body></html>\n",
      "markdown": "The following has special meaning: _green underline denotes added text_ ~~red struck out text denotes deleted text~~ | [![Powered by State Net](https://custom.statenet.com/network/poweredby.gif)](https://www.lexisnexis.com/statenet/)  \n---|---  \n  \n2025 CA S 430 | | Author: | Cabaldon  \n---|---  \nVersion: | Introduced  \nVersion Date: | 02/18/2025  \n  \nCALIFORNIA LEGISLATURE--2025-2026 REGULAR SESSION\n\n**Senate Bill**\n\n**No. 430**\n\n**Introduced by** Senator Cabaldon\n\nFebruary 18, 2025\n\nAn act relating to state government.\n\nLEGISLATIVE COUNSEL'S DIGEST\n\nSB 430, as introduced, Cabaldon. State government: efficiency of public sector\nworkers.\n\nExisting law establishes the Milton Marks \"Little Hoover\" Commission on\nCalifornia State Government Organization and Economy (Little Hoover\nCommission) to promote economy, efficiency, and improved service in the\ntransaction of the public business in the various departments, agencies, and\ninstrumentalities of the executive branch of state government, and in making\nthe operation of all state departments, agencies, and instrumentalities, and\nall expenditures of public funds, more directly responsive to the wishes of\nthe people as expressed by their elected representatives.\n\nThis bill would state the intent of the Legislature to enact legislation that\nwould lessen the time, effort, money, and programmatic expertise of local\npublic sector workers in compliance with state reporting and permit\nprocessing, as specified.\n\nVote Required: MAJORITY Appropriation: NO Fiscal Committee: NO Local Program:\nNO Immediate Effect NO Urgency: NO Tax Levy: NO Election: NO Usual Current\nExpenses: NO Budget Bill: NO Prop 25 Trailer Bill: NO\n\nThe people of the State of California do enact as follows:\n\nSECTION 1. (a) It is the intent of the Legislature to enact legislation that\nwould lessen the time, effort, money, and programmatic expertise of local\npublic sector workers in compliance with state reporting and permit\nprocessing.\n\n(b) It is the intent of the Legislature that the legislation described in\nsubdivision (a) would do both of the following:\n\n(1) Emphasize systematic, rather than one-off, burden-reduction initiatives,\nusing machine learning tools to capture and analyze data, and to deploy\nmethods of nonlinear processing of nondiscretionary permits.\n\n(2) Require workers and end-users to participate fully in technological\ndeployment to support responsible and effective implementation.\n\nCopyright (C) 2025 State Net  \n  \n---\n\n",
      "latest_version": true
    }
  ]
}