{
  "bill_id": "CT2025000H7209",
  "source_url": "http://custom.statenet.com/public/resources.cgi?id=ID:bill:CT2025000H7209&cuiq=93d84396-c63b-526a-b152-38b7f79b4cfd&client_md=e4f6fea4-27b4-5d41-b7d3-766fe52569f0",
  "versions": [
    {
      "date": "03/10/2025",
      "label": "Introduced",
      "url": "https://custom.statenet.com/public/resources.cgi?mode=show_text&id=ID:bill:CT2025000H7209&verid=CT2025000H7209_20250310_0_I&",
      "raw_html": "<html>\n<head>\n<title>Bill Resource</title>\n\n<!--   <link href=\"https://custom.statenet.com/network/Common/css/extregtext.css\" rel=\"stylesheet\" type=\"text/css\" />-->\n   <link href=\"https://custom.statenet.com/network/Common/css/xmltext-2.0.css\" rel=\"stylesheet\" type=\"text/css\" />\n   <link href=\"https://custom.statenet.com/network/Common/css/additional-text.css\" rel=\"stylesheet\" type=\"text/css\" />\n\n\t<style type=\"text/css\">\n<!--\n\ntd, body {\n     background-color: white;\n\tfont-family: Verdana, Arial, Helvetica, sans-serif;\n\tfont-size: 12px;\n}\n\n.resourceContainer {\n   border: 1px solid black;\n}\n-->\n</style>\n</head>\n<body>\n\n    <div style=\"width: 750px; margin: auto\">\n       <div style=\"font-size: .8em;margin-bottom: 10px\"><table width=\"100%\"><tr><td align=\"left\" style=\"font-size: .8em;\"><div>The following has special meaning:</div>\n<div><u class=\"amendmentInsertedText\">green underline denotes added text</u></div>\n<div><strike class=\"amendmentDeletedText\">red struck out text denotes deleted text</strike></div></td> <td align=\"right\"><a href=\"https://www.lexisnexis.com/statenet/\"><img alt=\"Powered by State Net\" src=\"https://custom.statenet.com/network/poweredby.gif\" /></a></td></tr></table></div><table id=\"text-identifier\"><tr><td class=\"key\">2025 CT H 7209</td> <td><table><tr><td class=\"label\">Author:</td> <td>Joint Committee on Judiciary</td></tr> <tr><td class=\"label\">Version:</td> <td>Introduced</td></tr> <tr><td class=\"label\">Version Date:</td> <td>03/10/2025</td></tr></table></td></tr></table><div class=\"documentBody\">\n  <a name=\"head_document_section\"></a><div class=\"head\">\n   <p class=\"center\">\n    <b>STATE OF CONNECTICUT</b>\n   </p>\n   <p class=\"center\">General Assembly</p>\n   <p class=\"center\">\n    <b>Raised Bill No. 7209</b>\n   </p>\n   <p class=\"center\">\n    <b>January Session, 2025</b>\n   </p>\n   <p class=\"center\">LCO No. <b>6040</b>\n   </p>\n   <p class=\"center\">Referred to Committee on JUDICIARY</p>\n   <p class=\"center\">Introduced by:</p>\n   <p class=\"center\">(JUD) </p>\n  </div>\n  <a name=\"title_document_section\"></a><div class=\"title\">\n   <p class=\"indent\">AN ACT CONCERNING LEGAL PROCEEDINGS INVOLVING HOUSING MATTERS AND THE IMPERMISSIBLE USE OF PRICING ALGORITHMS AND COMPETITORS&#39; SENSITIVE DATA TO SET RENTAL PRICES.</p>\n  </div>\n  <a name=\"text_document_section\"></a><div class=\"text\">\n   <span>\n    <p class=\"indent\">Be it enacted by the Senate and House of Representatives in General Assembly convened:</p>\n   </span>\n   <p class=\"indent\">Section 1. Section 3-129g of the general statutes is repealed and the following is substituted in lieu thereof (Effective October 1, 2025):</p>\n   <p class=\"indent\">(a) The Attorney General may investigate, intervene in or bring a civil or administrative action in the name of the state, seeking injunctive or declaratory relief, damages, and any other relief that may be available under law, whenever any person is or has engaged in a practice or pattern of conduct that:</p>\n   <p class=\"indent\">(1) Subjects, or causes to be subjected, other persons to the deprivation of any rights, privileges or immunities secured by the constitutions or laws of this state or the United States; or</p>\n   <p class=\"indent\">(2) Interferes, or attempts to interfere, by threats, intimidation or coercion, with the exercise or enjoyment by other persons of any rights, privileges or immunities secured by the constitutions or laws of this state or the United States.</p>\n   <p class=\"indent\">(b) In conducting any investigation under this section, the Attorney General may issue subpoenas and interrogatories, and otherwise gather information, in the same manner and to the same extent as is provided in section 35-42. No information obtained pursuant to the provisions of this subsection may be used in a criminal proceeding.</p>\n   <p class=\"indent\">(c) If the Attorney General prevails in a civil action brought pursuant to this section, the court shall order the distribution of any award of damages to the injured person. In a matter involving the interference or attempted interference with any right protected by the constitutions of this state or the United States, the court may also award civil penalties against each defendant in an amount not exceeding two thousand five hundred dollars for each violation, provided such violation has been established by clear and convincing evidence. Any civil penalty that is received pursuant to this subsection shall be deposited in the General Fund.</p>\n   <p class=\"indent\">(d) In lieu of bringing a civil action under this section, the Attorney General may accept an assurance of the discontinuance of any allegedly unlawful or unconstitutional practice from any person engaged in such practice. Thereafter, any evidence of a violation of such assurance shall constitute prima facie proof of violation of the applicable law or right in any action commenced by the Attorney General.</p>\n   <p class=\"indent\">(e) Nothing in this section shall limit the right of a person adversely affected by a violation of chapter 814c to file a complaint with the Commission on Human Rights and Opportunities.</p>\n   <p class=\"indent\">(f) Nothing in this section shall limit the jurisdiction of the Commission on Human Rights and Opportunities under chapter 814c.</p>\n   <p class=\"indent\">(g) The Attorney General shall not bring an action under the provisions of this section during the pendency of a matter involving the same parties and the same alleged facts and circumstances before the Commission on Human Rights and Opportunities.</p>\n   <p class=\"indent\">(h) Nothing in this section shall permit the Attorney General to bring an action that would otherwise be barred under the applicable statute of limitations or repose.</p>\n   <p class=\"indent\">(i) The Attorney General shall post on the Attorney General&#39;s Internet web site information on how to properly file a complaint with the Commission on Human Rights and Opportunities. The Attorney General may, as appropriate, refer cases to the Commission on Human Rights and Opportunities.</p>\n   <p class=\"indent\">(j) Nothing in this section shall permit the Attorney General to assert any claim against a state agency or a state officer or state employee in such officer&#39;s or employee&#39;s official capacity, regarding actions or omissions of such state agency, state officer or state employee. If the Attorney General determines that a state officer or state employee is not entitled to indemnification under section 5-141d, the Attorney General may, as relates to such officer or employee, take any action authorized under this section.</p>\n   <p class=\"indent\">\n    <u class=\"amendmentInsertedText\">(k) With regard to any action brought pursuant to this section against a person for a pattern or practice of conduct in violation of section 46a-64, 46a-64c, 46a-81d or 46a-81e, or, as a result of an investigation conducted pursuant to this section, of a potential violation of section 46a-64, 46a-64c, 46a-81d or 46a-81e, the Attorney General may petition the superior court for the judicial district in which the violation or alleged violation occurred for any relief available under section 46a-89.</u>\n   </p>\n   <p class=\"indent\">Sec. 2. Subsection (g) of section 8-30g of the general statutes is repealed and the following is substituted in lieu thereof (Effective October 1, 2025):</p>\n   <p class=\"indent\">(g) Upon an appeal taken under subsection (f) of this section, the burden shall be on the commission to prove, based upon the evidence in the record compiled before such commission, that the decision from which such appeal is taken and the reasons cited for such decision are supported by sufficient evidence in the record. The commission shall also have the burden to prove, based upon the evidence in the record compiled before such commission, that (1) (A) the decision is necessary to protect substantial public interests in health, safety or other matters which the commission may legally consider; (B) such public interests clearly outweigh the need for affordable housing; and (C) such public interests cannot be protected by reasonable changes to the affordable housing development, or (2) (A) the application which was the subject of the decision from which such appeal was taken would locate affordable housing in an area which is zoned for industrial use and which does not permit residential uses; and (B) the development is not assisted housing. If the commission does not satisfy its burden of proof under this subsection, the court shall wholly or partly revise, modify, remand or reverse the decision from which the appeal was taken in a manner consistent with the evidence in the record before it. <u class=\"amendmentInsertedText\">In addition, if the court finds, after a hearing, that the commission&#39;s decision denying an affordable housing application or approving such application with restrictions which have a substantial adverse impact on the viability of the affordable housing development or the degree of affordability of the affordable dwelling units in a set-aside development was made in bad faith or to cause undue delay, the court may award reasonable attorney&#39;s fees to the person who filed the appeal under subsection (f) of this section.</u>\n   </p>\n   <p class=\"indent\">Sec. 3. (NEW) (Effective October 1, 2025) (a) As used in this section:</p>\n   <p class=\"indent\">(1) &quot;Algorithmic device&quot; means a device commonly known as revenue management software that uses one or more algorithms to perform calculations of nonpublic competitor data concerning local or state-wide rents or occupancy levels, for the purpose of advising a landlord on (A) whether to leave a unit vacant; or (B) the amount of rent that the landlord may obtain for a unit. &quot;Algorithmic device&quot; includes a product that incorporates an algorithmic device, but does not include: (i) A report that publishes existing rental data in an aggregated manner but does not recommend rental rates or occupancy levels for future leases; or (ii) a product used for the purpose of establishing rent or income limits in accordance with the affordable housing program guidelines of a local, state or federal program.</p>\n   <p class=\"indent\">(2) &quot;Nonpublic competitor data&quot; means information that is not available to the general public, including information about actual rent amounts, occupancy rates, lease start and end dates and similar data, regardless of whether the information is (A) attributable to a specific competitor or anonymized, and (B) derived from or otherwise provided by another person that competes in the same or a related market.</p>\n   <p class=\"indent\">(b) It shall be an unlawful practice for any person to use an algorithmic device to set rental rates or occupancy levels for residential dwelling units.</p>\n   <p class=\"indent\">(c) Any violation of the provisions of this section shall be deemed an unfair or deceptive trade practice under subsection (a) of section 42-110b of the general statutes and subject to enforcement by the Commissioner of Consumer Protection and the Attorney General in accordance with the provisions of chapter 735a of the general statutes.</p>\n   <table>\n    <tr>\n     <td colspan=\"3\">This act shall take effect as follows and shall amend the following sections:<br/>\n     </td>\n    </tr>\n    <tr>\n     <td>Section 1</td>\n     <td>October 1, 2025</td>\n     <td>3-129g</td>\n    </tr>\n    <tr>\n     <td>Sec. 2</td>\n     <td>October 1, 2025</td>\n     <td>8-30g(g)</td>\n    </tr>\n    <tr>\n     <td>Sec. 3</td>\n     <td>October 1, 2025</td>\n     <td>New section</td>\n    </tr>\n   </table>\n   <p class=\"indent\">\n    <b>Statement of Purpose: </b>\n   </p>\n   <p class=\"indent\">To provide additional legal protections to persons who are negatively impacted by housing discrimination, improper denials of affordable housing applications and the use of unfair business practices when calculating rental prices for residential dwelling units.</p>\n  </div>\n </div>\n    </div>\t\n<table cellpadding=0 cellspacing=0 width=\"100%\">\n   <tr>\n      <td>\n          Copyright &copy; 2025 State Net\n      </td>\n<BR>\n<!--???MOVED INTO resources.cgi      <td align=\"right\">\n          <img src=\"https://custom.statenet.com/network/poweredby.gif\" alt=\"Powered by State Net\">\n      </td>-->\n\n    </tr>\n</table>\n</body></html>\n",
      "markdown": "The following has special meaning: _green underline denotes added text_ ~~red struck out text denotes deleted text~~ | [![Powered by State Net](https://custom.statenet.com/network/poweredby.gif)](https://www.lexisnexis.com/statenet/)  \n---|---  \n  \n2025 CT H 7209 | | Author: | Joint Committee on Judiciary  \n---|---  \nVersion: | Introduced  \nVersion Date: | 03/10/2025  \n  \n**STATE OF CONNECTICUT**\n\nGeneral Assembly\n\n**Raised Bill No. 7209**\n\n**January Session, 2025**\n\nLCO No. **6040**\n\nReferred to Committee on JUDICIARY\n\nIntroduced by:\n\n(JUD)\n\nAN ACT CONCERNING LEGAL PROCEEDINGS INVOLVING HOUSING MATTERS AND THE\nIMPERMISSIBLE USE OF PRICING ALGORITHMS AND COMPETITORS' SENSITIVE DATA TO SET\nRENTAL PRICES.\n\nBe it enacted by the Senate and House of Representatives in General Assembly\nconvened:\n\nSection 1. Section 3-129g of the general statutes is repealed and the\nfollowing is substituted in lieu thereof (Effective October 1, 2025):\n\n(a) The Attorney General may investigate, intervene in or bring a civil or\nadministrative action in the name of the state, seeking injunctive or\ndeclaratory relief, damages, and any other relief that may be available under\nlaw, whenever any person is or has engaged in a practice or pattern of conduct\nthat:\n\n(1) Subjects, or causes to be subjected, other persons to the deprivation of\nany rights, privileges or immunities secured by the constitutions or laws of\nthis state or the United States; or\n\n(2) Interferes, or attempts to interfere, by threats, intimidation or\ncoercion, with the exercise or enjoyment by other persons of any rights,\nprivileges or immunities secured by the constitutions or laws of this state or\nthe United States.\n\n(b) In conducting any investigation under this section, the Attorney General\nmay issue subpoenas and interrogatories, and otherwise gather information, in\nthe same manner and to the same extent as is provided in section 35-42. No\ninformation obtained pursuant to the provisions of this subsection may be used\nin a criminal proceeding.\n\n(c) If the Attorney General prevails in a civil action brought pursuant to\nthis section, the court shall order the distribution of any award of damages\nto the injured person. In a matter involving the interference or attempted\ninterference with any right protected by the constitutions of this state or\nthe United States, the court may also award civil penalties against each\ndefendant in an amount not exceeding two thousand five hundred dollars for\neach violation, provided such violation has been established by clear and\nconvincing evidence. Any civil penalty that is received pursuant to this\nsubsection shall be deposited in the General Fund.\n\n(d) In lieu of bringing a civil action under this section, the Attorney\nGeneral may accept an assurance of the discontinuance of any allegedly\nunlawful or unconstitutional practice from any person engaged in such\npractice. Thereafter, any evidence of a violation of such assurance shall\nconstitute prima facie proof of violation of the applicable law or right in\nany action commenced by the Attorney General.\n\n(e) Nothing in this section shall limit the right of a person adversely\naffected by a violation of chapter 814c to file a complaint with the\nCommission on Human Rights and Opportunities.\n\n(f) Nothing in this section shall limit the jurisdiction of the Commission on\nHuman Rights and Opportunities under chapter 814c.\n\n(g) The Attorney General shall not bring an action under the provisions of\nthis section during the pendency of a matter involving the same parties and\nthe same alleged facts and circumstances before the Commission on Human Rights\nand Opportunities.\n\n(h) Nothing in this section shall permit the Attorney General to bring an\naction that would otherwise be barred under the applicable statute of\nlimitations or repose.\n\n(i) The Attorney General shall post on the Attorney General's Internet web\nsite information on how to properly file a complaint with the Commission on\nHuman Rights and Opportunities. The Attorney General may, as appropriate,\nrefer cases to the Commission on Human Rights and Opportunities.\n\n(j) Nothing in this section shall permit the Attorney General to assert any\nclaim against a state agency or a state officer or state employee in such\nofficer's or employee's official capacity, regarding actions or omissions of\nsuch state agency, state officer or state employee. If the Attorney General\ndetermines that a state officer or state employee is not entitled to\nindemnification under section 5-141d, the Attorney General may, as relates to\nsuch officer or employee, take any action authorized under this section.\n\n_(k) With regard to any action brought pursuant to this section against a\nperson for a pattern or practice of conduct in violation of section 46a-64,\n46a-64c, 46a-81d or 46a-81e, or, as a result of an investigation conducted\npursuant to this section, of a potential violation of section 46a-64, 46a-64c,\n46a-81d or 46a-81e, the Attorney General may petition the superior court for\nthe judicial district in which the violation or alleged violation occurred for\nany relief available under section 46a-89._\n\nSec. 2. Subsection (g) of section 8-30g of the general statutes is repealed\nand the following is substituted in lieu thereof (Effective October 1, 2025):\n\n(g) Upon an appeal taken under subsection (f) of this section, the burden\nshall be on the commission to prove, based upon the evidence in the record\ncompiled before such commission, that the decision from which such appeal is\ntaken and the reasons cited for such decision are supported by sufficient\nevidence in the record. The commission shall also have the burden to prove,\nbased upon the evidence in the record compiled before such commission, that\n(1) (A) the decision is necessary to protect substantial public interests in\nhealth, safety or other matters which the commission may legally consider; (B)\nsuch public interests clearly outweigh the need for affordable housing; and\n(C) such public interests cannot be protected by reasonable changes to the\naffordable housing development, or (2) (A) the application which was the\nsubject of the decision from which such appeal was taken would locate\naffordable housing in an area which is zoned for industrial use and which does\nnot permit residential uses; and (B) the development is not assisted housing.\nIf the commission does not satisfy its burden of proof under this subsection,\nthe court shall wholly or partly revise, modify, remand or reverse the\ndecision from which the appeal was taken in a manner consistent with the\nevidence in the record before it. _In addition, if the court finds, after a\nhearing, that the commission 's decision denying an affordable housing\napplication or approving such application with restrictions which have a\nsubstantial adverse impact on the viability of the affordable housing\ndevelopment or the degree of affordability of the affordable dwelling units in\na set-aside development was made in bad faith or to cause undue delay, the\ncourt may award reasonable attorney's fees to the person who filed the appeal\nunder subsection (f) of this section._\n\nSec. 3. (NEW) (Effective October 1, 2025) (a) As used in this section:\n\n(1) \"Algorithmic device\" means a device commonly known as revenue management\nsoftware that uses one or more algorithms to perform calculations of nonpublic\ncompetitor data concerning local or state-wide rents or occupancy levels, for\nthe purpose of advising a landlord on (A) whether to leave a unit vacant; or\n(B) the amount of rent that the landlord may obtain for a unit. \"Algorithmic\ndevice\" includes a product that incorporates an algorithmic device, but does\nnot include: (i) A report that publishes existing rental data in an aggregated\nmanner but does not recommend rental rates or occupancy levels for future\nleases; or (ii) a product used for the purpose of establishing rent or income\nlimits in accordance with the affordable housing program guidelines of a\nlocal, state or federal program.\n\n(2) \"Nonpublic competitor data\" means information that is not available to the\ngeneral public, including information about actual rent amounts, occupancy\nrates, lease start and end dates and similar data, regardless of whether the\ninformation is (A) attributable to a specific competitor or anonymized, and\n(B) derived from or otherwise provided by another person that competes in the\nsame or a related market.\n\n(b) It shall be an unlawful practice for any person to use an algorithmic\ndevice to set rental rates or occupancy levels for residential dwelling units.\n\n(c) Any violation of the provisions of this section shall be deemed an unfair\nor deceptive trade practice under subsection (a) of section 42-110b of the\ngeneral statutes and subject to enforcement by the Commissioner of Consumer\nProtection and the Attorney General in accordance with the provisions of\nchapter 735a of the general statutes.\n\nThis act shall take effect as follows and shall amend the following sections:  \n  \n---  \nSection 1 | October 1, 2025 | 3-129g  \nSec. 2 | October 1, 2025 | 8-30g(g)  \nSec. 3 | October 1, 2025 | New section  \n  \n**Statement of Purpose:**\n\nTo provide additional legal protections to persons who are negatively impacted\nby housing discrimination, improper denials of affordable housing applications\nand the use of unfair business practices when calculating rental prices for\nresidential dwelling units.\n\nCopyright (C) 2025 State Net  \n  \n---\n\n",
      "latest_version": false
    },
    {
      "date": "04/23/2025",
      "label": "Reissued",
      "url": "https://custom.statenet.com/public/resources.cgi?mode=show_text&id=ID:bill:CT2025000H7209&verid=CT2025000H7209_20250423_0_RI&",
      "raw_html": "<html>\n<head>\n<title>Bill Resource</title>\n\n<!--   <link href=\"https://custom.statenet.com/network/Common/css/extregtext.css\" rel=\"stylesheet\" type=\"text/css\" />-->\n   <link href=\"https://custom.statenet.com/network/Common/css/xmltext-2.0.css\" rel=\"stylesheet\" type=\"text/css\" />\n   <link href=\"https://custom.statenet.com/network/Common/css/additional-text.css\" rel=\"stylesheet\" type=\"text/css\" />\n\n\t<style type=\"text/css\">\n<!--\n\ntd, body {\n     background-color: white;\n\tfont-family: Verdana, Arial, Helvetica, sans-serif;\n\tfont-size: 12px;\n}\n\n.resourceContainer {\n   border: 1px solid black;\n}\n-->\n</style>\n</head>\n<body>\n\n    <div style=\"width: 750px; margin: auto\">\n       <div style=\"font-size: .8em;margin-bottom: 10px\"><table width=\"100%\"><tr><td align=\"left\" style=\"font-size: .8em;\"><div>The following has special meaning:</div>\n<div><u class=\"amendmentInsertedText\">green underline denotes added text</u></div>\n<div><strike class=\"amendmentDeletedText\">red struck out text denotes deleted text</strike></div></td> <td align=\"right\"><a href=\"https://www.lexisnexis.com/statenet/\"><img alt=\"Powered by State Net\" src=\"https://custom.statenet.com/network/poweredby.gif\" /></a></td></tr></table></div><table id=\"text-identifier\"><tr><td class=\"key\">2025 CT H 7209</td> <td><table><tr><td class=\"label\">Author:</td> <td>Joint Committee on Judiciary</td></tr> <tr><td class=\"label\">Version:</td> <td>Reissued</td></tr> <tr><td class=\"label\">Version Date:</td> <td>04/23/2025</td></tr></table></td></tr></table><div class=\"documentBody\">\n  <a name=\"head_document_section\"></a><div class=\"head\">\n   <p class=\"center\">\n    <b>STATE OF CONNECTICUT</b>\n   </p>\n   <p class=\"center\">General Assembly</p>\n   <p class=\"center\">File No. 753</p>\n   <p class=\"center\">\n    <b>January Session, 2025</b>\n   </p>\n   <p class=\"center\">Substitute House Bill No. 7209</p>\n   <p class=\"center\">House of Representatives, April 23, 2025</p>\n   <p class=\"center\">The Committee on Judiciary reported through REP. STAFSTROM of the 129th Dist., Chairperson of the Committee on the part of the House, that the substitute bill ought to pass.</p>\n  </div>\n  <a name=\"title_document_section\"></a><div class=\"title\">\n   <p class=\"indent\">AN ACT CONCERNING LEGAL PROCEEDINGS INVOLVING HOUSING MATTERS AND THE IMPERMISSIBLE USE OF PRICING ALGORITHMS AND COMPETITORS&#39; SENSITIVE DATA TO SET RENTAL PRICES.</p>\n  </div>\n  <a name=\"text_document_section\"></a><div class=\"text\">\n   <span>\n    <p class=\"indent\">Be it enacted by the Senate and House of Representatives in General Assembly convened:</p>\n   </span>\n   <p class=\"indent\">Section 1. Section 3-129g of the general statutes is repealed and the following is substituted in lieu thereof (Effective October 1, 2025):</p>\n   <p class=\"indent\">(a) The Attorney General may investigate, intervene in or bring a civil or administrative action in the name of the state, seeking injunctive or declaratory relief, damages, and any other relief that may be available under law, whenever any person is or has engaged in a practice or pattern of conduct that:</p>\n   <p class=\"indent\">(1) Subjects, or causes to be subjected, other persons to the deprivation of any rights, privileges or immunities secured by the constitutions or laws of this state or the United States; or</p>\n   <p class=\"indent\">(2) Interferes, or attempts to interfere, by threats, intimidation or coercion, with the exercise or enjoyment by other persons of any rights, privileges or immunities secured by the constitutions or laws of this state or the United States.</p>\n   <p class=\"indent\">(b) In conducting any investigation under this section, the Attorney General may issue subpoenas and interrogatories, and otherwise gather information, in the same manner and to the same extent as is provided in section 35-42. No information obtained pursuant to the provisions of this subsection may be used in a criminal proceeding.</p>\n   <p class=\"indent\">(c) If the Attorney General prevails in a civil action brought pursuant to this section, the court shall order the distribution of any award of damages to the injured person. In a matter involving the interference or attempted interference with any right protected by the constitutions of this state or the United States, the court may also award civil penalties against each defendant in an amount not exceeding two thousand five hundred dollars for each violation, provided such violation has been established by clear and convincing evidence. Any civil penalty that is received pursuant to this subsection shall be deposited in the General Fund.</p>\n   <p class=\"indent\">(d) In lieu of bringing a civil action under this section, the Attorney General may accept an assurance of the discontinuance of any allegedly unlawful or unconstitutional practice from any person engaged in such practice. Thereafter, any evidence of a violation of such assurance shall constitute prima facie proof of violation of the applicable law or right in any action commenced by the Attorney General.</p>\n   <p class=\"indent\">(e) Nothing in this section shall limit the right of a person adversely affected by a violation of chapter 814c to file a complaint with the Commission on Human Rights and Opportunities.</p>\n   <p class=\"indent\">(f) Nothing in this section shall limit the jurisdiction of the Commission on Human Rights and Opportunities under chapter 814c.</p>\n   <p class=\"indent\">(g) The Attorney General shall not bring an action under the provisions of this section during the pendency of a matter involving the same parties and the same alleged facts and circumstances before the Commission on Human Rights and Opportunities.</p>\n   <p class=\"indent\">(h) Nothing in this section shall permit the Attorney General to bring an action that would otherwise be barred under the applicable statute of limitations or repose.</p>\n   <p class=\"indent\">(i) The Attorney General shall post on the Attorney General&#39;s Internet web site information on how to properly file a complaint with the Commission on Human Rights and Opportunities. The Attorney General may, as appropriate, refer cases to the Commission on Human Rights and Opportunities.</p>\n   <p class=\"indent\">(j) Nothing in this section shall permit the Attorney General to assert any claim against a state agency or a state officer or state employee in such officer&#39;s or employee&#39;s official capacity, regarding actions or omissions of such state agency, state officer or state employee. If the Attorney General determines that a state officer or state employee is not entitled to indemnification under section 5-141d, the Attorney General may, as relates to such officer or employee, take any action authorized under this section.</p>\n   <p class=\"indent\">\n    <u class=\"amendmentInsertedText\">(k) With regard to any action brought pursuant to this section against a person for a pattern or practice of conduct in violation of section 46a-64, 46a-64c, 46a-81d or 46a-81e, or, as a result of an investigation conducted pursuant to this section, of a potential violation of section 46a-64, 46a-64c, 46a-81d or 46a-81e, the Attorney General may petition the superior court for the judicial district in which the violation or alleged violation occurred for any relief available under section 46a-89.</u>\n   </p>\n   <p class=\"indent\">Sec. 2. Subsection (g) of section 8-30g of the general statutes is repealed and the following is substituted in lieu thereof (Effective October 1, 2025):</p>\n   <p class=\"indent\">(g) Upon an appeal taken under subsection (f) of this section, the burden shall be on the commission to prove, based upon the evidence in the record compiled before such commission, that the decision from which such appeal is taken and the reasons cited for such decision are supported by sufficient evidence in the record. The commission shall also have the burden to prove, based upon the evidence in the record compiled before such commission, that (1) (A) the decision is necessary to protect substantial public interests in health, safety or other matters which the commission may legally consider; (B) such public interests clearly outweigh the need for affordable housing; and (C) such public interests cannot be protected by reasonable changes to the affordable housing development, or (2) (A) the application which was the subject of the decision from which such appeal was taken would locate affordable housing in an area which is zoned for industrial use and which does not permit residential uses; and (B) the development is not assisted housing. If the commission does not satisfy its burden of proof under this subsection, the court shall wholly or partly revise, modify, remand or reverse the decision from which the appeal was taken in a manner consistent with the evidence in the record before it. <u class=\"amendmentInsertedText\">In addition, if the court finds, after a hearing, that the commission&#39;s decision denying an affordable housing application or approving such application with restrictions which have a substantial adverse impact on the viability of the affordable housing development or the degree of affordability of the affordable dwelling units in a set-aside development was made in bad faith or to cause undue delay, the court may award reasonable attorney&#39;s fees to the person who filed the appeal under subsection (f) of this section.</u>\n   </p>\n   <p class=\"indent\">Sec. 3. (NEW) (Effective October 1, 2025) (a) As used in this section:</p>\n   <p class=\"indent\">(1) &quot;Algorithmic device&quot; means a device commonly known as revenue management software that uses one or more algorithms to perform calculations of nonpublic competitor data concerning local or state-wide rents or occupancy levels, for the purpose of advising a landlord on (A) whether to leave a unit vacant; or (B) the amount of rent that the landlord may obtain for a unit. &quot;Algorithmic device&quot; includes a product that incorporates an algorithmic device, but does not include: (i) A report that publishes existing rental data in an aggregated manner but does not recommend rental rates or occupancy levels for future leases; or (ii) a product used for the purpose of establishing rent or income limits in accordance with the affordable housing program guidelines of a local, state or federal program.</p>\n   <p class=\"indent\">(2) &quot;Nonpublic competitor data&quot; means information that is not available to the general public, including information about actual rent amounts, occupancy rates, lease start and end dates and other similar data, regardless of whether the information is (A) attributable to a specific competitor or anonymized, and (B) derived from or otherwise provided by another person that competes in the same or a related market.</p>\n   <p class=\"indent\">(b) It shall be an unlawful practice in violation of chapter 624 of the general statutes for any person to use an algorithmic device to set rental rates or occupancy levels for residential dwelling units.</p>\n   <p class=\"indent\">(c) Any violation of subsection (b) of this section shall be subject to the investigation and enforcement provisions of chapter 624 of the general statutes.</p>\n   <table>\n    <tr>\n     <td colspan=\"3\">This act shall take effect as follows and shall amend the following sections:<br/>\n     </td>\n    </tr>\n    <tr>\n     <td>Section 1</td>\n     <td>October 1, 2025</td>\n     <td>3-129g</td>\n    </tr>\n    <tr>\n     <td>Sec. 2</td>\n     <td>October 1, 2025</td>\n     <td>8-30g(g)</td>\n    </tr>\n    <tr>\n     <td>Sec. 3</td>\n     <td>October 1, 2025</td>\n     <td>New section</td>\n    </tr>\n   </table>\n  </div>\n </div>\n    </div>\t\n<table cellpadding=0 cellspacing=0 width=\"100%\">\n   <tr>\n      <td>\n          Copyright &copy; 2025 State Net\n      </td>\n<BR>\n<!--???MOVED INTO resources.cgi      <td align=\"right\">\n          <img src=\"https://custom.statenet.com/network/poweredby.gif\" alt=\"Powered by State Net\">\n      </td>-->\n\n    </tr>\n</table>\n</body></html>\n",
      "markdown": "The following has special meaning: _green underline denotes added text_ ~~red struck out text denotes deleted text~~ | [![Powered by State Net](https://custom.statenet.com/network/poweredby.gif)](https://www.lexisnexis.com/statenet/)  \n---|---  \n  \n2025 CT H 7209 | | Author: | Joint Committee on Judiciary  \n---|---  \nVersion: | Reissued  \nVersion Date: | 04/23/2025  \n  \n**STATE OF CONNECTICUT**\n\nGeneral Assembly\n\nFile No. 753\n\n**January Session, 2025**\n\nSubstitute House Bill No. 7209\n\nHouse of Representatives, April 23, 2025\n\nThe Committee on Judiciary reported through REP. STAFSTROM of the 129th Dist.,\nChairperson of the Committee on the part of the House, that the substitute\nbill ought to pass.\n\nAN ACT CONCERNING LEGAL PROCEEDINGS INVOLVING HOUSING MATTERS AND THE\nIMPERMISSIBLE USE OF PRICING ALGORITHMS AND COMPETITORS' SENSITIVE DATA TO SET\nRENTAL PRICES.\n\nBe it enacted by the Senate and House of Representatives in General Assembly\nconvened:\n\nSection 1. Section 3-129g of the general statutes is repealed and the\nfollowing is substituted in lieu thereof (Effective October 1, 2025):\n\n(a) The Attorney General may investigate, intervene in or bring a civil or\nadministrative action in the name of the state, seeking injunctive or\ndeclaratory relief, damages, and any other relief that may be available under\nlaw, whenever any person is or has engaged in a practice or pattern of conduct\nthat:\n\n(1) Subjects, or causes to be subjected, other persons to the deprivation of\nany rights, privileges or immunities secured by the constitutions or laws of\nthis state or the United States; or\n\n(2) Interferes, or attempts to interfere, by threats, intimidation or\ncoercion, with the exercise or enjoyment by other persons of any rights,\nprivileges or immunities secured by the constitutions or laws of this state or\nthe United States.\n\n(b) In conducting any investigation under this section, the Attorney General\nmay issue subpoenas and interrogatories, and otherwise gather information, in\nthe same manner and to the same extent as is provided in section 35-42. No\ninformation obtained pursuant to the provisions of this subsection may be used\nin a criminal proceeding.\n\n(c) If the Attorney General prevails in a civil action brought pursuant to\nthis section, the court shall order the distribution of any award of damages\nto the injured person. In a matter involving the interference or attempted\ninterference with any right protected by the constitutions of this state or\nthe United States, the court may also award civil penalties against each\ndefendant in an amount not exceeding two thousand five hundred dollars for\neach violation, provided such violation has been established by clear and\nconvincing evidence. Any civil penalty that is received pursuant to this\nsubsection shall be deposited in the General Fund.\n\n(d) In lieu of bringing a civil action under this section, the Attorney\nGeneral may accept an assurance of the discontinuance of any allegedly\nunlawful or unconstitutional practice from any person engaged in such\npractice. Thereafter, any evidence of a violation of such assurance shall\nconstitute prima facie proof of violation of the applicable law or right in\nany action commenced by the Attorney General.\n\n(e) Nothing in this section shall limit the right of a person adversely\naffected by a violation of chapter 814c to file a complaint with the\nCommission on Human Rights and Opportunities.\n\n(f) Nothing in this section shall limit the jurisdiction of the Commission on\nHuman Rights and Opportunities under chapter 814c.\n\n(g) The Attorney General shall not bring an action under the provisions of\nthis section during the pendency of a matter involving the same parties and\nthe same alleged facts and circumstances before the Commission on Human Rights\nand Opportunities.\n\n(h) Nothing in this section shall permit the Attorney General to bring an\naction that would otherwise be barred under the applicable statute of\nlimitations or repose.\n\n(i) The Attorney General shall post on the Attorney General's Internet web\nsite information on how to properly file a complaint with the Commission on\nHuman Rights and Opportunities. The Attorney General may, as appropriate,\nrefer cases to the Commission on Human Rights and Opportunities.\n\n(j) Nothing in this section shall permit the Attorney General to assert any\nclaim against a state agency or a state officer or state employee in such\nofficer's or employee's official capacity, regarding actions or omissions of\nsuch state agency, state officer or state employee. If the Attorney General\ndetermines that a state officer or state employee is not entitled to\nindemnification under section 5-141d, the Attorney General may, as relates to\nsuch officer or employee, take any action authorized under this section.\n\n_(k) With regard to any action brought pursuant to this section against a\nperson for a pattern or practice of conduct in violation of section 46a-64,\n46a-64c, 46a-81d or 46a-81e, or, as a result of an investigation conducted\npursuant to this section, of a potential violation of section 46a-64, 46a-64c,\n46a-81d or 46a-81e, the Attorney General may petition the superior court for\nthe judicial district in which the violation or alleged violation occurred for\nany relief available under section 46a-89._\n\nSec. 2. Subsection (g) of section 8-30g of the general statutes is repealed\nand the following is substituted in lieu thereof (Effective October 1, 2025):\n\n(g) Upon an appeal taken under subsection (f) of this section, the burden\nshall be on the commission to prove, based upon the evidence in the record\ncompiled before such commission, that the decision from which such appeal is\ntaken and the reasons cited for such decision are supported by sufficient\nevidence in the record. The commission shall also have the burden to prove,\nbased upon the evidence in the record compiled before such commission, that\n(1) (A) the decision is necessary to protect substantial public interests in\nhealth, safety or other matters which the commission may legally consider; (B)\nsuch public interests clearly outweigh the need for affordable housing; and\n(C) such public interests cannot be protected by reasonable changes to the\naffordable housing development, or (2) (A) the application which was the\nsubject of the decision from which such appeal was taken would locate\naffordable housing in an area which is zoned for industrial use and which does\nnot permit residential uses; and (B) the development is not assisted housing.\nIf the commission does not satisfy its burden of proof under this subsection,\nthe court shall wholly or partly revise, modify, remand or reverse the\ndecision from which the appeal was taken in a manner consistent with the\nevidence in the record before it. _In addition, if the court finds, after a\nhearing, that the commission 's decision denying an affordable housing\napplication or approving such application with restrictions which have a\nsubstantial adverse impact on the viability of the affordable housing\ndevelopment or the degree of affordability of the affordable dwelling units in\na set-aside development was made in bad faith or to cause undue delay, the\ncourt may award reasonable attorney's fees to the person who filed the appeal\nunder subsection (f) of this section._\n\nSec. 3. (NEW) (Effective October 1, 2025) (a) As used in this section:\n\n(1) \"Algorithmic device\" means a device commonly known as revenue management\nsoftware that uses one or more algorithms to perform calculations of nonpublic\ncompetitor data concerning local or state-wide rents or occupancy levels, for\nthe purpose of advising a landlord on (A) whether to leave a unit vacant; or\n(B) the amount of rent that the landlord may obtain for a unit. \"Algorithmic\ndevice\" includes a product that incorporates an algorithmic device, but does\nnot include: (i) A report that publishes existing rental data in an aggregated\nmanner but does not recommend rental rates or occupancy levels for future\nleases; or (ii) a product used for the purpose of establishing rent or income\nlimits in accordance with the affordable housing program guidelines of a\nlocal, state or federal program.\n\n(2) \"Nonpublic competitor data\" means information that is not available to the\ngeneral public, including information about actual rent amounts, occupancy\nrates, lease start and end dates and other similar data, regardless of whether\nthe information is (A) attributable to a specific competitor or anonymized,\nand (B) derived from or otherwise provided by another person that competes in\nthe same or a related market.\n\n(b) It shall be an unlawful practice in violation of chapter 624 of the\ngeneral statutes for any person to use an algorithmic device to set rental\nrates or occupancy levels for residential dwelling units.\n\n(c) Any violation of subsection (b) of this section shall be subject to the\ninvestigation and enforcement provisions of chapter 624 of the general\nstatutes.\n\nThis act shall take effect as follows and shall amend the following sections:  \n  \n---  \nSection 1 | October 1, 2025 | 3-129g  \nSec. 2 | October 1, 2025 | 8-30g(g)  \nSec. 3 | October 1, 2025 | New section  \n  \nCopyright (C) 2025 State Net  \n  \n---\n\n",
      "latest_version": true
    },
    {
      "date": "04/23/2025",
      "label": "Substituted",
      "url": "https://custom.statenet.com/public/resources.cgi?mode=show_text&id=ID:bill:CT2025000H7209&verid=CT2025000H7209_20250423_0_S&",
      "raw_html": "<html>\n<head>\n<title>Bill Resource</title>\n\n<!--   <link href=\"https://custom.statenet.com/network/Common/css/extregtext.css\" rel=\"stylesheet\" type=\"text/css\" />-->\n   <link href=\"https://custom.statenet.com/network/Common/css/xmltext-2.0.css\" rel=\"stylesheet\" type=\"text/css\" />\n   <link href=\"https://custom.statenet.com/network/Common/css/additional-text.css\" rel=\"stylesheet\" type=\"text/css\" />\n\n\t<style type=\"text/css\">\n<!--\n\ntd, body {\n     background-color: white;\n\tfont-family: Verdana, Arial, Helvetica, sans-serif;\n\tfont-size: 12px;\n}\n\n.resourceContainer {\n   border: 1px solid black;\n}\n-->\n</style>\n</head>\n<body>\n\n    <div style=\"width: 750px; margin: auto\">\n       <div style=\"font-size: .8em;margin-bottom: 10px\"><table width=\"100%\"><tr><td align=\"left\" style=\"font-size: .8em;\"><div>The following has special meaning:</div>\n<div><u class=\"amendmentInsertedText\">green underline denotes added text</u></div>\n<div><strike class=\"amendmentDeletedText\">red struck out text denotes deleted text</strike></div></td> <td align=\"right\"><a href=\"https://www.lexisnexis.com/statenet/\"><img alt=\"Powered by State Net\" src=\"https://custom.statenet.com/network/poweredby.gif\" /></a></td></tr></table></div><table id=\"text-identifier\"><tr><td class=\"key\">2025 CT H 7209</td> <td><table><tr><td class=\"label\">Author:</td> <td>Joint Committee on Judiciary</td></tr> <tr><td class=\"label\">Version:</td> <td>Substituted</td></tr> <tr><td class=\"label\">Version Date:</td> <td>04/23/2025</td></tr></table></td></tr></table><div class=\"documentBody\">\n  <a name=\"head_document_section\"></a><div class=\"head\">\n   <p class=\"center\">\n    <b>STATE OF CONNECTICUT</b>\n   </p>\n   <p class=\"center\">\n    <b>General Assembly</b>\n   </p>\n   <p class=\"center\">\n    <b>Substitute Bill No. 7209</b>\n   </p>\n   <p class=\"center\">\n    <b>January Session, 2025</b>\n   </p>\n  </div>\n  <a name=\"title_document_section\"></a><div class=\"title\">\n   <p class=\"indent\">AN ACT CONCERNING LEGAL PROCEEDINGS INVOLVING HOUSING MATTERS AND THE IMPERMISSIBLE USE OF PRICING ALGORITHMS AND COMPETITORS&#39; SENSITIVE DATA TO SET RENTAL PRICES.</p>\n  </div>\n  <a name=\"text_document_section\"></a><div class=\"text\">\n   <span>\n    <p class=\"indent\">Be it enacted by the Senate and House of Representatives in General Assembly convened:</p>\n   </span>\n   <p class=\"indent\">Section 1. Section 3-129g of the general statutes is repealed and the following is substituted in lieu thereof (Effective October 1, 2025):</p>\n   <p class=\"indent\">(a) The Attorney General may investigate, intervene in or bring a civil or administrative action in the name of the state, seeking injunctive or declaratory relief, damages, and any other relief that may be available under law, whenever any person is or has engaged in a practice or pattern of conduct that:</p>\n   <p class=\"indent\">(1) Subjects, or causes to be subjected, other persons to the deprivation of any rights, privileges or immunities secured by the constitutions or laws of this state or the United States; or</p>\n   <p class=\"indent\">(2) Interferes, or attempts to interfere, by threats, intimidation or coercion, with the exercise or enjoyment by other persons of any rights, privileges or immunities secured by the constitutions or laws of this state or the United States.</p>\n   <p class=\"indent\">(b) In conducting any investigation under this section, the Attorney General may issue subpoenas and interrogatories, and otherwise gather information, in the same manner and to the same extent as is provided in section 35-42. No information obtained pursuant to the provisions of this subsection may be used in a criminal proceeding.</p>\n   <p class=\"indent\">(c) If the Attorney General prevails in a civil action brought pursuant to this section, the court shall order the distribution of any award of damages to the injured person. In a matter involving the interference or attempted interference with any right protected by the constitutions of this state or the United States, the court may also award civil penalties against each defendant in an amount not exceeding two thousand five hundred dollars for each violation, provided such violation has been established by clear and convincing evidence. Any civil penalty that is received pursuant to this subsection shall be deposited in the General Fund.</p>\n   <p class=\"indent\">(d) In lieu of bringing a civil action under this section, the Attorney General may accept an assurance of the discontinuance of any allegedly unlawful or unconstitutional practice from any person engaged in such practice. Thereafter, any evidence of a violation of such assurance shall constitute prima facie proof of violation of the applicable law or right in any action commenced by the Attorney General.</p>\n   <p class=\"indent\">(e) Nothing in this section shall limit the right of a person adversely affected by a violation of chapter 814c to file a complaint with the Commission on Human Rights and Opportunities.</p>\n   <p class=\"indent\">(f) Nothing in this section shall limit the jurisdiction of the Commission on Human Rights and Opportunities under chapter 814c.</p>\n   <p class=\"indent\">(g) The Attorney General shall not bring an action under the provisions of this section during the pendency of a matter involving the same parties and the same alleged facts and circumstances before the Commission on Human Rights and Opportunities.</p>\n   <p class=\"indent\">(h) Nothing in this section shall permit the Attorney General to bring an action that would otherwise be barred under the applicable statute of limitations or repose.</p>\n   <p class=\"indent\">(i) The Attorney General shall post on the Attorney General&#39;s Internet web site information on how to properly file a complaint with the Commission on Human Rights and Opportunities. The Attorney General may, as appropriate, refer cases to the Commission on Human Rights and Opportunities.</p>\n   <p class=\"indent\">(j) Nothing in this section shall permit the Attorney General to assert any claim against a state agency or a state officer or state employee in such officer&#39;s or employee&#39;s official capacity, regarding actions or omissions of such state agency, state officer or state employee. If the Attorney General determines that a state officer or state employee is not entitled to indemnification under section 5-141d, the Attorney General may, as relates to such officer or employee, take any action authorized under this section.</p>\n   <p class=\"indent\">\n    <u class=\"amendmentInsertedText\">(k) With regard to any action brought pursuant to this section against a person for a pattern or practice of conduct in violation of section 46a-64, 46a-64c, 46a-81d or 46a-81e, or, as a result of an investigation conducted pursuant to this section, of a potential violation of section 46a-64, 46a-64c, 46a-81d or 46a-81e, the Attorney General may petition the superior court for the judicial district in which the violation or alleged violation occurred for any relief available under section 46a-89.</u>\n   </p>\n   <p class=\"indent\">Sec. 2. Subsection (g) of section 8-30g of the general statutes is repealed and the following is substituted in lieu thereof (Effective October 1, 2025):</p>\n   <p class=\"indent\">(g) Upon an appeal taken under subsection (f) of this section, the burden shall be on the commission to prove, based upon the evidence in the record compiled before such commission, that the decision from which such appeal is taken and the reasons cited for such decision are supported by sufficient evidence in the record. The commission shall also have the burden to prove, based upon the evidence in the record compiled before such commission, that (1) (A) the decision is necessary to protect substantial public interests in health, safety or other matters which the commission may legally consider; (B) such public interests clearly outweigh the need for affordable housing; and (C) such public interests cannot be protected by reasonable changes to the affordable housing development, or (2) (A) the application which was the subject of the decision from which such appeal was taken would locate affordable housing in an area which is zoned for industrial use and which does not permit residential uses; and (B) the development is not assisted housing. If the commission does not satisfy its burden of proof under this subsection, the court shall wholly or partly revise, modify, remand or reverse the decision from which the appeal was taken in a manner consistent with the evidence in the record before it. <u class=\"amendmentInsertedText\">In addition, if the court finds, after a hearing, that the commission&#39;s decision denying an affordable housing application or approving such application with restrictions which have a substantial adverse impact on the viability of the affordable housing development or the degree of affordability of the affordable dwelling units in a set-aside development was made in bad faith or to cause undue delay, the court may award reasonable attorney&#39;s fees to the person who filed the appeal under subsection (f) of this section.</u>\n   </p>\n   <p class=\"indent\">Sec. 3. (NEW) (Effective October 1, 2025) (a) As used in this section:</p>\n   <p class=\"indent\">(1) &quot;Algorithmic device&quot; means a device commonly known as revenue management software that uses one or more algorithms to perform calculations of nonpublic competitor data concerning local or state-wide rents or occupancy levels, for the purpose of advising a landlord on (A) whether to leave a unit vacant; or (B) the amount of rent that the landlord may obtain for a unit. &quot;Algorithmic device&quot; includes a product that incorporates an algorithmic device, but does not include: (i) A report that publishes existing rental data in an aggregated manner but does not recommend rental rates or occupancy levels for future leases; or (ii) a product used for the purpose of establishing rent or income limits in accordance with the affordable housing program guidelines of a local, state or federal program.</p>\n   <p class=\"indent\">(2) &quot;Nonpublic competitor data&quot; means information that is not available to the general public, including information about actual rent amounts, occupancy rates, lease start and end dates and other similar data, regardless of whether the information is (A) attributable to a specific competitor or anonymized, and (B) derived from or otherwise provided by another person that competes in the same or a related market.</p>\n   <p class=\"indent\">(b) It shall be an unlawful practice in violation of chapter 624 of the general statutes for any person to use an algorithmic device to set rental rates or occupancy levels for residential dwelling units.</p>\n   <p class=\"indent\">(c) Any violation of subsection (b) of this section shall be subject to the investigation and enforcement provisions of chapter 624 of the general statutes.</p>\n   <table>\n    <tr>\n     <td colspan=\"3\">This act shall take effect as follows and shall amend the following sections:<br/>\n     </td>\n    </tr>\n    <tr>\n     <td>Section 1</td>\n     <td>October 1, 2025</td>\n     <td>3-129g</td>\n    </tr>\n    <tr>\n     <td>Sec. 2</td>\n     <td>October 1, 2025</td>\n     <td>8-30g(g)</td>\n    </tr>\n    <tr>\n     <td>Sec. 3</td>\n     <td>October 1, 2025</td>\n     <td>New section</td>\n    </tr>\n   </table>\n  </div>\n </div>\n    </div>\t\n<table cellpadding=0 cellspacing=0 width=\"100%\">\n   <tr>\n      <td>\n          Copyright &copy; 2025 State Net\n      </td>\n<BR>\n<!--???MOVED INTO resources.cgi      <td align=\"right\">\n          <img src=\"https://custom.statenet.com/network/poweredby.gif\" alt=\"Powered by State Net\">\n      </td>-->\n\n    </tr>\n</table>\n</body></html>\n",
      "markdown": "The following has special meaning: _green underline denotes added text_ ~~red struck out text denotes deleted text~~ | [![Powered by State Net](https://custom.statenet.com/network/poweredby.gif)](https://www.lexisnexis.com/statenet/)  \n---|---  \n  \n2025 CT H 7209 | | Author: | Joint Committee on Judiciary  \n---|---  \nVersion: | Substituted  \nVersion Date: | 04/23/2025  \n  \n**STATE OF CONNECTICUT**\n\n**General Assembly**\n\n**Substitute Bill No. 7209**\n\n**January Session, 2025**\n\nAN ACT CONCERNING LEGAL PROCEEDINGS INVOLVING HOUSING MATTERS AND THE\nIMPERMISSIBLE USE OF PRICING ALGORITHMS AND COMPETITORS' SENSITIVE DATA TO SET\nRENTAL PRICES.\n\nBe it enacted by the Senate and House of Representatives in General Assembly\nconvened:\n\nSection 1. Section 3-129g of the general statutes is repealed and the\nfollowing is substituted in lieu thereof (Effective October 1, 2025):\n\n(a) The Attorney General may investigate, intervene in or bring a civil or\nadministrative action in the name of the state, seeking injunctive or\ndeclaratory relief, damages, and any other relief that may be available under\nlaw, whenever any person is or has engaged in a practice or pattern of conduct\nthat:\n\n(1) Subjects, or causes to be subjected, other persons to the deprivation of\nany rights, privileges or immunities secured by the constitutions or laws of\nthis state or the United States; or\n\n(2) Interferes, or attempts to interfere, by threats, intimidation or\ncoercion, with the exercise or enjoyment by other persons of any rights,\nprivileges or immunities secured by the constitutions or laws of this state or\nthe United States.\n\n(b) In conducting any investigation under this section, the Attorney General\nmay issue subpoenas and interrogatories, and otherwise gather information, in\nthe same manner and to the same extent as is provided in section 35-42. No\ninformation obtained pursuant to the provisions of this subsection may be used\nin a criminal proceeding.\n\n(c) If the Attorney General prevails in a civil action brought pursuant to\nthis section, the court shall order the distribution of any award of damages\nto the injured person. In a matter involving the interference or attempted\ninterference with any right protected by the constitutions of this state or\nthe United States, the court may also award civil penalties against each\ndefendant in an amount not exceeding two thousand five hundred dollars for\neach violation, provided such violation has been established by clear and\nconvincing evidence. Any civil penalty that is received pursuant to this\nsubsection shall be deposited in the General Fund.\n\n(d) In lieu of bringing a civil action under this section, the Attorney\nGeneral may accept an assurance of the discontinuance of any allegedly\nunlawful or unconstitutional practice from any person engaged in such\npractice. Thereafter, any evidence of a violation of such assurance shall\nconstitute prima facie proof of violation of the applicable law or right in\nany action commenced by the Attorney General.\n\n(e) Nothing in this section shall limit the right of a person adversely\naffected by a violation of chapter 814c to file a complaint with the\nCommission on Human Rights and Opportunities.\n\n(f) Nothing in this section shall limit the jurisdiction of the Commission on\nHuman Rights and Opportunities under chapter 814c.\n\n(g) The Attorney General shall not bring an action under the provisions of\nthis section during the pendency of a matter involving the same parties and\nthe same alleged facts and circumstances before the Commission on Human Rights\nand Opportunities.\n\n(h) Nothing in this section shall permit the Attorney General to bring an\naction that would otherwise be barred under the applicable statute of\nlimitations or repose.\n\n(i) The Attorney General shall post on the Attorney General's Internet web\nsite information on how to properly file a complaint with the Commission on\nHuman Rights and Opportunities. The Attorney General may, as appropriate,\nrefer cases to the Commission on Human Rights and Opportunities.\n\n(j) Nothing in this section shall permit the Attorney General to assert any\nclaim against a state agency or a state officer or state employee in such\nofficer's or employee's official capacity, regarding actions or omissions of\nsuch state agency, state officer or state employee. If the Attorney General\ndetermines that a state officer or state employee is not entitled to\nindemnification under section 5-141d, the Attorney General may, as relates to\nsuch officer or employee, take any action authorized under this section.\n\n_(k) With regard to any action brought pursuant to this section against a\nperson for a pattern or practice of conduct in violation of section 46a-64,\n46a-64c, 46a-81d or 46a-81e, or, as a result of an investigation conducted\npursuant to this section, of a potential violation of section 46a-64, 46a-64c,\n46a-81d or 46a-81e, the Attorney General may petition the superior court for\nthe judicial district in which the violation or alleged violation occurred for\nany relief available under section 46a-89._\n\nSec. 2. Subsection (g) of section 8-30g of the general statutes is repealed\nand the following is substituted in lieu thereof (Effective October 1, 2025):\n\n(g) Upon an appeal taken under subsection (f) of this section, the burden\nshall be on the commission to prove, based upon the evidence in the record\ncompiled before such commission, that the decision from which such appeal is\ntaken and the reasons cited for such decision are supported by sufficient\nevidence in the record. The commission shall also have the burden to prove,\nbased upon the evidence in the record compiled before such commission, that\n(1) (A) the decision is necessary to protect substantial public interests in\nhealth, safety or other matters which the commission may legally consider; (B)\nsuch public interests clearly outweigh the need for affordable housing; and\n(C) such public interests cannot be protected by reasonable changes to the\naffordable housing development, or (2) (A) the application which was the\nsubject of the decision from which such appeal was taken would locate\naffordable housing in an area which is zoned for industrial use and which does\nnot permit residential uses; and (B) the development is not assisted housing.\nIf the commission does not satisfy its burden of proof under this subsection,\nthe court shall wholly or partly revise, modify, remand or reverse the\ndecision from which the appeal was taken in a manner consistent with the\nevidence in the record before it. _In addition, if the court finds, after a\nhearing, that the commission 's decision denying an affordable housing\napplication or approving such application with restrictions which have a\nsubstantial adverse impact on the viability of the affordable housing\ndevelopment or the degree of affordability of the affordable dwelling units in\na set-aside development was made in bad faith or to cause undue delay, the\ncourt may award reasonable attorney's fees to the person who filed the appeal\nunder subsection (f) of this section._\n\nSec. 3. (NEW) (Effective October 1, 2025) (a) As used in this section:\n\n(1) \"Algorithmic device\" means a device commonly known as revenue management\nsoftware that uses one or more algorithms to perform calculations of nonpublic\ncompetitor data concerning local or state-wide rents or occupancy levels, for\nthe purpose of advising a landlord on (A) whether to leave a unit vacant; or\n(B) the amount of rent that the landlord may obtain for a unit. \"Algorithmic\ndevice\" includes a product that incorporates an algorithmic device, but does\nnot include: (i) A report that publishes existing rental data in an aggregated\nmanner but does not recommend rental rates or occupancy levels for future\nleases; or (ii) a product used for the purpose of establishing rent or income\nlimits in accordance with the affordable housing program guidelines of a\nlocal, state or federal program.\n\n(2) \"Nonpublic competitor data\" means information that is not available to the\ngeneral public, including information about actual rent amounts, occupancy\nrates, lease start and end dates and other similar data, regardless of whether\nthe information is (A) attributable to a specific competitor or anonymized,\nand (B) derived from or otherwise provided by another person that competes in\nthe same or a related market.\n\n(b) It shall be an unlawful practice in violation of chapter 624 of the\ngeneral statutes for any person to use an algorithmic device to set rental\nrates or occupancy levels for residential dwelling units.\n\n(c) Any violation of subsection (b) of this section shall be subject to the\ninvestigation and enforcement provisions of chapter 624 of the general\nstatutes.\n\nThis act shall take effect as follows and shall amend the following sections:  \n  \n---  \nSection 1 | October 1, 2025 | 3-129g  \nSec. 2 | October 1, 2025 | 8-30g(g)  \nSec. 3 | October 1, 2025 | New section  \n  \nCopyright (C) 2025 State Net  \n  \n---\n\n",
      "latest_version": true
    }
  ]
}