{
  "bill_id": "CT2025000H6947",
  "source_url": "http://custom.statenet.com/public/resources.cgi?id=ID:bill:CT2025000H6947&cuiq=93d84396-c63b-526a-b152-38b7f79b4cfd&client_md=e4f6fea4-27b4-5d41-b7d3-766fe52569f0",
  "versions": [
    {
      "date": "02/13/2025",
      "label": "Introduced",
      "url": "https://custom.statenet.com/public/resources.cgi?mode=show_text&id=ID:bill:CT2025000H6947&verid=CT2025000H6947_20250213_0_I&",
      "raw_html": "<html>\n<head>\n<title>Bill Resource</title>\n\n<!--   <link href=\"https://custom.statenet.com/network/Common/css/extregtext.css\" rel=\"stylesheet\" type=\"text/css\" />-->\n   <link href=\"https://custom.statenet.com/network/Common/css/xmltext-2.0.css\" rel=\"stylesheet\" type=\"text/css\" />\n   <link href=\"https://custom.statenet.com/network/Common/css/additional-text.css\" rel=\"stylesheet\" type=\"text/css\" />\n\n\t<style type=\"text/css\">\n<!--\n\ntd, body {\n     background-color: white;\n\tfont-family: Verdana, Arial, Helvetica, sans-serif;\n\tfont-size: 12px;\n}\n\n.resourceContainer {\n   border: 1px solid black;\n}\n-->\n</style>\n</head>\n<body>\n\n    <div style=\"width: 750px; margin: auto\">\n       <div style=\"font-size: .8em;margin-bottom: 10px\"><table width=\"100%\"><tr><td align=\"left\" style=\"font-size: .8em;\"><div>The following has special meaning:</div>\n<div><u class=\"amendmentInsertedText\">green underline denotes added text</u></div>\n<div><strike class=\"amendmentDeletedText\">red struck out text denotes deleted text</strike></div></td> <td align=\"right\"><a href=\"https://www.lexisnexis.com/statenet/\"><img alt=\"Powered by State Net\" src=\"https://custom.statenet.com/network/poweredby.gif\" /></a></td></tr></table></div><table id=\"text-identifier\"><tr><td class=\"key\">2025 CT H 6947</td> <td><table><tr><td class=\"label\">Author:</td> <td>Joint Committee on Housing</td></tr> <tr><td class=\"label\">Version:</td> <td>Introduced</td></tr> <tr><td class=\"label\">Version Date:</td> <td>02/13/2025</td></tr></table></td></tr></table><div class=\"documentBody\">\n  <a name=\"head_document_section\"></a><div class=\"head\">\n   <p class=\"center\">\n    <b>STATE OF CONNECTICUT</b>\n   </p>\n   <p class=\"center\">General Assembly</p>\n   <p class=\"center\">\n    <b>Raised Bill No. 6947</b>\n   </p>\n   <p class=\"center\">\n    <b>January Session, 2025</b>\n   </p>\n   <p class=\"center\">LCO No. <b>4708</b>\n   </p>\n   <p class=\"center\">Referred to Committee on HOUSING</p>\n   <p class=\"center\">Introduced by:</p>\n   <p class=\"center\">(HSG) </p>\n  </div>\n  <a name=\"title_document_section\"></a><div class=\"title\">\n   <p class=\"indent\">AN ACT PROHIBITING RESIDENTIAL RENTAL PROPERTY OWNERS FROM USING PRICING ALGORITHMS AND COMPETITORS&#39; SENSITIVE DATA TO SET RENTAL PRICES.</p>\n  </div>\n  <a name=\"text_document_section\"></a><div class=\"text\">\n   <span>\n    <p class=\"indent\">Be it enacted by the Senate and House of Representatives in General Assembly convened:</p>\n   </span>\n   <p class=\"indent\">Section 1. (NEW) (Effective July 1, 2025) (a) As used in this section:</p>\n   <p class=\"indent\">(1) &quot;Competitors&#39; sensitive data&quot; includes information that is not available to the general public, including information about actual rent prices, occupancy rents, lease start and end dates and other related data, regardless of whether the information is attributable to a specific competitor or anonymized, or whether it is derived from, or otherwise provided by, another person that competes in the same market or related market.</p>\n   <p class=\"indent\">(2) &quot;Pricing algorithm&quot; means any device, such as a software program, that uses one or more algorithms to perform calculations of competitors&#39; sensitive data concerning local, state-wide or regional rents or occupancy rates, for the purpose of advising a landlord or property owner whether to lease a vacant unit or on the amount of rent that the landlord or owner requires from a tenant.</p>\n   <p class=\"indent\">(b) No person shall sell, license or otherwise provide to a landlord or rental property owner in this state a pricing algorithm that sets, recommends or advises on rents or occupancy rates that may be achieved for residential dwelling units in the state.</p>\n   <p class=\"indent\">(c) No landlord or property owner shall use any competitors&#39; sensitive data to train or run any pricing algorithm.</p>\n   <p class=\"indent\">(d) No landlord or property owner shall use a pricing algorithm when setting rents or occupancy rates for residential dwelling units in the state.</p>\n   <p class=\"indent\">(e) A violation of any provisions of this section shall be deemed an unfair or deceptive trade practice under subsection (a) of section 42-110b of the general statutes.</p>\n   <p class=\"indent\">Sec. 2. Section 47a-1 of the general statutes is repealed and the following is substituted in lieu thereof (Effective July 1, 2025):</p>\n   <p class=\"indent\">As used in this chapter, sections 47a-21, 47a-23 to 47a-23c, inclusive, 47a-26a to 47a-26g, inclusive, 47a-35 to 47a-35b, inclusive, 47a-41a, 47a-43 <strike class=\"amendmentDeletedText\">, and</strike> 47a-46 <u class=\"amendmentInsertedText\">and section 1 of this act</u>:</p>\n   <p class=\"indent\">(a) &quot;Action&quot; includes recoupment, counterclaim, set-off, cause of action and any other proceeding in which rights are determined, including an action for possession.</p>\n   <p class=\"indent\">(b) &quot;Building and housing codes&quot; include any law, ordinance or governmental regulation concerning fitness for habitation or the construction, maintenance, operation, occupancy, use or appearance of any premises or dwelling unit.</p>\n   <p class=\"indent\">(c) &quot;Dwelling unit&quot; means any house or building, or portion thereof, which is occupied, is designed to be occupied, or is rented, leased or hired out to be occupied, as a home or residence of one or more persons.</p>\n   <p class=\"indent\">(d) &quot;Landlord&quot; means the owner, lessor or sublessor of the dwelling unit, the building of which it is a part or the premises.</p>\n   <p class=\"indent\">(e) &quot;Owner&quot; means one or more persons, jointly or severally, in whom is vested (1) all or part of the legal title to property, or (2) all or part of the beneficial ownership and a right to present use and enjoyment of the premises and includes a mortgagee in possession.</p>\n   <p class=\"indent\">(f) &quot;Person&quot; means an individual, corporation, limited liability company, the state or any political subdivision thereof, or agency, business trust, estate, trust, partnership or association, two or more persons having a joint or common interest, and any other legal or commercial entity.</p>\n   <p class=\"indent\">(g) &quot;Premises&quot; means a dwelling unit and the structure of which it is a part and facilities and appurtenances therein and grounds, areas and facilities held out for the use of tenants generally or whose use is promised to the tenant.</p>\n   <p class=\"indent\">(h) &quot;Rent&quot; means all periodic payments to be made to the landlord under the rental agreement.</p>\n   <p class=\"indent\">(i) &quot;Rental agreement&quot; means all agreements, written or oral, and valid rules and regulations adopted under section 47a-9 or subsection (d) of section 21-70 embodying the terms and conditions concerning the use and occupancy of a dwelling unit or premises.</p>\n   <p class=\"indent\">(j) &quot;Roomer&quot; means a person occupying a dwelling unit, which unit does not include a refrigerator, stove, kitchen sink, toilet and shower or bathtub and one or more of these facilities are used in common by other occupants in the structure.</p>\n   <p class=\"indent\">(k) &quot;Single-family residence&quot; means a structure maintained and used as a single dwelling unit. Notwithstanding that a dwelling unit shares one or more walls with another dwelling unit or has a common parking facility, it is a single-family residence if it has direct access to a street or thoroughfare and does not share heating facilities, hot water equipment or any other essential facility or service with any other dwelling unit.</p>\n   <p class=\"indent\">(l) &quot;Tenant&quot; means the lessee, sublessee or person entitled under a rental agreement to occupy a dwelling unit or premises to the exclusion of others or as is otherwise defined by law.</p>\n   <p class=\"indent\">(m) &quot;Tenement house&quot; means any house or building, or portion thereof, which is rented, leased or hired out to be occupied, or is arranged or designed to be occupied, or is occupied, as the home or residence of three or more families, living independently of each other, and doing their cooking upon the premises, and having a common right in the halls, stairways or yards.</p>\n   <table>\n    <tr>\n     <td colspan=\"3\">This act shall take effect as follows and shall amend the following sections:<br/>\n     </td>\n    </tr>\n    <tr>\n     <td>Section 1</td>\n     <td>July 1, 2025</td>\n     <td>New section</td>\n    </tr>\n    <tr>\n     <td>Sec. 2</td>\n     <td>July 1, 2025</td>\n     <td>47a-1</td>\n    </tr>\n   </table>\n   <p class=\"indent\">\n    <b>Statement of Purpose: </b>\n   </p>\n   <p class=\"indent\">To prohibit residential rental property owners from using pricing algorithms and competitors&#39; sensitive data to set rental prices.</p>\n  </div>\n </div>\n    </div>\t\n<table cellpadding=0 cellspacing=0 width=\"100%\">\n   <tr>\n      <td>\n          Copyright &copy; 2025 State Net\n      </td>\n<BR>\n<!--???MOVED INTO resources.cgi      <td align=\"right\">\n          <img src=\"https://custom.statenet.com/network/poweredby.gif\" alt=\"Powered by State Net\">\n      </td>-->\n\n    </tr>\n</table>\n</body></html>\n",
      "markdown": "The following has special meaning: _green underline denotes added text_ ~~red struck out text denotes deleted text~~ | [![Powered by State Net](https://custom.statenet.com/network/poweredby.gif)](https://www.lexisnexis.com/statenet/)  \n---|---  \n  \n2025 CT H 6947 | | Author: | Joint Committee on Housing  \n---|---  \nVersion: | Introduced  \nVersion Date: | 02/13/2025  \n  \n**STATE OF CONNECTICUT**\n\nGeneral Assembly\n\n**Raised Bill No. 6947**\n\n**January Session, 2025**\n\nLCO No. **4708**\n\nReferred to Committee on HOUSING\n\nIntroduced by:\n\n(HSG)\n\nAN ACT PROHIBITING RESIDENTIAL RENTAL PROPERTY OWNERS FROM USING PRICING\nALGORITHMS AND COMPETITORS' SENSITIVE DATA TO SET RENTAL PRICES.\n\nBe it enacted by the Senate and House of Representatives in General Assembly\nconvened:\n\nSection 1. (NEW) (Effective July 1, 2025) (a) As used in this section:\n\n(1) \"Competitors' sensitive data\" includes information that is not available\nto the general public, including information about actual rent prices,\noccupancy rents, lease start and end dates and other related data, regardless\nof whether the information is attributable to a specific competitor or\nanonymized, or whether it is derived from, or otherwise provided by, another\nperson that competes in the same market or related market.\n\n(2) \"Pricing algorithm\" means any device, such as a software program, that\nuses one or more algorithms to perform calculations of competitors' sensitive\ndata concerning local, state-wide or regional rents or occupancy rates, for\nthe purpose of advising a landlord or property owner whether to lease a vacant\nunit or on the amount of rent that the landlord or owner requires from a\ntenant.\n\n(b) No person shall sell, license or otherwise provide to a landlord or rental\nproperty owner in this state a pricing algorithm that sets, recommends or\nadvises on rents or occupancy rates that may be achieved for residential\ndwelling units in the state.\n\n(c) No landlord or property owner shall use any competitors' sensitive data to\ntrain or run any pricing algorithm.\n\n(d) No landlord or property owner shall use a pricing algorithm when setting\nrents or occupancy rates for residential dwelling units in the state.\n\n(e) A violation of any provisions of this section shall be deemed an unfair or\ndeceptive trade practice under subsection (a) of section 42-110b of the\ngeneral statutes.\n\nSec. 2. Section 47a-1 of the general statutes is repealed and the following is\nsubstituted in lieu thereof (Effective July 1, 2025):\n\nAs used in this chapter, sections 47a-21, 47a-23 to 47a-23c, inclusive,\n47a-26a to 47a-26g, inclusive, 47a-35 to 47a-35b, inclusive, 47a-41a, 47a-43\n~~, and~~ 47a-46 _and section 1 of this act_ :\n\n(a) \"Action\" includes recoupment, counterclaim, set-off, cause of action and\nany other proceeding in which rights are determined, including an action for\npossession.\n\n(b) \"Building and housing codes\" include any law, ordinance or governmental\nregulation concerning fitness for habitation or the construction, maintenance,\noperation, occupancy, use or appearance of any premises or dwelling unit.\n\n(c) \"Dwelling unit\" means any house or building, or portion thereof, which is\noccupied, is designed to be occupied, or is rented, leased or hired out to be\noccupied, as a home or residence of one or more persons.\n\n(d) \"Landlord\" means the owner, lessor or sublessor of the dwelling unit, the\nbuilding of which it is a part or the premises.\n\n(e) \"Owner\" means one or more persons, jointly or severally, in whom is vested\n(1) all or part of the legal title to property, or (2) all or part of the\nbeneficial ownership and a right to present use and enjoyment of the premises\nand includes a mortgagee in possession.\n\n(f) \"Person\" means an individual, corporation, limited liability company, the\nstate or any political subdivision thereof, or agency, business trust, estate,\ntrust, partnership or association, two or more persons having a joint or\ncommon interest, and any other legal or commercial entity.\n\n(g) \"Premises\" means a dwelling unit and the structure of which it is a part\nand facilities and appurtenances therein and grounds, areas and facilities\nheld out for the use of tenants generally or whose use is promised to the\ntenant.\n\n(h) \"Rent\" means all periodic payments to be made to the landlord under the\nrental agreement.\n\n(i) \"Rental agreement\" means all agreements, written or oral, and valid rules\nand regulations adopted under section 47a-9 or subsection (d) of section 21-70\nembodying the terms and conditions concerning the use and occupancy of a\ndwelling unit or premises.\n\n(j) \"Roomer\" means a person occupying a dwelling unit, which unit does not\ninclude a refrigerator, stove, kitchen sink, toilet and shower or bathtub and\none or more of these facilities are used in common by other occupants in the\nstructure.\n\n(k) \"Single-family residence\" means a structure maintained and used as a\nsingle dwelling unit. Notwithstanding that a dwelling unit shares one or more\nwalls with another dwelling unit or has a common parking facility, it is a\nsingle-family residence if it has direct access to a street or thoroughfare\nand does not share heating facilities, hot water equipment or any other\nessential facility or service with any other dwelling unit.\n\n(l) \"Tenant\" means the lessee, sublessee or person entitled under a rental\nagreement to occupy a dwelling unit or premises to the exclusion of others or\nas is otherwise defined by law.\n\n(m) \"Tenement house\" means any house or building, or portion thereof, which is\nrented, leased or hired out to be occupied, or is arranged or designed to be\noccupied, or is occupied, as the home or residence of three or more families,\nliving independently of each other, and doing their cooking upon the premises,\nand having a common right in the halls, stairways or yards.\n\nThis act shall take effect as follows and shall amend the following sections:  \n  \n---  \nSection 1 | July 1, 2025 | New section  \nSec. 2 | July 1, 2025 | 47a-1  \n  \n**Statement of Purpose:**\n\nTo prohibit residential rental property owners from using pricing algorithms\nand competitors' sensitive data to set rental prices.\n\nCopyright (C) 2025 State Net  \n  \n---\n\n",
      "latest_version": true
    }
  ]
}