{
  "bill_id": "CT2025000S447",
  "source_url": "http://custom.statenet.com/public/resources.cgi?id=ID:bill:CT2025000S447&cuiq=93d84396-c63b-526a-b152-38b7f79b4cfd&client_md=e4f6fea4-27b4-5d41-b7d3-766fe52569f0",
  "versions": [
    {
      "date": "01/09/2025",
      "label": "Introduced",
      "url": "https://custom.statenet.com/public/resources.cgi?mode=show_text&id=ID:bill:CT2025000S447&verid=CT2025000S447_20250109_0_I&",
      "raw_html": "<html>\n<head>\n<title>Bill Resource</title>\n\n<!--   <link href=\"https://custom.statenet.com/network/Common/css/extregtext.css\" rel=\"stylesheet\" type=\"text/css\" />-->\n   <link href=\"https://custom.statenet.com/network/Common/css/xmltext-2.0.css\" rel=\"stylesheet\" type=\"text/css\" />\n   <link href=\"https://custom.statenet.com/network/Common/css/additional-text.css\" rel=\"stylesheet\" type=\"text/css\" />\n\n\t<style type=\"text/css\">\n<!--\n\ntd, body {\n     background-color: white;\n\tfont-family: Verdana, Arial, Helvetica, sans-serif;\n\tfont-size: 12px;\n}\n\n.resourceContainer {\n   border: 1px solid black;\n}\n-->\n</style>\n</head>\n<body>\n\n    <div style=\"width: 750px; margin: auto\">\n       <div style=\"font-size: .8em;margin-bottom: 10px\"><table width=\"100%\"><tr><td align=\"left\" style=\"font-size: .8em;\"><div>The following has special meaning:</div>\n<div><u class=\"amendmentInsertedText\">green underline denotes added text</u></div>\n<div><strike class=\"amendmentDeletedText\">red struck out text denotes deleted text</strike></div></td> <td align=\"right\"><a href=\"https://www.lexisnexis.com/statenet/\"><img alt=\"Powered by State Net\" src=\"https://custom.statenet.com/network/poweredby.gif\" /></a></td></tr></table></div><table id=\"text-identifier\"><tr><td class=\"key\">2025 CT S 447</td> <td><table><tr><td class=\"label\">Author:</td> <td>Anwar</td></tr> <tr><td class=\"label\">Version:</td> <td>Introduced</td></tr> <tr><td class=\"label\">Version Date:</td> <td>01/09/2025</td></tr></table></td></tr></table><div class=\"documentBody\">\n  <a name=\"head_document_section\"></a><div class=\"head\">\n   <p class=\"center\">\n    <b>STATE OF CONNECTICUT</b>\n   </p>\n   <p class=\"center\">General Assembly</p>\n   <p class=\"center\">\n    <b>Proposed Bill No. 447</b>\n   </p>\n   <p class=\"center\">\n    <b>January Session, 2025</b>\n   </p>\n   <p class=\"center\">LCO No. <b>122</b>\n   </p>\n   <p class=\"center\">*00122*</p>\n   <p class=\"center\">Referred to Committee on INSURANCE AND REAL ESTATE</p>\n   <p class=\"center\">Introduced by:</p>\n   <p class=\"center\">SEN. ANWAR, 3rd Dist.</p>\n  </div>\n  <a name=\"title_document_section\"></a><div class=\"title\">\n   <p class=\"indent\">AN ACT PROHIBITING HEALTH CARRIERS FROM USING ARTIFICIAL INTELLIGENCE IN THE EVALUATION AND DETERMINATION OF PATIENT CARE.</p>\n  </div>\n  <a name=\"text_document_section\"></a><div class=\"text\">\n   <span>\n    <p class=\"indent\">Be it enacted by the Senate and House of Representatives in General Assembly convened:</p>\n   </span>\n   <p class=\"indent\">That title 38a of the general statutes be amended to prohibit health carriers from using artificial intelligence in the evaluation and determination of patient care to safeguard patient access to testing, medications and procedures.</p>\n   <p class=\"indent\">\n    <b>Statement of Purpose: </b>\n   </p>\n   <p class=\"indent\">To prohibit health carriers from using artificial intelligence in the evaluation and determination of patient care to safeguard patient access to testing, medications and procedures.</p>\n  </div>\n </div>\n    </div>\t\n<table cellpadding=0 cellspacing=0 width=\"100%\">\n   <tr>\n      <td>\n          Copyright &copy; 2025 State Net\n      </td>\n<BR>\n<!--???MOVED INTO resources.cgi      <td align=\"right\">\n          <img src=\"https://custom.statenet.com/network/poweredby.gif\" alt=\"Powered by State Net\">\n      </td>-->\n\n    </tr>\n</table>\n</body></html>\n",
      "markdown": "The following has special meaning: _green underline denotes added text_ ~~red struck out text denotes deleted text~~ | [![Powered by State Net](https://custom.statenet.com/network/poweredby.gif)](https://www.lexisnexis.com/statenet/)  \n---|---  \n  \n2025 CT S 447 | | Author: | Anwar  \n---|---  \nVersion: | Introduced  \nVersion Date: | 01/09/2025  \n  \n**STATE OF CONNECTICUT**\n\nGeneral Assembly\n\n**Proposed Bill No. 447**\n\n**January Session, 2025**\n\nLCO No. **122**\n\n*00122*\n\nReferred to Committee on INSURANCE AND REAL ESTATE\n\nIntroduced by:\n\nSEN. ANWAR, 3rd Dist.\n\nAN ACT PROHIBITING HEALTH CARRIERS FROM USING ARTIFICIAL INTELLIGENCE IN THE\nEVALUATION AND DETERMINATION OF PATIENT CARE.\n\nBe it enacted by the Senate and House of Representatives in General Assembly\nconvened:\n\nThat title 38a of the general statutes be amended to prohibit health carriers\nfrom using artificial intelligence in the evaluation and determination of\npatient care to safeguard patient access to testing, medications and\nprocedures.\n\n**Statement of Purpose:**\n\nTo prohibit health carriers from using artificial intelligence in the\nevaluation and determination of patient care to safeguard patient access to\ntesting, medications and procedures.\n\nCopyright (C) 2025 State Net  \n  \n---\n\n",
      "latest_version": true
    }
  ]
}