{
  "bill_id": "CT2025000H5048",
  "source_url": "http://custom.statenet.com/public/resources.cgi?id=ID:bill:CT2025000H5048&cuiq=93d84396-c63b-526a-b152-38b7f79b4cfd&client_md=e4f6fea4-27b4-5d41-b7d3-766fe52569f0",
  "versions": [
    {
      "date": "01/08/2025",
      "label": "Introduced",
      "url": "https://custom.statenet.com/public/resources.cgi?mode=show_text&id=ID:bill:CT2025000H5048&verid=CT2025000H5048_20250108_0_I&",
      "raw_html": "<html>\n<head>\n<title>Bill Resource</title>\n\n<!--   <link href=\"https://custom.statenet.com/network/Common/css/extregtext.css\" rel=\"stylesheet\" type=\"text/css\" />-->\n   <link href=\"https://custom.statenet.com/network/Common/css/xmltext-2.0.css\" rel=\"stylesheet\" type=\"text/css\" />\n   <link href=\"https://custom.statenet.com/network/Common/css/additional-text.css\" rel=\"stylesheet\" type=\"text/css\" />\n\n\t<style type=\"text/css\">\n<!--\n\ntd, body {\n     background-color: white;\n\tfont-family: Verdana, Arial, Helvetica, sans-serif;\n\tfont-size: 12px;\n}\n\n.resourceContainer {\n   border: 1px solid black;\n}\n-->\n</style>\n</head>\n<body>\n\n    <div style=\"width: 750px; margin: auto\">\n       <div style=\"font-size: .8em;margin-bottom: 10px\"><table width=\"100%\"><tr><td align=\"left\" style=\"font-size: .8em;\"><div>The following has special meaning:</div>\n<div><u class=\"amendmentInsertedText\">green underline denotes added text</u></div>\n<div><strike class=\"amendmentDeletedText\">red struck out text denotes deleted text</strike></div></td> <td align=\"right\"><a href=\"https://www.lexisnexis.com/statenet/\"><img alt=\"Powered by State Net\" src=\"https://custom.statenet.com/network/poweredby.gif\" /></a></td></tr></table></div><table id=\"text-identifier\"><tr><td class=\"key\">2025 CT H 5048</td> <td><table><tr><td class=\"label\">Author:</td> <td>Lanoue</td></tr> <tr><td class=\"label\">Version:</td> <td>Introduced</td></tr> <tr><td class=\"label\">Version Date:</td> <td>01/08/2025</td></tr></table></td></tr></table><div class=\"documentBody\">\n  <a name=\"head_document_section\"></a><div class=\"head\">\n   <p class=\"center\">\n    <b>STATE OF CONNECTICUT</b>\n   </p>\n   <p class=\"center\">General Assembly</p>\n   <p class=\"center\">\n    <b>Proposed Bill No. 5048</b>\n   </p>\n   <p class=\"center\">\n    <b>January Session, 2025</b>\n   </p>\n   <p class=\"center\">LCO No. <b>707</b>\n   </p>\n   <p class=\"center\">*00707*</p>\n   <p class=\"center\">Referred to Committee on LABOR AND PUBLIC EMPLOYEES</p>\n   <p class=\"center\">Introduced by:</p>\n   <p class=\"center\">REP. LANOUE, 45th Dist.</p>\n  </div>\n  <a name=\"title_document_section\"></a><div class=\"title\">\n   <p class=\"indent\">AN ACT REQUIRING A STUDY OF THE EFFECT OF ARTIFICIAL INTELLIGENCE ON THE TRADES INDUSTRY.</p>\n  </div>\n  <a name=\"text_document_section\"></a><div class=\"text\">\n   <span>\n    <p class=\"indent\">Be it enacted by the Senate and House of Representatives in General Assembly convened:</p>\n   </span>\n   <p class=\"indent\">That the general statutes be amended to require a study of the effect of artificial intelligence on trade workers. Such study shall include, but not be limited to, job displacement and the curriculum of the Technical Education and Career System.</p>\n   <p class=\"indent\">\n    <b>Statement of Purpose: </b>\n   </p>\n   <p class=\"indent\">To study the effect of artificial intelligence on the trades industry.</p>\n  </div>\n </div>\n    </div>\t\n<table cellpadding=0 cellspacing=0 width=\"100%\">\n   <tr>\n      <td>\n          Copyright &copy; 2025 State Net\n      </td>\n<BR>\n<!--???MOVED INTO resources.cgi      <td align=\"right\">\n          <img src=\"https://custom.statenet.com/network/poweredby.gif\" alt=\"Powered by State Net\">\n      </td>-->\n\n    </tr>\n</table>\n</body></html>\n",
      "markdown": "The following has special meaning: _green underline denotes added text_ ~~red struck out text denotes deleted text~~ | [![Powered by State Net](https://custom.statenet.com/network/poweredby.gif)](https://www.lexisnexis.com/statenet/)  \n---|---  \n  \n2025 CT H 5048 | | Author: | Lanoue  \n---|---  \nVersion: | Introduced  \nVersion Date: | 01/08/2025  \n  \n**STATE OF CONNECTICUT**\n\nGeneral Assembly\n\n**Proposed Bill No. 5048**\n\n**January Session, 2025**\n\nLCO No. **707**\n\n*00707*\n\nReferred to Committee on LABOR AND PUBLIC EMPLOYEES\n\nIntroduced by:\n\nREP. LANOUE, 45th Dist.\n\nAN ACT REQUIRING A STUDY OF THE EFFECT OF ARTIFICIAL INTELLIGENCE ON THE\nTRADES INDUSTRY.\n\nBe it enacted by the Senate and House of Representatives in General Assembly\nconvened:\n\nThat the general statutes be amended to require a study of the effect of\nartificial intelligence on trade workers. Such study shall include, but not be\nlimited to, job displacement and the curriculum of the Technical Education and\nCareer System.\n\n**Statement of Purpose:**\n\nTo study the effect of artificial intelligence on the trades industry.\n\nCopyright (C) 2025 State Net  \n  \n---\n\n",
      "latest_version": true
    }
  ]
}