{
  "bill_id": "DE2025000SCR18",
  "source_url": "http://custom.statenet.com/public/resources.cgi?id=ID:bill:DE2025000SCR18&cuiq=93d84396-c63b-526a-b152-38b7f79b4cfd&client_md=e4f6fea4-27b4-5d41-b7d3-766fe52569f0",
  "versions": [
    {
      "date": "03/26/2025",
      "label": "Introduced",
      "url": "https://custom.statenet.com/public/resources.cgi?mode=show_text&id=ID:bill:DE2025000SCR18&verid=DE2025000SCR18_20250326_0_I&",
      "raw_html": "<html>\n<head>\n<title>Bill Resource</title>\n\n<!--   <link href=\"https://custom.statenet.com/network/Common/css/extregtext.css\" rel=\"stylesheet\" type=\"text/css\" />-->\n   <link href=\"https://custom.statenet.com/network/Common/css/xmltext-2.0.css\" rel=\"stylesheet\" type=\"text/css\" />\n   <link href=\"https://custom.statenet.com/network/Common/css/additional-text.css\" rel=\"stylesheet\" type=\"text/css\" />\n\n\t<style type=\"text/css\">\n<!--\n\ntd, body {\n     background-color: white;\n\tfont-family: Verdana, Arial, Helvetica, sans-serif;\n\tfont-size: 12px;\n}\n\n.resourceContainer {\n   border: 1px solid black;\n}\n-->\n</style>\n</head>\n<body>\n\n    <div style=\"width: 750px; margin: auto\">\n       <div style=\"font-size: .8em;margin-bottom: 10px\"><table width=\"100%\"><tr><td align=\"left\" style=\"font-size: .8em;\"><div>The following has special meaning:</div>\n<div><u class=\"amendmentInsertedText\">green underline denotes added text</u></div>\n<div><strike class=\"amendmentDeletedText\">red struck out text denotes deleted text</strike></div></td> <td align=\"right\"><a href=\"https://www.lexisnexis.com/statenet/\"><img alt=\"Powered by State Net\" src=\"https://custom.statenet.com/network/poweredby.gif\" /></a></td></tr></table></div><table id=\"text-identifier\"><tr><td class=\"key\">2025 DE SCR 18</td> <td><table><tr><td class=\"label\">Author:</td> <td>Richardson</td></tr> <tr><td class=\"label\">Version:</td> <td>Introduced</td></tr> <tr><td class=\"label\">Version Date:</td> <td>03/26/2025</td></tr></table></td></tr></table><div class=\"documentBody\">\n  <a name=\"head_document_section\"></a><div class=\"head\">\n   <p class=\"right\">SPONSOR: Sen. Richardson &amp; Sen. Hansen &amp; Rep. Hilovsky </p>\n   <p class=\"right\">Sens. Buckson, Hocker, Lawson, Pettyjohn, Walsh, Wilson; Reps. Collins, Dukes, Gray, Jones Giltner, Morris, Osienski, Postles, D. Short, Wilson-Anton, Yearick </p>\n   <p class=\"center\">DELAWARE STATE SENATE </p>\n   <p class=\"center\">153rd GENERAL ASSEMBLY </p>\n   <p class=\"center\">SENATE CONCURRENT RESOLUTION NO. 18 </p>\n  </div>\n  <a name=\"title_document_section\"></a><div class=\"title\">\n   <p class=\"indent\">CREATING A TASK FORCE TO STUDY NUCLEAR ENERGY IN DELAWARE. </p>\n  </div>\n  <a name=\"text_document_section\"></a><div class=\"text\">\n   <p class=\"indent\">WHEREAS, Delaware imported 6,300,000 megawatt-hours (MWh) of electricity in 2023, demonstrating a reliance on external power sources; and </p>\n   <p class=\"indent\">WHEREAS, the operation of just three 250 Megawatt Small Modular Reactors (SMRs) at a 95% capacity factor could eliminate the need for electricity imports, enhancing Delaware&#39;s energy independence; and </p>\n   <p class=\"indent\">WHEREAS, regional and federal energy agencies have warned of an impending electricity reliability crisis as baseload power plants are retired without dependable replacements; and </p>\n   <p class=\"indent\">WHEREAS, Delmarva Power currently struggles to purchase enough Renewable Energy Credits (RECs) to meet its Renewable Portfolio Standard (RPS) obligations and has instead relied on Alternative Compliance Payments (ACPs); and </p>\n   <p class=\"indent\">WHEREAS, the U.S. Department of Energy is evaluating 300 closed coal-fired plants, including the Indian River facility, as potential sites for SMR installation, presenting an opportunity for Delaware to participate in the national nuclear energy transition; and </p>\n   <p class=\"indent\">WHEREAS, SMR facilities are expected to last 80 to 100 years, as many as four times longer than any source of renewable energy production; and </p>\n   <p class=\"indent\">WHEREAS, SMRs are anticipated to become a routine part of the energy mix by the 2030s; and </p>\n   <p class=\"indent\">WHEREAS, legislative action would be required to establish nuclear energy credits (NECs) similar to RECs and to create a regulatory process for Public Service Commission oversight of SMR project approval and pricing; and </p>\n   <p class=\"indent\">WHEREAS, the development of SMRs would provide Delaware with stable electricity prices, zero carbon dioxide emissions, and an energy source that meets the state&#39;s Climate Action Plan goals while ensuring reliability; and </p>\n   <p class=\"indent\">WHEREAS, establishing a robust and reliable energy infrastructure may attract data centers and artificial intelligence firms to Delaware, contributing to economic growth and job creation. </p>\n   <p class=\"indent\">NOW, THEREFORE: </p>\n   <span>\n    <p class=\"indent\">BE IT RESOLVED by the Senate of the 153 <sup>rd</sup> General Assembly, the House of Representatives concurring therein, that the Delaware Nuclear Energy Feasibility Task Force is hereby established. </p>\n   </span>\n   <p class=\"indent\">BE IT FURTHER RESOLVED that the Task Force is composed of 25 members as follows: </p>\n   <p class=\"indent\">(1) A State Senator from the Majority Caucus, appointed by the President Pro Tempore of the Senate, who shall service as Co-Chair of the Task Force. </p>\n   <p class=\"indent\">(2) A State Representative from the Majority Caucus, appointed by the Speaker of the House of Representatives, who shall serve as Co-Chair of the Task Force. </p>\n   <p class=\"indent\">(3) A State Senator from the Minority Caucus, appointed by the President Pro Tempore of the Senate. </p>\n   <p class=\"indent\">(4) A State Representative from the Minority Caucus, appointed by the Speaker of the House of Representatives. </p>\n   <p class=\"indent\">(5) Thirteen members serving by virtue of position, or a designee appointed by the member, as follows: </p>\n   <p class=\"indent\">a. The Secretary of Delaware Department of Natural Resources and Environmental Control. </p>\n   <p class=\"indent\">b. The Secretary of Delaware Department of Health and Social Services. </p>\n   <p class=\"indent\">c. The Director of the Office of State Planning Coordination. </p>\n   <p class=\"indent\">d. The Director of Delaware Emergency Management Agency. </p>\n   <p class=\"indent\">e. The Director of the Public Service Commission. </p>\n   <p class=\"indent\">f. The Public Advocate. </p>\n   <p class=\"indent\">g. The Chair of the Governor&#39;s Energy Advisory Council. </p>\n   <p class=\"indent\">h. The Executive Director of the Delaware League of Local Governments. </p>\n   <p class=\"indent\">i. The Chair of the Delaware Workforce Development Board. </p>\n   <p class=\"indent\">j. The Chair of the Justice 40 Oversight Committee. </p>\n   <p class=\"indent\">k. The President of Delmarva Power. </p>\n   <p class=\"indent\">l. The President of Delaware Electric Cooperative. </p>\n   <p class=\"indent\">m. The President of Delaware Municipal Electric Corporation. </p>\n   <p class=\"indent\">(6) Eight members appointed by the Governor: </p>\n   <p class=\"indent\">a. An expert in energy production, transmission, or distribution, preferably from a company experienced in nuclear power or grid management. </p>\n   <p class=\"indent\">b. A professional in environmental science, sustainability, or climate policy. </p>\n   <p class=\"indent\">c. Three leaders from Delaware&#39;s business sector, one from each county, such as a Chamber of Commerce representative or an executive from an energy-intensive industry. </p>\n   <p class=\"indent\">d. A representative from a trade union, technical college, or workforce training organization specializing in energy sector jobs. </p>\n   <p class=\"indent\">e. A faculty member from a Delaware university with expertise in nuclear engineering, energy policy, or sustainability. </p>\n   <p class=\"indent\">f. A representative from a consumer protection organization or public advocacy group. </p>\n   <p class=\"indent\">BE IT FURTHER RESOLVED that a member serving by virtue of position who is granted the ability to designate another individual to attend a Task Force meeting must provide the designation in writing to the Task Force co-chairs. An individual attending a meeting for a member service by virtue of position has the same duties and rights as the member serving by virtue of position. </p>\n   <p class=\"indent\">BE IT FURTHER RESOLVED that the Task Force study and report its findings and recommendations on at least the following topics: </p>\n   <p class=\"indent\">(1) Assess the technical and logistical feasibility of deploying Small Modular Reactors (SMRs) in Delaware, including identifying suitable locations, evaluating existing energy infrastructure, and determining necessary upgrades for grid integration. </p>\n   <p class=\"indent\">(2) Analyze the long-term economic benefits and costs of SMR deployment, comparing nuclear energy pricing to other energy sources, evaluating job creation potential, and assessing local economic impacts. </p>\n   <p class=\"indent\">(3) Examine how SMRs can enhance Delaware&#39;s energy independence, reduce reliance on electricity imports, stabilize pricing, and provide reliable baseload power compared to intermittent renewable energy sources. </p>\n   <p class=\"indent\">(4) Identify necessary changes to Delaware&#39;s laws and regulations to facilitate SMR development, review federal and state permitting requirements, and explore strategies to include nuclear energy in the energy mix for Delaware, including but not limited to, nuclear energy credits and clean energy standards or requirements. </p>\n   <p class=\"indent\">(5) Assess the environmental benefits and potential risks of SMR deployment, including its ability to reduce carbon emissions, its environmental footprint compared to other energy sources, and public health concerns related to safety, waste disposal, and emergency preparedness. </p>\n   <p class=\"indent\">BE IT FURTHER RESOLVED that the co-chairs are responsible for guiding the administration of the Task Force by, at a minimum, doing all of the following: </p>\n   <p class=\"indent\">(1) Supervising the preparation and distribution of meeting notices, agendas, minutes, correspondence, and reports of the Task Force. </p>\n   <p class=\"indent\">(2) Setting a date, time, and place for the initial organizational meeting. </p>\n   <p class=\"indent\">(3) Sending to the Director of the Division of Legislative Services, after the first meeting of the Task Force, a list of the members of the Task Force and the person who appointed them, and providing notice of any changes in the make up of the Task Force to the Director of Legislative Services. </p>\n   <p class=\"indent\">(4) Providing meeting notices, agendas, and minutes to the Director of Legislative Services. </p>\n   <p class=\"indent\">(5) Ensuring that the final report of the Task Force is submitted to all members of the General Assembly, the Governor, the Director and the Librarian of Legislative Services, and the Delaware Public Archives. </p>\n   <p class=\"indent\">BE IT FURTHER RESOLVED that a quorum of the Task Force is a majority of its members. </p>\n   <p class=\"indent\">BE IT FURTHER RESOLVED that: </p>\n   <p class=\"indent\">(1) Official action by the Task Force, including making findings and recommendations, requires the approval of a majority of the Task Force in attendance at a meeting when quorum is present. </p>\n   <p class=\"indent\">(2) The Task Force may adopt rules necessary for its operation. If the Task Force does not adopt rules or if the adopted rules do not govern a given situation, Mason&#39;s Manual of Legislative Procedure s controls. </p>\n   <p class=\"indent\">(3) The Task Force may invite individuals with relevant expertise to participate in the Task Force discussions. </p>\n   <p class=\"indent\">BE IT FURTHER RESOLVED that the General Assembly is responsible for providing reasonable and necessary support staff and materials for the Task Force to carry out its mission. </p>\n   <p class=\"indent\">BE IT FURTHER RESOLVED that the co-chairs, with the assistance of staff assigned to the Task Force, must compile a report containing a summary of the Task Force&#39;s work regarding the issues assigned to it under this Joint Resolution, including any findings and recommendations, and submit the report to the General Assembly, the Governor, and the Director and Librarian of Legislative Services no later than December 31, 2025. </p>\n  </div>\n  <a name=\"digest_document_section\"></a><div class=\"digest\">\n   <p class=\"center\">\n    <u>SYNOPSIS</u>\n   </p>\n   <p class=\"indent\">This resolution establishes the Delaware Nuclear Energy Feasibility Task Force to examine the feasibility, economic impact, regulatory considerations, energy reliability, and environmental implications of deploying Small Modular Reactors (SMRs) in Delaware. </p>\n   <p class=\"right\">Author: Senator Richardson </p>\n  </div>\n </div>\n    </div>\t\n<table cellpadding=0 cellspacing=0 width=\"100%\">\n   <tr>\n      <td>\n          Copyright &copy; 2025 State Net\n      </td>\n<BR>\n<!--???MOVED INTO resources.cgi      <td align=\"right\">\n          <img src=\"https://custom.statenet.com/network/poweredby.gif\" alt=\"Powered by State Net\">\n      </td>-->\n\n    </tr>\n</table>\n</body></html>\n",
      "markdown": "The following has special meaning: _green underline denotes added text_ ~~red struck out text denotes deleted text~~ | [![Powered by State Net](https://custom.statenet.com/network/poweredby.gif)](https://www.lexisnexis.com/statenet/)  \n---|---  \n  \n2025 DE SCR 18 | | Author: | Richardson  \n---|---  \nVersion: | Introduced  \nVersion Date: | 03/26/2025  \n  \nSPONSOR: Sen. Richardson & Sen. Hansen & Rep. Hilovsky\n\nSens. Buckson, Hocker, Lawson, Pettyjohn, Walsh, Wilson; Reps. Collins, Dukes,\nGray, Jones Giltner, Morris, Osienski, Postles, D. Short, Wilson-Anton,\nYearick\n\nDELAWARE STATE SENATE\n\n153rd GENERAL ASSEMBLY\n\nSENATE CONCURRENT RESOLUTION NO. 18\n\nCREATING A TASK FORCE TO STUDY NUCLEAR ENERGY IN DELAWARE.\n\nWHEREAS, Delaware imported 6,300,000 megawatt-hours (MWh) of electricity in\n2023, demonstrating a reliance on external power sources; and\n\nWHEREAS, the operation of just three 250 Megawatt Small Modular Reactors\n(SMRs) at a 95% capacity factor could eliminate the need for electricity\nimports, enhancing Delaware's energy independence; and\n\nWHEREAS, regional and federal energy agencies have warned of an impending\nelectricity reliability crisis as baseload power plants are retired without\ndependable replacements; and\n\nWHEREAS, Delmarva Power currently struggles to purchase enough Renewable\nEnergy Credits (RECs) to meet its Renewable Portfolio Standard (RPS)\nobligations and has instead relied on Alternative Compliance Payments (ACPs);\nand\n\nWHEREAS, the U.S. Department of Energy is evaluating 300 closed coal-fired\nplants, including the Indian River facility, as potential sites for SMR\ninstallation, presenting an opportunity for Delaware to participate in the\nnational nuclear energy transition; and\n\nWHEREAS, SMR facilities are expected to last 80 to 100 years, as many as four\ntimes longer than any source of renewable energy production; and\n\nWHEREAS, SMRs are anticipated to become a routine part of the energy mix by\nthe 2030s; and\n\nWHEREAS, legislative action would be required to establish nuclear energy\ncredits (NECs) similar to RECs and to create a regulatory process for Public\nService Commission oversight of SMR project approval and pricing; and\n\nWHEREAS, the development of SMRs would provide Delaware with stable\nelectricity prices, zero carbon dioxide emissions, and an energy source that\nmeets the state's Climate Action Plan goals while ensuring reliability; and\n\nWHEREAS, establishing a robust and reliable energy infrastructure may attract\ndata centers and artificial intelligence firms to Delaware, contributing to\neconomic growth and job creation.\n\nNOW, THEREFORE:\n\nBE IT RESOLVED by the Senate of the 153 rd General Assembly, the House of\nRepresentatives concurring therein, that the Delaware Nuclear Energy\nFeasibility Task Force is hereby established.\n\nBE IT FURTHER RESOLVED that the Task Force is composed of 25 members as\nfollows:\n\n(1) A State Senator from the Majority Caucus, appointed by the President Pro\nTempore of the Senate, who shall service as Co-Chair of the Task Force.\n\n(2) A State Representative from the Majority Caucus, appointed by the Speaker\nof the House of Representatives, who shall serve as Co-Chair of the Task\nForce.\n\n(3) A State Senator from the Minority Caucus, appointed by the President Pro\nTempore of the Senate.\n\n(4) A State Representative from the Minority Caucus, appointed by the Speaker\nof the House of Representatives.\n\n(5) Thirteen members serving by virtue of position, or a designee appointed by\nthe member, as follows:\n\na. The Secretary of Delaware Department of Natural Resources and Environmental\nControl.\n\nb. The Secretary of Delaware Department of Health and Social Services.\n\nc. The Director of the Office of State Planning Coordination.\n\nd. The Director of Delaware Emergency Management Agency.\n\ne. The Director of the Public Service Commission.\n\nf. The Public Advocate.\n\ng. The Chair of the Governor's Energy Advisory Council.\n\nh. The Executive Director of the Delaware League of Local Governments.\n\ni. The Chair of the Delaware Workforce Development Board.\n\nj. The Chair of the Justice 40 Oversight Committee.\n\nk. The President of Delmarva Power.\n\nl. The President of Delaware Electric Cooperative.\n\nm. The President of Delaware Municipal Electric Corporation.\n\n(6) Eight members appointed by the Governor:\n\na. An expert in energy production, transmission, or distribution, preferably\nfrom a company experienced in nuclear power or grid management.\n\nb. A professional in environmental science, sustainability, or climate policy.\n\nc. Three leaders from Delaware's business sector, one from each county, such\nas a Chamber of Commerce representative or an executive from an energy-\nintensive industry.\n\nd. A representative from a trade union, technical college, or workforce\ntraining organization specializing in energy sector jobs.\n\ne. A faculty member from a Delaware university with expertise in nuclear\nengineering, energy policy, or sustainability.\n\nf. A representative from a consumer protection organization or public advocacy\ngroup.\n\nBE IT FURTHER RESOLVED that a member serving by virtue of position who is\ngranted the ability to designate another individual to attend a Task Force\nmeeting must provide the designation in writing to the Task Force co-chairs.\nAn individual attending a meeting for a member service by virtue of position\nhas the same duties and rights as the member serving by virtue of position.\n\nBE IT FURTHER RESOLVED that the Task Force study and report its findings and\nrecommendations on at least the following topics:\n\n(1) Assess the technical and logistical feasibility of deploying Small Modular\nReactors (SMRs) in Delaware, including identifying suitable locations,\nevaluating existing energy infrastructure, and determining necessary upgrades\nfor grid integration.\n\n(2) Analyze the long-term economic benefits and costs of SMR deployment,\ncomparing nuclear energy pricing to other energy sources, evaluating job\ncreation potential, and assessing local economic impacts.\n\n(3) Examine how SMRs can enhance Delaware's energy independence, reduce\nreliance on electricity imports, stabilize pricing, and provide reliable\nbaseload power compared to intermittent renewable energy sources.\n\n(4) Identify necessary changes to Delaware's laws and regulations to\nfacilitate SMR development, review federal and state permitting requirements,\nand explore strategies to include nuclear energy in the energy mix for\nDelaware, including but not limited to, nuclear energy credits and clean\nenergy standards or requirements.\n\n(5) Assess the environmental benefits and potential risks of SMR deployment,\nincluding its ability to reduce carbon emissions, its environmental footprint\ncompared to other energy sources, and public health concerns related to\nsafety, waste disposal, and emergency preparedness.\n\nBE IT FURTHER RESOLVED that the co-chairs are responsible for guiding the\nadministration of the Task Force by, at a minimum, doing all of the following:\n\n(1) Supervising the preparation and distribution of meeting notices, agendas,\nminutes, correspondence, and reports of the Task Force.\n\n(2) Setting a date, time, and place for the initial organizational meeting.\n\n(3) Sending to the Director of the Division of Legislative Services, after the\nfirst meeting of the Task Force, a list of the members of the Task Force and\nthe person who appointed them, and providing notice of any changes in the make\nup of the Task Force to the Director of Legislative Services.\n\n(4) Providing meeting notices, agendas, and minutes to the Director of\nLegislative Services.\n\n(5) Ensuring that the final report of the Task Force is submitted to all\nmembers of the General Assembly, the Governor, the Director and the Librarian\nof Legislative Services, and the Delaware Public Archives.\n\nBE IT FURTHER RESOLVED that a quorum of the Task Force is a majority of its\nmembers.\n\nBE IT FURTHER RESOLVED that:\n\n(1) Official action by the Task Force, including making findings and\nrecommendations, requires the approval of a majority of the Task Force in\nattendance at a meeting when quorum is present.\n\n(2) The Task Force may adopt rules necessary for its operation. If the Task\nForce does not adopt rules or if the adopted rules do not govern a given\nsituation, Mason's Manual of Legislative Procedure s controls.\n\n(3) The Task Force may invite individuals with relevant expertise to\nparticipate in the Task Force discussions.\n\nBE IT FURTHER RESOLVED that the General Assembly is responsible for providing\nreasonable and necessary support staff and materials for the Task Force to\ncarry out its mission.\n\nBE IT FURTHER RESOLVED that the co-chairs, with the assistance of staff\nassigned to the Task Force, must compile a report containing a summary of the\nTask Force's work regarding the issues assigned to it under this Joint\nResolution, including any findings and recommendations, and submit the report\nto the General Assembly, the Governor, and the Director and Librarian of\nLegislative Services no later than December 31, 2025.\n\n_SYNOPSIS_\n\nThis resolution establishes the Delaware Nuclear Energy Feasibility Task Force\nto examine the feasibility, economic impact, regulatory considerations, energy\nreliability, and environmental implications of deploying Small Modular\nReactors (SMRs) in Delaware.\n\nAuthor: Senator Richardson\n\nCopyright (C) 2025 State Net  \n  \n---\n\n",
      "latest_version": true
    }
  ]
}