{
  "bill_id": "FL2025000S794",
  "source_url": "http://custom.statenet.com/public/resources.cgi?id=ID:bill:FL2025000S794&cuiq=93d84396-c63b-526a-b152-38b7f79b4cfd&client_md=e4f6fea4-27b4-5d41-b7d3-766fe52569f0",
  "versions": [
    {
      "date": "02/18/2025",
      "label": "Prefiled",
      "url": "https://custom.statenet.com/public/resources.cgi?mode=show_text&id=ID:bill:FL2025000S794&verid=FL2025000S794_20250218_0_F&",
      "raw_html": "<html>\n<head>\n<title>Bill Resource</title>\n\n<!--   <link href=\"https://custom.statenet.com/network/Common/css/extregtext.css\" rel=\"stylesheet\" type=\"text/css\" />-->\n   <link href=\"https://custom.statenet.com/network/Common/css/xmltext-2.0.css\" rel=\"stylesheet\" type=\"text/css\" />\n   <link href=\"https://custom.statenet.com/network/Common/css/additional-text.css\" rel=\"stylesheet\" type=\"text/css\" />\n\n\t<style type=\"text/css\">\n<!--\n\ntd, body {\n     background-color: white;\n\tfont-family: Verdana, Arial, Helvetica, sans-serif;\n\tfont-size: 12px;\n}\n\n.resourceContainer {\n   border: 1px solid black;\n}\n-->\n</style>\n</head>\n<body>\n\n    <div style=\"width: 750px; margin: auto\">\n       <div style=\"font-size: .8em;margin-bottom: 10px\"><table width=\"100%\"><tr><td align=\"left\" style=\"font-size: .8em;\"><div>The following has special meaning:</div>\n<div><u class=\"amendmentInsertedText\">green underline denotes added text</u></div>\n<div><strike class=\"amendmentDeletedText\">red struck out text denotes deleted text</strike></div></td> <td align=\"right\"><a href=\"https://www.lexisnexis.com/statenet/\"><img alt=\"Powered by State Net\" src=\"https://custom.statenet.com/network/poweredby.gif\" /></a></td></tr></table></div><table id=\"text-identifier\"><tr><td class=\"key\">2025 FL S 794</td> <td><table><tr><td class=\"label\">Author:</td> <td>Bradley J</td></tr> <tr><td class=\"label\">Version:</td> <td>Prefiled</td></tr> <tr><td class=\"label\">Version Date:</td> <td>02/18/2025</td></tr></table></td></tr></table><div class=\"documentBody\">\n  <a name=\"head_document_section\"></a><div class=\"head\">\n   <p class=\"indent\">\n    <b>Florida Senate</b> - <b>2025</b>\n   </p>\n   <p class=\"right\">\n    <b>SB 794</b>\n   </p>\n   <p class=\"indent\">\n    <b>By </b>Senator Bradley</p>\n  </div>\n  <a name=\"code_document_section\"></a><div class=\"code\">\n   <p class=\"center\">A bill to be entitled</p>\n   <p class=\"indent\">An act relating to mandatory human reviews of insurance claim denials; creating s. 627.4263, F.S.; defining the term &quot;qualified human professional&quot;; requiring insurers&#39; decisions to deny claims to be reviewed, approved, and signed off on by qualified human professionals; prohibiting artificial intelligence, machine learning algorithms, and automated systems from serving as the basis for denying claims; requiring insurers to maintain certain records of the human review process for denied claims; requiring insurers to include certain information in denial communications to claimants; providing reporting requirements; authorizing the Office of Insurance Regulation to audit claim denials; providing an effective date.</p>\n  </div>\n  <a name=\"text_document_section\"></a><div class=\"text\">\n   <span>\n    <p class=\"indent\">Be It Enacted by the Legislature of the State of Florida:</p>\n   </span>\n   <p class=\"indent\">Section 1. Section 627.4263, Florida Statutes, is created to read:</p>\n   <p class=\"indent\">\n    <u class=\"amendmentInsertedText\">627.4263 Mandatory human reviews of claim denials. --</u>\n   </p>\n   <p class=\"indent\">\n    <u class=\"amendmentInsertedText\">(1) As used in this section, the term &quot;qualified human professional&quot; includes, but is not limited to, a supervisor, a claims manager, or a licensed claims adjuster having authority over a claim.</u>\n   </p>\n   <p class=\"indent\">\n    <u class=\"amendmentInsertedText\">(2)(a) An insurer&#39;s decision to deny a claim must be reviewed, approved, and signed off on by a qualified human professional.</u>\n   </p>\n   <p class=\"indent\">\n    <u class=\"amendmentInsertedText\">(b) Artificial intelligence, a machine learning algorithm, or an automated system may not serve as the basis for determining whether to deny a claim.</u>\n   </p>\n   <p class=\"indent\">\n    <u class=\"amendmentInsertedText\">(3) An insurer shall maintain detailed records of the human review process described in paragraph (2)(a) for all denied claims, including:</u>\n   </p>\n   <p class=\"indent\">\n    <u class=\"amendmentInsertedText\">(a) The name and title of the qualified human professional who reviewed the denial decision.</u>\n   </p>\n   <p class=\"indent\">\n    <u class=\"amendmentInsertedText\">(b) The date and time of the review by the qualified human professional.</u>\n   </p>\n   <p class=\"indent\">\n    <u class=\"amendmentInsertedText\">(c) Documentation of the basis for the denial, including any supplemental information provided by automated tools.</u>\n   </p>\n   <p class=\"indent\">\n    <u class=\"amendmentInsertedText\">(4) In all denial communications to a claimant, an insurer shall:</u>\n   </p>\n   <p class=\"indent\">\n    <u class=\"amendmentInsertedText\">(a) Clearly identify the qualified human professional who reviewed the denial decision.</u>\n   </p>\n   <p class=\"indent\">\n    <u class=\"amendmentInsertedText\">(b) Include a statement affirming that artificial intelligence, a machine learning algorithm, or an automated system did not serve as the basis for determining whether to deny the claim.</u>\n   </p>\n   <p class=\"indent\">\n    <u class=\"amendmentInsertedText\">(5) An insurer shall submit periodic compliance reports to the office detailing the steps taken to comply with this section.</u>\n   </p>\n   <p class=\"indent\">\n    <u class=\"amendmentInsertedText\">(6) The office may audit claim denials to verify compliance with this section.</u>\n   </p>\n   <effective_clause>\n    <p class=\"indent\">Section 2. This act shall take effect July 1, 2025.</p>\n   </effective_clause>\n  </div>\n </div>\n    </div>\t\n<table cellpadding=0 cellspacing=0 width=\"100%\">\n   <tr>\n      <td>\n          Copyright &copy; 2025 State Net\n      </td>\n<BR>\n<!--???MOVED INTO resources.cgi      <td align=\"right\">\n          <img src=\"https://custom.statenet.com/network/poweredby.gif\" alt=\"Powered by State Net\">\n      </td>-->\n\n    </tr>\n</table>\n</body></html>\n",
      "markdown": "The following has special meaning: _green underline denotes added text_ ~~red struck out text denotes deleted text~~ | [![Powered by State Net](https://custom.statenet.com/network/poweredby.gif)](https://www.lexisnexis.com/statenet/)  \n---|---  \n  \n2025 FL S 794 | | Author: | Bradley J  \n---|---  \nVersion: | Prefiled  \nVersion Date: | 02/18/2025  \n  \n**Florida Senate** \\- **2025**\n\n**SB 794**\n\n**By** Senator Bradley\n\nA bill to be entitled\n\nAn act relating to mandatory human reviews of insurance claim denials;\ncreating s. 627.4263, F.S.; defining the term \"qualified human professional\";\nrequiring insurers' decisions to deny claims to be reviewed, approved, and\nsigned off on by qualified human professionals; prohibiting artificial\nintelligence, machine learning algorithms, and automated systems from serving\nas the basis for denying claims; requiring insurers to maintain certain\nrecords of the human review process for denied claims; requiring insurers to\ninclude certain information in denial communications to claimants; providing\nreporting requirements; authorizing the Office of Insurance Regulation to\naudit claim denials; providing an effective date.\n\nBe It Enacted by the Legislature of the State of Florida:\n\nSection 1. Section 627.4263, Florida Statutes, is created to read:\n\n_627.4263 Mandatory human reviews of claim denials. --_\n\n_(1) As used in this section, the term \"qualified human professional\"\nincludes, but is not limited to, a supervisor, a claims manager, or a licensed\nclaims adjuster having authority over a claim._\n\n_(2)(a) An insurer 's decision to deny a claim must be reviewed, approved, and\nsigned off on by a qualified human professional._\n\n_(b) Artificial intelligence, a machine learning algorithm, or an automated\nsystem may not serve as the basis for determining whether to deny a claim._\n\n_(3) An insurer shall maintain detailed records of the human review process\ndescribed in paragraph (2)(a) for all denied claims, including:_\n\n_(a) The name and title of the qualified human professional who reviewed the\ndenial decision._\n\n_(b) The date and time of the review by the qualified human professional._\n\n_(c) Documentation of the basis for the denial, including any supplemental\ninformation provided by automated tools._\n\n_(4) In all denial communications to a claimant, an insurer shall:_\n\n_(a) Clearly identify the qualified human professional who reviewed the denial\ndecision._\n\n_(b) Include a statement affirming that artificial intelligence, a machine\nlearning algorithm, or an automated system did not serve as the basis for\ndetermining whether to deny the claim._\n\n_(5) An insurer shall submit periodic compliance reports to the office\ndetailing the steps taken to comply with this section._\n\n_(6) The office may audit claim denials to verify compliance with this\nsection._\n\nSection 2. This act shall take effect July 1, 2025.\n\nCopyright (C) 2025 State Net  \n  \n---\n\n",
      "latest_version": false
    },
    {
      "date": "03/04/2025",
      "label": "Introduced",
      "url": "https://custom.statenet.com/public/resources.cgi?mode=show_text&id=ID:bill:FL2025000S794&verid=FL2025000S794_20250304_0_I&",
      "raw_html": "<html>\n<head>\n<title>Bill Resource</title>\n\n<!--   <link href=\"https://custom.statenet.com/network/Common/css/extregtext.css\" rel=\"stylesheet\" type=\"text/css\" />-->\n   <link href=\"https://custom.statenet.com/network/Common/css/xmltext-2.0.css\" rel=\"stylesheet\" type=\"text/css\" />\n   <link href=\"https://custom.statenet.com/network/Common/css/additional-text.css\" rel=\"stylesheet\" type=\"text/css\" />\n\n\t<style type=\"text/css\">\n<!--\n\ntd, body {\n     background-color: white;\n\tfont-family: Verdana, Arial, Helvetica, sans-serif;\n\tfont-size: 12px;\n}\n\n.resourceContainer {\n   border: 1px solid black;\n}\n-->\n</style>\n</head>\n<body>\n\n    <div style=\"width: 750px; margin: auto\">\n       <div style=\"font-size: .8em;margin-bottom: 10px\"><table width=\"100%\"><tr><td align=\"left\" style=\"font-size: .8em;\"><div>The following has special meaning:</div>\n<div><u class=\"amendmentInsertedText\">green underline denotes added text</u></div>\n<div><strike class=\"amendmentDeletedText\">red struck out text denotes deleted text</strike></div></td> <td align=\"right\"><a href=\"https://www.lexisnexis.com/statenet/\"><img alt=\"Powered by State Net\" src=\"https://custom.statenet.com/network/poweredby.gif\" /></a></td></tr></table></div><table id=\"text-identifier\"><tr><td class=\"key\">2025 FL S 794</td> <td><table><tr><td class=\"label\">Author:</td> <td>Bradley J</td></tr> <tr><td class=\"label\">Version:</td> <td>Introduced</td></tr> <tr><td class=\"label\">Version Date:</td> <td>03/04/2025</td></tr></table></td></tr></table><div class=\"documentBody\">\n  <a name=\"head_document_section\"></a><div class=\"head\">\n   <p class=\"indent\">\n    <b>Florida Senate</b> - <b>2025</b>\n   </p>\n   <p class=\"right\">\n    <b>SB 794</b>\n   </p>\n   <p class=\"indent\">\n    <b>By </b>Senator Bradley</p>\n  </div>\n  <a name=\"code_document_section\"></a><div class=\"code\">\n   <p class=\"center\">A bill to be entitled</p>\n   <p class=\"indent\">An act relating to mandatory human reviews of insurance claim denials; creating s. 627.4263, F.S.; defining the term &quot;qualified human professional&quot;; requiring insurers&#39; decisions to deny claims to be reviewed, approved, and signed off on by qualified human professionals; prohibiting artificial intelligence, machine learning algorithms, and automated systems from serving as the basis for denying claims; requiring insurers to maintain certain records of the human review process for denied claims; requiring insurers to include certain information in denial communications to claimants; providing reporting requirements; authorizing the Office of Insurance Regulation to audit claim denials; providing an effective date.</p>\n  </div>\n  <a name=\"text_document_section\"></a><div class=\"text\">\n   <span>\n    <p class=\"indent\">Be It Enacted by the Legislature of the State of Florida:</p>\n   </span>\n   <p class=\"indent\">Section 1. Section 627.4263, Florida Statutes, is created to read:</p>\n   <p class=\"indent\">\n    <u class=\"amendmentInsertedText\">627.4263 Mandatory human reviews of claim denials. --</u>\n   </p>\n   <p class=\"indent\">\n    <u class=\"amendmentInsertedText\">(1) As used in this section, the term &quot;qualified human professional&quot; includes, but is not limited to, a supervisor, a claims manager, or a licensed claims adjuster having authority over a claim.</u>\n   </p>\n   <p class=\"indent\">\n    <u class=\"amendmentInsertedText\">(2)(a) An insurer&#39;s decision to deny a claim must be reviewed, approved, and signed off on by a qualified human professional.</u>\n   </p>\n   <p class=\"indent\">\n    <u class=\"amendmentInsertedText\">(b) Artificial intelligence, a machine learning algorithm, or an automated system may not serve as the basis for determining whether to deny a claim.</u>\n   </p>\n   <p class=\"indent\">\n    <u class=\"amendmentInsertedText\">(3) An insurer shall maintain detailed records of the human review process described in paragraph (2)(a) for all denied claims, including:</u>\n   </p>\n   <p class=\"indent\">\n    <u class=\"amendmentInsertedText\">(a) The name and title of the qualified human professional who reviewed the denial decision.</u>\n   </p>\n   <p class=\"indent\">\n    <u class=\"amendmentInsertedText\">(b) The date and time of the review by the qualified human professional.</u>\n   </p>\n   <p class=\"indent\">\n    <u class=\"amendmentInsertedText\">(c) Documentation of the basis for the denial, including any supplemental information provided by automated tools.</u>\n   </p>\n   <p class=\"indent\">\n    <u class=\"amendmentInsertedText\">(4) In all denial communications to a claimant, an insurer shall:</u>\n   </p>\n   <p class=\"indent\">\n    <u class=\"amendmentInsertedText\">(a) Clearly identify the qualified human professional who reviewed the denial decision.</u>\n   </p>\n   <p class=\"indent\">\n    <u class=\"amendmentInsertedText\">(b) Include a statement affirming that artificial intelligence, a machine learning algorithm, or an automated system did not serve as the basis for determining whether to deny the claim.</u>\n   </p>\n   <p class=\"indent\">\n    <u class=\"amendmentInsertedText\">(5) An insurer shall submit periodic compliance reports to the office detailing the steps taken to comply with this section.</u>\n   </p>\n   <p class=\"indent\">\n    <u class=\"amendmentInsertedText\">(6) The office may audit claim denials to verify compliance with this section.</u>\n   </p>\n   <effective_clause>\n    <p class=\"indent\">Section 2. This act shall take effect July 1, 2025.</p>\n   </effective_clause>\n  </div>\n </div>\n    </div>\t\n<table cellpadding=0 cellspacing=0 width=\"100%\">\n   <tr>\n      <td>\n          Copyright &copy; 2025 State Net\n      </td>\n<BR>\n<!--???MOVED INTO resources.cgi      <td align=\"right\">\n          <img src=\"https://custom.statenet.com/network/poweredby.gif\" alt=\"Powered by State Net\">\n      </td>-->\n\n    </tr>\n</table>\n</body></html>\n",
      "markdown": "The following has special meaning: _green underline denotes added text_ ~~red struck out text denotes deleted text~~ | [![Powered by State Net](https://custom.statenet.com/network/poweredby.gif)](https://www.lexisnexis.com/statenet/)  \n---|---  \n  \n2025 FL S 794 | | Author: | Bradley J  \n---|---  \nVersion: | Introduced  \nVersion Date: | 03/04/2025  \n  \n**Florida Senate** \\- **2025**\n\n**SB 794**\n\n**By** Senator Bradley\n\nA bill to be entitled\n\nAn act relating to mandatory human reviews of insurance claim denials;\ncreating s. 627.4263, F.S.; defining the term \"qualified human professional\";\nrequiring insurers' decisions to deny claims to be reviewed, approved, and\nsigned off on by qualified human professionals; prohibiting artificial\nintelligence, machine learning algorithms, and automated systems from serving\nas the basis for denying claims; requiring insurers to maintain certain\nrecords of the human review process for denied claims; requiring insurers to\ninclude certain information in denial communications to claimants; providing\nreporting requirements; authorizing the Office of Insurance Regulation to\naudit claim denials; providing an effective date.\n\nBe It Enacted by the Legislature of the State of Florida:\n\nSection 1. Section 627.4263, Florida Statutes, is created to read:\n\n_627.4263 Mandatory human reviews of claim denials. --_\n\n_(1) As used in this section, the term \"qualified human professional\"\nincludes, but is not limited to, a supervisor, a claims manager, or a licensed\nclaims adjuster having authority over a claim._\n\n_(2)(a) An insurer 's decision to deny a claim must be reviewed, approved, and\nsigned off on by a qualified human professional._\n\n_(b) Artificial intelligence, a machine learning algorithm, or an automated\nsystem may not serve as the basis for determining whether to deny a claim._\n\n_(3) An insurer shall maintain detailed records of the human review process\ndescribed in paragraph (2)(a) for all denied claims, including:_\n\n_(a) The name and title of the qualified human professional who reviewed the\ndenial decision._\n\n_(b) The date and time of the review by the qualified human professional._\n\n_(c) Documentation of the basis for the denial, including any supplemental\ninformation provided by automated tools._\n\n_(4) In all denial communications to a claimant, an insurer shall:_\n\n_(a) Clearly identify the qualified human professional who reviewed the denial\ndecision._\n\n_(b) Include a statement affirming that artificial intelligence, a machine\nlearning algorithm, or an automated system did not serve as the basis for\ndetermining whether to deny the claim._\n\n_(5) An insurer shall submit periodic compliance reports to the office\ndetailing the steps taken to comply with this section._\n\n_(6) The office may audit claim denials to verify compliance with this\nsection._\n\nSection 2. This act shall take effect July 1, 2025.\n\nCopyright (C) 2025 State Net  \n  \n---\n\n",
      "latest_version": false
    },
    {
      "date": "03/26/2025",
      "label": "Substituted",
      "url": "https://custom.statenet.com/public/resources.cgi?mode=show_text&id=ID:bill:FL2025000S794&verid=FL2025000S794_20250326_0_S&",
      "raw_html": "<html>\n<head>\n<title>Bill Resource</title>\n\n<!--   <link href=\"https://custom.statenet.com/network/Common/css/extregtext.css\" rel=\"stylesheet\" type=\"text/css\" />-->\n   <link href=\"https://custom.statenet.com/network/Common/css/xmltext-2.0.css\" rel=\"stylesheet\" type=\"text/css\" />\n   <link href=\"https://custom.statenet.com/network/Common/css/additional-text.css\" rel=\"stylesheet\" type=\"text/css\" />\n\n\t<style type=\"text/css\">\n<!--\n\ntd, body {\n     background-color: white;\n\tfont-family: Verdana, Arial, Helvetica, sans-serif;\n\tfont-size: 12px;\n}\n\n.resourceContainer {\n   border: 1px solid black;\n}\n-->\n</style>\n</head>\n<body>\n\n    <div style=\"width: 750px; margin: auto\">\n       <div style=\"font-size: .8em;margin-bottom: 10px\"><table width=\"100%\"><tr><td align=\"left\" style=\"font-size: .8em;\"><div>The following has special meaning:</div>\n<div><u class=\"amendmentInsertedText\">green underline denotes added text</u></div>\n<div><strike class=\"amendmentDeletedText\">red struck out text denotes deleted text</strike></div></td> <td align=\"right\"><a href=\"https://www.lexisnexis.com/statenet/\"><img alt=\"Powered by State Net\" src=\"https://custom.statenet.com/network/poweredby.gif\" /></a></td></tr></table></div><table id=\"text-identifier\"><tr><td class=\"key\">2025 FL S 794</td> <td><table><tr><td class=\"label\">Author:</td> <td>Bradley J</td></tr> <tr><td class=\"label\">Version:</td> <td>Substituted</td></tr> <tr><td class=\"label\">Version Date:</td> <td>03/26/2025</td></tr></table></td></tr></table><div class=\"documentBody\">\n  <a name=\"head_document_section\"></a><div class=\"head\">\n   <p class=\"indent\">\n    <b>Florida Senate</b> - <b>2025</b>\n   </p>\n   <p class=\"right\">\n    <b>CS for SB 794</b>\n   </p>\n   <p class=\"indent\">\n    <b>By </b>the Committee on Banking and Insurance; and Senator Bradley</p>\n  </div>\n  <a name=\"code_document_section\"></a><div class=\"code\">\n   <p class=\"center\">A bill to be entitled</p>\n   <p class=\"indent\">An act relating to mandatory human reviews of insurance claim denials; creating s. 627.4263, F.S.; defining terms; requiring that insurers&#39; decisions to deny claims or any portion of a claim be made by qualified human professionals; specifying the duties of qualified human professionals; requiring an insurer to maintain certain records; prohibiting using algorithms, artificial intelligence, or machine learning systems as the sole basis for determining whether to adjust or deny a claim; requiring insurers to include certain information in denial communications to claimants; requiring that certain insurers detail certain information in their claims handling manual; authorizing the Office of Insurance Regulation to conduct market conduct examinations and investigations under certain circumstances; authorizing the Financial Services Commission to adopt rules; providing an effective date.</p>\n  </div>\n  <a name=\"text_document_section\"></a><div class=\"text\">\n   <span>\n    <p class=\"indent\">Be It Enacted by the Legislature of the State of Florida:</p>\n   </span>\n   <p class=\"indent\">Section 1. Section 627.4263, Florida Statutes, is created to read:</p>\n   <p class=\"indent\">\n    <u class=\"amendmentInsertedText\">627.4263 Mandatory human reviews of claim denials. --</u>\n   </p>\n   <p class=\"indent\">\n    <u class=\"amendmentInsertedText\">(1) As used in this section, the term:</u>\n   </p>\n   <p class=\"indent\">\n    <u class=\"amendmentInsertedText\">(a) &quot;Algorithm&quot; means a clearly specified mathematical process for computation which uses rules designed to give prescribed results.</u>\n   </p>\n   <p class=\"indent\">\n    <u class=\"amendmentInsertedText\">(b) &quot;Artificial intelligence system&quot; means a machine-based system that may have varying levels of autonomy and that can, for a given set of objectives, generate outputs, such as predictions, recommendations, or content, influencing decisions made in real or virtual environments.</u>\n   </p>\n   <p class=\"indent\">\n    <u class=\"amendmentInsertedText\">(c) &quot;Machine learning system&quot; means an artificial intelligence system that has the ability to learn from provided data without being explicitly programmed.</u>\n   </p>\n   <p class=\"indent\">\n    <u class=\"amendmentInsertedText\">(d) &quot;Qualified human professional&quot; means an individual who, under the Florida Insurance Code, has the authority to adjust or deny a claim or a portion of a claim and may exercise such authority over a particular claim.</u>\n   </p>\n   <p class=\"indent\">\n    <u class=\"amendmentInsertedText\">(2) An insurer&#39;s decision to deny a claim or any portion of a claim must be made by a qualified human professional.</u>\n   </p>\n   <p class=\"indent\">\n    <u class=\"amendmentInsertedText\">(3) A qualified human professional shall, before determining whether to adjust or deny a claim or a portion of a claim, do all of the following:</u>\n   </p>\n   <p class=\"indent\">\n    <u class=\"amendmentInsertedText\">(a) Analyze the facts of the claim and the terms of the insurance policy independently of any system or algorithm.</u>\n   </p>\n   <p class=\"indent\">\n    <u class=\"amendmentInsertedText\">(b) Review the accuracy of any output generated by such a system or algorithm.</u>\n   </p>\n   <p class=\"indent\">\n    <u class=\"amendmentInsertedText\">(c) Conduct any review of a claim adjustment or claim decision that was made by another qualified human professional.</u>\n   </p>\n   <p class=\"indent\">\n    <u class=\"amendmentInsertedText\">(4) An insurer shall maintain detailed records of the actions of qualified human professionals who are required to perform the actions under subsection (3), including:</u>\n   </p>\n   <p class=\"indent\">\n    <u class=\"amendmentInsertedText\">(a) The name and title of the qualified human professional who made the decision to deny a claim or a portion of a claim and of any qualified human professional who reviewed a claim adjustment or claim decision.</u>\n   </p>\n   <p class=\"indent\">\n    <u class=\"amendmentInsertedText\">(b) The date and time of the claim decision and of any review of the claim adjustment.</u>\n   </p>\n   <p class=\"indent\">\n    <u class=\"amendmentInsertedText\">(c) Documentation of the basis for the denial of the claim or a portion of the claim, including any information provided by an algorithm, an artificial intelligence system, or a machine learning system.</u>\n   </p>\n   <p class=\"indent\">\n    <u class=\"amendmentInsertedText\">(5) An algorithm, an artificial intelligence system, or a machine learning system may not serve as the sole basis for determining whether to adjust or deny a claim.</u>\n   </p>\n   <p class=\"indent\">\n    <u class=\"amendmentInsertedText\">(6) In all denial communications to a claimant, an insurer shall:</u>\n   </p>\n   <p class=\"indent\">\n    <u class=\"amendmentInsertedText\">(a) Clearly identify the qualified human professional who made the decision to deny the claim or a portion of the claim; and</u>\n   </p>\n   <p class=\"indent\">\n    <u class=\"amendmentInsertedText\">(b) Include a statement affirming that an algorithm, an artificial intelligence system, or a machine learning system did not serve as the sole basis for determining whether to deny the claim or a portion of the claim.</u>\n   </p>\n   <p class=\"indent\">\n    <u class=\"amendmentInsertedText\">(7) An insurer that uses an algorithm, an artificial intelligence system, or a machine learning system as part of its claims handling process shall detail in its claims handling manual the manner in which such systems are to be used and the manner in which the insurer complies with this section.</u>\n   </p>\n   <p class=\"indent\">\n    <u class=\"amendmentInsertedText\">(8) The office may conduct market conduct examinations and investigations or use any method it deems necessary to verify compliance with this section.</u>\n   </p>\n   <p class=\"indent\">\n    <u class=\"amendmentInsertedText\">(9) The commission may adopt rules to implement this section.</u>\n   </p>\n   <effective_clause>\n    <p class=\"indent\">Section 2. This act shall take effect January 1, 2026.</p>\n   </effective_clause>\n  </div>\n </div>\n    </div>\t\n<table cellpadding=0 cellspacing=0 width=\"100%\">\n   <tr>\n      <td>\n          Copyright &copy; 2025 State Net\n      </td>\n<BR>\n<!--???MOVED INTO resources.cgi      <td align=\"right\">\n          <img src=\"https://custom.statenet.com/network/poweredby.gif\" alt=\"Powered by State Net\">\n      </td>-->\n\n    </tr>\n</table>\n</body></html>\n",
      "markdown": "The following has special meaning: _green underline denotes added text_ ~~red struck out text denotes deleted text~~ | [![Powered by State Net](https://custom.statenet.com/network/poweredby.gif)](https://www.lexisnexis.com/statenet/)  \n---|---  \n  \n2025 FL S 794 | | Author: | Bradley J  \n---|---  \nVersion: | Substituted  \nVersion Date: | 03/26/2025  \n  \n**Florida Senate** \\- **2025**\n\n**CS for SB 794**\n\n**By** the Committee on Banking and Insurance; and Senator Bradley\n\nA bill to be entitled\n\nAn act relating to mandatory human reviews of insurance claim denials;\ncreating s. 627.4263, F.S.; defining terms; requiring that insurers' decisions\nto deny claims or any portion of a claim be made by qualified human\nprofessionals; specifying the duties of qualified human professionals;\nrequiring an insurer to maintain certain records; prohibiting using\nalgorithms, artificial intelligence, or machine learning systems as the sole\nbasis for determining whether to adjust or deny a claim; requiring insurers to\ninclude certain information in denial communications to claimants; requiring\nthat certain insurers detail certain information in their claims handling\nmanual; authorizing the Office of Insurance Regulation to conduct market\nconduct examinations and investigations under certain circumstances;\nauthorizing the Financial Services Commission to adopt rules; providing an\neffective date.\n\nBe It Enacted by the Legislature of the State of Florida:\n\nSection 1. Section 627.4263, Florida Statutes, is created to read:\n\n_627.4263 Mandatory human reviews of claim denials. --_\n\n_(1) As used in this section, the term:_\n\n_(a) \"Algorithm\" means a clearly specified mathematical process for\ncomputation which uses rules designed to give prescribed results._\n\n_(b) \"Artificial intelligence system\" means a machine-based system that may\nhave varying levels of autonomy and that can, for a given set of objectives,\ngenerate outputs, such as predictions, recommendations, or content,\ninfluencing decisions made in real or virtual environments._\n\n_(c) \"Machine learning system\" means an artificial intelligence system that\nhas the ability to learn from provided data without being explicitly\nprogrammed._\n\n_(d) \"Qualified human professional\" means an individual who, under the Florida\nInsurance Code, has the authority to adjust or deny a claim or a portion of a\nclaim and may exercise such authority over a particular claim._\n\n_(2) An insurer 's decision to deny a claim or any portion of a claim must be\nmade by a qualified human professional._\n\n_(3) A qualified human professional shall, before determining whether to\nadjust or deny a claim or a portion of a claim, do all of the following:_\n\n_(a) Analyze the facts of the claim and the terms of the insurance policy\nindependently of any system or algorithm._\n\n_(b) Review the accuracy of any output generated by such a system or\nalgorithm._\n\n_(c) Conduct any review of a claim adjustment or claim decision that was made\nby another qualified human professional._\n\n_(4) An insurer shall maintain detailed records of the actions of qualified\nhuman professionals who are required to perform the actions under subsection\n(3), including:_\n\n_(a) The name and title of the qualified human professional who made the\ndecision to deny a claim or a portion of a claim and of any qualified human\nprofessional who reviewed a claim adjustment or claim decision._\n\n_(b) The date and time of the claim decision and of any review of the claim\nadjustment._\n\n_(c) Documentation of the basis for the denial of the claim or a portion of\nthe claim, including any information provided by an algorithm, an artificial\nintelligence system, or a machine learning system._\n\n_(5) An algorithm, an artificial intelligence system, or a machine learning\nsystem may not serve as the sole basis for determining whether to adjust or\ndeny a claim._\n\n_(6) In all denial communications to a claimant, an insurer shall:_\n\n_(a) Clearly identify the qualified human professional who made the decision\nto deny the claim or a portion of the claim; and_\n\n_(b) Include a statement affirming that an algorithm, an artificial\nintelligence system, or a machine learning system did not serve as the sole\nbasis for determining whether to deny the claim or a portion of the claim._\n\n_(7) An insurer that uses an algorithm, an artificial intelligence system, or\na machine learning system as part of its claims handling process shall detail\nin its claims handling manual the manner in which such systems are to be used\nand the manner in which the insurer complies with this section._\n\n_(8) The office may conduct market conduct examinations and investigations or\nuse any method it deems necessary to verify compliance with this section._\n\n_(9) The commission may adopt rules to implement this section._\n\nSection 2. This act shall take effect January 1, 2026.\n\nCopyright (C) 2025 State Net  \n  \n---\n\n",
      "latest_version": true
    }
  ]
}