{
  "bill_id": "FL2025000H369",
  "source_url": "http://custom.statenet.com/public/resources.cgi?id=ID:bill:FL2025000H369&cuiq=93d84396-c63b-526a-b152-38b7f79b4cfd&client_md=e4f6fea4-27b4-5d41-b7d3-766fe52569f0",
  "versions": [
    {
      "date": "02/04/2025",
      "label": "Prefiled",
      "url": "https://custom.statenet.com/public/resources.cgi?mode=show_text&id=ID:bill:FL2025000H369&verid=FL2025000H369_20250204_0_F&",
      "raw_html": "<html>\n<head>\n<title>Bill Resource</title>\n\n<!--   <link href=\"https://custom.statenet.com/network/Common/css/extregtext.css\" rel=\"stylesheet\" type=\"text/css\" />-->\n   <link href=\"https://custom.statenet.com/network/Common/css/xmltext-2.0.css\" rel=\"stylesheet\" type=\"text/css\" />\n   <link href=\"https://custom.statenet.com/network/Common/css/additional-text.css\" rel=\"stylesheet\" type=\"text/css\" />\n\n\t<style type=\"text/css\">\n<!--\n\ntd, body {\n     background-color: white;\n\tfont-family: Verdana, Arial, Helvetica, sans-serif;\n\tfont-size: 12px;\n}\n\n.resourceContainer {\n   border: 1px solid black;\n}\n-->\n</style>\n</head>\n<body>\n\n    <div style=\"width: 750px; margin: auto\">\n       <div style=\"font-size: .8em;margin-bottom: 10px\"><table width=\"100%\"><tr><td align=\"left\" style=\"font-size: .8em;\"><div>The following has special meaning:</div>\n<div><u class=\"amendmentInsertedText\">green underline denotes added text</u></div>\n<div><strike class=\"amendmentDeletedText\">red struck out text denotes deleted text</strike></div></td> <td align=\"right\"><a href=\"https://www.lexisnexis.com/statenet/\"><img alt=\"Powered by State Net\" src=\"https://custom.statenet.com/network/poweredby.gif\" /></a></td></tr></table></div><table id=\"text-identifier\"><tr><td class=\"key\">2025 FL H 369</td> <td><table><tr><td class=\"label\">Author:</td> <td>McFarland</td></tr> <tr><td class=\"label\">Version:</td> <td>Prefiled</td></tr> <tr><td class=\"label\">Version Date:</td> <td>02/04/2025</td></tr></table></td></tr></table><div class=\"documentBody\">\n  <a name=\"head_document_section\"></a><div class=\"head\">\n   <p class=\"indent\">HB 369</p>\n   <p class=\"right\">2025</p>\n  </div>\n  <a name=\"code_document_section\"></a><div class=\"code\">\n   <p class=\"center\">A bill to be entitled</p>\n   <p class=\"indent\">An act relating to provenance of digital content; amending s. 106.145, F.S.; defining the term &quot;provenance data&quot;; requiring certain content include provenance data; creating s. 252.353, F.S.; creating a pilot program within the Division of Emergency Management; requiring rulemaking; requiring the division to submit to specified persons an annual report; providing requirements for such report; providing for future repeal; creating s. 501.9741, F.S.; providing definitions; requiring provenance data be included with certain data; requiring providers of certain artificial intelligence tools to make available application tools and provenance readers; requiring certain social media platforms retain and make available certain provenance data; requiring certain capture devices to allow the inclusion of provenance data; providing a requirement for the manufacturer of such device; providing that a violation constitutes an unfair or deceptive act or practice; providing an effective date.</p>\n  </div>\n  <a name=\"text_document_section\"></a><div class=\"text\">\n   <span>\n    <p class=\"indent\">Be It Enacted by the Legislature of the State of Florida:</p>\n   </span>\n   <p class=\"indent\">\n    <b>Section 1. Subsection (4) of section 106.145, Florida Statutes, is renumbered as subsection (5), subsection (1) and present subsection (4) are amended, and a new subsection (4) is added to that section, to read:</b>\n   </p>\n   <p class=\"indent\">106.145 Use of artificial intelligence.&mdash;</p>\n   <p class=\"indent\">(1) As used in this section, the term<u class=\"amendmentInsertedText\">:</u>\n   </p>\n   <p class=\"indent\">\n    <u class=\"amendmentInsertedText\">(a)</u> &quot;Generative artificial intelligence&quot; means a machine-based system that can, for a given set of human-defined objectives, emulate the structure and characteristics of input data in order to generate derived synthetic content including images, videos, audio, text, and other digital content.</p>\n   <p class=\"indent\">\n    <u class=\"amendmentInsertedText\">(b) &quot;Provenance data&quot; means information that records the origin of a piece of visual or audio digital content and the history of modifications to such content which is in a format that is compliant with widely adopted guidelines or specifications promulgated by an established standard-setting body. The term includes, but is not limited to, information identifying whether some or all of the content has been derived through generative artificial intelligence and, if so, the name of the generative artificial intelligence tool used to generate such content and the organization that developed such tool.</u>\n   </p>\n   <p class=\"indent\">\n    <u class=\"amendmentInsertedText\">(4) Any content regarding an election or purporting to feature a candidate which can be viewed, heard, or accessed online must carry digital provenance data.</u>\n   </p>\n   <p class=\"indent\">\n    <strike class=\"amendmentDeletedText\">(5)</strike>\n    <u class=\"amendmentInsertedText\">(4)</u>(a) In addition to any civil penalties provided by law, a person identified pursuant to another disclaimer required under this chapter as paying for, sponsoring, or approving a political advertisement, an electioneering communication, or an other miscellaneous advertisement of a political nature which is required to contain the disclaimer prescribed <u class=\"amendmentInsertedText\">under subsection (2)</u>\n    <strike class=\"amendmentDeletedText\">in this section</strike> and who fails to include the required disclaimer commits a misdemeanor of the first degree, punishable as provided in s. 775.082 or s. 775.083.</p>\n   <p class=\"indent\">(b) Any person may file a complaint with the Florida Elections Commission pursuant to s. 106.25 alleging a violation of this section. The commission shall adopt rules to provide an expedited hearing of complaints filed under this section, or, in cases referred to the Division of Administrative Hearings pursuant to s. 106.25(5), the director shall assign an administrative law judge to provide an expedited hearing.</p>\n   <p class=\"indent\">\n    <b>Section 2. Section 252.353, Florida Statutes, is created to read:</b>\n   </p>\n   <p class=\"indent\">\n    <u class=\"amendmentInsertedText\">252.353 Digital content provenance pilot program.&mdash;</u>\n   </p>\n   <p class=\"indent\">\n    <u class=\"amendmentInsertedText\">(1) There is established within the division a digital content provenance pilot program. The purpose of the pilot program is to enhance the security and authenticity of digital content used in emergency management operations through the inclusion of provenance data as defined in s. 106.145(1).</u>\n   </p>\n   <p class=\"indent\">\n    <u class=\"amendmentInsertedText\">(2) The division shall adopt rules necessary to implement the pilot program.</u>\n   </p>\n   <p class=\"indent\">\n    <u class=\"amendmentInsertedText\">(3) By December 1 of each year, the division shall submit to the President of the Senate and the Speaker of the House of Representatives a report that includes information concerning the pilot program and whether any changes should be made to the pilot program which would increase its effectiveness. In the report submitted by December 1, 2029, the division shall include a recommendation of whether the pilot program should be continued, terminated, or expanded.</u>\n   </p>\n   <p class=\"indent\">\n    <u class=\"amendmentInsertedText\">(4) This section shall stand repealed on June 30, 2030, unless reviewed and saved from appeal through reenactment by the Legislature.</u>\n   </p>\n   <p class=\"indent\">\n    <b>Section 3. Section 501.9741, Florida Statutes, is created to read:</b>\n   </p>\n   <p class=\"indent\">\n    <u class=\"amendmentInsertedText\">501.9741 Provenance data of digital content</u>.&mdash;</p>\n   <p class=\"indent\">\n    <u class=\"amendmentInsertedText\">(1) As used in this section, the term:</u>\n   </p>\n   <p class=\"indent\">\n    <u class=\"amendmentInsertedText\">(a) &quot;Application tool&quot; means a tool or service that enables the user to apply provenance data, either directly or through the use of third-party technology, to any data that has been modified to include synthetic content.</u>\n   </p>\n   <p class=\"indent\">\n    <u class=\"amendmentInsertedText\">(b) &quot;Capture device&quot; means a device that can record any visual or audio digital content, including, but not limited to, a camera, a cellular phone with a camera, a microphone, or an audio or video recorder.</u>\n   </p>\n   <p class=\"indent\">\n    <u class=\"amendmentInsertedText\">(c) &quot;Generative artificial intelligence&quot; has the same meaning as in s. 106.145(1).</u>\n   </p>\n   <p class=\"indent\">\n    <u class=\"amendmentInsertedText\">(d) &quot;Generative artificial intelligence tool&quot; means a product or feature that uses generative artificial intelligence to create visual or audio digital content.</u>\n   </p>\n   <p class=\"indent\">\n    <u class=\"amendmentInsertedText\">(e) &quot;Provenance data&quot; has the same meaning as in s. 106.145(1).</u>\n   </p>\n   <p class=\"indent\">\n    <u class=\"amendmentInsertedText\">(f) &quot;Provenance reader&quot; means a tool or service that allows users to identify the provenance data of visual or audio digital content.</u>\n   </p>\n   <p class=\"indent\">\n    <u class=\"amendmentInsertedText\">(2) Provenance data must be included on any synthetic data wholly created by a generative artificial intelligence tool. The provider of such artificial intelligence tool must make available to the public:</u>\n   </p>\n   <p class=\"indent\">\n    <u class=\"amendmentInsertedText\">1. An application tool.</u>\n   </p>\n   <p class=\"indent\">\n    <u class=\"amendmentInsertedText\">2. A free provenance reader.</u>\n   </p>\n   <p class=\"indent\">\n    <u class=\"amendmentInsertedText\">(3) A social media platform as defined in s. 501.2041(1) must retain all available provenance data of visual or digital content provided to or posted on such platform and make such data available to users of the platform through a conspicuous indicator.</u>\n   </p>\n   <p class=\"indent\">\n    <u class=\"amendmentInsertedText\">(4) A capture device sold in this state must allow an option to include provenance data on any visual or audio content recorded with such device. The manufacturer of a capture device must ensure that such provenance data can be read by third-party applications.</u>\n   </p>\n   <p class=\"indent\">\n    <u class=\"amendmentInsertedText\">(5) A violation of this section constitutes an unfair or deceptive act or practice as specified in s. 501.204.</u>\n   </p>\n   <p class=\"indent\">\n    <b>Section 4.</b> This act shall take effect July 1, 2025.</p>\n  </div>\n </div>\n    </div>\t\n<table cellpadding=0 cellspacing=0 width=\"100%\">\n   <tr>\n      <td>\n          Copyright &copy; 2025 State Net\n      </td>\n<BR>\n<!--???MOVED INTO resources.cgi      <td align=\"right\">\n          <img src=\"https://custom.statenet.com/network/poweredby.gif\" alt=\"Powered by State Net\">\n      </td>-->\n\n    </tr>\n</table>\n</body></html>\n",
      "markdown": "The following has special meaning: _green underline denotes added text_ ~~red struck out text denotes deleted text~~ | [![Powered by State Net](https://custom.statenet.com/network/poweredby.gif)](https://www.lexisnexis.com/statenet/)  \n---|---  \n  \n2025 FL H 369 | | Author: | McFarland  \n---|---  \nVersion: | Prefiled  \nVersion Date: | 02/04/2025  \n  \nHB 369\n\n2025\n\nA bill to be entitled\n\nAn act relating to provenance of digital content; amending s. 106.145, F.S.;\ndefining the term \"provenance data\"; requiring certain content include\nprovenance data; creating s. 252.353, F.S.; creating a pilot program within\nthe Division of Emergency Management; requiring rulemaking; requiring the\ndivision to submit to specified persons an annual report; providing\nrequirements for such report; providing for future repeal; creating s.\n501.9741, F.S.; providing definitions; requiring provenance data be included\nwith certain data; requiring providers of certain artificial intelligence\ntools to make available application tools and provenance readers; requiring\ncertain social media platforms retain and make available certain provenance\ndata; requiring certain capture devices to allow the inclusion of provenance\ndata; providing a requirement for the manufacturer of such device; providing\nthat a violation constitutes an unfair or deceptive act or practice; providing\nan effective date.\n\nBe It Enacted by the Legislature of the State of Florida:\n\n**Section 1. Subsection (4) of section 106.145, Florida Statutes, is\nrenumbered as subsection (5), subsection (1) and present subsection (4) are\namended, and a new subsection (4) is added to that section, to read:**\n\n106.145 Use of artificial intelligence.--\n\n(1) As used in this section, the term _:_\n\n_(a)_ \"Generative artificial intelligence\" means a machine-based system that\ncan, for a given set of human-defined objectives, emulate the structure and\ncharacteristics of input data in order to generate derived synthetic content\nincluding images, videos, audio, text, and other digital content.\n\n_(b) \"Provenance data\" means information that records the origin of a piece of\nvisual or audio digital content and the history of modifications to such\ncontent which is in a format that is compliant with widely adopted guidelines\nor specifications promulgated by an established standard-setting body. The\nterm includes, but is not limited to, information identifying whether some or\nall of the content has been derived through generative artificial intelligence\nand, if so, the name of the generative artificial intelligence tool used to\ngenerate such content and the organization that developed such tool._\n\n_(4) Any content regarding an election or purporting to feature a candidate\nwhich can be viewed, heard, or accessed online must carry digital provenance\ndata._\n\n~~(5)~~ _(4)_(a) In addition to any civil penalties provided by law, a person\nidentified pursuant to another disclaimer required under this chapter as\npaying for, sponsoring, or approving a political advertisement, an\nelectioneering communication, or an other miscellaneous advertisement of a\npolitical nature which is required to contain the disclaimer prescribed _under\nsubsection (2)_ ~~in this section~~ and who fails to include the required\ndisclaimer commits a misdemeanor of the first degree, punishable as provided\nin s. 775.082 or s. 775.083.\n\n(b) Any person may file a complaint with the Florida Elections Commission\npursuant to s. 106.25 alleging a violation of this section. The commission\nshall adopt rules to provide an expedited hearing of complaints filed under\nthis section, or, in cases referred to the Division of Administrative Hearings\npursuant to s. 106.25(5), the director shall assign an administrative law\njudge to provide an expedited hearing.\n\n**Section 2. Section 252.353, Florida Statutes, is created to read:**\n\n_252.353 Digital content provenance pilot program. --_\n\n_(1) There is established within the division a digital content provenance\npilot program. The purpose of the pilot program is to enhance the security and\nauthenticity of digital content used in emergency management operations\nthrough the inclusion of provenance data as defined in s. 106.145(1)._\n\n_(2) The division shall adopt rules necessary to implement the pilot program._\n\n_(3) By December 1 of each year, the division shall submit to the President of\nthe Senate and the Speaker of the House of Representatives a report that\nincludes information concerning the pilot program and whether any changes\nshould be made to the pilot program which would increase its effectiveness. In\nthe report submitted by December 1, 2029, the division shall include a\nrecommendation of whether the pilot program should be continued, terminated,\nor expanded._\n\n_(4) This section shall stand repealed on June 30, 2030, unless reviewed and\nsaved from appeal through reenactment by the Legislature._\n\n**Section 3. Section 501.9741, Florida Statutes, is created to read:**\n\n_501.9741 Provenance data of digital content_.--\n\n_(1) As used in this section, the term:_\n\n_(a) \"Application tool\" means a tool or service that enables the user to apply\nprovenance data, either directly or through the use of third-party technology,\nto any data that has been modified to include synthetic content._\n\n_(b) \"Capture device\" means a device that can record any visual or audio\ndigital content, including, but not limited to, a camera, a cellular phone\nwith a camera, a microphone, or an audio or video recorder._\n\n_(c) \"Generative artificial intelligence\" has the same meaning as in s.\n106.145(1)._\n\n_(d) \"Generative artificial intelligence tool\" means a product or feature that\nuses generative artificial intelligence to create visual or audio digital\ncontent._\n\n_(e) \"Provenance data\" has the same meaning as in s. 106.145(1)._\n\n_(f) \"Provenance reader\" means a tool or service that allows users to identify\nthe provenance data of visual or audio digital content._\n\n_(2) Provenance data must be included on any synthetic data wholly created by\na generative artificial intelligence tool. The provider of such artificial\nintelligence tool must make available to the public:_\n\n_1\\. An application tool._\n\n_2\\. A free provenance reader._\n\n_(3) A social media platform as defined in s. 501.2041(1) must retain all\navailable provenance data of visual or digital content provided to or posted\non such platform and make such data available to users of the platform through\na conspicuous indicator._\n\n_(4) A capture device sold in this state must allow an option to include\nprovenance data on any visual or audio content recorded with such device. The\nmanufacturer of a capture device must ensure that such provenance data can be\nread by third-party applications._\n\n_(5) A violation of this section constitutes an unfair or deceptive act or\npractice as specified in s. 501.204._\n\n**Section 4.** This act shall take effect July 1, 2025.\n\nCopyright (C) 2025 State Net  \n  \n---\n\n",
      "latest_version": false
    },
    {
      "date": "03/04/2025",
      "label": "Introduced",
      "url": "https://custom.statenet.com/public/resources.cgi?mode=show_text&id=ID:bill:FL2025000H369&verid=FL2025000H369_20250304_0_I&",
      "raw_html": "<html>\n<head>\n<title>Bill Resource</title>\n\n<!--   <link href=\"https://custom.statenet.com/network/Common/css/extregtext.css\" rel=\"stylesheet\" type=\"text/css\" />-->\n   <link href=\"https://custom.statenet.com/network/Common/css/xmltext-2.0.css\" rel=\"stylesheet\" type=\"text/css\" />\n   <link href=\"https://custom.statenet.com/network/Common/css/additional-text.css\" rel=\"stylesheet\" type=\"text/css\" />\n\n\t<style type=\"text/css\">\n<!--\n\ntd, body {\n     background-color: white;\n\tfont-family: Verdana, Arial, Helvetica, sans-serif;\n\tfont-size: 12px;\n}\n\n.resourceContainer {\n   border: 1px solid black;\n}\n-->\n</style>\n</head>\n<body>\n\n    <div style=\"width: 750px; margin: auto\">\n       <div style=\"font-size: .8em;margin-bottom: 10px\"><table width=\"100%\"><tr><td align=\"left\" style=\"font-size: .8em;\"><div>The following has special meaning:</div>\n<div><u class=\"amendmentInsertedText\">green underline denotes added text</u></div>\n<div><strike class=\"amendmentDeletedText\">red struck out text denotes deleted text</strike></div></td> <td align=\"right\"><a href=\"https://www.lexisnexis.com/statenet/\"><img alt=\"Powered by State Net\" src=\"https://custom.statenet.com/network/poweredby.gif\" /></a></td></tr></table></div><table id=\"text-identifier\"><tr><td class=\"key\">2025 FL H 369</td> <td><table><tr><td class=\"label\">Author:</td> <td>McFarland</td></tr> <tr><td class=\"label\">Version:</td> <td>Introduced</td></tr> <tr><td class=\"label\">Version Date:</td> <td>03/04/2025</td></tr></table></td></tr></table><div class=\"documentBody\">\n  <a name=\"head_document_section\"></a><div class=\"head\">\n   <p class=\"indent\">HB 369</p>\n   <p class=\"right\">2025</p>\n  </div>\n  <a name=\"code_document_section\"></a><div class=\"code\">\n   <p class=\"center\">A bill to be entitled</p>\n   <p class=\"indent\">An act relating to provenance of digital content; amending s. 106.145, F.S.; defining the term &quot;provenance data&quot;; requiring certain content include provenance data; creating s. 252.353, F.S.; creating a pilot program within the Division of Emergency Management; requiring rulemaking; requiring the division to submit to specified persons an annual report; providing requirements for such report; providing for future repeal; creating s. 501.9741, F.S.; providing definitions; requiring provenance data be included with certain data; requiring providers of certain artificial intelligence tools to make available application tools and provenance readers; requiring certain social media platforms retain and make available certain provenance data; requiring certain capture devices to allow the inclusion of provenance data; providing a requirement for the manufacturer of such device; providing that a violation constitutes an unfair or deceptive act or practice; providing an effective date.</p>\n  </div>\n  <a name=\"text_document_section\"></a><div class=\"text\">\n   <span>\n    <p class=\"indent\">Be It Enacted by the Legislature of the State of Florida:</p>\n   </span>\n   <p class=\"indent\">\n    <b>Section 1. Subsection (4) of section 106.145, Florida Statutes, is renumbered as subsection (5), subsection (1) and present subsection (4) are amended, and a new subsection (4) is added to that section, to read:</b>\n   </p>\n   <p class=\"indent\">106.145 Use of artificial intelligence.&mdash;</p>\n   <p class=\"indent\">(1) As used in this section, the term<u class=\"amendmentInsertedText\">:</u>\n   </p>\n   <p class=\"indent\">\n    <u class=\"amendmentInsertedText\">(a)</u> &quot;Generative artificial intelligence&quot; means a machine-based system that can, for a given set of human-defined objectives, emulate the structure and characteristics of input data in order to generate derived synthetic content including images, videos, audio, text, and other digital content.</p>\n   <p class=\"indent\">\n    <u class=\"amendmentInsertedText\">(b) &quot;Provenance data&quot; means information that records the origin of a piece of visual or audio digital content and the history of modifications to such content which is in a format that is compliant with widely adopted guidelines or specifications promulgated by an established standard-setting body. The term includes, but is not limited to, information identifying whether some or all of the content has been derived through generative artificial intelligence and, if so, the name of the generative artificial intelligence tool used to generate such content and the organization that developed such tool.</u>\n   </p>\n   <p class=\"indent\">\n    <u class=\"amendmentInsertedText\">(4) Any content regarding an election or purporting to feature a candidate which can be viewed, heard, or accessed online must carry digital provenance data.</u>\n   </p>\n   <p class=\"indent\">\n    <strike class=\"amendmentDeletedText\">(5)</strike>\n    <u class=\"amendmentInsertedText\">(4)</u>(a) In addition to any civil penalties provided by law, a person identified pursuant to another disclaimer required under this chapter as paying for, sponsoring, or approving a political advertisement, an electioneering communication, or an other miscellaneous advertisement of a political nature which is required to contain the disclaimer prescribed <u class=\"amendmentInsertedText\">under subsection (2)</u>\n    <strike class=\"amendmentDeletedText\">in this section</strike> and who fails to include the required disclaimer commits a misdemeanor of the first degree, punishable as provided in s. 775.082 or s. 775.083.</p>\n   <p class=\"indent\">(b) Any person may file a complaint with the Florida Elections Commission pursuant to s. 106.25 alleging a violation of this section. The commission shall adopt rules to provide an expedited hearing of complaints filed under this section, or, in cases referred to the Division of Administrative Hearings pursuant to s. 106.25(5), the director shall assign an administrative law judge to provide an expedited hearing.</p>\n   <p class=\"indent\">\n    <b>Section 2. Section 252.353, Florida Statutes, is created to read:</b>\n   </p>\n   <p class=\"indent\">\n    <u class=\"amendmentInsertedText\">252.353 Digital content provenance pilot program.&mdash;</u>\n   </p>\n   <p class=\"indent\">\n    <u class=\"amendmentInsertedText\">(1) There is established within the division a digital content provenance pilot program. The purpose of the pilot program is to enhance the security and authenticity of digital content used in emergency management operations through the inclusion of provenance data as defined in s. 106.145(1).</u>\n   </p>\n   <p class=\"indent\">\n    <u class=\"amendmentInsertedText\">(2) The division shall adopt rules necessary to implement the pilot program.</u>\n   </p>\n   <p class=\"indent\">\n    <u class=\"amendmentInsertedText\">(3) By December 1 of each year, the division shall submit to the President of the Senate and the Speaker of the House of Representatives a report that includes information concerning the pilot program and whether any changes should be made to the pilot program which would increase its effectiveness. In the report submitted by December 1, 2029, the division shall include a recommendation of whether the pilot program should be continued, terminated, or expanded.</u>\n   </p>\n   <p class=\"indent\">\n    <u class=\"amendmentInsertedText\">(4) This section shall stand repealed on June 30, 2030, unless reviewed and saved from appeal through reenactment by the Legislature.</u>\n   </p>\n   <p class=\"indent\">\n    <b>Section 3. Section 501.9741, Florida Statutes, is created to read:</b>\n   </p>\n   <p class=\"indent\">\n    <u class=\"amendmentInsertedText\">501.9741 Provenance data of digital content</u>.&mdash;</p>\n   <p class=\"indent\">\n    <u class=\"amendmentInsertedText\">(1) As used in this section, the term:</u>\n   </p>\n   <p class=\"indent\">\n    <u class=\"amendmentInsertedText\">(a) &quot;Application tool&quot; means a tool or service that enables the user to apply provenance data, either directly or through the use of third-party technology, to any data that has been modified to include synthetic content.</u>\n   </p>\n   <p class=\"indent\">\n    <u class=\"amendmentInsertedText\">(b) &quot;Capture device&quot; means a device that can record any visual or audio digital content, including, but not limited to, a camera, a cellular phone with a camera, a microphone, or an audio or video recorder.</u>\n   </p>\n   <p class=\"indent\">\n    <u class=\"amendmentInsertedText\">(c) &quot;Generative artificial intelligence&quot; has the same meaning as in s. 106.145(1).</u>\n   </p>\n   <p class=\"indent\">\n    <u class=\"amendmentInsertedText\">(d) &quot;Generative artificial intelligence tool&quot; means a product or feature that uses generative artificial intelligence to create visual or audio digital content.</u>\n   </p>\n   <p class=\"indent\">\n    <u class=\"amendmentInsertedText\">(e) &quot;Provenance data&quot; has the same meaning as in s. 106.145(1).</u>\n   </p>\n   <p class=\"indent\">\n    <u class=\"amendmentInsertedText\">(f) &quot;Provenance reader&quot; means a tool or service that allows users to identify the provenance data of visual or audio digital content.</u>\n   </p>\n   <p class=\"indent\">\n    <u class=\"amendmentInsertedText\">(2) Provenance data must be included on any synthetic data wholly created by a generative artificial intelligence tool. The provider of such artificial intelligence tool must make available to the public:</u>\n   </p>\n   <p class=\"indent\">\n    <u class=\"amendmentInsertedText\">1. An application tool.</u>\n   </p>\n   <p class=\"indent\">\n    <u class=\"amendmentInsertedText\">2. A free provenance reader.</u>\n   </p>\n   <p class=\"indent\">\n    <u class=\"amendmentInsertedText\">(3) A social media platform as defined in s. 501.2041(1) must retain all available provenance data of visual or digital content provided to or posted on such platform and make such data available to users of the platform through a conspicuous indicator.</u>\n   </p>\n   <p class=\"indent\">\n    <u class=\"amendmentInsertedText\">(4) A capture device sold in this state must allow an option to include provenance data on any visual or audio content recorded with such device. The manufacturer of a capture device must ensure that such provenance data can be read by third-party applications.</u>\n   </p>\n   <p class=\"indent\">\n    <u class=\"amendmentInsertedText\">(5) A violation of this section constitutes an unfair or deceptive act or practice as specified in s. 501.204.</u>\n   </p>\n   <p class=\"indent\">\n    <b>Section 4.</b> This act shall take effect July 1, 2025.</p>\n  </div>\n </div>\n    </div>\t\n<table cellpadding=0 cellspacing=0 width=\"100%\">\n   <tr>\n      <td>\n          Copyright &copy; 2025 State Net\n      </td>\n<BR>\n<!--???MOVED INTO resources.cgi      <td align=\"right\">\n          <img src=\"https://custom.statenet.com/network/poweredby.gif\" alt=\"Powered by State Net\">\n      </td>-->\n\n    </tr>\n</table>\n</body></html>\n",
      "markdown": "The following has special meaning: _green underline denotes added text_ ~~red struck out text denotes deleted text~~ | [![Powered by State Net](https://custom.statenet.com/network/poweredby.gif)](https://www.lexisnexis.com/statenet/)  \n---|---  \n  \n2025 FL H 369 | | Author: | McFarland  \n---|---  \nVersion: | Introduced  \nVersion Date: | 03/04/2025  \n  \nHB 369\n\n2025\n\nA bill to be entitled\n\nAn act relating to provenance of digital content; amending s. 106.145, F.S.;\ndefining the term \"provenance data\"; requiring certain content include\nprovenance data; creating s. 252.353, F.S.; creating a pilot program within\nthe Division of Emergency Management; requiring rulemaking; requiring the\ndivision to submit to specified persons an annual report; providing\nrequirements for such report; providing for future repeal; creating s.\n501.9741, F.S.; providing definitions; requiring provenance data be included\nwith certain data; requiring providers of certain artificial intelligence\ntools to make available application tools and provenance readers; requiring\ncertain social media platforms retain and make available certain provenance\ndata; requiring certain capture devices to allow the inclusion of provenance\ndata; providing a requirement for the manufacturer of such device; providing\nthat a violation constitutes an unfair or deceptive act or practice; providing\nan effective date.\n\nBe It Enacted by the Legislature of the State of Florida:\n\n**Section 1. Subsection (4) of section 106.145, Florida Statutes, is\nrenumbered as subsection (5), subsection (1) and present subsection (4) are\namended, and a new subsection (4) is added to that section, to read:**\n\n106.145 Use of artificial intelligence.--\n\n(1) As used in this section, the term _:_\n\n_(a)_ \"Generative artificial intelligence\" means a machine-based system that\ncan, for a given set of human-defined objectives, emulate the structure and\ncharacteristics of input data in order to generate derived synthetic content\nincluding images, videos, audio, text, and other digital content.\n\n_(b) \"Provenance data\" means information that records the origin of a piece of\nvisual or audio digital content and the history of modifications to such\ncontent which is in a format that is compliant with widely adopted guidelines\nor specifications promulgated by an established standard-setting body. The\nterm includes, but is not limited to, information identifying whether some or\nall of the content has been derived through generative artificial intelligence\nand, if so, the name of the generative artificial intelligence tool used to\ngenerate such content and the organization that developed such tool._\n\n_(4) Any content regarding an election or purporting to feature a candidate\nwhich can be viewed, heard, or accessed online must carry digital provenance\ndata._\n\n~~(5)~~ _(4)_(a) In addition to any civil penalties provided by law, a person\nidentified pursuant to another disclaimer required under this chapter as\npaying for, sponsoring, or approving a political advertisement, an\nelectioneering communication, or an other miscellaneous advertisement of a\npolitical nature which is required to contain the disclaimer prescribed _under\nsubsection (2)_ ~~in this section~~ and who fails to include the required\ndisclaimer commits a misdemeanor of the first degree, punishable as provided\nin s. 775.082 or s. 775.083.\n\n(b) Any person may file a complaint with the Florida Elections Commission\npursuant to s. 106.25 alleging a violation of this section. The commission\nshall adopt rules to provide an expedited hearing of complaints filed under\nthis section, or, in cases referred to the Division of Administrative Hearings\npursuant to s. 106.25(5), the director shall assign an administrative law\njudge to provide an expedited hearing.\n\n**Section 2. Section 252.353, Florida Statutes, is created to read:**\n\n_252.353 Digital content provenance pilot program. --_\n\n_(1) There is established within the division a digital content provenance\npilot program. The purpose of the pilot program is to enhance the security and\nauthenticity of digital content used in emergency management operations\nthrough the inclusion of provenance data as defined in s. 106.145(1)._\n\n_(2) The division shall adopt rules necessary to implement the pilot program._\n\n_(3) By December 1 of each year, the division shall submit to the President of\nthe Senate and the Speaker of the House of Representatives a report that\nincludes information concerning the pilot program and whether any changes\nshould be made to the pilot program which would increase its effectiveness. In\nthe report submitted by December 1, 2029, the division shall include a\nrecommendation of whether the pilot program should be continued, terminated,\nor expanded._\n\n_(4) This section shall stand repealed on June 30, 2030, unless reviewed and\nsaved from appeal through reenactment by the Legislature._\n\n**Section 3. Section 501.9741, Florida Statutes, is created to read:**\n\n_501.9741 Provenance data of digital content_.--\n\n_(1) As used in this section, the term:_\n\n_(a) \"Application tool\" means a tool or service that enables the user to apply\nprovenance data, either directly or through the use of third-party technology,\nto any data that has been modified to include synthetic content._\n\n_(b) \"Capture device\" means a device that can record any visual or audio\ndigital content, including, but not limited to, a camera, a cellular phone\nwith a camera, a microphone, or an audio or video recorder._\n\n_(c) \"Generative artificial intelligence\" has the same meaning as in s.\n106.145(1)._\n\n_(d) \"Generative artificial intelligence tool\" means a product or feature that\nuses generative artificial intelligence to create visual or audio digital\ncontent._\n\n_(e) \"Provenance data\" has the same meaning as in s. 106.145(1)._\n\n_(f) \"Provenance reader\" means a tool or service that allows users to identify\nthe provenance data of visual or audio digital content._\n\n_(2) Provenance data must be included on any synthetic data wholly created by\na generative artificial intelligence tool. The provider of such artificial\nintelligence tool must make available to the public:_\n\n_1\\. An application tool._\n\n_2\\. A free provenance reader._\n\n_(3) A social media platform as defined in s. 501.2041(1) must retain all\navailable provenance data of visual or digital content provided to or posted\non such platform and make such data available to users of the platform through\na conspicuous indicator._\n\n_(4) A capture device sold in this state must allow an option to include\nprovenance data on any visual or audio content recorded with such device. The\nmanufacturer of a capture device must ensure that such provenance data can be\nread by third-party applications._\n\n_(5) A violation of this section constitutes an unfair or deceptive act or\npractice as specified in s. 501.204._\n\n**Section 4.** This act shall take effect July 1, 2025.\n\nCopyright (C) 2025 State Net  \n  \n---\n\n",
      "latest_version": false
    },
    {
      "date": "03/20/2025",
      "label": "Substituted",
      "url": "https://custom.statenet.com/public/resources.cgi?mode=show_text&id=ID:bill:FL2025000H369&verid=FL2025000H369_20250320_0_S&",
      "raw_html": "<html>\n<head>\n<title>Bill Resource</title>\n\n<!--   <link href=\"https://custom.statenet.com/network/Common/css/extregtext.css\" rel=\"stylesheet\" type=\"text/css\" />-->\n   <link href=\"https://custom.statenet.com/network/Common/css/xmltext-2.0.css\" rel=\"stylesheet\" type=\"text/css\" />\n   <link href=\"https://custom.statenet.com/network/Common/css/additional-text.css\" rel=\"stylesheet\" type=\"text/css\" />\n\n\t<style type=\"text/css\">\n<!--\n\ntd, body {\n     background-color: white;\n\tfont-family: Verdana, Arial, Helvetica, sans-serif;\n\tfont-size: 12px;\n}\n\n.resourceContainer {\n   border: 1px solid black;\n}\n-->\n</style>\n</head>\n<body>\n\n    <div style=\"width: 750px; margin: auto\">\n       <div style=\"font-size: .8em;margin-bottom: 10px\"><table width=\"100%\"><tr><td align=\"left\" style=\"font-size: .8em;\"><div>The following has special meaning:</div>\n<div><u class=\"amendmentInsertedText\">green underline denotes added text</u></div>\n<div><strike class=\"amendmentDeletedText\">red struck out text denotes deleted text</strike></div></td> <td align=\"right\"><a href=\"https://www.lexisnexis.com/statenet/\"><img alt=\"Powered by State Net\" src=\"https://custom.statenet.com/network/poweredby.gif\" /></a></td></tr></table></div><table id=\"text-identifier\"><tr><td class=\"key\">2025 FL H 369</td> <td><table><tr><td class=\"label\">Author:</td> <td>McFarland</td></tr> <tr><td class=\"label\">Version:</td> <td>Substituted</td></tr> <tr><td class=\"label\">Version Date:</td> <td>03/20/2025</td></tr></table></td></tr></table><div class=\"documentBody\">\n  <a name=\"head_document_section\"></a><div class=\"head\">\n   <p class=\"left\">CS/HB 369</p>\n   <p class=\"right\">2025</p>\n  </div>\n  <a name=\"code_document_section\"></a><div class=\"code\">\n   <p class=\"center\">A bill to be entitled</p>\n   <p class=\"indent\">An act relating to provenance of digital content; creating s. 501.9741, F.S.; providing definitions; requiring certain artificial intelligence providers to make provenance data available through specified options; requiring such providers to make provenance readers available in a specified manner; requiring certain social media platforms to retain and make available certain provenance data; providing applicability; providing that a violation constitutes an unfair or deceptive act or practice; providing an effective date.</p>\n  </div>\n  <a name=\"text_document_section\"></a><div class=\"text\">\n   <span>\n    <p class=\"indent\">Be It Enacted by the Legislature of the State of Florida:</p>\n   </span>\n   <p class=\"indent\">\n    <b>Section 1. Section 501.9741, Florida Statutes, is created to read:</b>\n   </p>\n   <p class=\"indent\">\n    <u class=\"amendmentInsertedText\">501.9741 Provenance data of digital content.--</u>\n   </p>\n   <p class=\"indent\">\n    <u class=\"amendmentInsertedText\">(1) As used in this section, the term:</u>\n   </p>\n   <p class=\"indent\">\n    <u class=\"amendmentInsertedText\">(a) &quot;Generative artificial intelligence&quot; has the same meaning as in s. 106.145(1).</u>\n   </p>\n   <p class=\"indent\">\n    <u class=\"amendmentInsertedText\">(b) &quot;Generative artificial intelligence model&quot; means an artificial intelligence system designed to generate new data or content based on the patterns or structures of its training data. The term does not include capabilities primarily intended for classifications, predictions, or labeling.</u>\n   </p>\n   <p class=\"indent\">\n    <u class=\"amendmentInsertedText\">(c) &quot;Generative artificial intelligence provider&quot; means an organization that develops a generative artificial intelligence tool that is publicly available.</u>\n   </p>\n   <p class=\"indent\">\n    <u class=\"amendmentInsertedText\">(d) &quot;Generative artificial intelligence tool&quot; means a product or feature that provides the outputs from a generative artificial intelligence model to end users.</u>\n   </p>\n   <p class=\"indent\">\n    <u class=\"amendmentInsertedText\">(e) &quot;Provenance application tool&quot; means a tool or online service that allows users to apply provenance data.</u>\n   </p>\n   <p class=\"indent\">\n    <u class=\"amendmentInsertedText\">(f) &quot;Provenance data&quot; means information about the origin of digital content and the history of modifications to such content in a format that is compliant with widely adopted guidelines or specifications promulgated by an established standard-setting body. Provenance data must indicate whether some or all of the content is synthetic content. If there is synthetic content, the provenance data must identify the name of the generative artificial intelligence provider whose generative artificial intelligence tool generated the synthetic data. Provenance data shall not include any personally identifying information, unique device, system, or service information that is reasonably capable of being associated with a particular user, unless directed by the user.</u>\n   </p>\n   <p class=\"indent\">\n    <u class=\"amendmentInsertedText\">(g) &quot;Provenance reader&quot; means a tool or service that allows users to view provenance data.</u>\n   </p>\n   <p class=\"indent\">\n    <u class=\"amendmentInsertedText\">(h) &quot;Social media platform&quot; means an online forum, a website, or an application that allows users to upload content or view content or activity of other users. The term does not include an online service, a website, or an application the exclusive function of which is e-mail or direct messaging consisting of text, photographs, pictures, images, or videos shared only between the sender and the recipients without displaying or posting publicly to other users who are not specifically identified by the sender as the recipients.</u>\n   </p>\n   <p class=\"indent\">\n    <u class=\"amendmentInsertedText\">(i) &quot;Synthetic content&quot; means any visual or audio content that has been produced or modified by a generative artificial intelligence tool.</u>\n   </p>\n   <p class=\"indent\">\n    <u class=\"amendmentInsertedText\">(2) A generative artificial intelligence provider shall:</u>\n   </p>\n   <p class=\"indent\">\n    <u class=\"amendmentInsertedText\">(a) Make available a provenance application tool that enables the user to apply provenance data, either directly or through the use of third-party technology, to content that has been generated or modified to include synthetic content; or</u>\n   </p>\n   <p class=\"indent\">\n    <u class=\"amendmentInsertedText\">(b) Apply provenance data, either directly or through the use of third-party technology, to content that has been generated or modified to include synthetic content.</u>\n   </p>\n   <p class=\"indent\">\n    <u class=\"amendmentInsertedText\">(3) A generative artificial intelligence provider shall make available to the public for free, either directly or through the use of third-party technology, a provenance reader.</u>\n   </p>\n   <p class=\"indent\">\n    <u class=\"amendmentInsertedText\">(4) A social media platform must retain all available provenance data of content uploaded to or posted on such platform, and make available to the users of the platform such provenance data in a readable format directly or through a conspicuous indicator that allows a user to access the provenance data or both. This requirement does not apply in cases of the user&#39;s removal of provenance data.</u>\n   </p>\n   <p class=\"indent\">\n    <u class=\"amendmentInsertedText\">(5) A violation of this section constitutes an unfair or deceptive act or practice as specified in s. 501.204 and shall be exclusively enforced in a civil action by the Attorney General. The Department of Legal Affairs must notify the generative artificial intelligence provider or the social media platform of any suspected violation and allow the provider or platform 30 calendar days to cure the alleged violation before initiating enforcement action. This section does not create a private right of action.</u>\n   </p>\n   <p class=\"indent\">\n    <b>Section 2.</b> This act shall take effect July 1, 2026.</p>\n  </div>\n </div>\n    </div>\t\n<table cellpadding=0 cellspacing=0 width=\"100%\">\n   <tr>\n      <td>\n          Copyright &copy; 2025 State Net\n      </td>\n<BR>\n<!--???MOVED INTO resources.cgi      <td align=\"right\">\n          <img src=\"https://custom.statenet.com/network/poweredby.gif\" alt=\"Powered by State Net\">\n      </td>-->\n\n    </tr>\n</table>\n</body></html>\n",
      "markdown": "The following has special meaning: _green underline denotes added text_ ~~red struck out text denotes deleted text~~ | [![Powered by State Net](https://custom.statenet.com/network/poweredby.gif)](https://www.lexisnexis.com/statenet/)  \n---|---  \n  \n2025 FL H 369 | | Author: | McFarland  \n---|---  \nVersion: | Substituted  \nVersion Date: | 03/20/2025  \n  \nCS/HB 369\n\n2025\n\nA bill to be entitled\n\nAn act relating to provenance of digital content; creating s. 501.9741, F.S.;\nproviding definitions; requiring certain artificial intelligence providers to\nmake provenance data available through specified options; requiring such\nproviders to make provenance readers available in a specified manner;\nrequiring certain social media platforms to retain and make available certain\nprovenance data; providing applicability; providing that a violation\nconstitutes an unfair or deceptive act or practice; providing an effective\ndate.\n\nBe It Enacted by the Legislature of the State of Florida:\n\n**Section 1. Section 501.9741, Florida Statutes, is created to read:**\n\n_501.9741 Provenance data of digital content.--_\n\n_(1) As used in this section, the term:_\n\n_(a) \"Generative artificial intelligence\" has the same meaning as in s.\n106.145(1)._\n\n_(b) \"Generative artificial intelligence model\" means an artificial\nintelligence system designed to generate new data or content based on the\npatterns or structures of its training data. The term does not include\ncapabilities primarily intended for classifications, predictions, or\nlabeling._\n\n_(c) \"Generative artificial intelligence provider\" means an organization that\ndevelops a generative artificial intelligence tool that is publicly\navailable._\n\n_(d) \"Generative artificial intelligence tool\" means a product or feature that\nprovides the outputs from a generative artificial intelligence model to end\nusers._\n\n_(e) \"Provenance application tool\" means a tool or online service that allows\nusers to apply provenance data._\n\n_(f) \"Provenance data\" means information about the origin of digital content\nand the history of modifications to such content in a format that is compliant\nwith widely adopted guidelines or specifications promulgated by an established\nstandard-setting body. Provenance data must indicate whether some or all of\nthe content is synthetic content. If there is synthetic content, the\nprovenance data must identify the name of the generative artificial\nintelligence provider whose generative artificial intelligence tool generated\nthe synthetic data. Provenance data shall not include any personally\nidentifying information, unique device, system, or service information that is\nreasonably capable of being associated with a particular user, unless directed\nby the user._\n\n_(g) \"Provenance reader\" means a tool or service that allows users to view\nprovenance data._\n\n_(h) \"Social media platform\" means an online forum, a website, or an\napplication that allows users to upload content or view content or activity of\nother users. The term does not include an online service, a website, or an\napplication the exclusive function of which is e-mail or direct messaging\nconsisting of text, photographs, pictures, images, or videos shared only\nbetween the sender and the recipients without displaying or posting publicly\nto other users who are not specifically identified by the sender as the\nrecipients._\n\n_(i) \"Synthetic content\" means any visual or audio content that has been\nproduced or modified by a generative artificial intelligence tool._\n\n_(2) A generative artificial intelligence provider shall:_\n\n_(a) Make available a provenance application tool that enables the user to\napply provenance data, either directly or through the use of third-party\ntechnology, to content that has been generated or modified to include\nsynthetic content; or_\n\n_(b) Apply provenance data, either directly or through the use of third-party\ntechnology, to content that has been generated or modified to include\nsynthetic content._\n\n_(3) A generative artificial intelligence provider shall make available to the\npublic for free, either directly or through the use of third-party technology,\na provenance reader._\n\n_(4) A social media platform must retain all available provenance data of\ncontent uploaded to or posted on such platform, and make available to the\nusers of the platform such provenance data in a readable format directly or\nthrough a conspicuous indicator that allows a user to access the provenance\ndata or both. This requirement does not apply in cases of the user 's removal\nof provenance data._\n\n_(5) A violation of this section constitutes an unfair or deceptive act or\npractice as specified in s. 501.204 and shall be exclusively enforced in a\ncivil action by the Attorney General. The Department of Legal Affairs must\nnotify the generative artificial intelligence provider or the social media\nplatform of any suspected violation and allow the provider or platform 30\ncalendar days to cure the alleged violation before initiating enforcement\naction. This section does not create a private right of action._\n\n**Section 2.** This act shall take effect July 1, 2026.\n\nCopyright (C) 2025 State Net  \n  \n---\n\n",
      "latest_version": false
    },
    {
      "date": "04/01/2025",
      "label": "Substituted",
      "url": "https://custom.statenet.com/public/resources.cgi?mode=show_text&id=ID:bill:FL2025000H369&verid=FL2025000H369_20250401_0_S&",
      "raw_html": "<html>\n<head>\n<title>Bill Resource</title>\n\n<!--   <link href=\"https://custom.statenet.com/network/Common/css/extregtext.css\" rel=\"stylesheet\" type=\"text/css\" />-->\n   <link href=\"https://custom.statenet.com/network/Common/css/xmltext-2.0.css\" rel=\"stylesheet\" type=\"text/css\" />\n   <link href=\"https://custom.statenet.com/network/Common/css/additional-text.css\" rel=\"stylesheet\" type=\"text/css\" />\n\n\t<style type=\"text/css\">\n<!--\n\ntd, body {\n     background-color: white;\n\tfont-family: Verdana, Arial, Helvetica, sans-serif;\n\tfont-size: 12px;\n}\n\n.resourceContainer {\n   border: 1px solid black;\n}\n-->\n</style>\n</head>\n<body>\n\n    <div style=\"width: 750px; margin: auto\">\n       <div style=\"font-size: .8em;margin-bottom: 10px\"><table width=\"100%\"><tr><td align=\"left\" style=\"font-size: .8em;\"><div>The following has special meaning:</div>\n<div><u class=\"amendmentInsertedText\">green underline denotes added text</u></div>\n<div><strike class=\"amendmentDeletedText\">red struck out text denotes deleted text</strike></div></td> <td align=\"right\"><a href=\"https://www.lexisnexis.com/statenet/\"><img alt=\"Powered by State Net\" src=\"https://custom.statenet.com/network/poweredby.gif\" /></a></td></tr></table></div><table id=\"text-identifier\"><tr><td class=\"key\">2025 FL H 369</td> <td><table><tr><td class=\"label\">Author:</td> <td>McFarland</td></tr> <tr><td class=\"label\">Version:</td> <td>Substituted</td></tr> <tr><td class=\"label\">Version Date:</td> <td>04/01/2025</td></tr></table></td></tr></table><div class=\"documentBody\">\n  <a name=\"head_document_section\"></a><div class=\"head\">\n   <p class=\"indent\">CS/CS/HB 369</p>\n   <p class=\"right\">2025</p>\n  </div>\n  <a name=\"code_document_section\"></a><div class=\"code\">\n   <p class=\"center\">A bill to be entitled</p>\n   <p class=\"indent\">An act relating to provenance of digital content; creating s. 501.9741, F.S.; providing definitions; requiring certain artificial intelligence providers to make provenance data available through specified options; requiring such providers to make provenance readers available in a specified manner; requiring certain social media platforms to retain and make available certain provenance data; providing applicability; providing that a violation constitutes an unfair or deceptive act or practice; providing an effective date. </p>\n  </div>\n  <a name=\"text_document_section\"></a><div class=\"text\">\n   <span>\n    <p class=\"indent\">Be It Enacted by the Legislature of the State of Florida: </p>\n   </span>\n   <p class=\"indent\">\n    <b>Section 1. Section 501.9741, Florida Statutes, is created </b>\n    <b>to read:</b>\n   </p>\n   <p class=\"indent\">\n    <u class=\"amendmentInsertedText\">501.9741 Provenance data of digital content.--</u>\n   </p>\n   <p class=\"indent\">\n    <u class=\"amendmentInsertedText\">(1) As used in this section, the term:</u>\n   </p>\n   <p class=\"indent\">\n    <u class=\"amendmentInsertedText\">(a) &quot;Generative artificial intelligence&quot; has the same meaning as in s. 106.145(1).</u>\n   </p>\n   <p class=\"indent\">\n    <u class=\"amendmentInsertedText\">(b) &quot;Generative artificial intelligence model&quot; means an artificial intelligence system designed to generate new data or content based on the patterns or structures of its training data. The term does not include capabilities primarily intended for classifications, predictions, or labeling.</u>\n   </p>\n   <p class=\"indent\">\n    <u class=\"amendmentInsertedText\">(c) &quot;Generative artificial intelligence provider&quot; means an organization that develops a generative artificial intelligence tool that is publicly available.</u>\n   </p>\n   <p class=\"indent\">\n    <u class=\"amendmentInsertedText\">(d) &quot;Generative artificial intelligence tool&quot; means a product or feature that provides the outputs from a generative artificial intelligence model to end users.</u>\n   </p>\n   <p class=\"indent\">\n    <u class=\"amendmentInsertedText\">(e) &quot;Provenance application tool&quot; means a tool or online service that allows users to apply provenance data.</u>\n   </p>\n   <p class=\"indent\">\n    <u class=\"amendmentInsertedText\">(f) &quot;Provenance data&quot; means information about the origin of digital content and the history of modifications to such content in a format that is compliant with widely adopted guidelines or specifications promulgated by an established standard-setting body. Provenance data must indicate whether some or all of the content is synthetic content. If there is synthetic content, the provenance data must identify the name of the generative artificial intelligence provider whose generative artificial intelligence tool generated the synthetic data. Provenance data shall not include any personally identifying information, unique device, system, or service information that is reasonably capable of being associated with a particular user, unless directed by the user.</u>\n   </p>\n   <p class=\"indent\">\n    <u class=\"amendmentInsertedText\">(g) &quot;Provenance reader&quot; means a tool or service that allows users to view provenance data.</u>\n   </p>\n   <p class=\"indent\">\n    <u class=\"amendmentInsertedText\">(h) &quot;Social media platform&quot; means an online forum, website, or application for which the primary function is to allow users to upload content or view content or activity of other users. The term does not include:</u>\n   </p>\n   <p class=\"indent\">\n    <u class=\"amendmentInsertedText\">1. An online service, website, or application where the exclusive function is e-mail or direct messaging consisting of text, photographs, pictures, images, or videos shared only between the sender and the recipients, without displaying or posting publicly to other users not specifically identified as the recipients by the sender; or</u>\n   </p>\n   <p class=\"indent\">\n    <u class=\"amendmentInsertedText\">2. An online service, website, or application, that consists primarily of news, sports, entertainment, or other information or content that is not user generated or uploaded but is preselected by the provider, and for which any chat, comments, or interactive functionality is incidental to, directly related to, or dependent on the provision of the content.</u>\n   </p>\n   <p class=\"indent\">\n    <u class=\"amendmentInsertedText\">(i) &quot;Synthetic content&quot; means any visual or audio content that has been produced or modified by a generative artificial intelligence tool.</u>\n   </p>\n   <p class=\"indent\">\n    <u class=\"amendmentInsertedText\">(2) A generative artificial intelligence provider shall:</u>\n   </p>\n   <p class=\"indent\">\n    <u class=\"amendmentInsertedText\">(a) Make available a provenance application tool that enables the user to apply provenance data, either directly or through the use of third-party technology, to content that has been generated or modified to include synthetic content; or</u>\n   </p>\n   <p class=\"indent\">\n    <u class=\"amendmentInsertedText\">(b) Apply provenance data, either directly or through the use of third-party technology, to content that has been generated or modified to include synthetic content.</u>\n   </p>\n   <p class=\"indent\">\n    <u class=\"amendmentInsertedText\">(3) A generative artificial intelligence provider subject to the requirements of subsection (2) shall also make available to the public for free, either directly or through the use of third-party technology, a provenance reader.</u>\n   </p>\n   <p class=\"indent\">\n    <u class=\"amendmentInsertedText\">(4) A social media platform must retain all available provenance data of content uploaded to or posted on such platform, and make available to the users of the platform such provenance data in a readable format directly or through a conspicuous indicator that allows a user to access the provenance data or both. This requirement does not apply in cases of the user&#39;s removal of provenance data.</u>\n   </p>\n   <p class=\"indent\">\n    <u class=\"amendmentInsertedText\">(5) A violation of this section constitutes an unfair or deceptive act or practice as specified in s. 501.204 and shall be exclusively enforced in a civil action by the Attorney General. The Department of Legal Affairs must notify the generative artificial intelligence provider or the social media platform of any suspected violation and allow the provider or platform 30 calendar days to cure the alleged violation before initiating enforcement action. This section does not create a private right of action.</u>\n   </p>\n   <p class=\"indent\">\n    <b>Section 2.</b> This act shall take effect July 1, 2026. </p>\n  </div>\n </div>\n    </div>\t\n<table cellpadding=0 cellspacing=0 width=\"100%\">\n   <tr>\n      <td>\n          Copyright &copy; 2025 State Net\n      </td>\n<BR>\n<!--???MOVED INTO resources.cgi      <td align=\"right\">\n          <img src=\"https://custom.statenet.com/network/poweredby.gif\" alt=\"Powered by State Net\">\n      </td>-->\n\n    </tr>\n</table>\n</body></html>\n",
      "markdown": "The following has special meaning: _green underline denotes added text_ ~~red struck out text denotes deleted text~~ | [![Powered by State Net](https://custom.statenet.com/network/poweredby.gif)](https://www.lexisnexis.com/statenet/)  \n---|---  \n  \n2025 FL H 369 | | Author: | McFarland  \n---|---  \nVersion: | Substituted  \nVersion Date: | 04/01/2025  \n  \nCS/CS/HB 369\n\n2025\n\nA bill to be entitled\n\nAn act relating to provenance of digital content; creating s. 501.9741, F.S.;\nproviding definitions; requiring certain artificial intelligence providers to\nmake provenance data available through specified options; requiring such\nproviders to make provenance readers available in a specified manner;\nrequiring certain social media platforms to retain and make available certain\nprovenance data; providing applicability; providing that a violation\nconstitutes an unfair or deceptive act or practice; providing an effective\ndate.\n\nBe It Enacted by the Legislature of the State of Florida:\n\n**Section 1. Section 501.9741, Florida Statutes, is created** **to read:**\n\n_501.9741 Provenance data of digital content.--_\n\n_(1) As used in this section, the term:_\n\n_(a) \"Generative artificial intelligence\" has the same meaning as in s.\n106.145(1)._\n\n_(b) \"Generative artificial intelligence model\" means an artificial\nintelligence system designed to generate new data or content based on the\npatterns or structures of its training data. The term does not include\ncapabilities primarily intended for classifications, predictions, or\nlabeling._\n\n_(c) \"Generative artificial intelligence provider\" means an organization that\ndevelops a generative artificial intelligence tool that is publicly\navailable._\n\n_(d) \"Generative artificial intelligence tool\" means a product or feature that\nprovides the outputs from a generative artificial intelligence model to end\nusers._\n\n_(e) \"Provenance application tool\" means a tool or online service that allows\nusers to apply provenance data._\n\n_(f) \"Provenance data\" means information about the origin of digital content\nand the history of modifications to such content in a format that is compliant\nwith widely adopted guidelines or specifications promulgated by an established\nstandard-setting body. Provenance data must indicate whether some or all of\nthe content is synthetic content. If there is synthetic content, the\nprovenance data must identify the name of the generative artificial\nintelligence provider whose generative artificial intelligence tool generated\nthe synthetic data. Provenance data shall not include any personally\nidentifying information, unique device, system, or service information that is\nreasonably capable of being associated with a particular user, unless directed\nby the user._\n\n_(g) \"Provenance reader\" means a tool or service that allows users to view\nprovenance data._\n\n_(h) \"Social media platform\" means an online forum, website, or application\nfor which the primary function is to allow users to upload content or view\ncontent or activity of other users. The term does not include:_\n\n_1\\. An online service, website, or application where the exclusive function\nis e-mail or direct messaging consisting of text, photographs, pictures,\nimages, or videos shared only between the sender and the recipients, without\ndisplaying or posting publicly to other users not specifically identified as\nthe recipients by the sender; or_\n\n_2\\. An online service, website, or application, that consists primarily of\nnews, sports, entertainment, or other information or content that is not user\ngenerated or uploaded but is preselected by the provider, and for which any\nchat, comments, or interactive functionality is incidental to, directly\nrelated to, or dependent on the provision of the content._\n\n_(i) \"Synthetic content\" means any visual or audio content that has been\nproduced or modified by a generative artificial intelligence tool._\n\n_(2) A generative artificial intelligence provider shall:_\n\n_(a) Make available a provenance application tool that enables the user to\napply provenance data, either directly or through the use of third-party\ntechnology, to content that has been generated or modified to include\nsynthetic content; or_\n\n_(b) Apply provenance data, either directly or through the use of third-party\ntechnology, to content that has been generated or modified to include\nsynthetic content._\n\n_(3) A generative artificial intelligence provider subject to the requirements\nof subsection (2) shall also make available to the public for free, either\ndirectly or through the use of third-party technology, a provenance reader._\n\n_(4) A social media platform must retain all available provenance data of\ncontent uploaded to or posted on such platform, and make available to the\nusers of the platform such provenance data in a readable format directly or\nthrough a conspicuous indicator that allows a user to access the provenance\ndata or both. This requirement does not apply in cases of the user 's removal\nof provenance data._\n\n_(5) A violation of this section constitutes an unfair or deceptive act or\npractice as specified in s. 501.204 and shall be exclusively enforced in a\ncivil action by the Attorney General. The Department of Legal Affairs must\nnotify the generative artificial intelligence provider or the social media\nplatform of any suspected violation and allow the provider or platform 30\ncalendar days to cure the alleged violation before initiating enforcement\naction. This section does not create a private right of action._\n\n**Section 2.** This act shall take effect July 1, 2026.\n\nCopyright (C) 2025 State Net  \n  \n---\n\n",
      "latest_version": false
    },
    {
      "date": "04/16/2025",
      "label": "Substituted",
      "url": "https://custom.statenet.com/public/resources.cgi?mode=show_text&id=ID:bill:FL2025000H369&verid=FL2025000H369_20250416_0_S&",
      "raw_html": "<html>\n<head>\n<title>Bill Resource</title>\n\n<!--   <link href=\"https://custom.statenet.com/network/Common/css/extregtext.css\" rel=\"stylesheet\" type=\"text/css\" />-->\n   <link href=\"https://custom.statenet.com/network/Common/css/xmltext-2.0.css\" rel=\"stylesheet\" type=\"text/css\" />\n   <link href=\"https://custom.statenet.com/network/Common/css/additional-text.css\" rel=\"stylesheet\" type=\"text/css\" />\n\n\t<style type=\"text/css\">\n<!--\n\ntd, body {\n     background-color: white;\n\tfont-family: Verdana, Arial, Helvetica, sans-serif;\n\tfont-size: 12px;\n}\n\n.resourceContainer {\n   border: 1px solid black;\n}\n-->\n</style>\n</head>\n<body>\n\n    <div style=\"width: 750px; margin: auto\">\n       <div style=\"font-size: .8em;margin-bottom: 10px\"><table width=\"100%\"><tr><td align=\"left\" style=\"font-size: .8em;\"><div>The following has special meaning:</div>\n<div><u class=\"amendmentInsertedText\">green underline denotes added text</u></div>\n<div><strike class=\"amendmentDeletedText\">red struck out text denotes deleted text</strike></div></td> <td align=\"right\"><a href=\"https://www.lexisnexis.com/statenet/\"><img alt=\"Powered by State Net\" src=\"https://custom.statenet.com/network/poweredby.gif\" /></a></td></tr></table></div><table id=\"text-identifier\"><tr><td class=\"key\">2025 FL H 369</td> <td><table><tr><td class=\"label\">Author:</td> <td>McFarland</td></tr> <tr><td class=\"label\">Version:</td> <td>Substituted</td></tr> <tr><td class=\"label\">Version Date:</td> <td>04/16/2025</td></tr></table></td></tr></table><div class=\"documentBody\">\n  <a name=\"head_document_section\"></a><div class=\"head\">\n   <p class=\"left\">CS/CS/CS/HB 369</p>\n   <p class=\"right\">2025</p>\n  </div>\n  <a name=\"code_document_section\"></a><div class=\"code\">\n   <p class=\"center\">A bill to be entitled</p>\n   <p class=\"indent\">An act relating to provenance of digital content; creating s. 501.9741, F.S.; providing definitions; requiring certain artificial intelligence developers to make provenance data available through specified options; requiring such developers to make provenance readers available in a specified manner; requiring certain social media platforms to retain and make available certain provenance data; providing applicability; providing that a violation constitutes an unfair or deceptive act or practice; providing an exception; providing an effective date.</p>\n  </div>\n  <a name=\"text_document_section\"></a><div class=\"text\">\n   <span>\n    <p class=\"indent\">Be It Enacted by the Legislature of the State of Florida:</p>\n   </span>\n   <p class=\"indent\">\n    <b>Section 1. Section 501.9741, Florida Statutes, is created to read:</b>\n   </p>\n   <p class=\"indent\">\n    <u class=\"amendmentInsertedText\">501.9741 Provenance data of digital content.--</u>\n   </p>\n   <p class=\"indent\">\n    <u class=\"amendmentInsertedText\">(1) As used in this section, the term:</u>\n   </p>\n   <p class=\"indent\">\n    <u class=\"amendmentInsertedText\">(a) &quot;Generative artificial intelligence&quot; has the same meaning as in s. 106.145(1).</u>\n   </p>\n   <p class=\"indent\">\n    <u class=\"amendmentInsertedText\">(b) &quot;Generative artificial intelligence developer&quot; means an organization that develops a generative artificial intelligence tool that is publicly available.</u>\n   </p>\n   <p class=\"indent\">\n    <u class=\"amendmentInsertedText\">(c) &quot;Generative artificial intelligence model&quot; means an artificial intelligence system designed to generate new data or content based on the patterns or structures of its training data. The term does not include capabilities primarily intended for classifications, predictions, or labeling.</u>\n   </p>\n   <p class=\"indent\">\n    <u class=\"amendmentInsertedText\">(d) &quot;Generative artificial intelligence tool&quot; means a product or feature that provides the outputs from a generative artificial intelligence model to end users.</u>\n   </p>\n   <p class=\"indent\">\n    <u class=\"amendmentInsertedText\">(e) &quot;Provenance application tool&quot; means a tool or online service that allows users to apply provenance data.</u>\n   </p>\n   <p class=\"indent\">\n    <u class=\"amendmentInsertedText\">(f) &quot;Provenance data&quot; means information about the origin of digital content and the history of modifications to such content in a format that is compliant with widely adopted guidelines or specifications promulgated by an established standard-setting body. Provenance data must indicate whether some or all of the content is synthetic content. If there is synthetic content, the provenance data must identify the name of the generative artificial intelligence developer whose generative artificial intelligence tool generated the synthetic data. Provenance data shall not include any personally identifying information or unique device, system, or service information that is reasonably capable of being associated with a particular user, unless directed by the user.</u>\n   </p>\n   <p class=\"indent\">\n    <u class=\"amendmentInsertedText\">(g) &quot;Provenance reader&quot; means a tool or service that allows users to view provenance data.</u>\n   </p>\n   <p class=\"indent\">\n    <u class=\"amendmentInsertedText\">(h) &quot;Social media platform&quot; means an online forum, website, or application that allows users to upload content or view content or activity of other users. The term does not include:</u>\n   </p>\n   <p class=\"indent\">\n    <u class=\"amendmentInsertedText\">1. An online service, website, or application where the exclusive function is e-mail or direct messaging consisting of text, photographs, pictures, images, or videos shared only between the sender and the recipients, without displaying or posting publicly to other users not specifically identified as the recipients by the sender;</u>\n   </p>\n   <p class=\"indent\">\n    <u class=\"amendmentInsertedText\">2. An online service, website, or application, that consists primarily of news, sports, entertainment, or other information or content that is preselected by the provider, and for which any chat, comments, or interactive functionality is incidental to, directly related to, or dependent on the provision of the content; or</u>\n   </p>\n   <p class=\"indent\">\n    <u class=\"amendmentInsertedText\">3. An online service, application, or website that is used for providing or obtaining technical support.</u>\n   </p>\n   <p class=\"indent\">\n    <u class=\"amendmentInsertedText\">(i) &quot;Synthetic content&quot; means any visual content that has been produced or modified by a generative artificial intelligence tool.</u>\n   </p>\n   <p class=\"indent\">\n    <u class=\"amendmentInsertedText\">(2) A generative artificial intelligence developer shall:</u>\n   </p>\n   <p class=\"indent\">\n    <u class=\"amendmentInsertedText\">(a) Make available a provenance application tool that enables the user to apply provenance data, either directly or through the use of third-party technology, to content that has been generated or modified to include synthetic content when such content is generated or modified using the developer&#39;s generative artificial intelligence tool; or</u>\n   </p>\n   <p class=\"indent\">\n    <u class=\"amendmentInsertedText\">(b) Apply provenance data, in a manner that is technically feasible and reasonable, given the accepted state of the art, as reflected in commonly used industry standards, either directly or through the use of third-party technology, to content that has been generated or modified to include synthetic content.</u>\n   </p>\n   <p class=\"indent\">\n    <u class=\"amendmentInsertedText\">(3) A generative artificial intelligence developer subject to the requirements of subsection (2) shall also make available to the public for free, either directly or through the use of third-party technology, a provenance reader.</u>\n   </p>\n   <p class=\"indent\">\n    <u class=\"amendmentInsertedText\">(4) A social media platform must retain all available provenance data of content uploaded to or posted on such platform, and make available to the users of the platform such provenance data in a readable format directly or through a conspicuous indicator that allows a user to access the provenance data or both. This requirement does not apply in cases of the user&#39;s removal of provenance data.</u>\n   </p>\n   <p class=\"indent\">\n    <u class=\"amendmentInsertedText\">(5) A violation of this section constitutes an unfair or deceptive act or practice as specified in s. 501.204 and shall be exclusively enforced in a civil action by the Attorney General. The Department of Legal Affairs must notify the generative artificial intelligence developer or the social media platform of any suspected violation and allow the developer or platform 30 calendar days to cure the alleged violation before initiating enforcement action. This section does not create a private right of action.</u>\n   </p>\n   <p class=\"indent\">\n    <u class=\"amendmentInsertedText\">(6) This section does not apply to any product, service, website, or application that exclusively provides video game experiences.</u>\n   </p>\n   <p class=\"indent\">\n    <b>Section 2.</b> This act shall take effect July 1, 2026.</p>\n  </div>\n </div>\n    </div>\t\n<table cellpadding=0 cellspacing=0 width=\"100%\">\n   <tr>\n      <td>\n          Copyright &copy; 2025 State Net\n      </td>\n<BR>\n<!--???MOVED INTO resources.cgi      <td align=\"right\">\n          <img src=\"https://custom.statenet.com/network/poweredby.gif\" alt=\"Powered by State Net\">\n      </td>-->\n\n    </tr>\n</table>\n</body></html>\n",
      "markdown": "The following has special meaning: _green underline denotes added text_ ~~red struck out text denotes deleted text~~ | [![Powered by State Net](https://custom.statenet.com/network/poweredby.gif)](https://www.lexisnexis.com/statenet/)  \n---|---  \n  \n2025 FL H 369 | | Author: | McFarland  \n---|---  \nVersion: | Substituted  \nVersion Date: | 04/16/2025  \n  \nCS/CS/CS/HB 369\n\n2025\n\nA bill to be entitled\n\nAn act relating to provenance of digital content; creating s. 501.9741, F.S.;\nproviding definitions; requiring certain artificial intelligence developers to\nmake provenance data available through specified options; requiring such\ndevelopers to make provenance readers available in a specified manner;\nrequiring certain social media platforms to retain and make available certain\nprovenance data; providing applicability; providing that a violation\nconstitutes an unfair or deceptive act or practice; providing an exception;\nproviding an effective date.\n\nBe It Enacted by the Legislature of the State of Florida:\n\n**Section 1. Section 501.9741, Florida Statutes, is created to read:**\n\n_501.9741 Provenance data of digital content.--_\n\n_(1) As used in this section, the term:_\n\n_(a) \"Generative artificial intelligence\" has the same meaning as in s.\n106.145(1)._\n\n_(b) \"Generative artificial intelligence developer\" means an organization that\ndevelops a generative artificial intelligence tool that is publicly\navailable._\n\n_(c) \"Generative artificial intelligence model\" means an artificial\nintelligence system designed to generate new data or content based on the\npatterns or structures of its training data. The term does not include\ncapabilities primarily intended for classifications, predictions, or\nlabeling._\n\n_(d) \"Generative artificial intelligence tool\" means a product or feature that\nprovides the outputs from a generative artificial intelligence model to end\nusers._\n\n_(e) \"Provenance application tool\" means a tool or online service that allows\nusers to apply provenance data._\n\n_(f) \"Provenance data\" means information about the origin of digital content\nand the history of modifications to such content in a format that is compliant\nwith widely adopted guidelines or specifications promulgated by an established\nstandard-setting body. Provenance data must indicate whether some or all of\nthe content is synthetic content. If there is synthetic content, the\nprovenance data must identify the name of the generative artificial\nintelligence developer whose generative artificial intelligence tool generated\nthe synthetic data. Provenance data shall not include any personally\nidentifying information or unique device, system, or service information that\nis reasonably capable of being associated with a particular user, unless\ndirected by the user._\n\n_(g) \"Provenance reader\" means a tool or service that allows users to view\nprovenance data._\n\n_(h) \"Social media platform\" means an online forum, website, or application\nthat allows users to upload content or view content or activity of other\nusers. The term does not include:_\n\n_1\\. An online service, website, or application where the exclusive function\nis e-mail or direct messaging consisting of text, photographs, pictures,\nimages, or videos shared only between the sender and the recipients, without\ndisplaying or posting publicly to other users not specifically identified as\nthe recipients by the sender;_\n\n_2\\. An online service, website, or application, that consists primarily of\nnews, sports, entertainment, or other information or content that is\npreselected by the provider, and for which any chat, comments, or interactive\nfunctionality is incidental to, directly related to, or dependent on the\nprovision of the content; or_\n\n_3\\. An online service, application, or website that is used for providing or\nobtaining technical support._\n\n_(i) \"Synthetic content\" means any visual content that has been produced or\nmodified by a generative artificial intelligence tool._\n\n_(2) A generative artificial intelligence developer shall:_\n\n_(a) Make available a provenance application tool that enables the user to\napply provenance data, either directly or through the use of third-party\ntechnology, to content that has been generated or modified to include\nsynthetic content when such content is generated or modified using the\ndeveloper 's generative artificial intelligence tool; or_\n\n_(b) Apply provenance data, in a manner that is technically feasible and\nreasonable, given the accepted state of the art, as reflected in commonly used\nindustry standards, either directly or through the use of third-party\ntechnology, to content that has been generated or modified to include\nsynthetic content._\n\n_(3) A generative artificial intelligence developer subject to the\nrequirements of subsection (2) shall also make available to the public for\nfree, either directly or through the use of third-party technology, a\nprovenance reader._\n\n_(4) A social media platform must retain all available provenance data of\ncontent uploaded to or posted on such platform, and make available to the\nusers of the platform such provenance data in a readable format directly or\nthrough a conspicuous indicator that allows a user to access the provenance\ndata or both. This requirement does not apply in cases of the user 's removal\nof provenance data._\n\n_(5) A violation of this section constitutes an unfair or deceptive act or\npractice as specified in s. 501.204 and shall be exclusively enforced in a\ncivil action by the Attorney General. The Department of Legal Affairs must\nnotify the generative artificial intelligence developer or the social media\nplatform of any suspected violation and allow the developer or platform 30\ncalendar days to cure the alleged violation before initiating enforcement\naction. This section does not create a private right of action._\n\n_(6) This section does not apply to any product, service, website, or\napplication that exclusively provides video game experiences._\n\n**Section 2.** This act shall take effect July 1, 2026.\n\nCopyright (C) 2025 State Net  \n  \n---\n\n",
      "latest_version": true
    }
  ]
}