{
  "bill_id": "GA2025000HR126",
  "source_url": "http://custom.statenet.com/public/resources.cgi?id=ID:bill:GA2025000HR126&cuiq=93d84396-c63b-526a-b152-38b7f79b4cfd&client_md=e4f6fea4-27b4-5d41-b7d3-766fe52569f0",
  "versions": [
    {
      "date": "01/30/2025",
      "label": "Introduced",
      "url": "https://custom.statenet.com/public/resources.cgi?mode=show_text&id=ID:bill:GA2025000HR126&verid=GA2025000HR126_20250130_0_I&",
      "raw_html": "<html>\n<head>\n<title>Bill Resource</title>\n\n<!--   <link href=\"https://custom.statenet.com/network/Common/css/extregtext.css\" rel=\"stylesheet\" type=\"text/css\" />-->\n   <link href=\"https://custom.statenet.com/network/Common/css/xmltext-2.0.css\" rel=\"stylesheet\" type=\"text/css\" />\n   <link href=\"https://custom.statenet.com/network/Common/css/additional-text.css\" rel=\"stylesheet\" type=\"text/css\" />\n\n\t<style type=\"text/css\">\n<!--\n\ntd, body {\n     background-color: white;\n\tfont-family: Verdana, Arial, Helvetica, sans-serif;\n\tfont-size: 12px;\n}\n\n.resourceContainer {\n   border: 1px solid black;\n}\n-->\n</style>\n</head>\n<body>\n\n    <div style=\"width: 750px; margin: auto\">\n       <div style=\"font-size: .8em;margin-bottom: 10px\"><table width=\"100%\"><tr><td align=\"left\" style=\"font-size: .8em;\"><div>The following has special meaning:</div>\n<div><u class=\"amendmentInsertedText\">green underline denotes added text</u></div>\n<div><strike class=\"amendmentDeletedText\">red struck out text denotes deleted text</strike></div></td> <td align=\"right\"><a href=\"https://www.lexisnexis.com/statenet/\"><img alt=\"Powered by State Net\" src=\"https://custom.statenet.com/network/poweredby.gif\" /></a></td></tr></table></div><table id=\"text-identifier\"><tr><td class=\"key\">2025 GA HR 126</td> <td><table><tr><td class=\"label\">Author:</td> <td>Park</td></tr> <tr><td class=\"label\">Version:</td> <td>Introduced</td></tr> <tr><td class=\"label\">Version Date:</td> <td>01/30/2025</td></tr></table></td></tr></table><div class=\"documentBody\">\n  <a name=\"head_document_section\"></a><div class=\"head\">\n   <p class=\"indent\">House Resolution 126</p>\n   <p class=\"indent\">By: Representatives Park of the 107<sup>th</sup>, McClain of the 109<sup>th</sup>, Adeyina of the 110<sup>th</sup>, Beckles of the 96<sup>th</sup>, Okoye of the 102<sup>nd</sup>, and others</p>\n  </div>\n  <a name=\"code_document_section\"></a><div class=\"code\">\n   <p class=\"center\">A RESOLUTION</p>\n   <p class=\"indent\">Recognizing and commending Sirish Subash, the winner of the 3M Young Scientist Challenge; and for other purposes.</p>\n  </div>\n  <a name=\"text_document_section\"></a><div class=\"text\">\n   <p class=\"indent\">WHEREAS, on October 16, 2024, 3M and Discovery Education named Sirish Subash, a ninth grader at the Gwinnett School of Mathematics, Science, and Technology, the winner of the 2024 3M Young Scientist Challenge, the nation&#39;s premier middle school science competition; and</p>\n   <p class=\"indent\">WHEREAS, Sirish demonstrated ingenuity, innovative thinking, a strong application of STEM principles, a passion for research, exceptional presentation skills, and the ability to inspire others; and</p>\n   <p class=\"indent\">WHEREAS, he spent four months competing against nine other finalists and secured his victory during the final challenge events held at 3M global headquarters in St. Paul, Minnesota, on October 14 and 15, 2024; and</p>\n   <p class=\"indent\">WHEREAS, his winning project, Pestiscand, is a handheld device designed to detect pesticide residues on produce using a non-destructive method that employs spectrophotometry to measure how light of various wavelengths is reflected off the surface of fruits and vegetables, with a machine learning model analyzing this data to determine the presence of pesticides; and</p>\n   <p class=\"indent\">WHEREAS, Pestiscand consists of a sensor, a power supply, a display screen, and a processor; during testing, the device achieved an accuracy rate of greater than 85 percent in identifying pesticide residues on spinach and tomatoes, meeting the project&#39;s objectives for effectiveness and speed; and</p>\n   <p class=\"indent\">WHEREAS, such achievements contribute to the advancement of scientific knowledge and highlight the importance of supporting educational endeavors in the sciences; and</p>\n   <p class=\"indent\">WHEREAS, the State of Georgia, with its rich tradition of fostering excellence and innovation, takes immense pride in celebrating the achievements of its young scholars, whose brilliance and dedication illuminate a bright future not only for this great state but for the nation and the world.</p>\n   <p class=\"indent\">NOW, THEREFORE, BE IT RESOLVED BY THE HOUSE OF REPRESENTATIVES that the members of this body recognize and commend Sirish Subash for his outstanding efforts and extend best wishes for his continued success in all future endeavors.</p>\n   <p class=\"indent\">BE IT FURTHER RESOLVED that the Clerk of the House of Representatives is authorized and directed to make appropriate copies of this resolution available for distribution to the public and the press.</p>\n  </div>\n </div>\n    </div>\t\n<table cellpadding=0 cellspacing=0 width=\"100%\">\n   <tr>\n      <td>\n          Copyright &copy; 2025 State Net\n      </td>\n<BR>\n<!--???MOVED INTO resources.cgi      <td align=\"right\">\n          <img src=\"https://custom.statenet.com/network/poweredby.gif\" alt=\"Powered by State Net\">\n      </td>-->\n\n    </tr>\n</table>\n</body></html>\n",
      "markdown": "The following has special meaning: _green underline denotes added text_ ~~red struck out text denotes deleted text~~ | [![Powered by State Net](https://custom.statenet.com/network/poweredby.gif)](https://www.lexisnexis.com/statenet/)  \n---|---  \n  \n2025 GA HR 126 | | Author: | Park  \n---|---  \nVersion: | Introduced  \nVersion Date: | 01/30/2025  \n  \nHouse Resolution 126\n\nBy: Representatives Park of the 107th, McClain of the 109th, Adeyina of the\n110th, Beckles of the 96th, Okoye of the 102nd, and others\n\nA RESOLUTION\n\nRecognizing and commending Sirish Subash, the winner of the 3M Young Scientist\nChallenge; and for other purposes.\n\nWHEREAS, on October 16, 2024, 3M and Discovery Education named Sirish Subash,\na ninth grader at the Gwinnett School of Mathematics, Science, and Technology,\nthe winner of the 2024 3M Young Scientist Challenge, the nation's premier\nmiddle school science competition; and\n\nWHEREAS, Sirish demonstrated ingenuity, innovative thinking, a strong\napplication of STEM principles, a passion for research, exceptional\npresentation skills, and the ability to inspire others; and\n\nWHEREAS, he spent four months competing against nine other finalists and\nsecured his victory during the final challenge events held at 3M global\nheadquarters in St. Paul, Minnesota, on October 14 and 15, 2024; and\n\nWHEREAS, his winning project, Pestiscand, is a handheld device designed to\ndetect pesticide residues on produce using a non-destructive method that\nemploys spectrophotometry to measure how light of various wavelengths is\nreflected off the surface of fruits and vegetables, with a machine learning\nmodel analyzing this data to determine the presence of pesticides; and\n\nWHEREAS, Pestiscand consists of a sensor, a power supply, a display screen,\nand a processor; during testing, the device achieved an accuracy rate of\ngreater than 85 percent in identifying pesticide residues on spinach and\ntomatoes, meeting the project's objectives for effectiveness and speed; and\n\nWHEREAS, such achievements contribute to the advancement of scientific\nknowledge and highlight the importance of supporting educational endeavors in\nthe sciences; and\n\nWHEREAS, the State of Georgia, with its rich tradition of fostering excellence\nand innovation, takes immense pride in celebrating the achievements of its\nyoung scholars, whose brilliance and dedication illuminate a bright future not\nonly for this great state but for the nation and the world.\n\nNOW, THEREFORE, BE IT RESOLVED BY THE HOUSE OF REPRESENTATIVES that the\nmembers of this body recognize and commend Sirish Subash for his outstanding\nefforts and extend best wishes for his continued success in all future\nendeavors.\n\nBE IT FURTHER RESOLVED that the Clerk of the House of Representatives is\nauthorized and directed to make appropriate copies of this resolution\navailable for distribution to the public and the press.\n\nCopyright (C) 2025 State Net  \n  \n---\n\n",
      "latest_version": true
    },
    {
      "date": "01/30/2025",
      "label": "Adopted",
      "url": "https://custom.statenet.com/public/resources.cgi?mode=show_text&id=ID:bill:GA2025000HR126&verid=GA2025000HR126_20250130_0_AD&",
      "raw_html": "<html>\n<head>\n<title>Bill Resource</title>\n\n<!--   <link href=\"https://custom.statenet.com/network/Common/css/extregtext.css\" rel=\"stylesheet\" type=\"text/css\" />-->\n   <link href=\"https://custom.statenet.com/network/Common/css/xmltext-2.0.css\" rel=\"stylesheet\" type=\"text/css\" />\n   <link href=\"https://custom.statenet.com/network/Common/css/additional-text.css\" rel=\"stylesheet\" type=\"text/css\" />\n\n\t<style type=\"text/css\">\n<!--\n\ntd, body {\n     background-color: white;\n\tfont-family: Verdana, Arial, Helvetica, sans-serif;\n\tfont-size: 12px;\n}\n\n.resourceContainer {\n   border: 1px solid black;\n}\n-->\n</style>\n</head>\n<body>\n\n    <div style=\"width: 750px; margin: auto\">\n       <div style=\"font-size: .8em;margin-bottom: 10px\"><table width=\"100%\"><tr><td align=\"left\" style=\"font-size: .8em;\"><div>The following has special meaning:</div>\n<div><u class=\"amendmentInsertedText\">green underline denotes added text</u></div>\n<div><strike class=\"amendmentDeletedText\">red struck out text denotes deleted text</strike></div></td> <td align=\"right\"><a href=\"https://www.lexisnexis.com/statenet/\"><img alt=\"Powered by State Net\" src=\"https://custom.statenet.com/network/poweredby.gif\" /></a></td></tr></table></div><table id=\"text-identifier\"><tr><td class=\"key\">2025 GA HR 126</td> <td><table><tr><td class=\"label\">Author:</td> <td>Park</td></tr> <tr><td class=\"label\">Version:</td> <td>Adopted</td></tr> <tr><td class=\"label\">Version Date:</td> <td>01/30/2025</td></tr></table></td></tr></table><div class=\"documentBody\">\n  <a name=\"head_document_section\"></a><div class=\"head\">\n   <p class=\"indent\">House Resolution 126</p>\n   <p class=\"indent\">By: Representatives Park of the 107<sup>th</sup>, McClain of the 109<sup>th</sup>, Adeyina of the 110<sup>th</sup>, Beckles of the 96<sup>th</sup>, Okoye of the 102<sup>nd</sup>, and others</p>\n  </div>\n  <a name=\"code_document_section\"></a><div class=\"code\">\n   <p class=\"center\">A RESOLUTION</p>\n   <p class=\"indent\">Recognizing and commending Sirish Subash, the winner of the 3M Young Scientist Challenge; and for other purposes.</p>\n  </div>\n  <a name=\"text_document_section\"></a><div class=\"text\">\n   <p class=\"indent\">WHEREAS, on October 16, 2024, 3M and Discovery Education named Sirish Subash, a ninth grader at the Gwinnett School of Mathematics, Science, and Technology, the winner of the 2024 3M Young Scientist Challenge, the nation&#39;s premier middle school science competition; and</p>\n   <p class=\"indent\">WHEREAS, Sirish demonstrated ingenuity, innovative thinking, a strong application of STEM principles, a passion for research, exceptional presentation skills, and the ability to inspire others; and</p>\n   <p class=\"indent\">WHEREAS, he spent four months competing against nine other finalists and secured his victory during the final challenge events held at 3M global headquarters in St. Paul, Minnesota, on October 14 and 15, 2024; and</p>\n   <p class=\"indent\">WHEREAS, his winning project, Pestiscand, is a handheld device designed to detect pesticide residues on produce using a non-destructive method that employs spectrophotometry to measure how light of various wavelengths is reflected off the surface of fruits and vegetables, with a machine learning model analyzing this data to determine the presence of pesticides; and</p>\n   <p class=\"indent\">WHEREAS, Pestiscand consists of a sensor, a power supply, a display screen, and a processor; during testing, the device achieved an accuracy rate of greater than 85 percent in identifying pesticide residues on spinach and tomatoes, meeting the project&#39;s objectives for effectiveness and speed; and</p>\n   <p class=\"indent\">WHEREAS, such achievements contribute to the advancement of scientific knowledge and highlight the importance of supporting educational endeavors in the sciences; and</p>\n   <p class=\"indent\">WHEREAS, the State of Georgia, with its rich tradition of fostering excellence and innovation, takes immense pride in celebrating the achievements of its young scholars, whose brilliance and dedication illuminate a bright future not only for this great state but for the nation and the world.</p>\n   <p class=\"indent\">NOW, THEREFORE, BE IT RESOLVED BY THE HOUSE OF REPRESENTATIVES that the members of this body recognize and commend Sirish Subash for his outstanding efforts and extend best wishes for his continued success in all future endeavors.</p>\n   <p class=\"indent\">BE IT FURTHER RESOLVED that the Clerk of the House of Representatives is authorized and directed to make appropriate copies of this resolution available for distribution to the public and the press.</p>\n  </div>\n </div>\n    </div>\t\n<table cellpadding=0 cellspacing=0 width=\"100%\">\n   <tr>\n      <td>\n          Copyright &copy; 2025 State Net\n      </td>\n<BR>\n<!--???MOVED INTO resources.cgi      <td align=\"right\">\n          <img src=\"https://custom.statenet.com/network/poweredby.gif\" alt=\"Powered by State Net\">\n      </td>-->\n\n    </tr>\n</table>\n</body></html>\n",
      "markdown": "The following has special meaning: _green underline denotes added text_ ~~red struck out text denotes deleted text~~ | [![Powered by State Net](https://custom.statenet.com/network/poweredby.gif)](https://www.lexisnexis.com/statenet/)  \n---|---  \n  \n2025 GA HR 126 | | Author: | Park  \n---|---  \nVersion: | Adopted  \nVersion Date: | 01/30/2025  \n  \nHouse Resolution 126\n\nBy: Representatives Park of the 107th, McClain of the 109th, Adeyina of the\n110th, Beckles of the 96th, Okoye of the 102nd, and others\n\nA RESOLUTION\n\nRecognizing and commending Sirish Subash, the winner of the 3M Young Scientist\nChallenge; and for other purposes.\n\nWHEREAS, on October 16, 2024, 3M and Discovery Education named Sirish Subash,\na ninth grader at the Gwinnett School of Mathematics, Science, and Technology,\nthe winner of the 2024 3M Young Scientist Challenge, the nation's premier\nmiddle school science competition; and\n\nWHEREAS, Sirish demonstrated ingenuity, innovative thinking, a strong\napplication of STEM principles, a passion for research, exceptional\npresentation skills, and the ability to inspire others; and\n\nWHEREAS, he spent four months competing against nine other finalists and\nsecured his victory during the final challenge events held at 3M global\nheadquarters in St. Paul, Minnesota, on October 14 and 15, 2024; and\n\nWHEREAS, his winning project, Pestiscand, is a handheld device designed to\ndetect pesticide residues on produce using a non-destructive method that\nemploys spectrophotometry to measure how light of various wavelengths is\nreflected off the surface of fruits and vegetables, with a machine learning\nmodel analyzing this data to determine the presence of pesticides; and\n\nWHEREAS, Pestiscand consists of a sensor, a power supply, a display screen,\nand a processor; during testing, the device achieved an accuracy rate of\ngreater than 85 percent in identifying pesticide residues on spinach and\ntomatoes, meeting the project's objectives for effectiveness and speed; and\n\nWHEREAS, such achievements contribute to the advancement of scientific\nknowledge and highlight the importance of supporting educational endeavors in\nthe sciences; and\n\nWHEREAS, the State of Georgia, with its rich tradition of fostering excellence\nand innovation, takes immense pride in celebrating the achievements of its\nyoung scholars, whose brilliance and dedication illuminate a bright future not\nonly for this great state but for the nation and the world.\n\nNOW, THEREFORE, BE IT RESOLVED BY THE HOUSE OF REPRESENTATIVES that the\nmembers of this body recognize and commend Sirish Subash for his outstanding\nefforts and extend best wishes for his continued success in all future\nendeavors.\n\nBE IT FURTHER RESOLVED that the Clerk of the House of Representatives is\nauthorized and directed to make appropriate copies of this resolution\navailable for distribution to the public and the press.\n\nCopyright (C) 2025 State Net  \n  \n---\n\n",
      "latest_version": true
    }
  ]
}