{
  "bill_id": "GA2025000SR391",
  "source_url": "http://custom.statenet.com/public/resources.cgi?id=ID:bill:GA2025000SR391&cuiq=93d84396-c63b-526a-b152-38b7f79b4cfd&client_md=e4f6fea4-27b4-5d41-b7d3-766fe52569f0",
  "versions": [
    {
      "date": "03/13/2025",
      "label": "Introduced",
      "url": "https://custom.statenet.com/public/resources.cgi?mode=show_text&id=ID:bill:GA2025000SR391&verid=GA2025000SR391_20250313_0_I&",
      "raw_html": "<html>\n<head>\n<title>Bill Resource</title>\n\n<!--   <link href=\"https://custom.statenet.com/network/Common/css/extregtext.css\" rel=\"stylesheet\" type=\"text/css\" />-->\n   <link href=\"https://custom.statenet.com/network/Common/css/xmltext-2.0.css\" rel=\"stylesheet\" type=\"text/css\" />\n   <link href=\"https://custom.statenet.com/network/Common/css/additional-text.css\" rel=\"stylesheet\" type=\"text/css\" />\n\n\t<style type=\"text/css\">\n<!--\n\ntd, body {\n     background-color: white;\n\tfont-family: Verdana, Arial, Helvetica, sans-serif;\n\tfont-size: 12px;\n}\n\n.resourceContainer {\n   border: 1px solid black;\n}\n-->\n</style>\n</head>\n<body>\n\n    <div style=\"width: 750px; margin: auto\">\n       <div style=\"font-size: .8em;margin-bottom: 10px\"><table width=\"100%\"><tr><td align=\"left\" style=\"font-size: .8em;\"><div>The following has special meaning:</div>\n<div><u class=\"amendmentInsertedText\">green underline denotes added text</u></div>\n<div><strike class=\"amendmentDeletedText\">red struck out text denotes deleted text</strike></div></td> <td align=\"right\"><a href=\"https://www.lexisnexis.com/statenet/\"><img alt=\"Powered by State Net\" src=\"https://custom.statenet.com/network/poweredby.gif\" /></a></td></tr></table></div><table id=\"text-identifier\"><tr><td class=\"key\">2025 GA SR 391</td> <td><table><tr><td class=\"label\">Author:</td> <td>Albers</td></tr> <tr><td class=\"label\">Version:</td> <td>Introduced</td></tr> <tr><td class=\"label\">Version Date:</td> <td>03/13/2025</td></tr></table></td></tr></table><div class=\"documentBody\">\n  <a name=\"head_document_section\"></a><div class=\"head\">\n   <p class=\"indent\">Senate Resolution 391</p>\n   <p class=\"indent\">By: Senators Albers of the 56th, Still of the 48th, Anavitarte of the 31st, Robertson of the 29th, Setzler of the 37th and others</p>\n  </div>\n  <a name=\"code_document_section\"></a><div class=\"code\">\n   <p class=\"center\">A RESOLUTION</p>\n   <p class=\"indent\">Creating the Senate Study Committee on Artificial Intelligence and Digital Currency; and for other purposes.</p>\n  </div>\n  <a name=\"text_document_section\"></a><div class=\"text\">\n   <p class=\"indent\">WHEREAS, artificial intelligence (AI), the development of computer systems to perform tasks that normally require human intelligence, such as learning and decision making, has the potential to spur innovation and transform industry and government; and</p>\n   <p class=\"indent\">WHEREAS, as the science and technology of AI continue to develop, more products and services are utilizing AI in fields such as healthcare, financial services, education, housing, and transportation; and</p>\n   <p class=\"indent\">WHEREAS, Georgia and other states are considering a myriad of legislation and rules to protect their citizens and businesses while embracing new technology and the opportunity to improve lives; and</p>\n   <p class=\"indent\">WHEREAS, the emergence and rapid adoption of digital and cryptocurrency has grown tremendously; and</p>\n   <p class=\"indent\">WHEREAS, there are valid concerns regarding the misuse of digital and cryptocurrency and the unintended consequences of its mass adoption, especially without the development and implementation of common-sense standards and safeguards; and</p>\n   <p class=\"indent\">WHEREAS, AI techniques, such as machine learning and deep learning, can be employed to identify and prevent security threats in digital currency systems; and</p>\n   <p class=\"indent\">WHEREAS, promoting responsible innovation, competition, and collaboration in public and private sectors will allow Georgia to be a leader in ensuring that AI technologies and digital currency will advance in a way that enforces the existing consumer protection laws and principles for its citizens, while enacting any additional appropriate safeguards against, fraud, unintended bias, discrimination, infringements on privacy, and other potential harms from AI; and</p>\n   <p class=\"indent\">WHEREAS, it is in the best interest of this state and its citizens to examine the intersection of AI technologies, digital currency, and their current and future use in this state.</p>\n   <p class=\"indent\">NOW, THEREFORE, BE IT RESOLVED BY THE SENATE:</p>\n   <p class=\"indent\">(1) <b>Creation of Senate study committee.</b> There is created the Senate Study Committee on Artificial Intelligence and Digital Currency.</p>\n   <p class=\"indent\">(2) <b>Members and officers.</b> The committee shall be composed of six members to be appointed by the President of the Senate. The President of the Senate shall designate a legislative member of the committee as chairperson of the committee.</p>\n   <p class=\"indent\">(3) <b>Powers and duties.</b> The committee shall undertake a study of the conditions, needs, issues, and problems mentioned above or related thereto and recommend any action or legislation which the committee deems necessary or appropriate.</p>\n   <p class=\"indent\">(4) <b>Meetings.</b> The chairperson shall call all meetings of the committee. The committee may conduct such meetings at such places and at such times as it may deem necessary or convenient to enable it to exercise fully and effectively its powers, perform its duties, and accomplish the objectives and purposes of this resolution.</p>\n   <p class=\"indent\">(5) <b>Allowances, expenses, and funding.</b>\n   </p>\n   <p class=\"indent\">(A) The legislative members of the committee shall receive the allowances provided for in Code Section 28-1-8 of the Official Code of Georgia Annotated.</p>\n   <p class=\"indent\">(B) Members of the committee who are state officials, other than legislative members, or who are state employees shall receive no compensation for their service on the committee, but they may be reimbursed for expenses incurred by them in the performance of their duties as members of the committee in the same manner as they are reimbursed for expenses in their capacities as state officials or employees.</p>\n   <p class=\"indent\">(C) Members of the committee who are not legislators, state officials, or state employees shall receive a daily expense allowance in an amount the same as that specified in subsection (b) of Code Section 45-7-21 of the Official Code of Georgia Annotated, as well as the mileage or transportation allowance authorized for state employees.</p>\n   <p class=\"indent\">(D) The allowances authorized by this resolution shall not be received by any member of the committee for more than 12 days unless additional days are authorized. Funds necessary to carry out the provisions of this resolution shall come from funds appropriated to the Senate; except that funds for the reimbursement of expenses of state officials, other than legislative members, and for the reimbursement of expenses of state employees shall come from funds appropriated to or otherwise available to their respective agencies.</p>\n   <p class=\"indent\">(6) <b>Report.</b>\n   </p>\n   <p class=\"indent\">(A) In the event the committee adopts any specific findings or recommendations that include suggestions for proposed legislation, the chairperson shall file a report of the same prior to the date of abolishment specified in this resolution, subject to subparagraph (C) of this paragraph.</p>\n   <p class=\"indent\">(B) In the event the committee adopts a report that does not include suggestions for proposed legislation, the chairperson shall file the report, subject to subparagraph (C) of this paragraph.</p>\n   <p class=\"indent\">(C) No report shall be filed unless the same has been approved prior to the date of abolishment specified in this resolution by majority vote of a quorum of the committee. A report so approved shall be signed by the chairperson of the committee and filed with the Secretary of the Senate.</p>\n   <p class=\"indent\">(D) In the absence of an approved report, the chairperson may file with the Secretary of the Senate a copy of the minutes of the meetings of the committee in lieu thereof.</p>\n   <p class=\"indent\">(7) <b>Abolishment.</b> The committee shall stand abolished on December 1, 2025.</p>\n  </div>\n </div>\n    </div>\t\n<table cellpadding=0 cellspacing=0 width=\"100%\">\n   <tr>\n      <td>\n          Copyright &copy; 2025 State Net\n      </td>\n<BR>\n<!--???MOVED INTO resources.cgi      <td align=\"right\">\n          <img src=\"https://custom.statenet.com/network/poweredby.gif\" alt=\"Powered by State Net\">\n      </td>-->\n\n    </tr>\n</table>\n</body></html>\n",
      "markdown": "The following has special meaning: _green underline denotes added text_ ~~red struck out text denotes deleted text~~ | [![Powered by State Net](https://custom.statenet.com/network/poweredby.gif)](https://www.lexisnexis.com/statenet/)  \n---|---  \n  \n2025 GA SR 391 | | Author: | Albers  \n---|---  \nVersion: | Introduced  \nVersion Date: | 03/13/2025  \n  \nSenate Resolution 391\n\nBy: Senators Albers of the 56th, Still of the 48th, Anavitarte of the 31st,\nRobertson of the 29th, Setzler of the 37th and others\n\nA RESOLUTION\n\nCreating the Senate Study Committee on Artificial Intelligence and Digital\nCurrency; and for other purposes.\n\nWHEREAS, artificial intelligence (AI), the development of computer systems to\nperform tasks that normally require human intelligence, such as learning and\ndecision making, has the potential to spur innovation and transform industry\nand government; and\n\nWHEREAS, as the science and technology of AI continue to develop, more\nproducts and services are utilizing AI in fields such as healthcare, financial\nservices, education, housing, and transportation; and\n\nWHEREAS, Georgia and other states are considering a myriad of legislation and\nrules to protect their citizens and businesses while embracing new technology\nand the opportunity to improve lives; and\n\nWHEREAS, the emergence and rapid adoption of digital and cryptocurrency has\ngrown tremendously; and\n\nWHEREAS, there are valid concerns regarding the misuse of digital and\ncryptocurrency and the unintended consequences of its mass adoption,\nespecially without the development and implementation of common-sense\nstandards and safeguards; and\n\nWHEREAS, AI techniques, such as machine learning and deep learning, can be\nemployed to identify and prevent security threats in digital currency systems;\nand\n\nWHEREAS, promoting responsible innovation, competition, and collaboration in\npublic and private sectors will allow Georgia to be a leader in ensuring that\nAI technologies and digital currency will advance in a way that enforces the\nexisting consumer protection laws and principles for its citizens, while\nenacting any additional appropriate safeguards against, fraud, unintended\nbias, discrimination, infringements on privacy, and other potential harms from\nAI; and\n\nWHEREAS, it is in the best interest of this state and its citizens to examine\nthe intersection of AI technologies, digital currency, and their current and\nfuture use in this state.\n\nNOW, THEREFORE, BE IT RESOLVED BY THE SENATE:\n\n(1) **Creation of Senate study committee.** There is created the Senate Study\nCommittee on Artificial Intelligence and Digital Currency.\n\n(2) **Members and officers.** The committee shall be composed of six members\nto be appointed by the President of the Senate. The President of the Senate\nshall designate a legislative member of the committee as chairperson of the\ncommittee.\n\n(3) **Powers and duties.** The committee shall undertake a study of the\nconditions, needs, issues, and problems mentioned above or related thereto and\nrecommend any action or legislation which the committee deems necessary or\nappropriate.\n\n(4) **Meetings.** The chairperson shall call all meetings of the committee.\nThe committee may conduct such meetings at such places and at such times as it\nmay deem necessary or convenient to enable it to exercise fully and\neffectively its powers, perform its duties, and accomplish the objectives and\npurposes of this resolution.\n\n(5) **Allowances, expenses, and funding.**\n\n(A) The legislative members of the committee shall receive the allowances\nprovided for in Code Section 28-1-8 of the Official Code of Georgia Annotated.\n\n(B) Members of the committee who are state officials, other than legislative\nmembers, or who are state employees shall receive no compensation for their\nservice on the committee, but they may be reimbursed for expenses incurred by\nthem in the performance of their duties as members of the committee in the\nsame manner as they are reimbursed for expenses in their capacities as state\nofficials or employees.\n\n(C) Members of the committee who are not legislators, state officials, or\nstate employees shall receive a daily expense allowance in an amount the same\nas that specified in subsection (b) of Code Section 45-7-21 of the Official\nCode of Georgia Annotated, as well as the mileage or transportation allowance\nauthorized for state employees.\n\n(D) The allowances authorized by this resolution shall not be received by any\nmember of the committee for more than 12 days unless additional days are\nauthorized. Funds necessary to carry out the provisions of this resolution\nshall come from funds appropriated to the Senate; except that funds for the\nreimbursement of expenses of state officials, other than legislative members,\nand for the reimbursement of expenses of state employees shall come from funds\nappropriated to or otherwise available to their respective agencies.\n\n(6) **Report.**\n\n(A) In the event the committee adopts any specific findings or recommendations\nthat include suggestions for proposed legislation, the chairperson shall file\na report of the same prior to the date of abolishment specified in this\nresolution, subject to subparagraph (C) of this paragraph.\n\n(B) In the event the committee adopts a report that does not include\nsuggestions for proposed legislation, the chairperson shall file the report,\nsubject to subparagraph (C) of this paragraph.\n\n(C) No report shall be filed unless the same has been approved prior to the\ndate of abolishment specified in this resolution by majority vote of a quorum\nof the committee. A report so approved shall be signed by the chairperson of\nthe committee and filed with the Secretary of the Senate.\n\n(D) In the absence of an approved report, the chairperson may file with the\nSecretary of the Senate a copy of the minutes of the meetings of the committee\nin lieu thereof.\n\n(7) **Abolishment.** The committee shall stand abolished on December 1, 2025.\n\nCopyright (C) 2025 State Net  \n  \n---\n\n",
      "latest_version": false
    },
    {
      "date": "03/21/2025",
      "label": "Substituted",
      "url": "https://custom.statenet.com/public/resources.cgi?mode=show_text&id=ID:bill:GA2025000SR391&verid=GA2025000SR391_20250321_0_S&",
      "raw_html": "<html>\n<head>\n<title>Bill Resource</title>\n\n<!--   <link href=\"https://custom.statenet.com/network/Common/css/extregtext.css\" rel=\"stylesheet\" type=\"text/css\" />-->\n   <link href=\"https://custom.statenet.com/network/Common/css/xmltext-2.0.css\" rel=\"stylesheet\" type=\"text/css\" />\n   <link href=\"https://custom.statenet.com/network/Common/css/additional-text.css\" rel=\"stylesheet\" type=\"text/css\" />\n\n\t<style type=\"text/css\">\n<!--\n\ntd, body {\n     background-color: white;\n\tfont-family: Verdana, Arial, Helvetica, sans-serif;\n\tfont-size: 12px;\n}\n\n.resourceContainer {\n   border: 1px solid black;\n}\n-->\n</style>\n</head>\n<body>\n\n    <div style=\"width: 750px; margin: auto\">\n       <div style=\"font-size: .8em;margin-bottom: 10px\"><table width=\"100%\"><tr><td align=\"left\" style=\"font-size: .8em;\"><div>The following has special meaning:</div>\n<div><u class=\"amendmentInsertedText\">green underline denotes added text</u></div>\n<div><strike class=\"amendmentDeletedText\">red struck out text denotes deleted text</strike></div></td> <td align=\"right\"><a href=\"https://www.lexisnexis.com/statenet/\"><img alt=\"Powered by State Net\" src=\"https://custom.statenet.com/network/poweredby.gif\" /></a></td></tr></table></div><table id=\"text-identifier\"><tr><td class=\"key\">2025 GA SR 391</td> <td><table><tr><td class=\"label\">Author:</td> <td>Albers</td></tr> <tr><td class=\"label\">Version:</td> <td>Substituted</td></tr> <tr><td class=\"label\">Version Date:</td> <td>03/21/2025</td></tr></table></td></tr></table><div class=\"documentBody\">\n  <a name=\"head_document_section\"></a><div class=\"head\">\n   <p class=\"indent\">The Senate Committee on Rules offered the following substitute to SR 391:</p>\n  </div>\n  <a name=\"code_document_section\"></a><div class=\"code\">\n   <p class=\"center\">A RESOLUTION</p>\n   <p class=\"indent\">Creating the Senate Study Committee on Artificial Intelligence and Digital Currency; and for other purposes.</p>\n  </div>\n  <a name=\"text_document_section\"></a><div class=\"text\">\n   <p class=\"indent\">WHEREAS, artificial intelligence (AI), the development of computer systems to perform tasks that normally require human intelligence, such as learning and decision making, has the potential to spur innovation and transform industry and government; and</p>\n   <p class=\"indent\">WHEREAS, as the science and technology of AI continue to develop, more products and services are utilizing AI in fields such as healthcare, financial services, education, housing, and transportation; and</p>\n   <p class=\"indent\">WHEREAS, Georgia and other states are considering a myriad of legislation and rules to protect their citizens and businesses while embracing new technology and the opportunity to improve lives; and</p>\n   <p class=\"indent\">WHEREAS, the emergence and rapid adoption of digital and cryptocurrency has grown tremendously; and</p>\n   <p class=\"indent\">WHEREAS, there are valid concerns regarding the misuse of digital and cryptocurrency and the unintended consequences of its mass adoption, especially without the development and implementation of common-sense standards and safeguards; and</p>\n   <p class=\"indent\">WHEREAS, AI techniques, such as machine learning and deep learning, can be employed to identify and prevent security threats in digital currency systems; and</p>\n   <p class=\"indent\">WHEREAS, promoting responsible innovation, competition, and collaboration in public and private sectors will allow Georgia to be a leader in ensuring that AI technologies and digital currency will advance in a way that enforces the existing consumer protection laws and principles for its citizens, while enacting any additional appropriate safeguards against, fraud, unintended bias, discrimination, infringements on privacy, and other potential harms from AI; and</p>\n   <p class=\"indent\">WHEREAS, it is in the best interest of this state and its citizens to examine the intersection of AI technologies, digital currency, and their current and future use in this state.</p>\n   <p class=\"indent\">NOW, THEREFORE, BE IT RESOLVED BY THE SENATE:</p>\n   <p class=\"indent\">(1) <b>Creation of Senate study committee.</b> There is created the Senate Study Committee on Artificial Intelligence and Digital Currency.</p>\n   <p class=\"indent\">(2) <b>Members and officers.</b> The committee shall be composed of six members to be appointed by the President of the Senate. The President of the Senate shall designate a legislative member of the committee as chairperson of the committee.</p>\n   <p class=\"indent\">(3) <b>Powers and duties.</b> The committee shall undertake a study of the conditions, needs, issues, and problems mentioned above or related thereto and recommend any action or legislation which the committee deems necessary or appropriate.</p>\n   <p class=\"indent\">(4) <b>Meetings.</b> The chairperson shall call all meetings of the committee. The committee may conduct such meetings at such places and at such times as it may deem necessary or convenient to enable it to exercise fully and effectively its powers, perform its duties, and accomplish the objectives and purposes of this resolution.</p>\n   <p class=\"indent\">(5) <b>Allowances, expenses, and funding.</b>\n   </p>\n   <p class=\"indent\">(A) The legislative members of the committee shall receive the allowances provided for in Code Section 28-1-8 of the Official Code of Georgia Annotated.</p>\n   <p class=\"indent\">(B) Members of the committee who are state officials, other than legislative members, or who are state employees shall receive no compensation for their service on the committee, but they may be reimbursed for expenses incurred by them in the performance of their duties as members of the committee in the same manner as they are reimbursed for expenses in their capacities as state officials or employees.</p>\n   <p class=\"indent\">(C) Members of the committee who are not legislators, state officials, or state employees shall receive a daily expense allowance in an amount the same as that specified in subsection (b) of Code Section 45-7-21 of the Official Code of Georgia Annotated, as well as the mileage or transportation allowance authorized for state employees.</p>\n   <p class=\"indent\">(D) The allowances authorized by this resolution shall not be received by any member of the committee for more than four days unless additional days are authorized. Funds necessary to carry out the provisions of this resolution shall come from funds appropriated to the Senate; except that funds for the reimbursement of expenses of state officials, other than legislative members, and for the reimbursement of expenses of state employees shall come from funds appropriated to or otherwise available to their respective agencies.</p>\n   <p class=\"indent\">(6) <b>Report.</b>\n   </p>\n   <p class=\"indent\">(A) In the event the committee adopts any specific findings or recommendations that include suggestions for proposed legislation, the chairperson shall file a report of the same prior to the date of abolishment specified in this resolution, subject to subparagraph (C) of this paragraph.</p>\n   <p class=\"indent\">(B) In the event the committee adopts a report that does not include suggestions for proposed legislation, the chairperson shall file the report, subject to subparagraph (C) of this paragraph.</p>\n   <p class=\"indent\">(C) No report shall be filed unless the same has been approved prior to the date of abolishment specified in this resolution by majority vote of a quorum of the committee. A report so approved shall be signed by the chairperson of the committee and filed with the Secretary of the Senate.</p>\n   <p class=\"indent\">(D) In the absence of an approved report, the chairperson may file with the Secretary of the Senate a copy of the minutes of the meetings of the committee in lieu thereof.</p>\n   <p class=\"indent\">(7) <b>Abolishment.</b> The committee shall stand abolished on December 1, 2025.</p>\n  </div>\n </div>\n    </div>\t\n<table cellpadding=0 cellspacing=0 width=\"100%\">\n   <tr>\n      <td>\n          Copyright &copy; 2025 State Net\n      </td>\n<BR>\n<!--???MOVED INTO resources.cgi      <td align=\"right\">\n          <img src=\"https://custom.statenet.com/network/poweredby.gif\" alt=\"Powered by State Net\">\n      </td>-->\n\n    </tr>\n</table>\n</body></html>\n",
      "markdown": "The following has special meaning: _green underline denotes added text_ ~~red struck out text denotes deleted text~~ | [![Powered by State Net](https://custom.statenet.com/network/poweredby.gif)](https://www.lexisnexis.com/statenet/)  \n---|---  \n  \n2025 GA SR 391 | | Author: | Albers  \n---|---  \nVersion: | Substituted  \nVersion Date: | 03/21/2025  \n  \nThe Senate Committee on Rules offered the following substitute to SR 391:\n\nA RESOLUTION\n\nCreating the Senate Study Committee on Artificial Intelligence and Digital\nCurrency; and for other purposes.\n\nWHEREAS, artificial intelligence (AI), the development of computer systems to\nperform tasks that normally require human intelligence, such as learning and\ndecision making, has the potential to spur innovation and transform industry\nand government; and\n\nWHEREAS, as the science and technology of AI continue to develop, more\nproducts and services are utilizing AI in fields such as healthcare, financial\nservices, education, housing, and transportation; and\n\nWHEREAS, Georgia and other states are considering a myriad of legislation and\nrules to protect their citizens and businesses while embracing new technology\nand the opportunity to improve lives; and\n\nWHEREAS, the emergence and rapid adoption of digital and cryptocurrency has\ngrown tremendously; and\n\nWHEREAS, there are valid concerns regarding the misuse of digital and\ncryptocurrency and the unintended consequences of its mass adoption,\nespecially without the development and implementation of common-sense\nstandards and safeguards; and\n\nWHEREAS, AI techniques, such as machine learning and deep learning, can be\nemployed to identify and prevent security threats in digital currency systems;\nand\n\nWHEREAS, promoting responsible innovation, competition, and collaboration in\npublic and private sectors will allow Georgia to be a leader in ensuring that\nAI technologies and digital currency will advance in a way that enforces the\nexisting consumer protection laws and principles for its citizens, while\nenacting any additional appropriate safeguards against, fraud, unintended\nbias, discrimination, infringements on privacy, and other potential harms from\nAI; and\n\nWHEREAS, it is in the best interest of this state and its citizens to examine\nthe intersection of AI technologies, digital currency, and their current and\nfuture use in this state.\n\nNOW, THEREFORE, BE IT RESOLVED BY THE SENATE:\n\n(1) **Creation of Senate study committee.** There is created the Senate Study\nCommittee on Artificial Intelligence and Digital Currency.\n\n(2) **Members and officers.** The committee shall be composed of six members\nto be appointed by the President of the Senate. The President of the Senate\nshall designate a legislative member of the committee as chairperson of the\ncommittee.\n\n(3) **Powers and duties.** The committee shall undertake a study of the\nconditions, needs, issues, and problems mentioned above or related thereto and\nrecommend any action or legislation which the committee deems necessary or\nappropriate.\n\n(4) **Meetings.** The chairperson shall call all meetings of the committee.\nThe committee may conduct such meetings at such places and at such times as it\nmay deem necessary or convenient to enable it to exercise fully and\neffectively its powers, perform its duties, and accomplish the objectives and\npurposes of this resolution.\n\n(5) **Allowances, expenses, and funding.**\n\n(A) The legislative members of the committee shall receive the allowances\nprovided for in Code Section 28-1-8 of the Official Code of Georgia Annotated.\n\n(B) Members of the committee who are state officials, other than legislative\nmembers, or who are state employees shall receive no compensation for their\nservice on the committee, but they may be reimbursed for expenses incurred by\nthem in the performance of their duties as members of the committee in the\nsame manner as they are reimbursed for expenses in their capacities as state\nofficials or employees.\n\n(C) Members of the committee who are not legislators, state officials, or\nstate employees shall receive a daily expense allowance in an amount the same\nas that specified in subsection (b) of Code Section 45-7-21 of the Official\nCode of Georgia Annotated, as well as the mileage or transportation allowance\nauthorized for state employees.\n\n(D) The allowances authorized by this resolution shall not be received by any\nmember of the committee for more than four days unless additional days are\nauthorized. Funds necessary to carry out the provisions of this resolution\nshall come from funds appropriated to the Senate; except that funds for the\nreimbursement of expenses of state officials, other than legislative members,\nand for the reimbursement of expenses of state employees shall come from funds\nappropriated to or otherwise available to their respective agencies.\n\n(6) **Report.**\n\n(A) In the event the committee adopts any specific findings or recommendations\nthat include suggestions for proposed legislation, the chairperson shall file\na report of the same prior to the date of abolishment specified in this\nresolution, subject to subparagraph (C) of this paragraph.\n\n(B) In the event the committee adopts a report that does not include\nsuggestions for proposed legislation, the chairperson shall file the report,\nsubject to subparagraph (C) of this paragraph.\n\n(C) No report shall be filed unless the same has been approved prior to the\ndate of abolishment specified in this resolution by majority vote of a quorum\nof the committee. A report so approved shall be signed by the chairperson of\nthe committee and filed with the Secretary of the Senate.\n\n(D) In the absence of an approved report, the chairperson may file with the\nSecretary of the Senate a copy of the minutes of the meetings of the committee\nin lieu thereof.\n\n(7) **Abolishment.** The committee shall stand abolished on December 1, 2025.\n\nCopyright (C) 2025 State Net  \n  \n---\n\n",
      "latest_version": false
    },
    {
      "date": "04/02/2025",
      "label": "Adopted",
      "url": "https://custom.statenet.com/public/resources.cgi?mode=show_text&id=ID:bill:GA2025000SR391&verid=GA2025000SR391_20250402_0_AD&",
      "raw_html": "<html>\n<head>\n<title>Bill Resource</title>\n\n<!--   <link href=\"https://custom.statenet.com/network/Common/css/extregtext.css\" rel=\"stylesheet\" type=\"text/css\" />-->\n   <link href=\"https://custom.statenet.com/network/Common/css/xmltext-2.0.css\" rel=\"stylesheet\" type=\"text/css\" />\n   <link href=\"https://custom.statenet.com/network/Common/css/additional-text.css\" rel=\"stylesheet\" type=\"text/css\" />\n\n\t<style type=\"text/css\">\n<!--\n\ntd, body {\n     background-color: white;\n\tfont-family: Verdana, Arial, Helvetica, sans-serif;\n\tfont-size: 12px;\n}\n\n.resourceContainer {\n   border: 1px solid black;\n}\n-->\n</style>\n</head>\n<body>\n\n    <div style=\"width: 750px; margin: auto\">\n       <div style=\"font-size: .8em;margin-bottom: 10px\"><table width=\"100%\"><tr><td align=\"left\" style=\"font-size: .8em;\"><div>The following has special meaning:</div>\n<div><u class=\"amendmentInsertedText\">green underline denotes added text</u></div>\n<div><strike class=\"amendmentDeletedText\">red struck out text denotes deleted text</strike></div></td> <td align=\"right\"><a href=\"https://www.lexisnexis.com/statenet/\"><img alt=\"Powered by State Net\" src=\"https://custom.statenet.com/network/poweredby.gif\" /></a></td></tr></table></div><table id=\"text-identifier\"><tr><td class=\"key\">2025 GA SR 391</td> <td><table><tr><td class=\"label\">Author:</td> <td>Albers</td></tr> <tr><td class=\"label\">Version:</td> <td>Adopted</td></tr> <tr><td class=\"label\">Version Date:</td> <td>04/02/2025</td></tr></table></td></tr></table><div class=\"documentBody\">\n  <a name=\"head_document_section\"></a><div class=\"head\">\n   <p class=\"indent\">The Senate Committee on Rules offered the following substitute to SR 391:</p>\n  </div>\n  <a name=\"code_document_section\"></a><div class=\"code\">\n   <p class=\"center\">A RESOLUTION</p>\n   <p class=\"indent\">Creating the Senate Study Committee on Artificial Intelligence and Digital Currency; and for other purposes.</p>\n  </div>\n  <a name=\"text_document_section\"></a><div class=\"text\">\n   <p class=\"indent\">WHEREAS, artificial intelligence (AI), the development of computer systems to perform tasks that normally require human intelligence, such as learning and decision making, has the potential to spur innovation and transform industry and government; and</p>\n   <p class=\"indent\">WHEREAS, as the science and technology of AI continue to develop, more products and services are utilizing AI in fields such as healthcare, financial services, education, housing, and transportation; and</p>\n   <p class=\"indent\">WHEREAS, Georgia and other states are considering a myriad of legislation and rules to protect their citizens and businesses while embracing new technology and the opportunity to improve lives; and</p>\n   <p class=\"indent\">WHEREAS, the emergence and rapid adoption of digital and cryptocurrency has grown tremendously; and</p>\n   <p class=\"indent\">WHEREAS, there are valid concerns regarding the misuse of digital and cryptocurrency and the unintended consequences of its mass adoption, especially without the development and implementation of common-sense standards and safeguards; and</p>\n   <p class=\"indent\">WHEREAS, AI techniques, such as machine learning and deep learning, can be employed to identify and prevent security threats in digital currency systems; and</p>\n   <p class=\"indent\">WHEREAS, promoting responsible innovation, competition, and collaboration in public and private sectors will allow Georgia to be a leader in ensuring that AI technologies and digital currency will advance in a way that enforces the existing consumer protection laws and principles for its citizens, while enacting any additional appropriate safeguards against, fraud, unintended bias, discrimination, infringements on privacy, and other potential harms from AI; and</p>\n   <p class=\"indent\">WHEREAS, it is in the best interest of this state and its citizens to examine the intersection of AI technologies, digital currency, and their current and future use in this state.</p>\n   <p class=\"indent\">NOW, THEREFORE, BE IT RESOLVED BY THE SENATE:</p>\n   <p class=\"indent\">(1) <b>Creation of Senate study committee.</b> There is created the Senate Study Committee on Artificial Intelligence and Digital Currency.</p>\n   <p class=\"indent\">(2) <b>Members and officers.</b> The committee shall be composed of six members to be appointed by the President of the Senate. The President of the Senate shall designate a legislative member of the committee as chairperson of the committee.</p>\n   <p class=\"indent\">(3) <b>Powers and duties.</b> The committee shall undertake a study of the conditions, needs, issues, and problems mentioned above or related thereto and recommend any action or legislation which the committee deems necessary or appropriate.</p>\n   <p class=\"indent\">(4) <b>Meetings.</b> The chairperson shall call all meetings of the committee. The committee may conduct such meetings at such places and at such times as it may deem necessary or convenient to enable it to exercise fully and effectively its powers, perform its duties, and accomplish the objectives and purposes of this resolution.</p>\n   <p class=\"indent\">(5) <b>Allowances, expenses, and funding.</b>\n   </p>\n   <p class=\"indent\">(A) The legislative members of the committee shall receive the allowances provided for in Code Section 28-1-8 of the Official Code of Georgia Annotated.</p>\n   <p class=\"indent\">(B) Members of the committee who are state officials, other than legislative members, or who are state employees shall receive no compensation for their service on the committee, but they may be reimbursed for expenses incurred by them in the performance of their duties as members of the committee in the same manner as they are reimbursed for expenses in their capacities as state officials or employees.</p>\n   <p class=\"indent\">(C) Members of the committee who are not legislators, state officials, or state employees shall receive a daily expense allowance in an amount the same as that specified in subsection (b) of Code Section 45-7-21 of the Official Code of Georgia Annotated, as well as the mileage or transportation allowance authorized for state employees.</p>\n   <p class=\"indent\">(D) The allowances authorized by this resolution shall not be received by any member of the committee for more than four days unless additional days are authorized. Funds necessary to carry out the provisions of this resolution shall come from funds appropriated to the Senate; except that funds for the reimbursement of expenses of state officials, other than legislative members, and for the reimbursement of expenses of state employees shall come from funds appropriated to or otherwise available to their respective agencies.</p>\n   <p class=\"indent\">(6) <b>Report.</b>\n   </p>\n   <p class=\"indent\">(A) In the event the committee adopts any specific findings or recommendations that include suggestions for proposed legislation, the chairperson shall file a report of the same prior to the date of abolishment specified in this resolution, subject to subparagraph (C) of this paragraph.</p>\n   <p class=\"indent\">(B) In the event the committee adopts a report that does not include suggestions for proposed legislation, the chairperson shall file the report, subject to subparagraph (C) of this paragraph.</p>\n   <p class=\"indent\">(C) No report shall be filed unless the same has been approved prior to the date of abolishment specified in this resolution by majority vote of a quorum of the committee. A report so approved shall be signed by the chairperson of the committee and filed with the Secretary of the Senate.</p>\n   <p class=\"indent\">(D) In the absence of an approved report, the chairperson may file with the Secretary of the Senate a copy of the minutes of the meetings of the committee in lieu thereof.</p>\n   <p class=\"indent\">(7) <b>Abolishment.</b> The committee shall stand abolished on December 1, 2025.</p>\n  </div>\n </div>\n    </div>\t\n<table cellpadding=0 cellspacing=0 width=\"100%\">\n   <tr>\n      <td>\n          Copyright &copy; 2025 State Net\n      </td>\n<BR>\n<!--???MOVED INTO resources.cgi      <td align=\"right\">\n          <img src=\"https://custom.statenet.com/network/poweredby.gif\" alt=\"Powered by State Net\">\n      </td>-->\n\n    </tr>\n</table>\n</body></html>\n",
      "markdown": "The following has special meaning: _green underline denotes added text_ ~~red struck out text denotes deleted text~~ | [![Powered by State Net](https://custom.statenet.com/network/poweredby.gif)](https://www.lexisnexis.com/statenet/)  \n---|---  \n  \n2025 GA SR 391 | | Author: | Albers  \n---|---  \nVersion: | Adopted  \nVersion Date: | 04/02/2025  \n  \nThe Senate Committee on Rules offered the following substitute to SR 391:\n\nA RESOLUTION\n\nCreating the Senate Study Committee on Artificial Intelligence and Digital\nCurrency; and for other purposes.\n\nWHEREAS, artificial intelligence (AI), the development of computer systems to\nperform tasks that normally require human intelligence, such as learning and\ndecision making, has the potential to spur innovation and transform industry\nand government; and\n\nWHEREAS, as the science and technology of AI continue to develop, more\nproducts and services are utilizing AI in fields such as healthcare, financial\nservices, education, housing, and transportation; and\n\nWHEREAS, Georgia and other states are considering a myriad of legislation and\nrules to protect their citizens and businesses while embracing new technology\nand the opportunity to improve lives; and\n\nWHEREAS, the emergence and rapid adoption of digital and cryptocurrency has\ngrown tremendously; and\n\nWHEREAS, there are valid concerns regarding the misuse of digital and\ncryptocurrency and the unintended consequences of its mass adoption,\nespecially without the development and implementation of common-sense\nstandards and safeguards; and\n\nWHEREAS, AI techniques, such as machine learning and deep learning, can be\nemployed to identify and prevent security threats in digital currency systems;\nand\n\nWHEREAS, promoting responsible innovation, competition, and collaboration in\npublic and private sectors will allow Georgia to be a leader in ensuring that\nAI technologies and digital currency will advance in a way that enforces the\nexisting consumer protection laws and principles for its citizens, while\nenacting any additional appropriate safeguards against, fraud, unintended\nbias, discrimination, infringements on privacy, and other potential harms from\nAI; and\n\nWHEREAS, it is in the best interest of this state and its citizens to examine\nthe intersection of AI technologies, digital currency, and their current and\nfuture use in this state.\n\nNOW, THEREFORE, BE IT RESOLVED BY THE SENATE:\n\n(1) **Creation of Senate study committee.** There is created the Senate Study\nCommittee on Artificial Intelligence and Digital Currency.\n\n(2) **Members and officers.** The committee shall be composed of six members\nto be appointed by the President of the Senate. The President of the Senate\nshall designate a legislative member of the committee as chairperson of the\ncommittee.\n\n(3) **Powers and duties.** The committee shall undertake a study of the\nconditions, needs, issues, and problems mentioned above or related thereto and\nrecommend any action or legislation which the committee deems necessary or\nappropriate.\n\n(4) **Meetings.** The chairperson shall call all meetings of the committee.\nThe committee may conduct such meetings at such places and at such times as it\nmay deem necessary or convenient to enable it to exercise fully and\neffectively its powers, perform its duties, and accomplish the objectives and\npurposes of this resolution.\n\n(5) **Allowances, expenses, and funding.**\n\n(A) The legislative members of the committee shall receive the allowances\nprovided for in Code Section 28-1-8 of the Official Code of Georgia Annotated.\n\n(B) Members of the committee who are state officials, other than legislative\nmembers, or who are state employees shall receive no compensation for their\nservice on the committee, but they may be reimbursed for expenses incurred by\nthem in the performance of their duties as members of the committee in the\nsame manner as they are reimbursed for expenses in their capacities as state\nofficials or employees.\n\n(C) Members of the committee who are not legislators, state officials, or\nstate employees shall receive a daily expense allowance in an amount the same\nas that specified in subsection (b) of Code Section 45-7-21 of the Official\nCode of Georgia Annotated, as well as the mileage or transportation allowance\nauthorized for state employees.\n\n(D) The allowances authorized by this resolution shall not be received by any\nmember of the committee for more than four days unless additional days are\nauthorized. Funds necessary to carry out the provisions of this resolution\nshall come from funds appropriated to the Senate; except that funds for the\nreimbursement of expenses of state officials, other than legislative members,\nand for the reimbursement of expenses of state employees shall come from funds\nappropriated to or otherwise available to their respective agencies.\n\n(6) **Report.**\n\n(A) In the event the committee adopts any specific findings or recommendations\nthat include suggestions for proposed legislation, the chairperson shall file\na report of the same prior to the date of abolishment specified in this\nresolution, subject to subparagraph (C) of this paragraph.\n\n(B) In the event the committee adopts a report that does not include\nsuggestions for proposed legislation, the chairperson shall file the report,\nsubject to subparagraph (C) of this paragraph.\n\n(C) No report shall be filed unless the same has been approved prior to the\ndate of abolishment specified in this resolution by majority vote of a quorum\nof the committee. A report so approved shall be signed by the chairperson of\nthe committee and filed with the Secretary of the Senate.\n\n(D) In the absence of an approved report, the chairperson may file with the\nSecretary of the Senate a copy of the minutes of the meetings of the committee\nin lieu thereof.\n\n(7) **Abolishment.** The committee shall stand abolished on December 1, 2025.\n\nCopyright (C) 2025 State Net  \n  \n---\n\n",
      "latest_version": true
    }
  ]
}