{
  "bill_id": "GA2025000S9",
  "source_url": "http://custom.statenet.com/public/resources.cgi?id=ID:bill:GA2025000S9&cuiq=93d84396-c63b-526a-b152-38b7f79b4cfd&client_md=e4f6fea4-27b4-5d41-b7d3-766fe52569f0",
  "versions": [
    {
      "date": "01/14/2025",
      "label": "Introduced",
      "url": "https://custom.statenet.com/public/resources.cgi?mode=show_text&id=ID:bill:GA2025000S9&verid=GA2025000S9_20250114_0_I&",
      "raw_html": "<html>\n<head>\n<title>Bill Resource</title>\n\n<!--   <link href=\"https://custom.statenet.com/network/Common/css/extregtext.css\" rel=\"stylesheet\" type=\"text/css\" />-->\n   <link href=\"https://custom.statenet.com/network/Common/css/xmltext-2.0.css\" rel=\"stylesheet\" type=\"text/css\" />\n   <link href=\"https://custom.statenet.com/network/Common/css/additional-text.css\" rel=\"stylesheet\" type=\"text/css\" />\n\n\t<style type=\"text/css\">\n<!--\n\ntd, body {\n     background-color: white;\n\tfont-family: Verdana, Arial, Helvetica, sans-serif;\n\tfont-size: 12px;\n}\n\n.resourceContainer {\n   border: 1px solid black;\n}\n-->\n</style>\n</head>\n<body>\n\n    <div style=\"width: 750px; margin: auto\">\n       <div style=\"font-size: .8em;margin-bottom: 10px\"><table width=\"100%\"><tr><td align=\"left\" style=\"font-size: .8em;\"><div>The following has special meaning:</div>\n<div><u class=\"amendmentInsertedText\">green underline denotes added text</u></div>\n<div><strike class=\"amendmentDeletedText\">red struck out text denotes deleted text</strike></div></td> <td align=\"right\"><a href=\"https://www.lexisnexis.com/statenet/\"><img alt=\"Powered by State Net\" src=\"https://custom.statenet.com/network/poweredby.gif\" /></a></td></tr></table></div><table id=\"text-identifier\"><tr><td class=\"key\">2025 GA S 9</td> <td><table><tr><td class=\"label\">Author:</td> <td>Albers</td></tr> <tr><td class=\"label\">Version:</td> <td>Introduced</td></tr> <tr><td class=\"label\">Version Date:</td> <td>01/14/2025</td></tr></table></td></tr></table><div class=\"documentBody\">\n  <a name=\"head_document_section\"></a><div class=\"head\">\n   <p class=\"indent\">Senate Bill 9</p>\n   <p class=\"indent\">By: Senators Albers of the 56th, Still of the 48th, Esteves of the 35th, Rahman of the 5th, Cowsert of the 46th and others</p>\n  </div>\n  <a name=\"code_document_section\"></a><div class=\"code\">\n   <p class=\"center\">A BILL TO BE ENTITLED</p>\n   <p class=\"center\">AN ACT</p>\n   <p class=\"indent\">To amend Part 1 of Article 3 of Chapter 12 of Title 16 of the Official Code of Georgia Annotated, relating to general provisions relative to obscenity and related offenses, so as to repeal and replace Code Section 16-12-80, relating to obscene material, distribution, and penalty; to prohibit distribution of computer generated obscene material depicting a child; to provide for a standard for obscenity; to provide for a penalty and probation; to amend Article 1 of Chapter 10 of Title 17 of the Official Code of Georgia Annotated, relating to procedure for sentencing and imposition of punishment, so as to provide for sentencing of defendants who utilize artificial intelligence in the commission of certain crimes; to provide for notices for enhanced sentencing, and enhanced sentencing; to provide for definitions; to provide for a short title; to provide for related matters; to repeal conflicting laws; and for other purposes.</p>\n  </div>\n  <a name=\"text_document_section\"></a><div class=\"text\">\n   <span>\n    <p class=\"center\">BE IT ENACTED BY THE GENERAL ASSEMBLY OF GEORGIA:</p>\n   </span>\n   <p class=\"center\">\n    <b>SECTION 1.</b>\n   </p>\n   <p class=\"indent\">This Act shall be known and may be cited as the&quot;Ensuring Accountability for Illegal AI Activities Act.&quot;</p>\n   <p class=\"center\">\n    <b>SECTION 2.</b>\n   </p>\n   <p class=\"indent\">Part 1 of Article 3 of Chapter 12 of Title 16 of the Official Code of Georgia Annotated, relating to general provisions relative to obscenity and related offenses, is amended by repealing Code Section 16-12-80, relating to distributing obscene material, obscene material defined, and penalty, and enacting a new Code Section 16-12-80, to read as follows:</p>\n   <p class=\"indent\">&quot;<u class=\"amendmentInsertedText\">16-12-80.</u>\n   </p>\n   <p class=\"indent\">\n    <u class=\"amendmentInsertedText\">(a) As used in this Code section, the term:</u>\n   </p>\n   <p class=\"indent\">\n    <u class=\"amendmentInsertedText\">(1) &#39;Artificial intelligence system&#39; shall have the same meaning as set forth in Code Section 17-10-22.</u>\n   </p>\n   <p class=\"indent\">\n    <u class=\"amendmentInsertedText\">(2) &#39;Child&#39; means any individual under the age of 16 years.</u>\n   </p>\n   <p class=\"indent\">\n    <u class=\"amendmentInsertedText\">(3) &#39;Sexually explicit conduct&#39; shall have the same meaning as set forth in Code Section 16-12-100.</u>\n   </p>\n   <p class=\"indent\">\n    <u class=\"amendmentInsertedText\">(b) Any person commits the crime of distribution of computer generated obscene material depicting a child when they knowingly distribute, solicit, or possess with intent to distribute a visual depiction of any kind, including an electronic image, electronic video, drawing, sculpture, or painting, that:</u>\n   </p>\n   <p class=\"indent\">\n    <u class=\"amendmentInsertedText\">(1) Depicts an image that appears to be of a child, and that would appear realistic to an average observer, engaging in sexually explicit conduct, whether between persons of the same or opposite sex;</u>\n   </p>\n   <p class=\"indent\">\n    <u class=\"amendmentInsertedText\">(2) Is obscene as set forth in subsection (e) of this Code section; and</u>\n   </p>\n   <p class=\"indent\">\n    <u class=\"amendmentInsertedText\">(3) Was created through the use of an artificial intelligence system</u>.</p>\n   <p class=\"indent\">\n    <u class=\"amendmentInsertedText\">(c) A person who commits the crime proscribed in subsection (b) of this Code section shall be guilty of a felony and punished by imprisonment for not less than one year nor more than 15 years.</u>\n   </p>\n   <p class=\"indent\">\n    <u class=\"amendmentInsertedText\">(d) It is not a required element of an offense under this Code section that the child depicted actually exists.</u>\n   </p>\n   <p class=\"indent\">\n    <u class=\"amendmentInsertedText\">(e) Material identified in subsection (b) of this Code section is obscene </u>if:</p>\n   <p class=\"indent\">\n    <u class=\"amendmentInsertedText\">(1) To an average person, applying contemporary community standards, taken as a whole, it predominantly appeals to the prurient interest, that is, a shameful or morbid interest in nudity, sex, or excretion;</u>\n   </p>\n   <p class=\"indent\">\n    <u class=\"amendmentInsertedText\">(2) The material taken as a whole lacks serious literary, artistic, political, or scientific value; and</u>\n   </p>\n   <p class=\"indent\">\n    <u class=\"amendmentInsertedText\">(3) The material depicts or describes, in a patently offensive way, sexually explicit conduct.</u>\n   </p>\n   <p class=\"indent\">\n    <u class=\"amendmentInsertedText\">(f) If the court orders a sentence to be probated in whole or in part, as a condition the court may impose any or all of the requirements set forth in subsection (b) of Code Section 42-8-35</u>.&quot;</p>\n   <p class=\"center\">\n    <b>SECTION 3.</b>\n   </p>\n   <p class=\"indent\">Article 1 of Chapter 10 of Title 17 of the Official Code of Georgia Annotated, relating to procedure for sentencing and imposition of punishment, is amended by adding a new Code section to read as follows:</p>\n   <p class=\"indent\">&quot;<u class=\"amendmentInsertedText\">17-10-22.</u>\n   </p>\n   <p class=\"indent\">\n    <u class=\"amendmentInsertedText\">(a) As used in this Code section, the term:</u>\n   </p>\n   <p class=\"indent\">\n    <u class=\"amendmentInsertedText\">(1) &#39;Artificial intelligence system&#39; means an engineered or machine based system that emulates the capability of a person to receive audio, visual, text, or any other form of information and use such information to emulate a human cognitive process, including, but not limited to, learning, generalizing, reasoning, planning, predicting, acting, or communicating; provided, however, that artificial intelligence systems may vary in the forms of information they can receive and in the human cognitive processes they can emulate.</u>\n   </p>\n   <p class=\"indent\">\n    <u class=\"amendmentInsertedText\">(2) &#39;Designated offense&#39; means:</u>\n   </p>\n   <p class=\"indent\">\n    <u class=\"amendmentInsertedText\">(A) Stalking in violation of Code Section 16-5-90;</u>\n   </p>\n   <p class=\"indent\">\n    <u class=\"amendmentInsertedText\">(B) Aggravated stalking in violation of Code Section 16-5-91;</u>\n   </p>\n   <p class=\"indent\">\n    <u class=\"amendmentInsertedText\">(C) Exploitation of a disabled adult, elder person, or resident in violation of Code Section 16-5-102;</u>\n   </p>\n   <p class=\"indent\">\n    <u class=\"amendmentInsertedText\">(D) Enticing a child for indecent purposes in violation of Code Section 16-6-5;</u>\n   </p>\n   <p class=\"indent\">\n    <u class=\"amendmentInsertedText\">(E) Publication or other dissemination of the name or identity of female raped or assaulted with intent to commit rape in violation of Code Section 16-6-23;</u>\n   </p>\n   <p class=\"indent\">\n    <u class=\"amendmentInsertedText\">(F) Any misdemeanor or felony offense provided for in Article 1 of Chapter 8</u> of <u class=\"amendmentInsertedText\">Title 16;</u>\n   </p>\n   <p class=\"indent\">\n    <u class=\"amendmentInsertedText\">(G) Any misdemeanor or felony offense provided for in Article 3 of Chapter 8</u> of <u class=\"amendmentInsertedText\">Title 16;</u>\n   </p>\n   <p class=\"indent\">\n    <u class=\"amendmentInsertedText\">(H) Any misdemeanor or felony offense provided for in Article 5 of Chapter 8</u> of <u class=\"amendmentInsertedText\">Title 16;</u>\n   </p>\n   <p class=\"indent\">\n    <u class=\"amendmentInsertedText\">(I) Any misdemeanor or felony offense provided for in Chapter 9 of Title 16;</u>\n   </p>\n   <p class=\"indent\">\n    <u class=\"amendmentInsertedText\">(J) Any misdemeanor or felony offense provided for in Chapter 10 of Title 16;</u>\n   </p>\n   <p class=\"indent\">\n    <u class=\"amendmentInsertedText\">(K) Any misdemeanor or felony offense provided for in Chapter 11 of Title 16;</u>\n   </p>\n   <p class=\"indent\">\n    <u class=\"amendmentInsertedText\">(L) Any misdemeanor or felony offense provided for in Chapter 12 of Title 16; and</u>\n   </p>\n   <p class=\"indent\">\n    <u class=\"amendmentInsertedText\">(M) Fraudulent election interference in violation of Code Section 21-2-604</u>.</p>\n   <p class=\"indent\">\n    <u class=\"amendmentInsertedText\">(3) &#39;Use an artificial intelligence system&#39; means to be the proximate cause of an artificial intelligence system receiving an input or providing an output</u>.</p>\n   <p class=\"indent\">\n    <u class=\"amendmentInsertedText\">(b) In a case where notice has been given pursuant to subsection (c) of this Code section, the trier of fact shall initially determine the defendant&#39;s guilt on the designated offense or designated offenses charged. If the trier of fact finds the defendant guilty of such designated offense or designated offenses, the trial shall immediately be recommenced to receive evidence as is relevant to determine whether the defendant knowingly and intentionally used an artificial intelligence system in the commission of a designated offense as set forth in the notice given pursuant to subsection (c) of this Code section</u>.</p>\n   <p class=\"indent\">\n    <u class=\"amendmentInsertedText\">(c) At any time after the filing of an indictment or accusation, but not later than the arraignment, the state shall notify the defendant of its intention to seek the enhanced penalty or penalties authorized by subsection (d) of this Code section. Such notice shall be in writing and shall allege the specific factor or factors authorizing an enhanced sentence in the case pursuant to this Code section</u>.</p>\n   <p class=\"indent\">\n    <u class=\"amendmentInsertedText\">(d) If the trier of fact determines beyond a reasonable doubt that the defendant knowingly and intentionally used an artificial intelligence system in the commission of a designated offense as set forth in the notice given pursuant to subsection (c) of this Code section, the judge shall enhance the sentence imposed in accordance with subsections (e) and (f) of this Code section.</u>\n   </p>\n   <p class=\"indent\">\n    <u class=\"amendmentInsertedText\">(e) Subject to the notice requirement provided for in subsection (c) of this Code section and in enhancement of the penalty imposed, if the trier of fact determines beyond a reasonable doubt that the defendant knowingly and intentionally utilized artificial intelligence in the commission of a designated offense, the judge imposing sentence shall:</u>\n   </p>\n   <p class=\"indent\">\n    <u class=\"amendmentInsertedText\">(1) If the designated offense for which the defendant was convicted is a misdemeanor, impose a sentence of confinement for a period of not less than six nor more than 12 months and a fine not to exceed $5,000.00;</u> or</p>\n   <p class=\"indent\">\n    <u class=\"amendmentInsertedText\">(2) If the designated offense for which the defendant was convicted is a felony, impose a sentence of imprisonment for a period of not less than two years and a fine not less than $5,000.00.</u>\n   </p>\n   <p class=\"indent\">\n    <u class=\"amendmentInsertedText\">(f) The judge shall state when he or she imposes the sentence the amount of the enhancement of the sentence based on the application of subsection (e) of this Code section</u> .&quot;</p>\n   <p class=\"center\">\n    <b>SECTION 4.</b>\n   </p>\n   <p class=\"indent\">All laws and parts of laws in conflict with this Act are repealed.</p>\n  </div>\n </div>\n    </div>\t\n<table cellpadding=0 cellspacing=0 width=\"100%\">\n   <tr>\n      <td>\n          Copyright &copy; 2025 State Net\n      </td>\n<BR>\n<!--???MOVED INTO resources.cgi      <td align=\"right\">\n          <img src=\"https://custom.statenet.com/network/poweredby.gif\" alt=\"Powered by State Net\">\n      </td>-->\n\n    </tr>\n</table>\n</body></html>\n",
      "markdown": "The following has special meaning: _green underline denotes added text_ ~~red struck out text denotes deleted text~~ | [![Powered by State Net](https://custom.statenet.com/network/poweredby.gif)](https://www.lexisnexis.com/statenet/)  \n---|---  \n  \n2025 GA S 9 | | Author: | Albers  \n---|---  \nVersion: | Introduced  \nVersion Date: | 01/14/2025  \n  \nSenate Bill 9\n\nBy: Senators Albers of the 56th, Still of the 48th, Esteves of the 35th,\nRahman of the 5th, Cowsert of the 46th and others\n\nA BILL TO BE ENTITLED\n\nAN ACT\n\nTo amend Part 1 of Article 3 of Chapter 12 of Title 16 of the Official Code of\nGeorgia Annotated, relating to general provisions relative to obscenity and\nrelated offenses, so as to repeal and replace Code Section 16-12-80, relating\nto obscene material, distribution, and penalty; to prohibit distribution of\ncomputer generated obscene material depicting a child; to provide for a\nstandard for obscenity; to provide for a penalty and probation; to amend\nArticle 1 of Chapter 10 of Title 17 of the Official Code of Georgia Annotated,\nrelating to procedure for sentencing and imposition of punishment, so as to\nprovide for sentencing of defendants who utilize artificial intelligence in\nthe commission of certain crimes; to provide for notices for enhanced\nsentencing, and enhanced sentencing; to provide for definitions; to provide\nfor a short title; to provide for related matters; to repeal conflicting laws;\nand for other purposes.\n\nBE IT ENACTED BY THE GENERAL ASSEMBLY OF GEORGIA:\n\n**SECTION 1.**\n\nThis Act shall be known and may be cited as the\"Ensuring Accountability for\nIllegal AI Activities Act.\"\n\n**SECTION 2.**\n\nPart 1 of Article 3 of Chapter 12 of Title 16 of the Official Code of Georgia\nAnnotated, relating to general provisions relative to obscenity and related\noffenses, is amended by repealing Code Section 16-12-80, relating to\ndistributing obscene material, obscene material defined, and penalty, and\nenacting a new Code Section 16-12-80, to read as follows:\n\n\"_16-12-80._\n\n_(a) As used in this Code section, the term:_\n\n_(1) 'Artificial intelligence system' shall have the same meaning as set forth\nin Code Section 17-10-22._\n\n_(2) 'Child' means any individual under the age of 16 years._\n\n_(3) 'Sexually explicit conduct' shall have the same meaning as set forth in\nCode Section 16-12-100._\n\n_(b) Any person commits the crime of distribution of computer generated\nobscene material depicting a child when they knowingly distribute, solicit, or\npossess with intent to distribute a visual depiction of any kind, including an\nelectronic image, electronic video, drawing, sculpture, or painting, that:_\n\n_(1) Depicts an image that appears to be of a child, and that would appear\nrealistic to an average observer, engaging in sexually explicit conduct,\nwhether between persons of the same or opposite sex;_\n\n_(2) Is obscene as set forth in subsection (e) of this Code section; and_\n\n_(3) Was created through the use of an artificial intelligence system_.\n\n_(c) A person who commits the crime proscribed in subsection (b) of this Code\nsection shall be guilty of a felony and punished by imprisonment for not less\nthan one year nor more than 15 years._\n\n_(d) It is not a required element of an offense under this Code section that\nthe child depicted actually exists._\n\n_(e) Material identified in subsection (b) of this Code section is obscene_\nif:\n\n_(1) To an average person, applying contemporary community standards, taken as\na whole, it predominantly appeals to the prurient interest, that is, a\nshameful or morbid interest in nudity, sex, or excretion;_\n\n_(2) The material taken as a whole lacks serious literary, artistic,\npolitical, or scientific value; and_\n\n_(3) The material depicts or describes, in a patently offensive way, sexually\nexplicit conduct._\n\n_(f) If the court orders a sentence to be probated in whole or in part, as a\ncondition the court may impose any or all of the requirements set forth in\nsubsection (b) of Code Section 42-8-35_.\"\n\n**SECTION 3.**\n\nArticle 1 of Chapter 10 of Title 17 of the Official Code of Georgia Annotated,\nrelating to procedure for sentencing and imposition of punishment, is amended\nby adding a new Code section to read as follows:\n\n\"_17-10-22._\n\n_(a) As used in this Code section, the term:_\n\n_(1) 'Artificial intelligence system' means an engineered or machine based\nsystem that emulates the capability of a person to receive audio, visual,\ntext, or any other form of information and use such information to emulate a\nhuman cognitive process, including, but not limited to, learning,\ngeneralizing, reasoning, planning, predicting, acting, or communicating;\nprovided, however, that artificial intelligence systems may vary in the forms\nof information they can receive and in the human cognitive processes they can\nemulate._\n\n_(2) 'Designated offense' means:_\n\n_(A) Stalking in violation of Code Section 16-5-90;_\n\n_(B) Aggravated stalking in violation of Code Section 16-5-91;_\n\n_(C) Exploitation of a disabled adult, elder person, or resident in violation\nof Code Section 16-5-102;_\n\n_(D) Enticing a child for indecent purposes in violation of Code Section\n16-6-5;_\n\n_(E) Publication or other dissemination of the name or identity of female\nraped or assaulted with intent to commit rape in violation of Code Section\n16-6-23;_\n\n_(F) Any misdemeanor or felony offense provided for in Article 1 of Chapter 8_\nof _Title 16;_\n\n_(G) Any misdemeanor or felony offense provided for in Article 3 of Chapter 8_\nof _Title 16;_\n\n_(H) Any misdemeanor or felony offense provided for in Article 5 of Chapter 8_\nof _Title 16;_\n\n_(I) Any misdemeanor or felony offense provided for in Chapter 9 of Title 16;_\n\n_(J) Any misdemeanor or felony offense provided for in Chapter 10 of Title\n16;_\n\n_(K) Any misdemeanor or felony offense provided for in Chapter 11 of Title\n16;_\n\n_(L) Any misdemeanor or felony offense provided for in Chapter 12 of Title 16;\nand_\n\n_(M) Fraudulent election interference in violation of Code Section 21-2-604_.\n\n_(3) 'Use an artificial intelligence system' means to be the proximate cause\nof an artificial intelligence system receiving an input or providing an\noutput_.\n\n_(b) In a case where notice has been given pursuant to subsection (c) of this\nCode section, the trier of fact shall initially determine the defendant 's\nguilt on the designated offense or designated offenses charged. If the trier\nof fact finds the defendant guilty of such designated offense or designated\noffenses, the trial shall immediately be recommenced to receive evidence as is\nrelevant to determine whether the defendant knowingly and intentionally used\nan artificial intelligence system in the commission of a designated offense as\nset forth in the notice given pursuant to subsection (c) of this Code\nsection_.\n\n_(c) At any time after the filing of an indictment or accusation, but not\nlater than the arraignment, the state shall notify the defendant of its\nintention to seek the enhanced penalty or penalties authorized by subsection\n(d) of this Code section. Such notice shall be in writing and shall allege the\nspecific factor or factors authorizing an enhanced sentence in the case\npursuant to this Code section_.\n\n_(d) If the trier of fact determines beyond a reasonable doubt that the\ndefendant knowingly and intentionally used an artificial intelligence system\nin the commission of a designated offense as set forth in the notice given\npursuant to subsection (c) of this Code section, the judge shall enhance the\nsentence imposed in accordance with subsections (e) and (f) of this Code\nsection._\n\n_(e) Subject to the notice requirement provided for in subsection (c) of this\nCode section and in enhancement of the penalty imposed, if the trier of fact\ndetermines beyond a reasonable doubt that the defendant knowingly and\nintentionally utilized artificial intelligence in the commission of a\ndesignated offense, the judge imposing sentence shall:_\n\n_(1) If the designated offense for which the defendant was convicted is a\nmisdemeanor, impose a sentence of confinement for a period of not less than\nsix nor more than 12 months and a fine not to exceed $5,000.00;_ or\n\n_(2) If the designated offense for which the defendant was convicted is a\nfelony, impose a sentence of imprisonment for a period of not less than two\nyears and a fine not less than $5,000.00._\n\n_(f) The judge shall state when he or she imposes the sentence the amount of\nthe enhancement of the sentence based on the application of subsection (e) of\nthis Code section_ .\"\n\n**SECTION 4.**\n\nAll laws and parts of laws in conflict with this Act are repealed.\n\nCopyright (C) 2025 State Net  \n  \n---\n\n",
      "latest_version": false
    },
    {
      "date": "02/10/2025",
      "label": "Substituted",
      "url": "https://custom.statenet.com/public/resources.cgi?mode=show_text&id=ID:bill:GA2025000S9&verid=GA2025000S9_20250210_0_S&",
      "raw_html": "<html>\n<head>\n<title>Bill Resource</title>\n\n<!--   <link href=\"https://custom.statenet.com/network/Common/css/extregtext.css\" rel=\"stylesheet\" type=\"text/css\" />-->\n   <link href=\"https://custom.statenet.com/network/Common/css/xmltext-2.0.css\" rel=\"stylesheet\" type=\"text/css\" />\n   <link href=\"https://custom.statenet.com/network/Common/css/additional-text.css\" rel=\"stylesheet\" type=\"text/css\" />\n\n\t<style type=\"text/css\">\n<!--\n\ntd, body {\n     background-color: white;\n\tfont-family: Verdana, Arial, Helvetica, sans-serif;\n\tfont-size: 12px;\n}\n\n.resourceContainer {\n   border: 1px solid black;\n}\n-->\n</style>\n</head>\n<body>\n\n    <div style=\"width: 750px; margin: auto\">\n       <div style=\"font-size: .8em;margin-bottom: 10px\"><table width=\"100%\"><tr><td align=\"left\" style=\"font-size: .8em;\"><div>The following has special meaning:</div>\n<div><u class=\"amendmentInsertedText\">green underline denotes added text</u></div>\n<div><strike class=\"amendmentDeletedText\">red struck out text denotes deleted text</strike></div></td> <td align=\"right\"><a href=\"https://www.lexisnexis.com/statenet/\"><img alt=\"Powered by State Net\" src=\"https://custom.statenet.com/network/poweredby.gif\" /></a></td></tr></table></div><table id=\"text-identifier\"><tr><td class=\"key\">2025 GA S 9</td> <td><table><tr><td class=\"label\">Author:</td> <td>Albers</td></tr> <tr><td class=\"label\">Version:</td> <td>Substituted</td></tr> <tr><td class=\"label\">Version Date:</td> <td>02/10/2025</td></tr></table></td></tr></table><div class=\"documentBody\">\n  <a name=\"head_document_section\"></a><div class=\"head\">\n   <p class=\"indent\">The Senate Committee on Judiciary offered the following substitute to SB 9:</p>\n  </div>\n  <a name=\"code_document_section\"></a><div class=\"code\">\n   <p class=\"center\">A BILL TO BE ENTITLED</p>\n   <p class=\"center\">AN ACT</p>\n   <p class=\"indent\">To amend Part 1 of Article 3 of Chapter 12 of Title 16 of the Official Code of Georgia Annotated, relating to general provisions relative to obscenity and related offenses, so as to repeal and replace Code Section 16-12-80, relating to obscene material, distribution, and penalty; to prohibit distribution of computer generated obscene material depicting a child; to provide for a standard for obscenity; to provide for a penalty and probation; to amend Article 1 of Chapter 10 of Title 17 of the Official Code of Georgia Annotated, relating to procedure for sentencing and imposition of punishment, so as to provide for sentencing of defendants who utilize artificial intelligence in the commission of certain offenses; to provide for notices for enhanced sentencing, and enhanced sentencing; to provide for definitions; to provide for a short title; to provide for related matters; to provide for an effective date and applicability; to repeal conflicting laws; and for other purposes.</p>\n  </div>\n  <a name=\"text_document_section\"></a><div class=\"text\">\n   <span>\n    <p class=\"indent\">BE IT ENACTED BY THE GENERAL ASSEMBLY OF GEORGIA:</p>\n   </span>\n   <p class=\"center\">\n    <b>SECTION 1.</b>\n   </p>\n   <p class=\"indent\">This Act shall be known and may be cited as the&quot;Ensuring Accountability for Illegal Activities Act.&quot;</p>\n   <p class=\"center\">\n    <b>SECTION 2.</b>\n   </p>\n   <p class=\"indent\">Part 1 of Article 3 of Chapter 12 of Title 16 of the Official Code of Georgia Annotated, relating to general provisions relative to obscenity and related offenses, is amended by repealing Code Section 16-12-80, relating to distributing obscene material, obscene material defined, and penalty, and enacting a new Code Section 16-12-80 to read as follows:</p>\n   <p class=\"indent\">&quot;<u class=\"amendmentInsertedText\">16-12-80.</u>\n   </p>\n   <p class=\"indent\">\n    <u class=\"amendmentInsertedText\">(a) As used in this Code section, the term:</u>\n   </p>\n   <p class=\"indent\">\n    <u class=\"amendmentInsertedText\">(1) &#39;Artificial intelligence system&#39; shall have the same meaning as set forth in Code Section 17-10-22. </u>\n   </p>\n   <p class=\"indent\">\n    <u class=\"amendmentInsertedText\">(2) &#39;Child&#39; means any individual under the age of 16 years.</u>\n   </p>\n   <p class=\"indent\">\n    <u class=\"amendmentInsertedText\">(3) &#39;Obscene&#39; means material which meets the following requirements:</u>\n   </p>\n   <p class=\"indent\">\n    <u class=\"amendmentInsertedText\">(A) To an average person, applying contemporary community standards, taken asa whole, it predominantly appeals to the prurient interest, that is, a shameful or morbid interest in nudity, sex, or excretion;</u>\n   </p>\n   <p class=\"indent\">\n    <u class=\"amendmentInsertedText\">(B) The material taken as a whole lacks serious literary, artistic, political, or scientific value; and</u>\n   </p>\n   <p class=\"indent\">\n    <u class=\"amendmentInsertedText\">(C) The material depicts or describes, in a patently offensive way, sexually explicit conduct. </u>\n   </p>\n   <p class=\"indent\">\n    <u class=\"amendmentInsertedText\">(4) &#39;Sexually explicit conduct&#39; shall have the same meaning as set forth in Code Section 16-12-100. </u>\n   </p>\n   <p class=\"indent\">\n    <u class=\"amendmentInsertedText\">(b) A person commits the offense of distribution of computer generated obscene material depicting a child when they knowingly distribute, solicit, or possess with intent to distribute a visual depiction of any kind, including an electronic image, electronic video, drawing, sculpture, or painting, that:</u>\n   </p>\n   <p class=\"indent\">\n    <u class=\"amendmentInsertedText\">(1) Depicts an image that appears to be of a child, and that would appear realistic to an average observer, engaging in sexually explicit conduct, whether alone or between persons of the same or opposite sex;</u>\n   </p>\n   <p class=\"indent\">\n    <u class=\"amendmentInsertedText\">(2) Is obscene; and</u>\n   </p>\n   <p class=\"indent\">\n    <u class=\"amendmentInsertedText\">(3) Was created through the use of an artificial intelligence system.</u>\n   </p>\n   <p class=\"indent\">\n    <u class=\"amendmentInsertedText\">(c) A person who commits the offense of distribution of computer generated obscene material depicting a child shall be guilty of a felony and, upon conviction thereof, shall be punished by imprisonment for not less than one year nor more than 15 years.</u>\n   </p>\n   <p class=\"indent\">\n    <u class=\"amendmentInsertedText\">(d) It shall not be a required element of an offense under this Code section that the image of a child in such depiction is of a child who actually exists.</u>\n   </p>\n   <p class=\"indent\">\n    <u class=\"amendmentInsertedText\">(e) If the sentence imposed under this Code section is probated, in whole or in part, by the sentencing court, as a condition of such probation, the sentencing court shall have the discretion to impose any or all of the requirements set forth in subsection (b) of Code Section 42-8-35.</u>&quot;</p>\n   <p class=\"center\">\n    <b>SECTION 3.</b>\n   </p>\n   <p class=\"indent\">Article 1 of Chapter 10 of Title 17 of the Official Code of Georgia Annotated, relating to procedure for sentencing and imposition of punishment, is amended by adding a new Code section to read as follows:</p>\n   <p class=\"indent\">&quot;<u class=\"amendmentInsertedText\">17-10-22.</u>\n   </p>\n   <p class=\"indent\">\n    <u class=\"amendmentInsertedText\">(a) As used in this Code section, the term:</u>\n   </p>\n   <p class=\"indent\">\n    <u class=\"amendmentInsertedText\">(1) &#39;Artificial intelligence system&#39; means an engineered or machine based system that emulates the capability of a person to receive audio, visual, text, or any other formof information and use such information to emulate a human cognitive process, including, but not limited to, learning, generalizing, reasoning, planning, predicting, acting, or communicating; provided, however, that artificial intelligence systems may vary in the forms of information they can receive and in the human cognitive processes they can emulate. </u>\n   </p>\n   <p class=\"indent\">\n    <u class=\"amendmentInsertedText\">(2) &#39;Designated offense&#39; means:</u>\n   </p>\n   <p class=\"indent\">\n    <u class=\"amendmentInsertedText\">(A) Stalking in violation of Code Section 16-5-90;</u>\n   </p>\n   <p class=\"indent\">\n    <u class=\"amendmentInsertedText\">(B) Aggravated stalking in violation of Code Section 16-5-91;</u>\n   </p>\n   <p class=\"indent\">\n    <u class=\"amendmentInsertedText\">(C) Exploitation of a disabled adult, elder person, or resident in violation of Code Section 16-5-102;</u>\n   </p>\n   <p class=\"indent\">\n    <u class=\"amendmentInsertedText\">(D) Enticing a child for indecent purposes in violation of Code Section 16-6-5;</u>\n   </p>\n   <p class=\"indent\">\n    <u class=\"amendmentInsertedText\">(E) Any misdemeanor or felony offense provided for in Article 1 of Chapter 8 of Title 16;</u>\n   </p>\n   <p class=\"indent\">\n    <u class=\"amendmentInsertedText\">(F) Any misdemeanor or felony offense provided for in Article 3 of Chapter 8 of Title 16;</u>\n   </p>\n   <p class=\"indent\">\n    <u class=\"amendmentInsertedText\">(G) Any misdemeanor or felony offense provided for in Article 5 of Chapter 8 of Title 16;</u>\n   </p>\n   <p class=\"indent\">\n    <u class=\"amendmentInsertedText\">(H) Any misdemeanor or felony offense provided for in Chapter 9 of Title 16;</u>\n   </p>\n   <p class=\"indent\">\n    <u class=\"amendmentInsertedText\">(I) Any misdemeanor or felony offense provided for in Chapter 10 of Title 16;</u>\n   </p>\n   <p class=\"indent\">\n    <u class=\"amendmentInsertedText\">(J) Any misdemeanor or felony offense provided for in Chapter 11 of Title 16;</u>\n   </p>\n   <p class=\"indent\">\n    <u class=\"amendmentInsertedText\">(K) Any misdemeanor or felony offense provided for in Chapter 12 of Title 16; and</u>\n   </p>\n   <p class=\"indent\">\n    <u class=\"amendmentInsertedText\">(L) Fraudulent election interference in violation of Code Section 21-2-604.</u>\n   </p>\n   <p class=\"indent\">\n    <u class=\"amendmentInsertedText\">(3) &#39;Use an artificial intelligence system&#39; means to be the proximate cause of an artificial intelligence system receiving an input or providing an output.</u>\n   </p>\n   <p class=\"indent\">\n    <u class=\"amendmentInsertedText\">(b) Subject to the notice requirement provided in subsection (c) of this Code section and in enhancement of the penalty imposed, if the trier of fact determines beyond a reasonable doubt that the defendant knowingly and intentionally utilized artificial intelligence in the commission of a designated offense, the judge imposing sentence shall:</u>\n   </p>\n   <p class=\"indent\">\n    <u class=\"amendmentInsertedText\">(1) If the designated offense for which the defendant was convicted is a misdemeanor, impose a sentence of confinement for a period of not less than six nor more than 12 months and a fine not to exceed $5,000.00; or </u>\n   </p>\n   <p class=\"indent\">\n    <u class=\"amendmentInsertedText\">(2) If the designated offense for which the defendant was convicted is a felony, impose a sentence of imprisonment for a period of not less than two years and a fine not less than $5,000.00; provided, however, that, if such designated offense is subject to a minimum sentence of imprisonment for two years or more, the judge shall impose a sentenceof imprisonment for not less than such minimum sentence plus one year and a fine of not less than $5,000.00. </u>\n   </p>\n   <p class=\"indent\">\n    <u class=\"amendmentInsertedText\">(c) At any time after the filing of an indictment or accusation, but not later than the arraignment, the state shall notify the defendant of its intention to seek the enhanced penalty or penalties authorized by subsection (b) of this Code section. Such notice shall be in writing and shall allege the specific factor or factors authorizing an enhanced sentence in the case pursuant to this Code section.</u>\n   </p>\n   <p class=\"indent\">\n    <u class=\"amendmentInsertedText\">(d) The judge shall state when he or she imposes the sentence the amount of the enhancement of the sentence based on the application of subsection (b) of this Code section.</u>&quot;</p>\n   <p class=\"center\">\n    <b>SECTION 4.</b>\n   </p>\n   <p class=\"indent\">This Act shall become effective upon its approval by the Governor or upon its becoming law without such approval and shall apply to all offenses committed on or after the effective date of this Act.</p>\n   <p class=\"center\">\n    <b>SECTION 5.</b>\n   </p>\n   <p class=\"indent\">All laws and parts of laws in conflict with this Act are repealed.</p>\n  </div>\n </div>\n    </div>\t\n<table cellpadding=0 cellspacing=0 width=\"100%\">\n   <tr>\n      <td>\n          Copyright &copy; 2025 State Net\n      </td>\n<BR>\n<!--???MOVED INTO resources.cgi      <td align=\"right\">\n          <img src=\"https://custom.statenet.com/network/poweredby.gif\" alt=\"Powered by State Net\">\n      </td>-->\n\n    </tr>\n</table>\n</body></html>\n",
      "markdown": "The following has special meaning: _green underline denotes added text_ ~~red struck out text denotes deleted text~~ | [![Powered by State Net](https://custom.statenet.com/network/poweredby.gif)](https://www.lexisnexis.com/statenet/)  \n---|---  \n  \n2025 GA S 9 | | Author: | Albers  \n---|---  \nVersion: | Substituted  \nVersion Date: | 02/10/2025  \n  \nThe Senate Committee on Judiciary offered the following substitute to SB 9:\n\nA BILL TO BE ENTITLED\n\nAN ACT\n\nTo amend Part 1 of Article 3 of Chapter 12 of Title 16 of the Official Code of\nGeorgia Annotated, relating to general provisions relative to obscenity and\nrelated offenses, so as to repeal and replace Code Section 16-12-80, relating\nto obscene material, distribution, and penalty; to prohibit distribution of\ncomputer generated obscene material depicting a child; to provide for a\nstandard for obscenity; to provide for a penalty and probation; to amend\nArticle 1 of Chapter 10 of Title 17 of the Official Code of Georgia Annotated,\nrelating to procedure for sentencing and imposition of punishment, so as to\nprovide for sentencing of defendants who utilize artificial intelligence in\nthe commission of certain offenses; to provide for notices for enhanced\nsentencing, and enhanced sentencing; to provide for definitions; to provide\nfor a short title; to provide for related matters; to provide for an effective\ndate and applicability; to repeal conflicting laws; and for other purposes.\n\nBE IT ENACTED BY THE GENERAL ASSEMBLY OF GEORGIA:\n\n**SECTION 1.**\n\nThis Act shall be known and may be cited as the\"Ensuring Accountability for\nIllegal Activities Act.\"\n\n**SECTION 2.**\n\nPart 1 of Article 3 of Chapter 12 of Title 16 of the Official Code of Georgia\nAnnotated, relating to general provisions relative to obscenity and related\noffenses, is amended by repealing Code Section 16-12-80, relating to\ndistributing obscene material, obscene material defined, and penalty, and\nenacting a new Code Section 16-12-80 to read as follows:\n\n\"_16-12-80._\n\n_(a) As used in this Code section, the term:_\n\n_(1) 'Artificial intelligence system' shall have the same meaning as set forth\nin Code Section 17-10-22. _\n\n_(2) 'Child' means any individual under the age of 16 years._\n\n_(3) 'Obscene' means material which meets the following requirements:_\n\n_(A) To an average person, applying contemporary community standards, taken\nasa whole, it predominantly appeals to the prurient interest, that is, a\nshameful or morbid interest in nudity, sex, or excretion;_\n\n_(B) The material taken as a whole lacks serious literary, artistic,\npolitical, or scientific value; and_\n\n_(C) The material depicts or describes, in a patently offensive way, sexually\nexplicit conduct._\n\n_(4) 'Sexually explicit conduct' shall have the same meaning as set forth in\nCode Section 16-12-100. _\n\n_(b) A person commits the offense of distribution of computer generated\nobscene material depicting a child when they knowingly distribute, solicit, or\npossess with intent to distribute a visual depiction of any kind, including an\nelectronic image, electronic video, drawing, sculpture, or painting, that:_\n\n_(1) Depicts an image that appears to be of a child, and that would appear\nrealistic to an average observer, engaging in sexually explicit conduct,\nwhether alone or between persons of the same or opposite sex;_\n\n_(2) Is obscene; and_\n\n_(3) Was created through the use of an artificial intelligence system._\n\n_(c) A person who commits the offense of distribution of computer generated\nobscene material depicting a child shall be guilty of a felony and, upon\nconviction thereof, shall be punished by imprisonment for not less than one\nyear nor more than 15 years._\n\n_(d) It shall not be a required element of an offense under this Code section\nthat the image of a child in such depiction is of a child who actually\nexists._\n\n_(e) If the sentence imposed under this Code section is probated, in whole or\nin part, by the sentencing court, as a condition of such probation, the\nsentencing court shall have the discretion to impose any or all of the\nrequirements set forth in subsection (b) of Code Section 42-8-35._ \"\n\n**SECTION 3.**\n\nArticle 1 of Chapter 10 of Title 17 of the Official Code of Georgia Annotated,\nrelating to procedure for sentencing and imposition of punishment, is amended\nby adding a new Code section to read as follows:\n\n\"_17-10-22._\n\n_(a) As used in this Code section, the term:_\n\n_(1) 'Artificial intelligence system' means an engineered or machine based\nsystem that emulates the capability of a person to receive audio, visual,\ntext, or any other formof information and use such information to emulate a\nhuman cognitive process, including, but not limited to, learning,\ngeneralizing, reasoning, planning, predicting, acting, or communicating;\nprovided, however, that artificial intelligence systems may vary in the forms\nof information they can receive and in the human cognitive processes they can\nemulate. _\n\n_(2) 'Designated offense' means:_\n\n_(A) Stalking in violation of Code Section 16-5-90;_\n\n_(B) Aggravated stalking in violation of Code Section 16-5-91;_\n\n_(C) Exploitation of a disabled adult, elder person, or resident in violation\nof Code Section 16-5-102;_\n\n_(D) Enticing a child for indecent purposes in violation of Code Section\n16-6-5;_\n\n_(E) Any misdemeanor or felony offense provided for in Article 1 of Chapter 8\nof Title 16;_\n\n_(F) Any misdemeanor or felony offense provided for in Article 3 of Chapter 8\nof Title 16;_\n\n_(G) Any misdemeanor or felony offense provided for in Article 5 of Chapter 8\nof Title 16;_\n\n_(H) Any misdemeanor or felony offense provided for in Chapter 9 of Title 16;_\n\n_(I) Any misdemeanor or felony offense provided for in Chapter 10 of Title\n16;_\n\n_(J) Any misdemeanor or felony offense provided for in Chapter 11 of Title\n16;_\n\n_(K) Any misdemeanor or felony offense provided for in Chapter 12 of Title 16;\nand_\n\n_(L) Fraudulent election interference in violation of Code Section 21-2-604._\n\n_(3) 'Use an artificial intelligence system' means to be the proximate cause\nof an artificial intelligence system receiving an input or providing an\noutput._\n\n_(b) Subject to the notice requirement provided in subsection (c) of this Code\nsection and in enhancement of the penalty imposed, if the trier of fact\ndetermines beyond a reasonable doubt that the defendant knowingly and\nintentionally utilized artificial intelligence in the commission of a\ndesignated offense, the judge imposing sentence shall:_\n\n_(1) If the designated offense for which the defendant was convicted is a\nmisdemeanor, impose a sentence of confinement for a period of not less than\nsix nor more than 12 months and a fine not to exceed $5,000.00; or_\n\n_(2) If the designated offense for which the defendant was convicted is a\nfelony, impose a sentence of imprisonment for a period of not less than two\nyears and a fine not less than $5,000.00; provided, however, that, if such\ndesignated offense is subject to a minimum sentence of imprisonment for two\nyears or more, the judge shall impose a sentenceof imprisonment for not less\nthan such minimum sentence plus one year and a fine of not less than\n$5,000.00._\n\n_(c) At any time after the filing of an indictment or accusation, but not\nlater than the arraignment, the state shall notify the defendant of its\nintention to seek the enhanced penalty or penalties authorized by subsection\n(b) of this Code section. Such notice shall be in writing and shall allege the\nspecific factor or factors authorizing an enhanced sentence in the case\npursuant to this Code section._\n\n_(d) The judge shall state when he or she imposes the sentence the amount of\nthe enhancement of the sentence based on the application of subsection (b) of\nthis Code section._ \"\n\n**SECTION 4.**\n\nThis Act shall become effective upon its approval by the Governor or upon its\nbecoming law without such approval and shall apply to all offenses committed\non or after the effective date of this Act.\n\n**SECTION 5.**\n\nAll laws and parts of laws in conflict with this Act are repealed.\n\nCopyright (C) 2025 State Net  \n  \n---\n\n",
      "latest_version": false
    },
    {
      "date": "03/20/2025",
      "label": "Substituted",
      "url": "https://custom.statenet.com/public/resources.cgi?mode=show_text&id=ID:bill:GA2025000S9&verid=GA2025000S9_20250320_0_S&",
      "raw_html": "<html>\n<head>\n<title>Bill Resource</title>\n\n<!--   <link href=\"https://custom.statenet.com/network/Common/css/extregtext.css\" rel=\"stylesheet\" type=\"text/css\" />-->\n   <link href=\"https://custom.statenet.com/network/Common/css/xmltext-2.0.css\" rel=\"stylesheet\" type=\"text/css\" />\n   <link href=\"https://custom.statenet.com/network/Common/css/additional-text.css\" rel=\"stylesheet\" type=\"text/css\" />\n\n\t<style type=\"text/css\">\n<!--\n\ntd, body {\n     background-color: white;\n\tfont-family: Verdana, Arial, Helvetica, sans-serif;\n\tfont-size: 12px;\n}\n\n.resourceContainer {\n   border: 1px solid black;\n}\n-->\n</style>\n</head>\n<body>\n\n    <div style=\"width: 750px; margin: auto\">\n       <div style=\"font-size: .8em;margin-bottom: 10px\"><table width=\"100%\"><tr><td align=\"left\" style=\"font-size: .8em;\"><div>The following has special meaning:</div>\n<div><u class=\"amendmentInsertedText\">green underline denotes added text</u></div>\n<div><strike class=\"amendmentDeletedText\">red struck out text denotes deleted text</strike></div></td> <td align=\"right\"><a href=\"https://www.lexisnexis.com/statenet/\"><img alt=\"Powered by State Net\" src=\"https://custom.statenet.com/network/poweredby.gif\" /></a></td></tr></table></div><table id=\"text-identifier\"><tr><td class=\"key\">2025 GA S 9</td> <td><table><tr><td class=\"label\">Author:</td> <td>Albers</td></tr> <tr><td class=\"label\">Version:</td> <td>Substituted</td></tr> <tr><td class=\"label\">Version Date:</td> <td>03/20/2025</td></tr></table></td></tr></table><div class=\"documentBody\">\n  <a name=\"head_document_section\"></a><div class=\"head\">\n   <p class=\"indent\">The House Committee on Technology and Infrastructure Innovation offers the following substitute to SB 9:</p>\n  </div>\n  <a name=\"code_document_section\"></a><div class=\"code\">\n   <p class=\"center\">A BILL TO BE ENTITLED</p>\n   <p class=\"center\">AN ACT</p>\n   <p class=\"indent\">To amend Title 21 of the Official Code of Georgia Annotated, relating to elections, so as to establish the criminal offenses of fraudulent election interference and solicitation of such; to provide for definitions; to provide for exceptions; to provide for the Attorney General to have concurrent jurisdiction over such crimes; to provide for punishment; to provide for injunctive relief; to provide for the State Election Board to publish results of investigations into such offenses; to provide for certain disclaimers on campaign advertisements that use AI generated media; to provide for the form of such disclaimers; to provide for definitions; to provide for legislative findings and intent; to provide for related matters; to provide for an effective date; to repeal conflicting laws; and for other purposes.</p>\n  </div>\n  <a name=\"text_document_section\"></a><div class=\"text\">\n   <span>\n    <p class=\"indent\">BE IT ENACTED BY THE GENERAL ASSEMBLY OF GEORGIA:</p>\n   </span>\n   <p class=\"center\">\n    <b>PART I</b>\n   </p>\n   <p class=\"center\">\n    <b>SECTION 1-1.</b>\n   </p>\n   <p class=\"indent\">The General Assembly finds:</p>\n   <p class=\"indent\">(1) The significant and rapid increase in use and advancements of artificial intelligence and other sophisticated technologies poses a unique danger to the State of Georgia&#39;s free and fair system of elections;</p>\n   <p class=\"indent\">(2) Artificial intelligence and other technologies now allow individuals, both in good faith and bad faith, to create AI generated media that falsely depicts conduct that appears to be real;</p>\n   <p class=\"indent\">(3) The state and its citizens have the utmost rights to both free and fair elections and freedom of speech; and</p>\n   <p class=\"indent\">(4) This Act is narrowly tailored for the purpose of protection against the use of deceptive media in bad faith to influence elections by reducing certain candidates&#39; chances of being elected or by suppressing voter turnout through mass confusion.</p>\n   <p class=\"center\">\n    <b>PART II</b>\n   </p>\n   <p class=\"center\">\n    <b>SECTION 2-1.</b>\n   </p>\n   <p class=\"indent\">Title 21 of the Official Code of Georgia Annotated, relating to elections, is amended in Chapter 2, relating to elections and primaries generally, by adding a new Code section to read as follows:</p>\n   <p class=\"indent\">&quot;<u class=\"amendmentInsertedText\">21-2-605.</u>\n   </p>\n   <p class=\"indent\">\n    <u class=\"amendmentInsertedText\">(a) As used in this Code section, the term:</u>\n   </p>\n   <p class=\"indent\">\n    <u class=\"amendmentInsertedText\">(1) &#39;Election&#39; shall have the same meaning as provided in Code Section 21-5-3.</u>\n   </p>\n   <p class=\"indent\">\n    <u class=\"amendmentInsertedText\">(2) &#39;Materially deceptive media&#39; means a video recording, video file, audio recording, or audio file, still image, or still image file that:</u>\n   </p>\n   <p class=\"indent\">\n    <u class=\"amendmentInsertedText\">(A) Appears to depict a real individual&#39;s speech or conduct that did not occur in reality; and</u>\n   </p>\n   <p class=\"indent\">\n    <u class=\"amendmentInsertedText\">(B) Would appear to a reasonable observer to be authentic.</u>\n   </p>\n   <p class=\"indent\">\n    <u class=\"amendmentInsertedText\">(3) &#39;Person&#39; means any employee, staff member, or other similarly affiliated individual of a political party, political body, candidate, campaign committee, political action committee, or any other political committee. Such term shall not include a broadcaster, cable provider, online service, internet service provider, streaming platform, or any employees or agents thereof, who otherwise would not fall under this definition of person except for their sale of advertising to a person as defined in this paragraph.</u>\n   </p>\n   <p class=\"indent\">\n    <u class=\"amendmentInsertedText\">(b) A person commits the offense of fraudulent election interference if he or she, with knowledge of its falsity, publishes, broadcasts, streams, or uploads materially deceptive media within 90 days of an election with the intent to deceive one or more electors for the purpose of:</u>\n   </p>\n   <p class=\"indent\">\n    <u class=\"amendmentInsertedText\">(1) Significantly influencing a candidate&#39;s chance of being elected in such election;</u>\n   </p>\n   <p class=\"indent\">\n    <u class=\"amendmentInsertedText\">(2) Creating confusion about the administration of such election; or</u>\n   </p>\n   <p class=\"indent\">\n    <u class=\"amendmentInsertedText\">(3) Otherwise influencing the result of such referendum.</u>\n   </p>\n   <p class=\"indent\">\n    <u class=\"amendmentInsertedText\">(c) A person commits the offense of solicitation of fraudulent election interference when he or she, with the intent that a violation proscribed by subsection (b) of this Code section be committed, commands, encourages, or requests any individual to commit a violation proscribed by subsection (b) of this Code section.</u>\n   </p>\n   <p class=\"indent\">\n    <u class=\"amendmentInsertedText\">(d) Nothing in this Code section shall apply to activities protected by the First Amendment to the United States Constitution, including, but not limited to, satire, parody, worksof artistic expression, or works of journalism by bona fide news organizations.</u>\n   </p>\n   <p class=\"indent\">\n    <u class=\"amendmentInsertedText\">(e) Upon conviction of an offense under this Code section, a person shall be punished as follows:</u>\n   </p>\n   <p class=\"indent\">\n    <u class=\"amendmentInsertedText\">(1) For the first offense, he or she shall be guilty of a misdemeanor; and</u>\n   </p>\n   <p class=\"indent\">\n    <u class=\"amendmentInsertedText\">(2) For the second or subsequent offense, he or she shall be guilty of a felony and, upon conviction thereof, shall be punished by imprisonment for not less than two years nor more than five years and by a fine not to exceed $50,000.00.</u>\n   </p>\n   <p class=\"indent\">\n    <u class=\"amendmentInsertedText\">(f) For prosecutions under this Code section, venue shall be proper in any county in this state where:</u>\n   </p>\n   <p class=\"indent\">\n    <u class=\"amendmentInsertedText\">(1) Any act was committed in furtherance of the unlawful conduct;</u>\n   </p>\n   <p class=\"indent\">\n    <u class=\"amendmentInsertedText\">(2) The candidate affected by the alleged violation resides;</u>\n   </p>\n   <p class=\"indent\">\n    <u class=\"amendmentInsertedText\">(3) The defendant resided at the time of the alleged violation; or</u>\n   </p>\n   <p class=\"indent\">\n    <u class=\"amendmentInsertedText\">(4) The materially deceptive media is received.</u>\n   </p>\n   <p class=\"indent\">\n    <u class=\"amendmentInsertedText\">(g) The Attorney General shall have concurrent jurisdiction to conduct the criminal prosecution of a violation of this Code section. A criminal prosecution for a violation of this Code section shall only be initiated upon the Attorney General receivinga recommendation to prosecute from the State Election Board.</u>\n   </p>\n   <p class=\"indent\">\n    <u class=\"amendmentInsertedText\">(h) In addition to any other remedy provided by law, a cause of action for injunctive relief may be maintained against any person who is in violation of this Code section, by:</u>\n   </p>\n   <p class=\"indent\">\n    <u class=\"amendmentInsertedText\">(1) An individual depicted in the materially deceptive media;</u>\n   </p>\n   <p class=\"indent\">\n    <u class=\"amendmentInsertedText\">(2) The Attorney General; or</u>\n   </p>\n   <p class=\"indent\">\n    <u class=\"amendmentInsertedText\">(3) A candidate for office who has been injured or is likely to be injured by the distribution of the materially deceptive media.</u>&quot;</p>\n   <p class=\"center\">\n    <b>SECTION 2-2.</b>\n   </p>\n   <p class=\"indent\">Said chapter is further amended in Code Section 21-2-31, relating to duties of the State Election Board, by revising paragraph (5) as follows:</p>\n   <p class=\"indent\">&quot;(5) To investigate, or authorize the Secretary of State to investigate, when necessary or advisable the administration of primary and election laws and frauds and irregularities in primaries and elections and to report violations of the primary and election laws either to the Attorney General or the appropriate district attorney who shall be responsible for further investigation and prosecution. <u class=\"amendmentInsertedText\">Except as provided in Code Section 21-2-605, nothing</u>\n    <strike class=\"amendmentDeletedText\">Nothing</strike> in this paragraph shall be so construed as to require any complaining party to request an investigation by the board before such party might proceed to seek any other remedy available to that party under this chapter or any other provision of law;&quot;</p>\n   <p class=\"center\">\n    <b>SECTION 2-3.</b>\n   </p>\n   <p class=\"indent\">Said chapter is further amended in Code Section 21-2-33.1, relating to enforcement of chapter, suspension of election superintendents, and support and assistance from the Secretary of State, by adding a new subsection to read as follows:</p>\n   <p class=\"indent\">&quot;<u class=\"amendmentInsertedText\">(a.1) In any investigation stemming from an alleged violation of Code Section 21-2-605, the State Election Board shall release to the public the findings of any completed investigation.</u>&quot;</p>\n   <p class=\"center\">\n    <b>SECTION 2-4.</b>\n   </p>\n   <p class=\"indent\">Title 21 of the Official Code of Georgia Annotated, relating to elections, is further amended in Chapter 5, relating to government transparency and campaign finance, by adding a new article to read as follows:</p>\n   <p class=\"center\">&quot;<u class=\"amendmentInsertedText\">ARTICLE 5</u>\n   </p>\n   <p class=\"indent\">\n    <u class=\"amendmentInsertedText\">21-5-90.</u>\n   </p>\n   <p class=\"indent\">\n    <u class=\"amendmentInsertedText\">As used in this article, the term:</u>\n   </p>\n   <p class=\"indent\">\n    <u class=\"amendmentInsertedText\">(1) &#39;AI generated media&#39; means a video recording, video file, audio recording, audio file, still image, or still image file that:</u>\n   </p>\n   <p class=\"indent\">\n    <u class=\"amendmentInsertedText\">(A) Is created through the use of an artificial intelligence system;</u>\n   </p>\n   <p class=\"indent\">\n    <u class=\"amendmentInsertedText\">(B) Depicts a real individual&#39;s speech or conduct that did not occur in reality; and</u>\n   </p>\n   <p class=\"indent\">\n    <u class=\"amendmentInsertedText\">(C) Appears to a reasonable observer to be authentic.</u>\n   </p>\n   <p class=\"indent\">\n    <u class=\"amendmentInsertedText\">(2) &#39;Artificial intelligence system&#39; means an engineered or machine based system that emulates the capability of a person to receive audio, visual, text, or any other formof information and use the information received to emulate a human cognitive process, including, but not limited to, learning, generalizing, reasoning, planning, predicting, acting, or communicating; provided, however, that artificial intelligence systems may vary in the forms of information they can receive and in the human cognitive processes they can emulate.</u>\n   </p>\n   <p class=\"indent\">\n    <u class=\"amendmentInsertedText\">(3) &#39;Campaign advertisement&#39; means any campaign material, commercial, advertisement, or other media designed to bring about the nomination or election of an individual to any elected office; designed to bring about the recall of a public officer holding elective office or to oppose the recall of a public officer holding elective office; or designed to bring about the approval or rejection by the voters of any proposed constitutional amendment, a state-wide referendum, or a proposed question which is to appear on the ballot in this state or in a county or a municipal election in this state.</u>\n   </p>\n   <p class=\"indent\">\n    <u class=\"amendmentInsertedText\">21-5-91.</u>\n   </p>\n   <p class=\"indent\">\n    <u class=\"amendmentInsertedText\">(a) Notwithstanding the prohibitions contained in Code Section 21-2-605, any person may use AI generated content in any campaign advertisement, so long as the campaign advertisement discloses, in accordance with the provisions of Code Section 21-5-92:</u>\n   </p>\n   <p class=\"indent\">\n    <u class=\"amendmentInsertedText\">(1) The name of the candidate or candidates or campaign committee or committees that created, sponsored, and paid for the campaign advertisement;</u>\n   </p>\n   <p class=\"indent\">\n    <u class=\"amendmentInsertedText\">(2) The name of each person who is being impersonated;</u>\n   </p>\n   <p class=\"indent\">\n    <u class=\"amendmentInsertedText\">(3) That events depicted may not have actually occurred; and</u>\n   </p>\n   <p class=\"indent\">\n    <u class=\"amendmentInsertedText\">(4) That artificial intelligence was used to make part or all of the content of the campaign advertisement.</u>\n   </p>\n   <p class=\"indent\">\n    <u class=\"amendmentInsertedText\">(b) Minor editing of a piece of existing audio or visual media shall not require disclosure under this Code section when such minor editing would not substantially change an observer&#39;s understanding of such media.</u>\n   </p>\n   <p class=\"indent\">\n    <u class=\"amendmentInsertedText\">21-5-92.</u>\n   </p>\n   <p class=\"indent\">\n    <u class=\"amendmentInsertedText\">The disclosure provided for in Code Section 21-5-91 shall meet the following requirements:</u>\n   </p>\n   <p class=\"indent\">\n    <u class=\"amendmentInsertedText\">(1) For each campaign advertisement that involves the use, in whole or in part, of visual media, such disclosure:</u>\n   </p>\n   <p class=\"indent\">\n    <u class=\"amendmentInsertedText\">(A) Shall be in writing and completed in each written language used in the remainder of the advertisement; and</u>\n   </p>\n   <p class=\"indent\">\n    <u class=\"amendmentInsertedText\">(B) Shall be clearly readable, which shall mean that the text of the disclosure shall:</u>\n   </p>\n   <p class=\"indent\">\n    <u class=\"amendmentInsertedText\">(i) Be equal to or greater than 30 percent of the vertical picture height;</u>\n   </p>\n   <p class=\"indent\">\n    <u class=\"amendmentInsertedText\">(ii) Be visible for a period of at least 30 percent of the media, in the case of moving images and video; and</u>\n   </p>\n   <p class=\"indent\">\n    <u class=\"amendmentInsertedText\">(iii) Appear with a reasonable degree of color contrast between the background and the text of the statement. A statement satisfies the color contrast requirement of this division if it is printed in black text on a white background or if the degree of color contrast between the background and the text of the statement is no less than the color contrast between the background and the largest type size used in the communication; and</u>\n   </p>\n   <p class=\"indent\">\n    <u class=\"amendmentInsertedText\">(2) For each campaign advertisement that involves the use of audible media but does not involve the use of any visual media, such disclosure shall be announced, articulated, spoken, or otherwise rendered completely using the same audible volume, the same rate of speaking as measured in words per minute, and each spoken language as used in the remainder of the advertisement.</u>\n   </p>\n   <p class=\"indent\">\n    <u class=\"amendmentInsertedText\">21-5-93.</u>\n   </p>\n   <p class=\"indent\">\n    <u class=\"amendmentInsertedText\">(a) Each violation of this article shall be punishable by a fine pursuant to the provisions of Code Section 21-5-6, except that the amount of such fine shall not be less than $10,000.00.</u>\n   </p>\n   <p class=\"indent\">\n    <u class=\"amendmentInsertedText\">(b) Any violation of this article involving the use of AI generated media in a solicitation for fundraising shall be punishable by disgorgement of any funds raised within ten days of such solicitation.</u>\n   </p>\n   <p class=\"indent\">\n    <u class=\"amendmentInsertedText\">(c) Except as described in subsection (a) of this Code section, nothing in this Code section shall be construed so as to limit the powers or remedies available to the commission.</u>\n   </p>\n   <p class=\"indent\">\n    <u class=\"amendmentInsertedText\">(d) Notwithstanding any other provision of law to the contrary, the commission shall be authorized to investigate any complaint concerning a violation of this article within 90 days of an election.</u>\n   </p>\n   <p class=\"indent\">\n    <u class=\"amendmentInsertedText\">21-5-94.</u>\n   </p>\n   <p class=\"indent\">\n    <u class=\"amendmentInsertedText\">The commission shall be authorized to promulgate such rules and regulations as maybe necessary for the execution of its functions under this article.</u>&quot;</p>\n   <p class=\"center\">\n    <b>PART III</b>\n   </p>\n   <p class=\"center\">\n    <b>SECTION 3-1.</b>\n   </p>\n   <p class=\"indent\">This Act shall become effective upon its approval by the Governor or upon its becoming law without such approval.</p>\n   <p class=\"center\">\n    <b>SECTION 3-2.</b>\n   </p>\n   <p class=\"indent\">All laws and parts of laws in conflict with this Act are repealed.</p>\n  </div>\n </div>\n    </div>\t\n<table cellpadding=0 cellspacing=0 width=\"100%\">\n   <tr>\n      <td>\n          Copyright &copy; 2025 State Net\n      </td>\n<BR>\n<!--???MOVED INTO resources.cgi      <td align=\"right\">\n          <img src=\"https://custom.statenet.com/network/poweredby.gif\" alt=\"Powered by State Net\">\n      </td>-->\n\n    </tr>\n</table>\n</body></html>\n",
      "markdown": "The following has special meaning: _green underline denotes added text_ ~~red struck out text denotes deleted text~~ | [![Powered by State Net](https://custom.statenet.com/network/poweredby.gif)](https://www.lexisnexis.com/statenet/)  \n---|---  \n  \n2025 GA S 9 | | Author: | Albers  \n---|---  \nVersion: | Substituted  \nVersion Date: | 03/20/2025  \n  \nThe House Committee on Technology and Infrastructure Innovation offers the\nfollowing substitute to SB 9:\n\nA BILL TO BE ENTITLED\n\nAN ACT\n\nTo amend Title 21 of the Official Code of Georgia Annotated, relating to\nelections, so as to establish the criminal offenses of fraudulent election\ninterference and solicitation of such; to provide for definitions; to provide\nfor exceptions; to provide for the Attorney General to have concurrent\njurisdiction over such crimes; to provide for punishment; to provide for\ninjunctive relief; to provide for the State Election Board to publish results\nof investigations into such offenses; to provide for certain disclaimers on\ncampaign advertisements that use AI generated media; to provide for the form\nof such disclaimers; to provide for definitions; to provide for legislative\nfindings and intent; to provide for related matters; to provide for an\neffective date; to repeal conflicting laws; and for other purposes.\n\nBE IT ENACTED BY THE GENERAL ASSEMBLY OF GEORGIA:\n\n**PART I**\n\n**SECTION 1-1.**\n\nThe General Assembly finds:\n\n(1) The significant and rapid increase in use and advancements of artificial\nintelligence and other sophisticated technologies poses a unique danger to the\nState of Georgia's free and fair system of elections;\n\n(2) Artificial intelligence and other technologies now allow individuals, both\nin good faith and bad faith, to create AI generated media that falsely depicts\nconduct that appears to be real;\n\n(3) The state and its citizens have the utmost rights to both free and fair\nelections and freedom of speech; and\n\n(4) This Act is narrowly tailored for the purpose of protection against the\nuse of deceptive media in bad faith to influence elections by reducing certain\ncandidates' chances of being elected or by suppressing voter turnout through\nmass confusion.\n\n**PART II**\n\n**SECTION 2-1.**\n\nTitle 21 of the Official Code of Georgia Annotated, relating to elections, is\namended in Chapter 2, relating to elections and primaries generally, by adding\na new Code section to read as follows:\n\n\"_21-2-605._\n\n_(a) As used in this Code section, the term:_\n\n_(1) 'Election' shall have the same meaning as provided in Code Section\n21-5-3._\n\n_(2) 'Materially deceptive media' means a video recording, video file, audio\nrecording, or audio file, still image, or still image file that:_\n\n_(A) Appears to depict a real individual 's speech or conduct that did not\noccur in reality; and_\n\n_(B) Would appear to a reasonable observer to be authentic._\n\n_(3) 'Person' means any employee, staff member, or other similarly affiliated\nindividual of a political party, political body, candidate, campaign\ncommittee, political action committee, or any other political committee. Such\nterm shall not include a broadcaster, cable provider, online service, internet\nservice provider, streaming platform, or any employees or agents thereof, who\notherwise would not fall under this definition of person except for their sale\nof advertising to a person as defined in this paragraph._\n\n_(b) A person commits the offense of fraudulent election interference if he or\nshe, with knowledge of its falsity, publishes, broadcasts, streams, or uploads\nmaterially deceptive media within 90 days of an election with the intent to\ndeceive one or more electors for the purpose of:_\n\n_(1) Significantly influencing a candidate 's chance of being elected in such\nelection;_\n\n_(2) Creating confusion about the administration of such election; or_\n\n_(3) Otherwise influencing the result of such referendum._\n\n_(c) A person commits the offense of solicitation of fraudulent election\ninterference when he or she, with the intent that a violation proscribed by\nsubsection (b) of this Code section be committed, commands, encourages, or\nrequests any individual to commit a violation proscribed by subsection (b) of\nthis Code section._\n\n_(d) Nothing in this Code section shall apply to activities protected by the\nFirst Amendment to the United States Constitution, including, but not limited\nto, satire, parody, worksof artistic expression, or works of journalism by\nbona fide news organizations._\n\n_(e) Upon conviction of an offense under this Code section, a person shall be\npunished as follows:_\n\n_(1) For the first offense, he or she shall be guilty of a misdemeanor; and_\n\n_(2) For the second or subsequent offense, he or she shall be guilty of a\nfelony and, upon conviction thereof, shall be punished by imprisonment for not\nless than two years nor more than five years and by a fine not to exceed\n$50,000.00._\n\n_(f) For prosecutions under this Code section, venue shall be proper in any\ncounty in this state where:_\n\n_(1) Any act was committed in furtherance of the unlawful conduct;_\n\n_(2) The candidate affected by the alleged violation resides;_\n\n_(3) The defendant resided at the time of the alleged violation; or_\n\n_(4) The materially deceptive media is received._\n\n_(g) The Attorney General shall have concurrent jurisdiction to conduct the\ncriminal prosecution of a violation of this Code section. A criminal\nprosecution for a violation of this Code section shall only be initiated upon\nthe Attorney General receivinga recommendation to prosecute from the State\nElection Board._\n\n_(h) In addition to any other remedy provided by law, a cause of action for\ninjunctive relief may be maintained against any person who is in violation of\nthis Code section, by:_\n\n_(1) An individual depicted in the materially deceptive media;_\n\n_(2) The Attorney General; or_\n\n_(3) A candidate for office who has been injured or is likely to be injured by\nthe distribution of the materially deceptive media._ \"\n\n**SECTION 2-2.**\n\nSaid chapter is further amended in Code Section 21-2-31, relating to duties of\nthe State Election Board, by revising paragraph (5) as follows:\n\n\"(5) To investigate, or authorize the Secretary of State to investigate, when\nnecessary or advisable the administration of primary and election laws and\nfrauds and irregularities in primaries and elections and to report violations\nof the primary and election laws either to the Attorney General or the\nappropriate district attorney who shall be responsible for further\ninvestigation and prosecution. _Except as provided in Code Section 21-2-605,\nnothing_ ~~Nothing~~ in this paragraph shall be so construed as to require any\ncomplaining party to request an investigation by the board before such party\nmight proceed to seek any other remedy available to that party under this\nchapter or any other provision of law;\"\n\n**SECTION 2-3.**\n\nSaid chapter is further amended in Code Section 21-2-33.1, relating to\nenforcement of chapter, suspension of election superintendents, and support\nand assistance from the Secretary of State, by adding a new subsection to read\nas follows:\n\n\"_(a.1) In any investigation stemming from an alleged violation of Code\nSection 21-2-605, the State Election Board shall release to the public the\nfindings of any completed investigation._ \"\n\n**SECTION 2-4.**\n\nTitle 21 of the Official Code of Georgia Annotated, relating to elections, is\nfurther amended in Chapter 5, relating to government transparency and campaign\nfinance, by adding a new article to read as follows:\n\n\"_ARTICLE 5_\n\n_21-5-90._\n\n_As used in this article, the term:_\n\n_(1) 'AI generated media' means a video recording, video file, audio\nrecording, audio file, still image, or still image file that:_\n\n_(A) Is created through the use of an artificial intelligence system;_\n\n_(B) Depicts a real individual 's speech or conduct that did not occur in\nreality; and_\n\n_(C) Appears to a reasonable observer to be authentic._\n\n_(2) 'Artificial intelligence system' means an engineered or machine based\nsystem that emulates the capability of a person to receive audio, visual,\ntext, or any other formof information and use the information received to\nemulate a human cognitive process, including, but not limited to, learning,\ngeneralizing, reasoning, planning, predicting, acting, or communicating;\nprovided, however, that artificial intelligence systems may vary in the forms\nof information they can receive and in the human cognitive processes they can\nemulate._\n\n_(3) 'Campaign advertisement' means any campaign material, commercial,\nadvertisement, or other media designed to bring about the nomination or\nelection of an individual to any elected office; designed to bring about the\nrecall of a public officer holding elective office or to oppose the recall of\na public officer holding elective office; or designed to bring about the\napproval or rejection by the voters of any proposed constitutional amendment,\na state-wide referendum, or a proposed question which is to appear on the\nballot in this state or in a county or a municipal election in this state._\n\n_21-5-91._\n\n_(a) Notwithstanding the prohibitions contained in Code Section 21-2-605, any\nperson may use AI generated content in any campaign advertisement, so long as\nthe campaign advertisement discloses, in accordance with the provisions of\nCode Section 21-5-92:_\n\n_(1) The name of the candidate or candidates or campaign committee or\ncommittees that created, sponsored, and paid for the campaign advertisement;_\n\n_(2) The name of each person who is being impersonated;_\n\n_(3) That events depicted may not have actually occurred; and_\n\n_(4) That artificial intelligence was used to make part or all of the content\nof the campaign advertisement._\n\n_(b) Minor editing of a piece of existing audio or visual media shall not\nrequire disclosure under this Code section when such minor editing would not\nsubstantially change an observer 's understanding of such media._\n\n_21-5-92._\n\n_The disclosure provided for in Code Section 21-5-91 shall meet the following\nrequirements:_\n\n_(1) For each campaign advertisement that involves the use, in whole or in\npart, of visual media, such disclosure:_\n\n_(A) Shall be in writing and completed in each written language used in the\nremainder of the advertisement; and_\n\n_(B) Shall be clearly readable, which shall mean that the text of the\ndisclosure shall:_\n\n_(i) Be equal to or greater than 30 percent of the vertical picture height;_\n\n_(ii) Be visible for a period of at least 30 percent of the media, in the case\nof moving images and video; and_\n\n_(iii) Appear with a reasonable degree of color contrast between the\nbackground and the text of the statement. A statement satisfies the color\ncontrast requirement of this division if it is printed in black text on a\nwhite background or if the degree of color contrast between the background and\nthe text of the statement is no less than the color contrast between the\nbackground and the largest type size used in the communication; and_\n\n_(2) For each campaign advertisement that involves the use of audible media\nbut does not involve the use of any visual media, such disclosure shall be\nannounced, articulated, spoken, or otherwise rendered completely using the\nsame audible volume, the same rate of speaking as measured in words per\nminute, and each spoken language as used in the remainder of the\nadvertisement._\n\n_21-5-93._\n\n_(a) Each violation of this article shall be punishable by a fine pursuant to\nthe provisions of Code Section 21-5-6, except that the amount of such fine\nshall not be less than $10,000.00._\n\n_(b) Any violation of this article involving the use of AI generated media in\na solicitation for fundraising shall be punishable by disgorgement of any\nfunds raised within ten days of such solicitation._\n\n_(c) Except as described in subsection (a) of this Code section, nothing in\nthis Code section shall be construed so as to limit the powers or remedies\navailable to the commission._\n\n_(d) Notwithstanding any other provision of law to the contrary, the\ncommission shall be authorized to investigate any complaint concerning a\nviolation of this article within 90 days of an election._\n\n_21-5-94._\n\n_The commission shall be authorized to promulgate such rules and regulations\nas maybe necessary for the execution of its functions under this article._ \"\n\n**PART III**\n\n**SECTION 3-1.**\n\nThis Act shall become effective upon its approval by the Governor or upon its\nbecoming law without such approval.\n\n**SECTION 3-2.**\n\nAll laws and parts of laws in conflict with this Act are repealed.\n\nCopyright (C) 2025 State Net  \n  \n---\n\n",
      "latest_version": true
    }
  ]
}