{
  "bill_id": "GA2025000S164",
  "source_url": "http://custom.statenet.com/public/resources.cgi?id=ID:bill:GA2025000S164&cuiq=93d84396-c63b-526a-b152-38b7f79b4cfd&client_md=e4f6fea4-27b4-5d41-b7d3-766fe52569f0",
  "versions": [
    {
      "date": "02/12/2025",
      "label": "Introduced",
      "url": "https://custom.statenet.com/public/resources.cgi?mode=show_text&id=ID:bill:GA2025000S164&verid=GA2025000S164_20250212_0_I&",
      "raw_html": "<html>\n<head>\n<title>Bill Resource</title>\n\n<!--   <link href=\"https://custom.statenet.com/network/Common/css/extregtext.css\" rel=\"stylesheet\" type=\"text/css\" />-->\n   <link href=\"https://custom.statenet.com/network/Common/css/xmltext-2.0.css\" rel=\"stylesheet\" type=\"text/css\" />\n   <link href=\"https://custom.statenet.com/network/Common/css/additional-text.css\" rel=\"stylesheet\" type=\"text/css\" />\n\n\t<style type=\"text/css\">\n<!--\n\ntd, body {\n     background-color: white;\n\tfont-family: Verdana, Arial, Helvetica, sans-serif;\n\tfont-size: 12px;\n}\n\n.resourceContainer {\n   border: 1px solid black;\n}\n-->\n</style>\n</head>\n<body>\n\n    <div style=\"width: 750px; margin: auto\">\n       <div style=\"font-size: .8em;margin-bottom: 10px\"><table width=\"100%\"><tr><td align=\"left\" style=\"font-size: .8em;\"><div>The following has special meaning:</div>\n<div><u class=\"amendmentInsertedText\">green underline denotes added text</u></div>\n<div><strike class=\"amendmentDeletedText\">red struck out text denotes deleted text</strike></div></td> <td align=\"right\"><a href=\"https://www.lexisnexis.com/statenet/\"><img alt=\"Powered by State Net\" src=\"https://custom.statenet.com/network/poweredby.gif\" /></a></td></tr></table></div><table id=\"text-identifier\"><tr><td class=\"key\">2025 GA S 164</td> <td><table><tr><td class=\"label\">Author:</td> <td>Merritt</td></tr> <tr><td class=\"label\">Version:</td> <td>Introduced</td></tr> <tr><td class=\"label\">Version Date:</td> <td>02/12/2025</td></tr></table></td></tr></table><div class=\"documentBody\">\n  <a name=\"head_document_section\"></a><div class=\"head\">\n   <p class=\"indent\">Senate Bill 164</p>\n   <p class=\"indent\">By: Senators Merritt of the 9th, Jones II of the 22nd, Jackson of the 41st, Mallow of the 2nd, Kemp of the 38th and others</p>\n  </div>\n  <a name=\"code_document_section\"></a><div class=\"code\">\n   <p class=\"center\">A BILL TO BE ENTITLED</p>\n   <p class=\"center\">AN ACT</p>\n   <p class=\"indent\">To amend Chapter 1 of Title 10 of the Official Code of Georgia Annotated, relating to selling and other trade practices, so as to prohibit surveillance based price discrimination and surveillance based wage discrimination; to provide for definitions; to provide for civil penalties and enforcement; to provide for exceptions; to provide for certain rule making; to provide for the promulgation of rules and regulations; to provide for penalties; to provide for related matters; to repeal conflicting laws; and for other purposes.</p>\n  </div>\n  <a name=\"text_document_section\"></a><div class=\"text\">\n   <span>\n    <p class=\"indent\">BE IT ENACTED BY THE GENERAL ASSEMBLY OF GEORGIA:</p>\n   </span>\n   <p class=\"center\">\n    <b>SECTION 1.</b>\n   </p>\n   <p class=\"indent\">Chapter 1 of Title 10 of the Official Code of Georgia Annotated, relating to selling and other trade practices, is amended by adding a new article to read as follows:</p>\n   <p class=\"center\">&quot;<u class=\"amendmentInsertedText\">ARTICLE 37</u>\n   </p>\n   <p class=\"indent\">\n    <u class=\"amendmentInsertedText\">10-1-960. As used in this article, the term:</u>\n   </p>\n   <p class=\"indent\">\n    <u class=\"amendmentInsertedText\">(1) &#39;Automated decision system&#39; means any system, software, or process, including one derived from machine learning, statistics, or other data processing or artificial intelligence techniques and excluding passive computing infrastructure, that uses computation, which is used to assist or replace human decision making.</u>\n   </p>\n   <p class=\"indent\">\n    <u class=\"amendmentInsertedText\">(2) &#39;Behaviors&#39; means an individual&#39;s observable, measurable, or inferred actions, habits, preferences, interests, or vulnerabilities, including an individual&#39;s political, personal, or professional affiliations, web browsing history, IP addresses, locations frequented, purchase history, financial circumstances, consumer behaviors, or inferences associated with a group, band, class, or tier of individuals of which the individual is associated.</u>\n   </p>\n   <p class=\"indent\">\n    <u class=\"amendmentInsertedText\">(3) &#39;Biometrics&#39; means data or information generated by the technological, processing, measurement, or analysis of a consumer or worker&#39;s biological, physical, or behavioral characteristics which can be processed for the purpose of uniquely identifying an individual. Such term includes a fingerprint; a voice print; a scan or record of an eye retina or iris image; a facial map, geometry, or template; genetic information; or other unique biological, physical, or behavioral patterns or characteristics.</u>\n   </p>\n   <p class=\"indent\">\n    <u class=\"amendmentInsertedText\">(4) &#39;Consumer&#39; means an individual who obtains, maintains, uses, purchases, leases, or receives goods, services, real property, or personal property or the representative of such individual.</u>\n   </p>\n   <p class=\"indent\">\n    <u class=\"amendmentInsertedText\">(5) &#39;Genetic information&#39; means information about an individual&#39;s genetic test, the genetic tests of family members of such individual, and the manifestation of a disease or disorder in such individual&#39;s family members. Such term includes any request for, or receipt of, genetic services with respect to an individual, or participation by such individual or such individual&#39;s family members in clinical research that includes such genetic services. Such term includes genetic information of a fetus carried by a pregnant individual. Such term includes genetic information of any embryo legally held by an individual or such individual&#39;s family member utilizing reproductive technology. Such term does not include information about the sex or age of an individual.</u>\n   </p>\n   <p class=\"indent\">\n    <u class=\"amendmentInsertedText\">(6) &#39;Individualized&#39; means specific to or inferences about an individual or group, band, class, or tier of individuals with particular personal characteristics, behaviors, or biometrics.</u>\n   </p>\n   <p class=\"indent\">\n    <u class=\"amendmentInsertedText\">(7) &#39;Insurer&#39; means every person engaged as a principal, indemnitor, surety, or contractor in the business of making contracts of insurance.</u>\n   </p>\n   <p class=\"indent\">\n    <u class=\"amendmentInsertedText\">(8) &#39;Personal characteristics&#39; means individual qualities, features, attributes, or traits, including immutable characteristics such as race and eye color; mutable characteristics such as a mailing address, weight, citizenship, or parental status; and any other personally identifiable information that could be used to uncover an individual&#39;s identity, including social security number, full name, or telephone number.</u>\n   </p>\n   <p class=\"indent\">\n    <u class=\"amendmentInsertedText\">(9) &#39;Price&#39; means the amount charged to a consumer in relation to a transaction, including all related costs and fees, and any other material terms of such transaction that hasa direct bearing on the amount paid by the consumer or the value of the good or service to the consumer.</u>\n   </p>\n   <p class=\"indent\">\n    <u class=\"amendmentInsertedText\">(10) &#39;Surveillance based price discrimination&#39; means using an automated decision system to inform individualized prices based on surveillance data regarding a consumer.</u>\n   </p>\n   <p class=\"indent\">\n    <u class=\"amendmentInsertedText\">(11) &#39;Surveillance based wage discrimination&#39; means using an automated decision system to inform individualized wages based on surveillance data regarding a worker.</u>\n   </p>\n   <p class=\"indent\">\n    <u class=\"amendmentInsertedText\">(12) &#39;Surveillance data&#39; means data obtained through observation, inference, or surveillance of an individual that is related to personal characteristics, behaviors,or biometrics of such individual or a group, class, tier, or band of which the individualis associated. Such term includes information gathered, purchased, or otherwise acquired.</u>\n   </p>\n   <p class=\"indent\">\n    <u class=\"amendmentInsertedText\">(13) &#39;Wage&#39; means the material terms offered to a worker in exchange for labor, including the amount to be paid for such labor, whether as an hourly rate, piece rate, salary, bonuses, commissions and incentives, scheduling, task assignment, and any other similar material terms that have a direct impact on earnings of such worker.</u>\n   </p>\n   <p class=\"indent\">\n    <u class=\"amendmentInsertedText\">(14) &#39;Worker&#39; means a natural person performing work as an employee, and includes any individual, including a migratory laborer, performing labor or services for the benefit of an employer and any other individuals performing labor or services on behalf of or for the benefit of an employer or other person. For the purposes of this article, such term includes relevant factors in determining whether an individual is an employee including the degree of control such employer may exercise or does exercise over such individual and the degree to which such individual performs labor or services that is the primary work of the employer; provided, however, that an individual primarily free from control and direction in the performance of such labor or services, both under his or her contract for the performance of such labor or services, and who is customarily engaged in an independent trade, occupation, profession, or business related to such labor or services performed is not an employee.</u>\n   </p>\n   <p class=\"indent\">\n    <u class=\"amendmentInsertedText\">10-1-961.</u>\n   </p>\n   <p class=\"indent\">\n    <u class=\"amendmentInsertedText\">(a)(1) No person shall engage in surveillance based price discrimination.</u>\n   </p>\n   <p class=\"indent\">\n    <u class=\"amendmentInsertedText\">(2) A person shall not be considered to have engaged in surveillance based price discrimination if such person can demonstrate that:</u>\n   </p>\n   <p class=\"indent\">\n    <u class=\"amendmentInsertedText\">(A) Differential prices are justified based on differences in the cost of providing a good or service to different consumers; or</u>\n   </p>\n   <p class=\"indent\">\n    <u class=\"amendmentInsertedText\">(B) Such person operates as an insurer and only inputs risk relevant data into any automated decision system that informs decisions related to any amount a consumer must pay for an insurance policy.</u>\n   </p>\n   <p class=\"indent\">\n    <u class=\"amendmentInsertedText\">(3) Surveillance based price discrimination shall not include the refusal to extend credit at specific terms or the refusal to enter into a transaction with a specific consumer based on data provided in a consumer report covered by the federal Fair Credit Reporting Act, U.S.C. Section 1681, et. seq.</u>\n   </p>\n   <p class=\"indent\">\n    <u class=\"amendmentInsertedText\">(b)(1) No person shall engage in surveillance based wage discrimination.</u>\n   </p>\n   <p class=\"indent\">\n    <u class=\"amendmentInsertedText\">(2) A person has not engaged in surveillance based wage discrimination if such person can demonstrate that:</u>\n   </p>\n   <p class=\"indent\">\n    <u class=\"amendmentInsertedText\">(A) Such person offers individualized wages based solely on:</u>\n   </p>\n   <p class=\"indent\">\n    <u class=\"amendmentInsertedText\">(i) Data specific to a worker that is directly related to the labor or services such worker was hired to perform; or</u>\n   </p>\n   <p class=\"indent\">\n    <u class=\"amendmentInsertedText\">(ii) Differences in the cost to the worker of providing labor and services to such person;</u>\n   </p>\n   <p class=\"indent\">\n    <u class=\"amendmentInsertedText\">(B) Such person discloses in plain language before hiring a worker to perform labor or services and to all workers whose wages are set in whole or in part by an automated decision system and what data is considered and how such automated decision system considers such data; and</u>\n   </p>\n   <p class=\"indent\">\n    <u class=\"amendmentInsertedText\">(C) Such person develops and proactively provides to all workers reasonable procedures to ensure the accuracy of all data considered by an automated decision system in setting wage rates as determined through rule making.</u>\n   </p>\n   <p class=\"indent\">\n    <u class=\"amendmentInsertedText\">(3) Surveillance based wage discrimination shall not include a decision not to hire an individual who such person has not previously employed.</u>\n   </p>\n   <p class=\"indent\">\n    <u class=\"amendmentInsertedText\">10-1-962.</u>\n   </p>\n   <p class=\"indent\">\n    <u class=\"amendmentInsertedText\">The Attorney General is authorized to promulgate such rules and regulations as necessary for the purpose of implementing and enforcing this article.</u>\n   </p>\n   <p class=\"indent\">\n    <u class=\"amendmentInsertedText\">10-1-963.</u>\n   </p>\n   <p class=\"indent\">\n    <u class=\"amendmentInsertedText\">Nothing in this article, including the enforcement authority granted to the Attorney General and the district attorneys of this state, shall preempt or otherwise affect any other right, claim, remedy, presumption, or defense available at law or in equity. 10-1-964.</u>\n   </p>\n   <p class=\"indent\">\n    <u class=\"amendmentInsertedText\">(a) A person that violates any provision of this article engages in a deceptive, unfair,or unconscionable act or practice.</u>\n   </p>\n   <p class=\"indent\">\n    <u class=\"amendmentInsertedText\">(b) The Attorney General or any district attorney may bring a civil action on behalf of the state to seek the imposition of civil penalties as follows:</u>\n   </p>\n   <p class=\"indent\">\n    <u class=\"amendmentInsertedText\">(1) Any person that violates any provision of this article shall forfeit and pay to the general fund of this state a civil penalty of not more than $10,000.00 for each such violation. Each violation of this article shall constitute a separate violation with respect to each consumer, worker, or transaction involved; and</u>\n   </p>\n   <p class=\"indent\">\n    <u class=\"amendmentInsertedText\">(2) Costs and attorneys&#39; fees shall be awarded to the Attorney General or a district attorney in all actions where the Attorney General or the district attorney successfully enforces the provisions of this article.</u>\n   </p>\n   <p class=\"indent\">\n    <u class=\"amendmentInsertedText\">(c) In addition to any remedies otherwise provided by law or in equity, a person aggrieved by a violation of this article may bring a civil action on behalf of themselves or a group of similarly situated persons to restrain further violations and to recover damages, costs, and reasonable attorneys&#39; fees, including the greater of:</u>\n   </p>\n   <p class=\"indent\">\n    <u class=\"amendmentInsertedText\">(1) The amount of actual damages sustained, including prejudgment interest of either 8 percent per year or at the rate provided for in Code Section 7-4-2, whichever is greater, from the date the claim under this article accrued;</u>\n   </p>\n   <p class=\"indent\">\n    <u class=\"amendmentInsertedText\">(2) The amount of $3,000.00 for each violation and each such violation of this article shall constitute a separate violation with respect to each consumer, worker, or transaction involved; or</u>\n   </p>\n   <p class=\"indent\">\n    <u class=\"amendmentInsertedText\">(3) Three times the amount of actual damages sustained, if it is established by clear and convincing evidence that such person violating the provisions of this article engaged in bad faith conduct or intentionally violated the provisions of this article.</u>&quot;</p>\n   <p class=\"center\">\n    <b>SECTION 2.</b>\n   </p>\n   <p class=\"indent\">All laws and parts of laws in conflict with this Act are repealed.</p>\n  </div>\n </div>\n    </div>\t\n<table cellpadding=0 cellspacing=0 width=\"100%\">\n   <tr>\n      <td>\n          Copyright &copy; 2025 State Net\n      </td>\n<BR>\n<!--???MOVED INTO resources.cgi      <td align=\"right\">\n          <img src=\"https://custom.statenet.com/network/poweredby.gif\" alt=\"Powered by State Net\">\n      </td>-->\n\n    </tr>\n</table>\n</body></html>\n",
      "markdown": "The following has special meaning: _green underline denotes added text_ ~~red struck out text denotes deleted text~~ | [![Powered by State Net](https://custom.statenet.com/network/poweredby.gif)](https://www.lexisnexis.com/statenet/)  \n---|---  \n  \n2025 GA S 164 | | Author: | Merritt  \n---|---  \nVersion: | Introduced  \nVersion Date: | 02/12/2025  \n  \nSenate Bill 164\n\nBy: Senators Merritt of the 9th, Jones II of the 22nd, Jackson of the 41st,\nMallow of the 2nd, Kemp of the 38th and others\n\nA BILL TO BE ENTITLED\n\nAN ACT\n\nTo amend Chapter 1 of Title 10 of the Official Code of Georgia Annotated,\nrelating to selling and other trade practices, so as to prohibit surveillance\nbased price discrimination and surveillance based wage discrimination; to\nprovide for definitions; to provide for civil penalties and enforcement; to\nprovide for exceptions; to provide for certain rule making; to provide for the\npromulgation of rules and regulations; to provide for penalties; to provide\nfor related matters; to repeal conflicting laws; and for other purposes.\n\nBE IT ENACTED BY THE GENERAL ASSEMBLY OF GEORGIA:\n\n**SECTION 1.**\n\nChapter 1 of Title 10 of the Official Code of Georgia Annotated, relating to\nselling and other trade practices, is amended by adding a new article to read\nas follows:\n\n\"_ARTICLE 37_\n\n_10-1-960. As used in this article, the term:_\n\n_(1) 'Automated decision system' means any system, software, or process,\nincluding one derived from machine learning, statistics, or other data\nprocessing or artificial intelligence techniques and excluding passive\ncomputing infrastructure, that uses computation, which is used to assist or\nreplace human decision making._\n\n_(2) 'Behaviors' means an individual's observable, measurable, or inferred\nactions, habits, preferences, interests, or vulnerabilities, including an\nindividual's political, personal, or professional affiliations, web browsing\nhistory, IP addresses, locations frequented, purchase history, financial\ncircumstances, consumer behaviors, or inferences associated with a group,\nband, class, or tier of individuals of which the individual is associated._\n\n_(3) 'Biometrics' means data or information generated by the technological,\nprocessing, measurement, or analysis of a consumer or worker's biological,\nphysical, or behavioral characteristics which can be processed for the purpose\nof uniquely identifying an individual. Such term includes a fingerprint; a\nvoice print; a scan or record of an eye retina or iris image; a facial map,\ngeometry, or template; genetic information; or other unique biological,\nphysical, or behavioral patterns or characteristics._\n\n_(4) 'Consumer' means an individual who obtains, maintains, uses, purchases,\nleases, or receives goods, services, real property, or personal property or\nthe representative of such individual._\n\n_(5) 'Genetic information' means information about an individual's genetic\ntest, the genetic tests of family members of such individual, and the\nmanifestation of a disease or disorder in such individual's family members.\nSuch term includes any request for, or receipt of, genetic services with\nrespect to an individual, or participation by such individual or such\nindividual's family members in clinical research that includes such genetic\nservices. Such term includes genetic information of a fetus carried by a\npregnant individual. Such term includes genetic information of any embryo\nlegally held by an individual or such individual's family member utilizing\nreproductive technology. Such term does not include information about the sex\nor age of an individual._\n\n_(6) 'Individualized' means specific to or inferences about an individual or\ngroup, band, class, or tier of individuals with particular personal\ncharacteristics, behaviors, or biometrics._\n\n_(7) 'Insurer' means every person engaged as a principal, indemnitor, surety,\nor contractor in the business of making contracts of insurance._\n\n_(8) 'Personal characteristics' means individual qualities, features,\nattributes, or traits, including immutable characteristics such as race and\neye color; mutable characteristics such as a mailing address, weight,\ncitizenship, or parental status; and any other personally identifiable\ninformation that could be used to uncover an individual's identity, including\nsocial security number, full name, or telephone number._\n\n_(9) 'Price' means the amount charged to a consumer in relation to a\ntransaction, including all related costs and fees, and any other material\nterms of such transaction that hasa direct bearing on the amount paid by the\nconsumer or the value of the good or service to the consumer._\n\n_(10) 'Surveillance based price discrimination' means using an automated\ndecision system to inform individualized prices based on surveillance data\nregarding a consumer._\n\n_(11) 'Surveillance based wage discrimination' means using an automated\ndecision system to inform individualized wages based on surveillance data\nregarding a worker._\n\n_(12) 'Surveillance data' means data obtained through observation, inference,\nor surveillance of an individual that is related to personal characteristics,\nbehaviors,or biometrics of such individual or a group, class, tier, or band of\nwhich the individualis associated. Such term includes information gathered,\npurchased, or otherwise acquired._\n\n_(13) 'Wage' means the material terms offered to a worker in exchange for\nlabor, including the amount to be paid for such labor, whether as an hourly\nrate, piece rate, salary, bonuses, commissions and incentives, scheduling,\ntask assignment, and any other similar material terms that have a direct\nimpact on earnings of such worker._\n\n_(14) 'Worker' means a natural person performing work as an employee, and\nincludes any individual, including a migratory laborer, performing labor or\nservices for the benefit of an employer and any other individuals performing\nlabor or services on behalf of or for the benefit of an employer or other\nperson. For the purposes of this article, such term includes relevant factors\nin determining whether an individual is an employee including the degree of\ncontrol such employer may exercise or does exercise over such individual and\nthe degree to which such individual performs labor or services that is the\nprimary work of the employer; provided, however, that an individual primarily\nfree from control and direction in the performance of such labor or services,\nboth under his or her contract for the performance of such labor or services,\nand who is customarily engaged in an independent trade, occupation,\nprofession, or business related to such labor or services performed is not an\nemployee._\n\n_10-1-961._\n\n_(a)(1) No person shall engage in surveillance based price discrimination._\n\n_(2) A person shall not be considered to have engaged in surveillance based\nprice discrimination if such person can demonstrate that:_\n\n_(A) Differential prices are justified based on differences in the cost of\nproviding a good or service to different consumers; or_\n\n_(B) Such person operates as an insurer and only inputs risk relevant data\ninto any automated decision system that informs decisions related to any\namount a consumer must pay for an insurance policy._\n\n_(3) Surveillance based price discrimination shall not include the refusal to\nextend credit at specific terms or the refusal to enter into a transaction\nwith a specific consumer based on data provided in a consumer report covered\nby the federal Fair Credit Reporting Act, U.S.C. Section 1681, et. seq._\n\n_(b)(1) No person shall engage in surveillance based wage discrimination._\n\n_(2) A person has not engaged in surveillance based wage discrimination if\nsuch person can demonstrate that:_\n\n_(A) Such person offers individualized wages based solely on:_\n\n_(i) Data specific to a worker that is directly related to the labor or\nservices such worker was hired to perform; or_\n\n_(ii) Differences in the cost to the worker of providing labor and services to\nsuch person;_\n\n_(B) Such person discloses in plain language before hiring a worker to perform\nlabor or services and to all workers whose wages are set in whole or in part\nby an automated decision system and what data is considered and how such\nautomated decision system considers such data; and_\n\n_(C) Such person develops and proactively provides to all workers reasonable\nprocedures to ensure the accuracy of all data considered by an automated\ndecision system in setting wage rates as determined through rule making._\n\n_(3) Surveillance based wage discrimination shall not include a decision not\nto hire an individual who such person has not previously employed._\n\n_10-1-962._\n\n_The Attorney General is authorized to promulgate such rules and regulations\nas necessary for the purpose of implementing and enforcing this article._\n\n_10-1-963._\n\n_Nothing in this article, including the enforcement authority granted to the\nAttorney General and the district attorneys of this state, shall preempt or\notherwise affect any other right, claim, remedy, presumption, or defense\navailable at law or in equity. 10-1-964._\n\n_(a) A person that violates any provision of this article engages in a\ndeceptive, unfair,or unconscionable act or practice._\n\n_(b) The Attorney General or any district attorney may bring a civil action on\nbehalf of the state to seek the imposition of civil penalties as follows:_\n\n_(1) Any person that violates any provision of this article shall forfeit and\npay to the general fund of this state a civil penalty of not more than\n$10,000.00 for each such violation. Each violation of this article shall\nconstitute a separate violation with respect to each consumer, worker, or\ntransaction involved; and_\n\n_(2) Costs and attorneys ' fees shall be awarded to the Attorney General or a\ndistrict attorney in all actions where the Attorney General or the district\nattorney successfully enforces the provisions of this article._\n\n_(c) In addition to any remedies otherwise provided by law or in equity, a\nperson aggrieved by a violation of this article may bring a civil action on\nbehalf of themselves or a group of similarly situated persons to restrain\nfurther violations and to recover damages, costs, and reasonable attorneys '\nfees, including the greater of:_\n\n_(1) The amount of actual damages sustained, including prejudgment interest of\neither 8 percent per year or at the rate provided for in Code Section 7-4-2,\nwhichever is greater, from the date the claim under this article accrued;_\n\n_(2) The amount of $3,000.00 for each violation and each such violation of\nthis article shall constitute a separate violation with respect to each\nconsumer, worker, or transaction involved; or_\n\n_(3) Three times the amount of actual damages sustained, if it is established\nby clear and convincing evidence that such person violating the provisions of\nthis article engaged in bad faith conduct or intentionally violated the\nprovisions of this article._ \"\n\n**SECTION 2.**\n\nAll laws and parts of laws in conflict with this Act are repealed.\n\nCopyright (C) 2025 State Net  \n  \n---\n\n",
      "latest_version": true
    }
  ]
}