{
  "bill_id": "GA2025000SR410",
  "source_url": "http://custom.statenet.com/public/resources.cgi?id=ID:bill:GA2025000SR410&cuiq=93d84396-c63b-526a-b152-38b7f79b4cfd&client_md=e4f6fea4-27b4-5d41-b7d3-766fe52569f0",
  "versions": [
    {
      "date": "03/18/2025",
      "label": "Introduced",
      "url": "https://custom.statenet.com/public/resources.cgi?mode=show_text&id=ID:bill:GA2025000SR410&verid=GA2025000SR410_20250318_0_I&",
      "raw_html": "<html>\n<head>\n<title>Bill Resource</title>\n\n<!--   <link href=\"https://custom.statenet.com/network/Common/css/extregtext.css\" rel=\"stylesheet\" type=\"text/css\" />-->\n   <link href=\"https://custom.statenet.com/network/Common/css/xmltext-2.0.css\" rel=\"stylesheet\" type=\"text/css\" />\n   <link href=\"https://custom.statenet.com/network/Common/css/additional-text.css\" rel=\"stylesheet\" type=\"text/css\" />\n\n\t<style type=\"text/css\">\n<!--\n\ntd, body {\n     background-color: white;\n\tfont-family: Verdana, Arial, Helvetica, sans-serif;\n\tfont-size: 12px;\n}\n\n.resourceContainer {\n   border: 1px solid black;\n}\n-->\n</style>\n</head>\n<body>\n\n    <div style=\"width: 750px; margin: auto\">\n       <div style=\"font-size: .8em;margin-bottom: 10px\"><table width=\"100%\"><tr><td align=\"left\" style=\"font-size: .8em;\"><div>The following has special meaning:</div>\n<div><u class=\"amendmentInsertedText\">green underline denotes added text</u></div>\n<div><strike class=\"amendmentDeletedText\">red struck out text denotes deleted text</strike></div></td> <td align=\"right\"><a href=\"https://www.lexisnexis.com/statenet/\"><img alt=\"Powered by State Net\" src=\"https://custom.statenet.com/network/poweredby.gif\" /></a></td></tr></table></div><table id=\"text-identifier\"><tr><td class=\"key\">2025 GA SR 410</td> <td><table><tr><td class=\"label\">Author:</td> <td>Orrock</td></tr> <tr><td class=\"label\">Version:</td> <td>Introduced</td></tr> <tr><td class=\"label\">Version Date:</td> <td>03/18/2025</td></tr></table></td></tr></table><div class=\"documentBody\">\n  <a name=\"head_document_section\"></a><div class=\"head\">\n   <p class=\"indent\">Senate Resolution 410</p>\n   <p class=\"indent\">By: Senators Orrock of the 36th, Jones II of the 22nd, Parent of the 44th, Halpern of the 39th, Jackson of the 41st and others</p>\n  </div>\n  <a name=\"code_document_section\"></a><div class=\"code\">\n   <p class=\"center\">A RESOLUTION</p>\n   <p class=\"indent\">Urging the Federal Railroad Administration to deny CSX&#39;s request to become the first railroad to use Trip Optimizer&#39;s Zero-to-Zero feature; and for other purposes.</p>\n  </div>\n  <a name=\"text_document_section\"></a><div class=\"text\">\n   <p class=\"indent\">WHEREAS, the safety of Georgians is the paramount duty of government; and</p>\n   <p class=\"indent\">WHEREAS, numerous train accidents have caused enormous damage to human life and property in recent years; and</p>\n   <p class=\"indent\">WHEREAS, the safety of train operations impacts communities across this state and the country; and</p>\n   <p class=\"indent\">WHEREAS, CSX has applied to the Federal Railroad Administration to become the first railroad to use Trip Optimizer&#39;s Zero-to-Zero feature, which allows the cruise-control system to automatically start and stop trains from beginning to end; and</p>\n   <p class=\"indent\">WHEREAS, a computer system or algorithm cannot replace the skill, judgment, and adaptability of a trained engineer and conductor; therefore, allowing a system that relies solely on technology to control the brakes - the train&#39;s most essential safety feature - is dangerous; and</p>\n   <p class=\"indent\">WHEREAS, the Federal Railroad Administration finalized a two-person crew rule in 2024, establishing two-person crews and barring engineer-only operation on most trains; and</p>\n   <p class=\"indent\">WHEREAS, Trip Optimizer with Air Brake Control is a precursor to autonomous train operation; and</p>\n   <p class=\"indent\">WHEREAS, Zero-to-Zero has yet to be tested systemwide and has only been tested on approximately 25 percent of CSX territory, leaving too many unanswered questions for it to be implemented systemwide; and</p>\n   <p class=\"indent\">WHEREAS, becoming a skilled and efficient locomotive engineer requires years of locomotive operation, but Zero-to-Zero usage does not allow newly promoted engineers to continually develop their train operation skills; and</p>\n   <p class=\"indent\">WHEREAS, Trip Optimizer usage does not allow experienced locomotive engineers to continue refining their skills as trains become longer and heavier, all of which handle differently, and its continued use diminishes the skills of experienced engineers due to the lack of manual operation; and</p>\n   <p class=\"indent\">WHEREAS, the Trip Optimizer system on locomotives malfunctions daily, failing to operate trains smoothly and allowing for excessive draft and buff forces within the train, which can cause train separation, block crossings, delay emergency response vehicles, and lead to derailments that put communities at risk; and</p>\n   <p class=\"indent\">WHEREAS, the Georgia Working Families Legislative Caucus urges the Georgia State Senate to call on the Federal Railroad Administration to deny CSX&#39;s request to use Trip Optimizer&#39;s Zero-to-Zero feature, which allows the system to automatically start and stop trains when moving from zero to nine miles per hour.</p>\n   <p class=\"indent\">NOW, THEREFORE, BE IT RESOLVED BY THE SENATE that the members of this body urge the Federal Railroad Administration to deny CSX&#39;s request to use Trip Optimizer&#39;s Zero-to-Zero feature, which allows the system to automatically start and stop trains when moving from zero to nine miles per hour.</p>\n   <p class=\"indent\">BE IT FURTHER RESOLVED that the Secretary of the Senate is authorized and directed to make appropriate copies of this resolution available for distribution to the public and the press.</p>\n  </div>\n </div>\n    </div>\t\n<table cellpadding=0 cellspacing=0 width=\"100%\">\n   <tr>\n      <td>\n          Copyright &copy; 2025 State Net\n      </td>\n<BR>\n<!--???MOVED INTO resources.cgi      <td align=\"right\">\n          <img src=\"https://custom.statenet.com/network/poweredby.gif\" alt=\"Powered by State Net\">\n      </td>-->\n\n    </tr>\n</table>\n</body></html>\n",
      "markdown": "The following has special meaning: _green underline denotes added text_ ~~red struck out text denotes deleted text~~ | [![Powered by State Net](https://custom.statenet.com/network/poweredby.gif)](https://www.lexisnexis.com/statenet/)  \n---|---  \n  \n2025 GA SR 410 | | Author: | Orrock  \n---|---  \nVersion: | Introduced  \nVersion Date: | 03/18/2025  \n  \nSenate Resolution 410\n\nBy: Senators Orrock of the 36th, Jones II of the 22nd, Parent of the 44th,\nHalpern of the 39th, Jackson of the 41st and others\n\nA RESOLUTION\n\nUrging the Federal Railroad Administration to deny CSX's request to become the\nfirst railroad to use Trip Optimizer's Zero-to-Zero feature; and for other\npurposes.\n\nWHEREAS, the safety of Georgians is the paramount duty of government; and\n\nWHEREAS, numerous train accidents have caused enormous damage to human life\nand property in recent years; and\n\nWHEREAS, the safety of train operations impacts communities across this state\nand the country; and\n\nWHEREAS, CSX has applied to the Federal Railroad Administration to become the\nfirst railroad to use Trip Optimizer's Zero-to-Zero feature, which allows the\ncruise-control system to automatically start and stop trains from beginning to\nend; and\n\nWHEREAS, a computer system or algorithm cannot replace the skill, judgment,\nand adaptability of a trained engineer and conductor; therefore, allowing a\nsystem that relies solely on technology to control the brakes - the train's\nmost essential safety feature - is dangerous; and\n\nWHEREAS, the Federal Railroad Administration finalized a two-person crew rule\nin 2024, establishing two-person crews and barring engineer-only operation on\nmost trains; and\n\nWHEREAS, Trip Optimizer with Air Brake Control is a precursor to autonomous\ntrain operation; and\n\nWHEREAS, Zero-to-Zero has yet to be tested systemwide and has only been tested\non approximately 25 percent of CSX territory, leaving too many unanswered\nquestions for it to be implemented systemwide; and\n\nWHEREAS, becoming a skilled and efficient locomotive engineer requires years\nof locomotive operation, but Zero-to-Zero usage does not allow newly promoted\nengineers to continually develop their train operation skills; and\n\nWHEREAS, Trip Optimizer usage does not allow experienced locomotive engineers\nto continue refining their skills as trains become longer and heavier, all of\nwhich handle differently, and its continued use diminishes the skills of\nexperienced engineers due to the lack of manual operation; and\n\nWHEREAS, the Trip Optimizer system on locomotives malfunctions daily, failing\nto operate trains smoothly and allowing for excessive draft and buff forces\nwithin the train, which can cause train separation, block crossings, delay\nemergency response vehicles, and lead to derailments that put communities at\nrisk; and\n\nWHEREAS, the Georgia Working Families Legislative Caucus urges the Georgia\nState Senate to call on the Federal Railroad Administration to deny CSX's\nrequest to use Trip Optimizer's Zero-to-Zero feature, which allows the system\nto automatically start and stop trains when moving from zero to nine miles per\nhour.\n\nNOW, THEREFORE, BE IT RESOLVED BY THE SENATE that the members of this body\nurge the Federal Railroad Administration to deny CSX's request to use Trip\nOptimizer's Zero-to-Zero feature, which allows the system to automatically\nstart and stop trains when moving from zero to nine miles per hour.\n\nBE IT FURTHER RESOLVED that the Secretary of the Senate is authorized and\ndirected to make appropriate copies of this resolution available for\ndistribution to the public and the press.\n\nCopyright (C) 2025 State Net  \n  \n---\n\n",
      "latest_version": true
    }
  ]
}