{
  "bill_id": "GA2025000S37",
  "source_url": "http://custom.statenet.com/public/resources.cgi?id=ID:bill:GA2025000S37&cuiq=93d84396-c63b-526a-b152-38b7f79b4cfd&client_md=e4f6fea4-27b4-5d41-b7d3-766fe52569f0",
  "versions": [
    {
      "date": "01/27/2025",
      "label": "Introduced",
      "url": "https://custom.statenet.com/public/resources.cgi?mode=show_text&id=ID:bill:GA2025000S37&verid=GA2025000S37_20250127_0_I&",
      "raw_html": "<html>\n<head>\n<title>Bill Resource</title>\n\n<!--   <link href=\"https://custom.statenet.com/network/Common/css/extregtext.css\" rel=\"stylesheet\" type=\"text/css\" />-->\n   <link href=\"https://custom.statenet.com/network/Common/css/xmltext-2.0.css\" rel=\"stylesheet\" type=\"text/css\" />\n   <link href=\"https://custom.statenet.com/network/Common/css/additional-text.css\" rel=\"stylesheet\" type=\"text/css\" />\n\n\t<style type=\"text/css\">\n<!--\n\ntd, body {\n     background-color: white;\n\tfont-family: Verdana, Arial, Helvetica, sans-serif;\n\tfont-size: 12px;\n}\n\n.resourceContainer {\n   border: 1px solid black;\n}\n-->\n</style>\n</head>\n<body>\n\n    <div style=\"width: 750px; margin: auto\">\n       <div style=\"font-size: .8em;margin-bottom: 10px\"><table width=\"100%\"><tr><td align=\"left\" style=\"font-size: .8em;\"><div>The following has special meaning:</div>\n<div><u class=\"amendmentInsertedText\">green underline denotes added text</u></div>\n<div><strike class=\"amendmentDeletedText\">red struck out text denotes deleted text</strike></div></td> <td align=\"right\"><a href=\"https://www.lexisnexis.com/statenet/\"><img alt=\"Powered by State Net\" src=\"https://custom.statenet.com/network/poweredby.gif\" /></a></td></tr></table></div><table id=\"text-identifier\"><tr><td class=\"key\">2025 GA S 37</td> <td><table><tr><td class=\"label\">Author:</td> <td>Albers</td></tr> <tr><td class=\"label\">Version:</td> <td>Introduced</td></tr> <tr><td class=\"label\">Version Date:</td> <td>01/27/2025</td></tr></table></td></tr></table><div class=\"documentBody\">\n  <a name=\"head_document_section\"></a><div class=\"head\">\n   <p class=\"indent\">Senate Bill 37</p>\n   <p class=\"indent\">By: Senators Albers of the 56th, Still of the 48th, Esteves of the 35th, Burns of the 23rd, Payne of the 54th and others</p>\n  </div>\n  <a name=\"code_document_section\"></a><div class=\"code\">\n   <p class=\"center\">A BILL TO BE ENTITLED</p>\n   <p class=\"center\">AN ACT</p>\n   <p class=\"indent\">To amend Chapter 1 of Title 50 of the Official Code of Georgia Annotated, relating to general provisions regarding state government, so as to require that all governmental entities develop and maintain artificial intelligence system usage plans; to amend Chapter 12 of Title 50 of the Official Code of Georgia Annotated, relating to commissions and other agencies, so as to create the Georgia Board for Artificial Intelligence; to provide for guidance to governmental entities in their development of artificial intelligence system usage plans; to provide for the purpose, membership, and duties of such board; to provide for reports; to provide for compensation and funding; to provide for definitions; to provide for related matters; to provide for a short title; to provide for legislative findings; to repeal conflicting laws; and for other purposes.</p>\n  </div>\n  <a name=\"text_document_section\"></a><div class=\"text\">\n   <span>\n    <p class=\"indent\">BE IT ENACTED BY THE GENERAL ASSEMBLY OF GEORGIA:</p>\n   </span>\n   <p class=\"center\">\n    <b>SECTION 1.</b>\n   </p>\n   <p class=\"indent\">This Act shall be known and may be cited as the&quot;AI Accountability Act.&quot;</p>\n   <p class=\"center\">\n    <b>SECTION 2.</b>\n   </p>\n   <p class=\"indent\">The General Assembly finds that:</p>\n   <p class=\"indent\">(1) Artificial intelligence (&quot;AI&quot;), the development of computer systems to perform tasks that normally require human intelligence, such as learning and decision making, has the potential to spur innovation and transform industry and government;</p>\n   <p class=\"indent\">(2) As the science and technology of AI continue to develop, more products and services are utilizing AI in fields such as healthcare, financial services, education, housing, and transportation. Such utilization may ultimately displace certain jobs and fields of employment;</p>\n   <p class=\"indent\">(3) There are valid concerns about potential misuse or unintended consequences of AI, especially without the development and implementation of ethical standards that seek to preserve the dignity, autonomy, and self-determination of individuals;</p>\n   <p class=\"indent\">(4) In the 2023 legislative session, at least 25 states, Puerto Rico, and the District of Columbia introduced AI bills, and 18 states and Puerto Rico adopted resolutions or enacted legislation in this area; and</p>\n   <p class=\"indent\">(5) It is important that this state establish policies and procedures concerning the development, procurement, implementation, utilization, and ongoing assessment of systems that employ AI and are in use by state agencies.</p>\n   <p class=\"center\">\n    <b>SECTION 3.</b>\n   </p>\n   <p class=\"indent\">Chapter 1 of Title 50 of the Official Code of Georgia Annotated, relating to general provisions regarding state government, is amended by adding a new Code section to read as follows:</p>\n   <p class=\"indent\">&quot;<u class=\"amendmentInsertedText\">50-1-14.</u>\n   </p>\n   <p class=\"indent\">\n    <u class=\"amendmentInsertedText\">(a) As used in this Code section, the term:</u>\n   </p>\n   <p class=\"indent\">\n    <u class=\"amendmentInsertedText\">(1) &#39;Artificial intelligence system&#39; or &#39;AI system&#39; means an engineered or machine based system that emulates the capability of a person to receive audio, visual, text, or any other form of information and use the information received to emulate a human cognitive process, including, but not limited to, learning, generalizing, reasoning, planning, predicting, acting, or communicating; provided, however, that artificial intelligence systems may vary in the forms of information they can receive and in the human cognitive processes they can emulate.</u>\n   </p>\n   <p class=\"indent\">\n    <u class=\"amendmentInsertedText\">(2) &#39;Governmental entity&#39; means any department, agency, board, bureau, commission, authority, county, municipal corporation, school system, or other political subdivision of this state.</u>\n   </p>\n   <p class=\"indent\">\n    <u class=\"amendmentInsertedText\">(b) Each governmental entity shall be required to publish by December 31, 2026, on a public website, and thereafter maintain, a comprehensive artificial intelligence system usage plan, which shall, at a minimum, include the following:</u>\n   </p>\n   <p class=\"indent\">\n    <u class=\"amendmentInsertedText\">(1) Specific goals and objectives for AI system deployment, including the benefits the governmental entity aims to achieve;</u>\n   </p>\n   <p class=\"indent\">\n    <u class=\"amendmentInsertedText\">(2) Steps taken by the governmental entity to avoid bias and ensure fairness across diverse user groups;</u>\n   </p>\n   <p class=\"indent\">\n    <u class=\"amendmentInsertedText\">(3) Data privacy measures implemented in the use of AI systems, including data storage and collection protocols;</u>\n   </p>\n   <p class=\"indent\">\n    <u class=\"amendmentInsertedText\">(4) Roles and responsibilities for AI system governance within the governmental entity;</u>\n   </p>\n   <p class=\"indent\">\n    <u class=\"amendmentInsertedText\">(5) Details of compliance with relevant laws;</u>\n   </p>\n   <p class=\"indent\">\n    <u class=\"amendmentInsertedText\">(6) The role of human oversight in AI system processes;</u>\n   </p>\n   <p class=\"indent\">\n    <u class=\"amendmentInsertedText\">(7) Training programs for employees of such governmental entity on the safe and ethical use of AI systems;</u>\n   </p>\n   <p class=\"indent\">\n    <u class=\"amendmentInsertedText\">(8) Protocols for incident response in case of AI system malfunctions, biases, or breaches; and</u>\n   </p>\n   <p class=\"indent\">\n    <u class=\"amendmentInsertedText\">(9) Reporting procedures for AI system related incidents to affected authorities and parties.</u>&quot;</p>\n   <p class=\"center\">\n    <b>SECTION 4.</b>\n   </p>\n   <p class=\"indent\">Chapter 12 of Title 50 of the Official Code of Georgia Annotated, relating to commissions and other agencies, is amended by adding a new article to read as follows:</p>\n   <p class=\"center\">&quot;<u class=\"amendmentInsertedText\">ARTICLE 9</u>\n   </p>\n   <p class=\"indent\">\n    <u class=\"amendmentInsertedText\">50-12-150.</u>\n   </p>\n   <p class=\"indent\">\n    <u class=\"amendmentInsertedText\">As used in this article, the term:</u>\n   </p>\n   <p class=\"indent\">\n    <u class=\"amendmentInsertedText\">(1) &#39;Board&#39; means the Georgia Board for Artificial Intelligence.</u>\n   </p>\n   <p class=\"indent\">\n    <u class=\"amendmentInsertedText\">(2) &#39;Governmental entity&#39; means any department, agency, board, bureau, commission, authority, county, municipal corporation, school system, or other political subdivision of this state.</u>\n   </p>\n   <p class=\"indent\">\n    <u class=\"amendmentInsertedText\">50-12-151.</u>\n   </p>\n   <p class=\"indent\">\n    <u class=\"amendmentInsertedText\">(a) There is created the Georgia Board for Artificial Intelligence. The board shall consist of 12 members to be appointed as follows:</u>\n   </p>\n   <p class=\"indent\">\n    <u class=\"amendmentInsertedText\">(1) Four members appointed by the Governor;</u>\n   </p>\n   <p class=\"indent\">\n    <u class=\"amendmentInsertedText\">(2) Four members appointed by the President of the Senate; and</u>\n   </p>\n   <p class=\"indent\">\n    <u class=\"amendmentInsertedText\">(3) Four members appointed by the Speaker of the House of Representatives.</u>\n   </p>\n   <p class=\"indent\">\n    <u class=\"amendmentInsertedText\">(b) The members of the board shall be individuals of recognized ability and achievement from either public or private positions. All vacancies shall be filled for the unexpired term by the original appointing official. Except as otherwise provided in subsection (c) of this Code section, members shall serve for terms of four years and shall be eligible for successive appointments by an appointing official. Any member with four consecutive unexcused absences from regular monthly meetings may be removed from the board by the appointing official.</u>\n   </p>\n   <p class=\"indent\">\n    <u class=\"amendmentInsertedText\">(c) To effect staggered terms of office for members of the board and effective with members appointed for terms beginning in 2025, the Governor, the President of the Senate, and the Speaker of the House of Representatives shall each appoint two members for two-year terms of office, one member for a three-year term of office, and one member for a one-year term of office. Thereafter, all members shall be appointed to serve four-year terms of office.</u>\n   </p>\n   <p class=\"indent\">\n    <u class=\"amendmentInsertedText\">(d) The board shall be assigned to the Georgia Technology Authority for administrative purposes only, as prescribed in Code Section 50-4-3.</u>\n   </p>\n   <p class=\"indent\">\n    <u class=\"amendmentInsertedText\">(e) The Governor shall designate a member to serve as the chairperson of the board for a term ending on June 30 of the year following the appointment.</u>\n   </p>\n   <p class=\"indent\">\n    <u class=\"amendmentInsertedText\">50-12-152.</u>\n   </p>\n   <p class=\"indent\">\n    <u class=\"amendmentInsertedText\">(a) The board shall advise governmental entities through the publication of model comprehensive artificial intelligence system usage plans as described in subsection (b) of Code Section 50-1-14.</u>\n   </p>\n   <p class=\"indent\">\n    <u class=\"amendmentInsertedText\">(b) The board, no later than January 1, 2026, and annually thereafter, shall submit to the Governor, the President of the Senate, and the Speaker of the House of Representatives a report detailing any recommendations along with the model comprehensive artificial intelligence system usage plans required in subsection (a) of this Code section. Any reports generated by the board shall be made available to the public on an annual basis by the Georgia Technology Authority by posting such reports on the appropriate governmental entity websites.</u>\n   </p>\n   <p class=\"indent\">\n    <u class=\"amendmentInsertedText\">50-12-153.</u>\n   </p>\n   <p class=\"indent\">\n    <u class=\"amendmentInsertedText\">(a) Board members shall receive no compensation for their services but shall be allowed actual and necessary expenses in the performance of their duties. Citizen members shall receive a daily expense allowance in the amount specified in subsection (b) of Code Section 45-7-21 as well as the mileage or transportation allowance authorized for state employees. Members appointed to serve on the board who are state officials or state employees shall receive no compensation for their services on the board but shall be reimbursed for expenses incurred in the performance of their duties as members of the board in the same manner as reimbursements are made in their capacity as state officials or state employees. The funds necessary for the reimbursement of the expenses of state officials and state employees shall come from funds appropriated to or otherwise available to their respective departments.</u>\n   </p>\n   <p class=\"indent\">\n    <u class=\"amendmentInsertedText\">(b) Any funds, other than those required for the reimbursement of the expenses of state officials and state employees, necessary to carry out this article shall come from funds appropriated or otherwise made available to the Georgia Technology Authority for the purposes expressed in this article.</u>&quot;</p>\n   <p class=\"center\">\n    <b>SECTION 5.</b>\n   </p>\n   <p class=\"indent\">All laws and parts of laws in conflict with this Act are repealed.</p>\n  </div>\n </div>\n    </div>\t\n<table cellpadding=0 cellspacing=0 width=\"100%\">\n   <tr>\n      <td>\n          Copyright &copy; 2025 State Net\n      </td>\n<BR>\n<!--???MOVED INTO resources.cgi      <td align=\"right\">\n          <img src=\"https://custom.statenet.com/network/poweredby.gif\" alt=\"Powered by State Net\">\n      </td>-->\n\n    </tr>\n</table>\n</body></html>\n",
      "markdown": "The following has special meaning: _green underline denotes added text_ ~~red struck out text denotes deleted text~~ | [![Powered by State Net](https://custom.statenet.com/network/poweredby.gif)](https://www.lexisnexis.com/statenet/)  \n---|---  \n  \n2025 GA S 37 | | Author: | Albers  \n---|---  \nVersion: | Introduced  \nVersion Date: | 01/27/2025  \n  \nSenate Bill 37\n\nBy: Senators Albers of the 56th, Still of the 48th, Esteves of the 35th, Burns\nof the 23rd, Payne of the 54th and others\n\nA BILL TO BE ENTITLED\n\nAN ACT\n\nTo amend Chapter 1 of Title 50 of the Official Code of Georgia Annotated,\nrelating to general provisions regarding state government, so as to require\nthat all governmental entities develop and maintain artificial intelligence\nsystem usage plans; to amend Chapter 12 of Title 50 of the Official Code of\nGeorgia Annotated, relating to commissions and other agencies, so as to create\nthe Georgia Board for Artificial Intelligence; to provide for guidance to\ngovernmental entities in their development of artificial intelligence system\nusage plans; to provide for the purpose, membership, and duties of such board;\nto provide for reports; to provide for compensation and funding; to provide\nfor definitions; to provide for related matters; to provide for a short title;\nto provide for legislative findings; to repeal conflicting laws; and for other\npurposes.\n\nBE IT ENACTED BY THE GENERAL ASSEMBLY OF GEORGIA:\n\n**SECTION 1.**\n\nThis Act shall be known and may be cited as the\"AI Accountability Act.\"\n\n**SECTION 2.**\n\nThe General Assembly finds that:\n\n(1) Artificial intelligence (\"AI\"), the development of computer systems to\nperform tasks that normally require human intelligence, such as learning and\ndecision making, has the potential to spur innovation and transform industry\nand government;\n\n(2) As the science and technology of AI continue to develop, more products and\nservices are utilizing AI in fields such as healthcare, financial services,\neducation, housing, and transportation. Such utilization may ultimately\ndisplace certain jobs and fields of employment;\n\n(3) There are valid concerns about potential misuse or unintended consequences\nof AI, especially without the development and implementation of ethical\nstandards that seek to preserve the dignity, autonomy, and self-determination\nof individuals;\n\n(4) In the 2023 legislative session, at least 25 states, Puerto Rico, and the\nDistrict of Columbia introduced AI bills, and 18 states and Puerto Rico\nadopted resolutions or enacted legislation in this area; and\n\n(5) It is important that this state establish policies and procedures\nconcerning the development, procurement, implementation, utilization, and\nongoing assessment of systems that employ AI and are in use by state agencies.\n\n**SECTION 3.**\n\nChapter 1 of Title 50 of the Official Code of Georgia Annotated, relating to\ngeneral provisions regarding state government, is amended by adding a new Code\nsection to read as follows:\n\n\"_50-1-14._\n\n_(a) As used in this Code section, the term:_\n\n_(1) 'Artificial intelligence system' or 'AI system' means an engineered or\nmachine based system that emulates the capability of a person to receive\naudio, visual, text, or any other form of information and use the information\nreceived to emulate a human cognitive process, including, but not limited to,\nlearning, generalizing, reasoning, planning, predicting, acting, or\ncommunicating; provided, however, that artificial intelligence systems may\nvary in the forms of information they can receive and in the human cognitive\nprocesses they can emulate._\n\n_(2) 'Governmental entity' means any department, agency, board, bureau,\ncommission, authority, county, municipal corporation, school system, or other\npolitical subdivision of this state._\n\n_(b) Each governmental entity shall be required to publish by December 31,\n2026, on a public website, and thereafter maintain, a comprehensive artificial\nintelligence system usage plan, which shall, at a minimum, include the\nfollowing:_\n\n_(1) Specific goals and objectives for AI system deployment, including the\nbenefits the governmental entity aims to achieve;_\n\n_(2) Steps taken by the governmental entity to avoid bias and ensure fairness\nacross diverse user groups;_\n\n_(3) Data privacy measures implemented in the use of AI systems, including\ndata storage and collection protocols;_\n\n_(4) Roles and responsibilities for AI system governance within the\ngovernmental entity;_\n\n_(5) Details of compliance with relevant laws;_\n\n_(6) The role of human oversight in AI system processes;_\n\n_(7) Training programs for employees of such governmental entity on the safe\nand ethical use of AI systems;_\n\n_(8) Protocols for incident response in case of AI system malfunctions,\nbiases, or breaches; and_\n\n_(9) Reporting procedures for AI system related incidents to affected\nauthorities and parties._ \"\n\n**SECTION 4.**\n\nChapter 12 of Title 50 of the Official Code of Georgia Annotated, relating to\ncommissions and other agencies, is amended by adding a new article to read as\nfollows:\n\n\"_ARTICLE 9_\n\n_50-12-150._\n\n_As used in this article, the term:_\n\n_(1) 'Board' means the Georgia Board for Artificial Intelligence._\n\n_(2) 'Governmental entity' means any department, agency, board, bureau,\ncommission, authority, county, municipal corporation, school system, or other\npolitical subdivision of this state._\n\n_50-12-151._\n\n_(a) There is created the Georgia Board for Artificial Intelligence. The board\nshall consist of 12 members to be appointed as follows:_\n\n_(1) Four members appointed by the Governor;_\n\n_(2) Four members appointed by the President of the Senate; and_\n\n_(3) Four members appointed by the Speaker of the House of Representatives._\n\n_(b) The members of the board shall be individuals of recognized ability and\nachievement from either public or private positions. All vacancies shall be\nfilled for the unexpired term by the original appointing official. Except as\notherwise provided in subsection (c) of this Code section, members shall serve\nfor terms of four years and shall be eligible for successive appointments by\nan appointing official. Any member with four consecutive unexcused absences\nfrom regular monthly meetings may be removed from the board by the appointing\nofficial._\n\n_(c) To effect staggered terms of office for members of the board and\neffective with members appointed for terms beginning in 2025, the Governor,\nthe President of the Senate, and the Speaker of the House of Representatives\nshall each appoint two members for two-year terms of office, one member for a\nthree-year term of office, and one member for a one-year term of office.\nThereafter, all members shall be appointed to serve four-year terms of\noffice._\n\n_(d) The board shall be assigned to the Georgia Technology Authority for\nadministrative purposes only, as prescribed in Code Section 50-4-3._\n\n_(e) The Governor shall designate a member to serve as the chairperson of the\nboard for a term ending on June 30 of the year following the appointment._\n\n_50-12-152._\n\n_(a) The board shall advise governmental entities through the publication of\nmodel comprehensive artificial intelligence system usage plans as described in\nsubsection (b) of Code Section 50-1-14._\n\n_(b) The board, no later than January 1, 2026, and annually thereafter, shall\nsubmit to the Governor, the President of the Senate, and the Speaker of the\nHouse of Representatives a report detailing any recommendations along with the\nmodel comprehensive artificial intelligence system usage plans required in\nsubsection (a) of this Code section. Any reports generated by the board shall\nbe made available to the public on an annual basis by the Georgia Technology\nAuthority by posting such reports on the appropriate governmental entity\nwebsites._\n\n_50-12-153._\n\n_(a) Board members shall receive no compensation for their services but shall\nbe allowed actual and necessary expenses in the performance of their duties.\nCitizen members shall receive a daily expense allowance in the amount\nspecified in subsection (b) of Code Section 45-7-21 as well as the mileage or\ntransportation allowance authorized for state employees. Members appointed to\nserve on the board who are state officials or state employees shall receive no\ncompensation for their services on the board but shall be reimbursed for\nexpenses incurred in the performance of their duties as members of the board\nin the same manner as reimbursements are made in their capacity as state\nofficials or state employees. The funds necessary for the reimbursement of the\nexpenses of state officials and state employees shall come from funds\nappropriated to or otherwise available to their respective departments._\n\n_(b) Any funds, other than those required for the reimbursement of the\nexpenses of state officials and state employees, necessary to carry out this\narticle shall come from funds appropriated or otherwise made available to the\nGeorgia Technology Authority for the purposes expressed in this article._ \"\n\n**SECTION 5.**\n\nAll laws and parts of laws in conflict with this Act are repealed.\n\nCopyright (C) 2025 State Net  \n  \n---\n\n",
      "latest_version": true
    }
  ]
}