{
  "bill_id": "GA2025000H171",
  "source_url": "http://custom.statenet.com/public/resources.cgi?id=ID:bill:GA2025000H171&cuiq=93d84396-c63b-526a-b152-38b7f79b4cfd&client_md=e4f6fea4-27b4-5d41-b7d3-766fe52569f0",
  "versions": [
    {
      "date": "01/29/2025",
      "label": "Introduced",
      "url": "https://custom.statenet.com/public/resources.cgi?mode=show_text&id=ID:bill:GA2025000H171&verid=GA2025000H171_20250129_0_I&",
      "raw_html": "<html>\n<head>\n<title>Bill Resource</title>\n\n<!--   <link href=\"https://custom.statenet.com/network/Common/css/extregtext.css\" rel=\"stylesheet\" type=\"text/css\" />-->\n   <link href=\"https://custom.statenet.com/network/Common/css/xmltext-2.0.css\" rel=\"stylesheet\" type=\"text/css\" />\n   <link href=\"https://custom.statenet.com/network/Common/css/additional-text.css\" rel=\"stylesheet\" type=\"text/css\" />\n\n\t<style type=\"text/css\">\n<!--\n\ntd, body {\n     background-color: white;\n\tfont-family: Verdana, Arial, Helvetica, sans-serif;\n\tfont-size: 12px;\n}\n\n.resourceContainer {\n   border: 1px solid black;\n}\n-->\n</style>\n</head>\n<body>\n\n    <div style=\"width: 750px; margin: auto\">\n       <div style=\"font-size: .8em;margin-bottom: 10px\"><table width=\"100%\"><tr><td align=\"left\" style=\"font-size: .8em;\"><div>The following has special meaning:</div>\n<div><u class=\"amendmentInsertedText\">green underline denotes added text</u></div>\n<div><strike class=\"amendmentDeletedText\">red struck out text denotes deleted text</strike></div></td> <td align=\"right\"><a href=\"https://www.lexisnexis.com/statenet/\"><img alt=\"Powered by State Net\" src=\"https://custom.statenet.com/network/poweredby.gif\" /></a></td></tr></table></div><table id=\"text-identifier\"><tr><td class=\"key\">2025 GA H 171</td> <td><table><tr><td class=\"label\">Author:</td> <td>Thomas B</td></tr> <tr><td class=\"label\">Version:</td> <td>Introduced</td></tr> <tr><td class=\"label\">Version Date:</td> <td>01/29/2025</td></tr></table></td></tr></table><div class=\"documentBody\">\n  <a name=\"head_document_section\"></a><div class=\"head\">\n   <p class=\"indent\">House Bill 171</p>\n   <p class=\"indent\">By: Representatives Thomas of the 21st, Jones of the 25th, Donatucci of the 105th, Hagan of the 156th, Carson of the 46th, and others</p>\n  </div>\n  <a name=\"code_document_section\"></a><div class=\"code\">\n   <p class=\"center\">A BILL TO BE ENTITLED</p>\n   <p class=\"center\">AN ACT</p>\n   <p class=\"indent\">To amend Part 1 of Article 3 of Chapter 12 of Title 16 of the Official Code of Georgia Annotated, relating to general provisions relative to obscenity and related offenses, so as to repeal and replace Code Section 16-12-80, relating to obscene material, distribution, and penalty; to prohibit distribution of computer generated obscene material depicting a child; to provide for a standard for obscenity; to provide for a penalty and probation; to amend Article 1 of Chapter 10 of Title 17 of the Official Code of Georgia Annotated, relating to procedure for sentencing and imposition of punishment, so as to provide for sentencing of defendants who utilize artificial intelligence in the commission of certain crimes; to provide for notices for enhanced sentencing, and enhanced sentencing; to provide for definitions; to provide for related matters; to repeal conflicting laws; and for other purposes.</p>\n  </div>\n  <a name=\"text_document_section\"></a><div class=\"text\">\n   <span>\n    <p class=\"indent\">BE IT ENACTED BY THE GENERAL ASSEMBLY OF GEORGIA:</p>\n   </span>\n   <p class=\"center\">\n    <b>SECTION 1.</b>\n   </p>\n   <p class=\"indent\">Part 1 of Article 3 of Chapter 12 of Title 16 of the Official Code of Georgia Annotated, relating to general provisions relative to obscenity and related offenses, is amended by repealing Code Section 16-12-80, relating to distributing obscene material, obscene material defined, and penalty, and enacting a new Code Section 16-12-80 to read as follows:</p>\n   <p class=\"indent\">\n    <u class=\"amendmentInsertedText\">&quot;16-12-80.</u>\n   </p>\n   <p class=\"indent\">\n    <u class=\"amendmentInsertedText\">(a) As used in this Code section, the term:</u>\n   </p>\n   <p class=\"indent\">\n    <u class=\"amendmentInsertedText\">(1) &#39;Artificial intelligence system&#39; shall have the same meaning as set forth in Code Section 17-10-22.</u>\n   </p>\n   <p class=\"indent\">\n    <u class=\"amendmentInsertedText\">(2) &#39;Child&#39; means any individual under the age of 16 years.</u>\n   </p>\n   <p class=\"indent\">\n    <u class=\"amendmentInsertedText\">(3) &#39;Sexually explicit conduct&#39; shall have the same meaning as set forth in Code Section 16-12-100.</u>\n   </p>\n   <p class=\"indent\">\n    <u class=\"amendmentInsertedText\">(b) Any person commits the crime of distribution of computer generated obscene material depicting a child when they knowingly distribute, solicit, or possess with intent to distribute a visual depiction of any kind, including an electronic image, electronic video, drawing, sculpture, or painting, that:</u>\n   </p>\n   <p class=\"indent\">\n    <u class=\"amendmentInsertedText\">(1) Depicts an image that appears to be of a child, and that would appear realistic to an average observer, engaging in sexually explicit conduct, whether between persons of the same or opposite sex;</u>\n   </p>\n   <p class=\"indent\">\n    <u class=\"amendmentInsertedText\">(2) Is obscene as set forth in subsection (e) of this Code section; and</u>\n   </p>\n   <p class=\"indent\">\n    <u class=\"amendmentInsertedText\">(3) Was created through the use of an artificial intelligence system.</u>\n   </p>\n   <p class=\"indent\">\n    <u class=\"amendmentInsertedText\">(c) A person who commits the crime proscribed in subsection (b) of this Code section shall be guilty of a felony and punished by imprisonment for not less than one year nor more than 15 years.</u>\n   </p>\n   <p class=\"indent\">\n    <u class=\"amendmentInsertedText\">(d) It is not a required element of an offense under this Code section that the child depicted actually exists.</u>\n   </p>\n   <p class=\"indent\">\n    <u class=\"amendmentInsertedText\">(e) Material identified in subsection (b) of this Code section is obscene if:</u>\n   </p>\n   <p class=\"indent\">\n    <u class=\"amendmentInsertedText\">(1) To an average person, applying contemporary community standards, taken asa whole, it predominantly appeals to the prurient interest, that is, a shameful or morbid interest in nudity, sex, or excretion;</u>\n   </p>\n   <p class=\"indent\">\n    <u class=\"amendmentInsertedText\">(2) The material taken as a whole lacks serious literary, artistic, political, or scientific value; and</u>\n   </p>\n   <p class=\"indent\">\n    <u class=\"amendmentInsertedText\">(3) The material depicts or describes, in a patently offensive way, sexually explicit conduct.</u>\n   </p>\n   <p class=\"indent\">\n    <u class=\"amendmentInsertedText\">(f) If the court orders a sentence to be probated in whole or in part, as a condition the court may impose any or all of the requirements set forth in subsection (b) of Code Section 42-8-35.</u>&quot;</p>\n   <p class=\"center\">\n    <b>SECTION 2.</b>\n   </p>\n   <p class=\"indent\">Article 1 of Chapter 10 of Title 17 of the Official Code of Georgia Annotated, relating to procedure for sentencing and imposition of punishment, is amended by adding a new Code section to read as follows:</p>\n   <p class=\"indent\">\n    <u class=\"amendmentInsertedText\">&quot;17-10-22</u>.</p>\n   <p class=\"indent\">\n    <u class=\"amendmentInsertedText\">(a) As used in this Code section, the term:</u>\n   </p>\n   <p class=\"indent\">\n    <u class=\"amendmentInsertedText\">(1) &#39;Artificial intelligence system&#39; means an engineered or machine based system that emulates the capability of a person to receive audio, visual, text, or any other formof information and use such information to emulate a human cognitive process, including, but not limited to, learning, generalizing, reasoning, planning, predicting, acting, or communicating; provided, however, that artificial intelligence systems may vary in the forms of information they can receive and in the human cognitive processes they can emulate</u>.</p>\n   <p class=\"indent\">\n    <u class=\"amendmentInsertedText\">(2) &#39;Designated offense&#39; means:</u>\n   </p>\n   <p class=\"indent\">\n    <u class=\"amendmentInsertedText\">(A) Stalking in violation of Code Section 16-5-90;</u>\n   </p>\n   <p class=\"indent\">\n    <u class=\"amendmentInsertedText\">(B) Aggravated stalking in violation of Code Section 16-5-91;</u>\n   </p>\n   <p class=\"indent\">\n    <u class=\"amendmentInsertedText\">(C) Exploitation of a disabled adult, elder person, or resident in violation of Code Section 16-5-102;</u>\n   </p>\n   <p class=\"indent\">\n    <u class=\"amendmentInsertedText\">(D) Enticing a child for indecent purposes in violation of Code Section 16-6-5;</u>\n   </p>\n   <p class=\"indent\">\n    <u class=\"amendmentInsertedText\">(E) Publication or other dissemination of the name or identity of female rapedor assaulted with intent to commit rape in violation of Code Section 16-6-23;</u>\n   </p>\n   <p class=\"indent\">\n    <u class=\"amendmentInsertedText\">(F) Any misdemeanor or felony offense provided for in Article 1 of Chapter 8 of Title 16;</u>\n   </p>\n   <p class=\"indent\">\n    <u class=\"amendmentInsertedText\">(G) Any misdemeanor or felony offense provided for in Article 3 of Chapter 8 of Title 16;</u>\n   </p>\n   <p class=\"indent\">\n    <u class=\"amendmentInsertedText\">(H) Any misdemeanor or felony offense provided for in Article 5 of Chapter 8 of Title 16;</u>\n   </p>\n   <p class=\"indent\">\n    <u class=\"amendmentInsertedText\">(I) Any misdemeanor or felony offense provided for in Chapter 9 of Title 16;</u>\n   </p>\n   <p class=\"indent\">\n    <u class=\"amendmentInsertedText\">(J) Any misdemeanor or felony offense provided for in Chapter 10 of Title 16;</u>\n   </p>\n   <p class=\"indent\">\n    <u class=\"amendmentInsertedText\">(K) Any misdemeanor or felony offense provided for in Chapter 11 of Title 16;</u>\n   </p>\n   <p class=\"indent\">\n    <u class=\"amendmentInsertedText\">(L) Any misdemeanor or felony offense provided for in Chapter 12 of Title 16; and</u>\n   </p>\n   <p class=\"indent\">\n    <u class=\"amendmentInsertedText\">(M) Fraudulent election interference in violation of Code Section 21-2-604.</u>\n   </p>\n   <p class=\"indent\">\n    <u class=\"amendmentInsertedText\">(3) &#39;Use an artificial intelligence system&#39; means to be the proximate cause of an artificial intelligence system receiving an input or providing an output.</u>\n   </p>\n   <p class=\"indent\">\n    <u class=\"amendmentInsertedText\">(b) In a case where notice has been given pursuant to subsection (c) of this Code section, the trier of fact shall initially determine the defendant&#39;s guilt on the designated offense or designated offenses charged. If the trier of fact finds the defendant guilty of such designated offense or designated offenses, the trial shall immediately be recommenced to receive evidence as is relevant to determine whether the defendant knowingly and intentionally used an artificial intelligence system in the commission of a designated offense as set forth in the notice given pursuant to subsection (c) of this Code section.</u>\n   </p>\n   <p class=\"indent\">\n    <u class=\"amendmentInsertedText\">(c) At any time after the filing of an indictment or accusation, but not later than the arraignment, the state shall notify the defendant of its intention to seek the enhanced penalty or penalties authorized by subsection (d) of this Code section. Such notice shall be in writing and shall allege the specific factor or factors authorizing an enhanced sentence in the case pursuant to this Code section.</u>\n   </p>\n   <p class=\"indent\">\n    <u class=\"amendmentInsertedText\">(d) If the trier of fact determines beyond a reasonable doubt that the defendant knowingly and intentionally used an artificial intelligence system in the commission of a designated offense as set forth in the notice given pursuant to subsection (c) of this Code section, the judge shall enhance the sentence imposed in accordance with subsections (e) and (f) of this Code section.</u>\n   </p>\n   <p class=\"indent\">\n    <u class=\"amendmentInsertedText\">(e) Subject to the notice requirement provided for in subsection (c) of this Code section and in enhancement of the penalty imposed, if the trier of fact determines beyonda reasonable doubt that the defendant knowingly and intentionally utilized artificial intelligence in the commission of a designated offense, the judge imposing sentence shall:</u>\n   </p>\n   <p class=\"indent\">\n    <u class=\"amendmentInsertedText\">(1) If the designated offense for which the defendant was convicted is a misdemeanor, impose a sentence of confinement for a period of not less than six nor more than 12 months and a fine not to exceed $5,000.00; or</u>\n   </p>\n   <p class=\"indent\">\n    <u class=\"amendmentInsertedText\">(2) If the designated offense for which the defendant was convicted is a felony, impose a sentence of imprisonment for a period of not less than two years and a fine not less than $5,000.00.</u>\n   </p>\n   <p class=\"indent\">\n    <u class=\"amendmentInsertedText\">(f) The judge shall state when he or she imposes the sentence the amount of the enhancement of the sentence based on the application of subsection (e) of this Code section.</u>&quot;</p>\n   <p class=\"center\">\n    <b>SECTION 3.</b>\n   </p>\n   <p class=\"indent\">All laws and parts of laws in conflict with this Act are repealed.</p>\n  </div>\n </div>\n    </div>\t\n<table cellpadding=0 cellspacing=0 width=\"100%\">\n   <tr>\n      <td>\n          Copyright &copy; 2025 State Net\n      </td>\n<BR>\n<!--???MOVED INTO resources.cgi      <td align=\"right\">\n          <img src=\"https://custom.statenet.com/network/poweredby.gif\" alt=\"Powered by State Net\">\n      </td>-->\n\n    </tr>\n</table>\n</body></html>\n",
      "markdown": "The following has special meaning: _green underline denotes added text_ ~~red struck out text denotes deleted text~~ | [![Powered by State Net](https://custom.statenet.com/network/poweredby.gif)](https://www.lexisnexis.com/statenet/)  \n---|---  \n  \n2025 GA H 171 | | Author: | Thomas B  \n---|---  \nVersion: | Introduced  \nVersion Date: | 01/29/2025  \n  \nHouse Bill 171\n\nBy: Representatives Thomas of the 21st, Jones of the 25th, Donatucci of the\n105th, Hagan of the 156th, Carson of the 46th, and others\n\nA BILL TO BE ENTITLED\n\nAN ACT\n\nTo amend Part 1 of Article 3 of Chapter 12 of Title 16 of the Official Code of\nGeorgia Annotated, relating to general provisions relative to obscenity and\nrelated offenses, so as to repeal and replace Code Section 16-12-80, relating\nto obscene material, distribution, and penalty; to prohibit distribution of\ncomputer generated obscene material depicting a child; to provide for a\nstandard for obscenity; to provide for a penalty and probation; to amend\nArticle 1 of Chapter 10 of Title 17 of the Official Code of Georgia Annotated,\nrelating to procedure for sentencing and imposition of punishment, so as to\nprovide for sentencing of defendants who utilize artificial intelligence in\nthe commission of certain crimes; to provide for notices for enhanced\nsentencing, and enhanced sentencing; to provide for definitions; to provide\nfor related matters; to repeal conflicting laws; and for other purposes.\n\nBE IT ENACTED BY THE GENERAL ASSEMBLY OF GEORGIA:\n\n**SECTION 1.**\n\nPart 1 of Article 3 of Chapter 12 of Title 16 of the Official Code of Georgia\nAnnotated, relating to general provisions relative to obscenity and related\noffenses, is amended by repealing Code Section 16-12-80, relating to\ndistributing obscene material, obscene material defined, and penalty, and\nenacting a new Code Section 16-12-80 to read as follows:\n\n_\" 16-12-80._\n\n_(a) As used in this Code section, the term:_\n\n_(1) 'Artificial intelligence system' shall have the same meaning as set forth\nin Code Section 17-10-22._\n\n_(2) 'Child' means any individual under the age of 16 years._\n\n_(3) 'Sexually explicit conduct' shall have the same meaning as set forth in\nCode Section 16-12-100._\n\n_(b) Any person commits the crime of distribution of computer generated\nobscene material depicting a child when they knowingly distribute, solicit, or\npossess with intent to distribute a visual depiction of any kind, including an\nelectronic image, electronic video, drawing, sculpture, or painting, that:_\n\n_(1) Depicts an image that appears to be of a child, and that would appear\nrealistic to an average observer, engaging in sexually explicit conduct,\nwhether between persons of the same or opposite sex;_\n\n_(2) Is obscene as set forth in subsection (e) of this Code section; and_\n\n_(3) Was created through the use of an artificial intelligence system._\n\n_(c) A person who commits the crime proscribed in subsection (b) of this Code\nsection shall be guilty of a felony and punished by imprisonment for not less\nthan one year nor more than 15 years._\n\n_(d) It is not a required element of an offense under this Code section that\nthe child depicted actually exists._\n\n_(e) Material identified in subsection (b) of this Code section is obscene\nif:_\n\n_(1) To an average person, applying contemporary community standards, taken\nasa whole, it predominantly appeals to the prurient interest, that is, a\nshameful or morbid interest in nudity, sex, or excretion;_\n\n_(2) The material taken as a whole lacks serious literary, artistic,\npolitical, or scientific value; and_\n\n_(3) The material depicts or describes, in a patently offensive way, sexually\nexplicit conduct._\n\n_(f) If the court orders a sentence to be probated in whole or in part, as a\ncondition the court may impose any or all of the requirements set forth in\nsubsection (b) of Code Section 42-8-35._ \"\n\n**SECTION 2.**\n\nArticle 1 of Chapter 10 of Title 17 of the Official Code of Georgia Annotated,\nrelating to procedure for sentencing and imposition of punishment, is amended\nby adding a new Code section to read as follows:\n\n_\" 17-10-22_.\n\n_(a) As used in this Code section, the term:_\n\n_(1) 'Artificial intelligence system' means an engineered or machine based\nsystem that emulates the capability of a person to receive audio, visual,\ntext, or any other formof information and use such information to emulate a\nhuman cognitive process, including, but not limited to, learning,\ngeneralizing, reasoning, planning, predicting, acting, or communicating;\nprovided, however, that artificial intelligence systems may vary in the forms\nof information they can receive and in the human cognitive processes they can\nemulate_.\n\n_(2) 'Designated offense' means:_\n\n_(A) Stalking in violation of Code Section 16-5-90;_\n\n_(B) Aggravated stalking in violation of Code Section 16-5-91;_\n\n_(C) Exploitation of a disabled adult, elder person, or resident in violation\nof Code Section 16-5-102;_\n\n_(D) Enticing a child for indecent purposes in violation of Code Section\n16-6-5;_\n\n_(E) Publication or other dissemination of the name or identity of female\nrapedor assaulted with intent to commit rape in violation of Code Section\n16-6-23;_\n\n_(F) Any misdemeanor or felony offense provided for in Article 1 of Chapter 8\nof Title 16;_\n\n_(G) Any misdemeanor or felony offense provided for in Article 3 of Chapter 8\nof Title 16;_\n\n_(H) Any misdemeanor or felony offense provided for in Article 5 of Chapter 8\nof Title 16;_\n\n_(I) Any misdemeanor or felony offense provided for in Chapter 9 of Title 16;_\n\n_(J) Any misdemeanor or felony offense provided for in Chapter 10 of Title\n16;_\n\n_(K) Any misdemeanor or felony offense provided for in Chapter 11 of Title\n16;_\n\n_(L) Any misdemeanor or felony offense provided for in Chapter 12 of Title 16;\nand_\n\n_(M) Fraudulent election interference in violation of Code Section 21-2-604._\n\n_(3) 'Use an artificial intelligence system' means to be the proximate cause\nof an artificial intelligence system receiving an input or providing an\noutput._\n\n_(b) In a case where notice has been given pursuant to subsection (c) of this\nCode section, the trier of fact shall initially determine the defendant 's\nguilt on the designated offense or designated offenses charged. If the trier\nof fact finds the defendant guilty of such designated offense or designated\noffenses, the trial shall immediately be recommenced to receive evidence as is\nrelevant to determine whether the defendant knowingly and intentionally used\nan artificial intelligence system in the commission of a designated offense as\nset forth in the notice given pursuant to subsection (c) of this Code\nsection._\n\n_(c) At any time after the filing of an indictment or accusation, but not\nlater than the arraignment, the state shall notify the defendant of its\nintention to seek the enhanced penalty or penalties authorized by subsection\n(d) of this Code section. Such notice shall be in writing and shall allege the\nspecific factor or factors authorizing an enhanced sentence in the case\npursuant to this Code section._\n\n_(d) If the trier of fact determines beyond a reasonable doubt that the\ndefendant knowingly and intentionally used an artificial intelligence system\nin the commission of a designated offense as set forth in the notice given\npursuant to subsection (c) of this Code section, the judge shall enhance the\nsentence imposed in accordance with subsections (e) and (f) of this Code\nsection._\n\n_(e) Subject to the notice requirement provided for in subsection (c) of this\nCode section and in enhancement of the penalty imposed, if the trier of fact\ndetermines beyonda reasonable doubt that the defendant knowingly and\nintentionally utilized artificial intelligence in the commission of a\ndesignated offense, the judge imposing sentence shall:_\n\n_(1) If the designated offense for which the defendant was convicted is a\nmisdemeanor, impose a sentence of confinement for a period of not less than\nsix nor more than 12 months and a fine not to exceed $5,000.00; or_\n\n_(2) If the designated offense for which the defendant was convicted is a\nfelony, impose a sentence of imprisonment for a period of not less than two\nyears and a fine not less than $5,000.00._\n\n_(f) The judge shall state when he or she imposes the sentence the amount of\nthe enhancement of the sentence based on the application of subsection (e) of\nthis Code section._ \"\n\n**SECTION 3.**\n\nAll laws and parts of laws in conflict with this Act are repealed.\n\nCopyright (C) 2025 State Net  \n  \n---\n\n",
      "latest_version": false
    },
    {
      "date": "02/20/2025",
      "label": "Substituted",
      "url": "https://custom.statenet.com/public/resources.cgi?mode=show_text&id=ID:bill:GA2025000H171&verid=GA2025000H171_20250220_0_S&",
      "raw_html": "<html>\n<head>\n<title>Bill Resource</title>\n\n<!--   <link href=\"https://custom.statenet.com/network/Common/css/extregtext.css\" rel=\"stylesheet\" type=\"text/css\" />-->\n   <link href=\"https://custom.statenet.com/network/Common/css/xmltext-2.0.css\" rel=\"stylesheet\" type=\"text/css\" />\n   <link href=\"https://custom.statenet.com/network/Common/css/additional-text.css\" rel=\"stylesheet\" type=\"text/css\" />\n\n\t<style type=\"text/css\">\n<!--\n\ntd, body {\n     background-color: white;\n\tfont-family: Verdana, Arial, Helvetica, sans-serif;\n\tfont-size: 12px;\n}\n\n.resourceContainer {\n   border: 1px solid black;\n}\n-->\n</style>\n</head>\n<body>\n\n    <div style=\"width: 750px; margin: auto\">\n       <div style=\"font-size: .8em;margin-bottom: 10px\"><table width=\"100%\"><tr><td align=\"left\" style=\"font-size: .8em;\"><div>The following has special meaning:</div>\n<div><u class=\"amendmentInsertedText\">green underline denotes added text</u></div>\n<div><strike class=\"amendmentDeletedText\">red struck out text denotes deleted text</strike></div></td> <td align=\"right\"><a href=\"https://www.lexisnexis.com/statenet/\"><img alt=\"Powered by State Net\" src=\"https://custom.statenet.com/network/poweredby.gif\" /></a></td></tr></table></div><table id=\"text-identifier\"><tr><td class=\"key\">2025 GA H 171</td> <td><table><tr><td class=\"label\">Author:</td> <td>Thomas B</td></tr> <tr><td class=\"label\">Version:</td> <td>Substituted</td></tr> <tr><td class=\"label\">Version Date:</td> <td>02/20/2025</td></tr></table></td></tr></table><div class=\"documentBody\">\n  <a name=\"head_document_section\"></a><div class=\"head\">\n   <p class=\"indent\">The House Committee on Judiciary, Non-Civil offers the following substitute to HB 171:</p>\n  </div>\n  <a name=\"code_document_section\"></a><div class=\"code\">\n   <p class=\"center\">A BILL TO BE ENTITLED</p>\n   <p class=\"center\">AN ACT</p>\n   <p class=\"indent\">To amend Part 1 of Article 3 of Chapter 12 of Title 16 of the Official Code of Georgia Annotated, relating to general provisions relative to obscenity and related offenses, so as to prohibit distribution of computer generated obscene material depicting a child; to provide for a standard for obscenity; to provide for a penalty and probation; to amend Article 1 of Chapter 10 of Title 17 of the Official Code of Georgia Annotated, relating to procedure for sentencing and imposition of punishment, so as to provide for sentencing of defendants who utilize artificial intelligence in the commission of certain offenses; to provide for notice and enhanced sentencing; to amend Titles 20 and 32 of the Official Code of Georgia Annotated, relating to education and highways, bridges, and ferries, respectively, so as to replace cross-references to Code Section 16-12-80 with Code Section 16-12-80.1; to provide for definitions; to provide for a short title; to provide for related matters; to provide for an effective date and applicability; to repeal conflicting laws; and for other purposes.</p>\n  </div>\n  <a name=\"text_document_section\"></a><div class=\"text\">\n   <span>\n    <p class=\"indent\">BE IT ENACTED BY THE GENERAL ASSEMBLY OF GEORGIA:</p>\n   </span>\n   <p class=\"center\">\n    <b>SECTION 1.</b>\n   </p>\n   <p class=\"indent\">This Act shall be known and may be cited as the&quot;Ensuring Accountability for Illegal AI</p>\n   <p class=\"indent\">Activities Act.&quot;</p>\n   <p class=\"center\">\n    <b>SECTION 2.</b>\n   </p>\n   <p class=\"indent\">Part 1 of Article 3 of Chapter 12 of Title 16 of the Official Code of Georgia Annotated, relating to general provisions relative to obscenity and related offenses, is amended by adding a new Code section to read as follows:</p>\n   <p class=\"indent\">&quot;<u class=\"amendmentInsertedText\">16-12-80.1.</u>\n   </p>\n   <p class=\"indent\">\n    <u class=\"amendmentInsertedText\">(a) As used in this Code section, the term:</u>\n   </p>\n   <p class=\"indent\">\n    <u class=\"amendmentInsertedText\">(1) &#39;Artificial intelligence system&#39; shall have the same meaning as set forth in Code Section 17-10-22.</u>\n   </p>\n   <p class=\"indent\">\n    <u class=\"amendmentInsertedText\">(2) &#39;Child&#39; means any individual under the age of 16 years.</u>\n   </p>\n   <p class=\"indent\">\n    <u class=\"amendmentInsertedText\">(3) &#39;Obscene&#39; means material which meets the following requirements:</u>\n   </p>\n   <p class=\"indent\">\n    <u class=\"amendmentInsertedText\">(A) To an average person, applying contemporary community standards, taken asa whole, it predominantly appeals to the prurient interest, that is, a shameful or morbid interest in nudity, sex, or excretion;</u>\n   </p>\n   <p class=\"indent\">\n    <u class=\"amendmentInsertedText\">(B) The material taken as a whole lacks serious literary, artistic, political, or scientific value; and</u>\n   </p>\n   <p class=\"indent\">\n    <u class=\"amendmentInsertedText\">(C) The material depicts or describes, in a patently offensive way, sexually explicit conduct.</u>\n   </p>\n   <p class=\"indent\">\n    <u class=\"amendmentInsertedText\">(4) &#39;Sexually explicit conduct&#39; shall have the same meaning as set forth in Code Section 16-12-100.</u>\n   </p>\n   <p class=\"indent\">\n    <u class=\"amendmentInsertedText\">(b) A person commits the offense of distribution of computer generated obscene material depicting a child when such person knowingly distributes, solicits, or possesses with intent to distribute a visual depiction of any kind, including an electronic image, electronic video, drawing, sculpture, or painting, that:</u>\n   </p>\n   <p class=\"indent\">\n    <u class=\"amendmentInsertedText\">(1) Depicts an image that appears to be of a child, and that would appear realistic to an average observer, engaging in sexually explicit conduct, whether alone or between persons of the same or opposite sex;</u>\n   </p>\n   <p class=\"indent\">\n    <u class=\"amendmentInsertedText\">(2) Is obscene; and</u>\n   </p>\n   <p class=\"indent\">\n    <u class=\"amendmentInsertedText\">(3) Was created through the use of an artificial intelligence system.</u>\n   </p>\n   <p class=\"indent\">\n    <u class=\"amendmentInsertedText\">(c) A person who commits the offense of distribution of computer generated obscene material depicting a child shall be guilty of a felony and, upon conviction thereof, shall be punished by imprisonment for not less than one year nor more than 15 years.</u>\n   </p>\n   <p class=\"indent\">\n    <u class=\"amendmentInsertedText\">(d) It shall not be a required element of an offense under this Code section that the image of a child in such depiction is of a currently or previously living individual.</u>\n   </p>\n   <p class=\"indent\">\n    <u class=\"amendmentInsertedText\">(e) If the sentence imposed under this Code section is probated, in whole or in part, by the sentencing court, as a condition of such probation, the sentencing court shall have the discretion to impose any or all of the requirements set forth in subsection (b) of Code Section 42-8-35.</u>\n   </p>\n   <p class=\"indent\">\n    <u class=\"amendmentInsertedText\">(f) For purposes of this Code section, a person who, in the course of processing or producing visual or printed matter either privately or commercially, has reasonable cause to believe that the visual or printed matter submitted for processing or producing depicts what appears to be a minor engaged in sexually explicit conduct shall immediately report such incident, or cause a report to be made, to the National Center for Missing and Exploited Children, in addition to the Georgia Bureau of Investigation or the law enforcement agency for the county in which such matter is submitted. Any person participating in the making of a report or causing a report to be made pursuant to this subsection or participating in any judicial proceeding or any other proceeding resulting therefrom shall in so doing be immune from any civil or criminal liability that might otherwise be incurred or imposed, provided such participation pursuant to this subsection is made in good faith.</u>\n   </p>\n   <p class=\"indent\">\n    <u class=\"amendmentInsertedText\">(g) The provisions of subsection (b) of this Code section shall not apply to the activities of law enforcement and prosecution agencies in the investigation and prosecution of criminal offenses.</u>&quot;</p>\n   <p class=\"center\">\n    <b>SECTION 3.</b>\n   </p>\n   <p class=\"indent\">Article 1 of Chapter 10 of Title 17 of the Official Code of Georgia Annotated, relating to procedure for sentencing and imposition of punishment, is amended by adding a new Code section to read as follows:</p>\n   <p class=\"indent\">&quot;<u class=\"amendmentInsertedText\">17-10-22.</u>\n   </p>\n   <p class=\"indent\">\n    <u class=\"amendmentInsertedText\">(a) As used in this Code section, the term:</u>\n   </p>\n   <p class=\"indent\">\n    <u class=\"amendmentInsertedText\">(1) &#39;Artificial intelligence system&#39; means an engineered or machine based system that emulates the capability of a person to receive audio, visual, text, or any other formof information and use such information to emulate a human cognitive process, including, but not limited to, learning, generalizing, reasoning, planning, predicting, acting, or communicating; provided, however, that artificial intelligence systems may vary in the forms of information they can receive and in the human cognitive processes they can emulate.</u>\n   </p>\n   <p class=\"indent\">\n    <u class=\"amendmentInsertedText\">(2) &#39;Designated offense&#39; means:</u>\n   </p>\n   <p class=\"indent\">\n    <u class=\"amendmentInsertedText\">(A) Stalking in violation of Code Section 16-5-90;</u>\n   </p>\n   <p class=\"indent\">\n    <u class=\"amendmentInsertedText\">(B) Aggravated stalking in violation of Code Section 16-5-91;</u>\n   </p>\n   <p class=\"indent\">\n    <u class=\"amendmentInsertedText\">(C) Exploitation of a disabled adult, elder person, or resident in violation of Code Section 16-5-102;</u>\n   </p>\n   <p class=\"indent\">\n    <u class=\"amendmentInsertedText\">(D) Enticing a child for indecent purposes in violation of Code Section 16-6-5;</u>\n   </p>\n   <p class=\"indent\">\n    <u class=\"amendmentInsertedText\">(E) Any misdemeanor or felony offense provided for in Article 1 of Chapter 8</u> of <u class=\"amendmentInsertedText\">Title 16;</u>\n   </p>\n   <p class=\"indent\">\n    <u class=\"amendmentInsertedText\">(F) Any misdemeanor or felony offense provided for in Article 3 of Chapter 8</u> of <u class=\"amendmentInsertedText\">Title 16;</u>\n   </p>\n   <p class=\"indent\">\n    <u class=\"amendmentInsertedText\">(G) Any misdemeanor or felony offense provided for in Article 5 of Chapter 8</u> of <u class=\"amendmentInsertedText\">Title 16;</u>\n   </p>\n   <p class=\"indent\">\n    <u class=\"amendmentInsertedText\">(H) Any misdemeanor or felony offense provided for in Chapter 9 of Title 16;</u>\n   </p>\n   <p class=\"indent\">\n    <u class=\"amendmentInsertedText\">(I) Any misdemeanor or felony offense provided for in Chapter 10 of Title 16;</u>\n   </p>\n   <p class=\"indent\">\n    <u class=\"amendmentInsertedText\">(J) Any misdemeanor or felony offense provided for in Chapter 11 of Title 16;</u>\n   </p>\n   <p class=\"indent\">\n    <u class=\"amendmentInsertedText\">(K) Any misdemeanor or felony offense provided for in Chapter 12 of Title 16; and</u>\n   </p>\n   <p class=\"indent\">\n    <u class=\"amendmentInsertedText\">(L) Fraudulent election interference in violation of Code Section 21-2-604.</u>\n   </p>\n   <p class=\"indent\">\n    <u class=\"amendmentInsertedText\">(3) &#39;Utilized an artificial intelligence system&#39; means to be the proximate cause of an artificial intelligence system receiving an input or providing an output.</u>\n   </p>\n   <p class=\"indent\">\n    <u class=\"amendmentInsertedText\">(b) Subject to the notice requirement provided in subsection (c) of this Code section and in enhancement of the penalty imposed, if the trier of fact determines beyond a reasonable doubt that the defendant knowingly and intentionally utilized an artificial intelligence system in the commission of a designated offense, the judge imposing sentence shall:</u>\n   </p>\n   <p class=\"indent\">\n    <u class=\"amendmentInsertedText\">(1) If the designated offense for which the defendant was convicted is a misdemeanor, impose a sentence of confinement for a period of not less than six nor more than 12 months and a fine not to exceed $5,000.00; or</u>\n   </p>\n   <p class=\"indent\">\n    <u class=\"amendmentInsertedText\">(2) If the designated offense for which the defendant was convicted is a felony, impose a sentence of imprisonment for a period of not less than two years and a fine not less than $5,000.00; provided, however, that, if such designated offense is subject to a minimum sentence of imprisonment for two years or more, the judge shall impose a sentenceof imprisonment for not less than such minimum sentence plus one year and a fine of not less than $5,000.00.</u>\n   </p>\n   <p class=\"indent\">\n    <u class=\"amendmentInsertedText\">(c) At any time after the filing of an indictment or accusation, but not later than the arraignment, the state shall notify the defendant of its intention to seek the enhanced penalty or penalties authorized by subsection (b) of this Code section. Such notice shall be in writing and shall allege the specific factor or factors authorizing an enhanced sentence in the case pursuant to this Code section.</u>\n   </p>\n   <p class=\"indent\">\n    <u class=\"amendmentInsertedText\">(d) The judge shall state when he or she imposes the sentence the amount of the enhancement of the sentence based on the application of subsection (b) of this Code section.</u>&quot;</p>\n   <p class=\"center\">\n    <b>SECTION 4.</b>\n   </p>\n   <p class=\"indent\">Titles 20 and 32 of the Official Code of Georgia Annotated, relating to education and highways, bridges, and ferries, respectively, are amended by replacing&quot;16-12-80&quot; with&quot;16-12-80.1&quot; wherever the former term appears in:</p>\n   <p class=\"indent\">(1) Code Section 20-2-324, relating to internet acceptable-use policies required in all public schools, minimum policy requirements, policy enforcement, technology protection measures required, policy compliance review, approval, and enforcement by State Board of Education, and waivers prohibited;</p>\n   <p class=\"indent\">(2) Code Section 20-5-5, relating to internet safety policies in public libraries;</p>\n   <p class=\"indent\">(3) Code Section 32-6-75, relating to restrictions on outdoor advertising authorized by Code Sections 32-6-72 and 32-6-73 and multiple message signs on interstate system, primary highways, and other highways; and</p>\n   <p class=\"indent\">(4) Code Section 32-6-75.3, relating to permits for trimming or removal of trees or vegetation in state right of way which obstruct view of outdoor advertising and removal of signs with lapsed permits.</p>\n   <p class=\"center\">\n    <b>SECTION 5.</b>\n   </p>\n   <p class=\"indent\">This Act shall become effective on July 1, 2025, and shall apply to all offenses committed on or after such date.</p>\n   <p class=\"center\">\n    <b>SECTION 6.</b>\n   </p>\n   <p class=\"indent\">All laws and parts of laws in conflict with this Act are repealed.</p>\n  </div>\n </div>\n    </div>\t\n<table cellpadding=0 cellspacing=0 width=\"100%\">\n   <tr>\n      <td>\n          Copyright &copy; 2025 State Net\n      </td>\n<BR>\n<!--???MOVED INTO resources.cgi      <td align=\"right\">\n          <img src=\"https://custom.statenet.com/network/poweredby.gif\" alt=\"Powered by State Net\">\n      </td>-->\n\n    </tr>\n</table>\n</body></html>\n",
      "markdown": "The following has special meaning: _green underline denotes added text_ ~~red struck out text denotes deleted text~~ | [![Powered by State Net](https://custom.statenet.com/network/poweredby.gif)](https://www.lexisnexis.com/statenet/)  \n---|---  \n  \n2025 GA H 171 | | Author: | Thomas B  \n---|---  \nVersion: | Substituted  \nVersion Date: | 02/20/2025  \n  \nThe House Committee on Judiciary, Non-Civil offers the following substitute to\nHB 171:\n\nA BILL TO BE ENTITLED\n\nAN ACT\n\nTo amend Part 1 of Article 3 of Chapter 12 of Title 16 of the Official Code of\nGeorgia Annotated, relating to general provisions relative to obscenity and\nrelated offenses, so as to prohibit distribution of computer generated obscene\nmaterial depicting a child; to provide for a standard for obscenity; to\nprovide for a penalty and probation; to amend Article 1 of Chapter 10 of Title\n17 of the Official Code of Georgia Annotated, relating to procedure for\nsentencing and imposition of punishment, so as to provide for sentencing of\ndefendants who utilize artificial intelligence in the commission of certain\noffenses; to provide for notice and enhanced sentencing; to amend Titles 20\nand 32 of the Official Code of Georgia Annotated, relating to education and\nhighways, bridges, and ferries, respectively, so as to replace cross-\nreferences to Code Section 16-12-80 with Code Section 16-12-80.1; to provide\nfor definitions; to provide for a short title; to provide for related matters;\nto provide for an effective date and applicability; to repeal conflicting\nlaws; and for other purposes.\n\nBE IT ENACTED BY THE GENERAL ASSEMBLY OF GEORGIA:\n\n**SECTION 1.**\n\nThis Act shall be known and may be cited as the\"Ensuring Accountability for\nIllegal AI\n\nActivities Act.\"\n\n**SECTION 2.**\n\nPart 1 of Article 3 of Chapter 12 of Title 16 of the Official Code of Georgia\nAnnotated, relating to general provisions relative to obscenity and related\noffenses, is amended by adding a new Code section to read as follows:\n\n\"_16-12-80.1._\n\n_(a) As used in this Code section, the term:_\n\n_(1) 'Artificial intelligence system' shall have the same meaning as set forth\nin Code Section 17-10-22._\n\n_(2) 'Child' means any individual under the age of 16 years._\n\n_(3) 'Obscene' means material which meets the following requirements:_\n\n_(A) To an average person, applying contemporary community standards, taken\nasa whole, it predominantly appeals to the prurient interest, that is, a\nshameful or morbid interest in nudity, sex, or excretion;_\n\n_(B) The material taken as a whole lacks serious literary, artistic,\npolitical, or scientific value; and_\n\n_(C) The material depicts or describes, in a patently offensive way, sexually\nexplicit conduct._\n\n_(4) 'Sexually explicit conduct' shall have the same meaning as set forth in\nCode Section 16-12-100._\n\n_(b) A person commits the offense of distribution of computer generated\nobscene material depicting a child when such person knowingly distributes,\nsolicits, or possesses with intent to distribute a visual depiction of any\nkind, including an electronic image, electronic video, drawing, sculpture, or\npainting, that:_\n\n_(1) Depicts an image that appears to be of a child, and that would appear\nrealistic to an average observer, engaging in sexually explicit conduct,\nwhether alone or between persons of the same or opposite sex;_\n\n_(2) Is obscene; and_\n\n_(3) Was created through the use of an artificial intelligence system._\n\n_(c) A person who commits the offense of distribution of computer generated\nobscene material depicting a child shall be guilty of a felony and, upon\nconviction thereof, shall be punished by imprisonment for not less than one\nyear nor more than 15 years._\n\n_(d) It shall not be a required element of an offense under this Code section\nthat the image of a child in such depiction is of a currently or previously\nliving individual._\n\n_(e) If the sentence imposed under this Code section is probated, in whole or\nin part, by the sentencing court, as a condition of such probation, the\nsentencing court shall have the discretion to impose any or all of the\nrequirements set forth in subsection (b) of Code Section 42-8-35._\n\n_(f) For purposes of this Code section, a person who, in the course of\nprocessing or producing visual or printed matter either privately or\ncommercially, has reasonable cause to believe that the visual or printed\nmatter submitted for processing or producing depicts what appears to be a\nminor engaged in sexually explicit conduct shall immediately report such\nincident, or cause a report to be made, to the National Center for Missing and\nExploited Children, in addition to the Georgia Bureau of Investigation or the\nlaw enforcement agency for the county in which such matter is submitted. Any\nperson participating in the making of a report or causing a report to be made\npursuant to this subsection or participating in any judicial proceeding or any\nother proceeding resulting therefrom shall in so doing be immune from any\ncivil or criminal liability that might otherwise be incurred or imposed,\nprovided such participation pursuant to this subsection is made in good\nfaith._\n\n_(g) The provisions of subsection (b) of this Code section shall not apply to\nthe activities of law enforcement and prosecution agencies in the\ninvestigation and prosecution of criminal offenses._ \"\n\n**SECTION 3.**\n\nArticle 1 of Chapter 10 of Title 17 of the Official Code of Georgia Annotated,\nrelating to procedure for sentencing and imposition of punishment, is amended\nby adding a new Code section to read as follows:\n\n\"_17-10-22._\n\n_(a) As used in this Code section, the term:_\n\n_(1) 'Artificial intelligence system' means an engineered or machine based\nsystem that emulates the capability of a person to receive audio, visual,\ntext, or any other formof information and use such information to emulate a\nhuman cognitive process, including, but not limited to, learning,\ngeneralizing, reasoning, planning, predicting, acting, or communicating;\nprovided, however, that artificial intelligence systems may vary in the forms\nof information they can receive and in the human cognitive processes they can\nemulate._\n\n_(2) 'Designated offense' means:_\n\n_(A) Stalking in violation of Code Section 16-5-90;_\n\n_(B) Aggravated stalking in violation of Code Section 16-5-91;_\n\n_(C) Exploitation of a disabled adult, elder person, or resident in violation\nof Code Section 16-5-102;_\n\n_(D) Enticing a child for indecent purposes in violation of Code Section\n16-6-5;_\n\n_(E) Any misdemeanor or felony offense provided for in Article 1 of Chapter 8_\nof _Title 16;_\n\n_(F) Any misdemeanor or felony offense provided for in Article 3 of Chapter 8_\nof _Title 16;_\n\n_(G) Any misdemeanor or felony offense provided for in Article 5 of Chapter 8_\nof _Title 16;_\n\n_(H) Any misdemeanor or felony offense provided for in Chapter 9 of Title 16;_\n\n_(I) Any misdemeanor or felony offense provided for in Chapter 10 of Title\n16;_\n\n_(J) Any misdemeanor or felony offense provided for in Chapter 11 of Title\n16;_\n\n_(K) Any misdemeanor or felony offense provided for in Chapter 12 of Title 16;\nand_\n\n_(L) Fraudulent election interference in violation of Code Section 21-2-604._\n\n_(3) 'Utilized an artificial intelligence system' means to be the proximate\ncause of an artificial intelligence system receiving an input or providing an\noutput._\n\n_(b) Subject to the notice requirement provided in subsection (c) of this Code\nsection and in enhancement of the penalty imposed, if the trier of fact\ndetermines beyond a reasonable doubt that the defendant knowingly and\nintentionally utilized an artificial intelligence system in the commission of\na designated offense, the judge imposing sentence shall:_\n\n_(1) If the designated offense for which the defendant was convicted is a\nmisdemeanor, impose a sentence of confinement for a period of not less than\nsix nor more than 12 months and a fine not to exceed $5,000.00; or_\n\n_(2) If the designated offense for which the defendant was convicted is a\nfelony, impose a sentence of imprisonment for a period of not less than two\nyears and a fine not less than $5,000.00; provided, however, that, if such\ndesignated offense is subject to a minimum sentence of imprisonment for two\nyears or more, the judge shall impose a sentenceof imprisonment for not less\nthan such minimum sentence plus one year and a fine of not less than\n$5,000.00._\n\n_(c) At any time after the filing of an indictment or accusation, but not\nlater than the arraignment, the state shall notify the defendant of its\nintention to seek the enhanced penalty or penalties authorized by subsection\n(b) of this Code section. Such notice shall be in writing and shall allege the\nspecific factor or factors authorizing an enhanced sentence in the case\npursuant to this Code section._\n\n_(d) The judge shall state when he or she imposes the sentence the amount of\nthe enhancement of the sentence based on the application of subsection (b) of\nthis Code section._ \"\n\n**SECTION 4.**\n\nTitles 20 and 32 of the Official Code of Georgia Annotated, relating to\neducation and highways, bridges, and ferries, respectively, are amended by\nreplacing\"16-12-80\" with\"16-12-80.1\" wherever the former term appears in:\n\n(1) Code Section 20-2-324, relating to internet acceptable-use policies\nrequired in all public schools, minimum policy requirements, policy\nenforcement, technology protection measures required, policy compliance\nreview, approval, and enforcement by State Board of Education, and waivers\nprohibited;\n\n(2) Code Section 20-5-5, relating to internet safety policies in public\nlibraries;\n\n(3) Code Section 32-6-75, relating to restrictions on outdoor advertising\nauthorized by Code Sections 32-6-72 and 32-6-73 and multiple message signs on\ninterstate system, primary highways, and other highways; and\n\n(4) Code Section 32-6-75.3, relating to permits for trimming or removal of\ntrees or vegetation in state right of way which obstruct view of outdoor\nadvertising and removal of signs with lapsed permits.\n\n**SECTION 5.**\n\nThis Act shall become effective on July 1, 2025, and shall apply to all\noffenses committed on or after such date.\n\n**SECTION 6.**\n\nAll laws and parts of laws in conflict with this Act are repealed.\n\nCopyright (C) 2025 State Net  \n  \n---\n\n",
      "latest_version": false
    },
    {
      "date": "03/27/2025",
      "label": "Substituted",
      "url": "https://custom.statenet.com/public/resources.cgi?mode=show_text&id=ID:bill:GA2025000H171&verid=GA2025000H171_20250327_0_S&",
      "raw_html": "<html>\n<head>\n<title>Bill Resource</title>\n\n<!--   <link href=\"https://custom.statenet.com/network/Common/css/extregtext.css\" rel=\"stylesheet\" type=\"text/css\" />-->\n   <link href=\"https://custom.statenet.com/network/Common/css/xmltext-2.0.css\" rel=\"stylesheet\" type=\"text/css\" />\n   <link href=\"https://custom.statenet.com/network/Common/css/additional-text.css\" rel=\"stylesheet\" type=\"text/css\" />\n\n\t<style type=\"text/css\">\n<!--\n\ntd, body {\n     background-color: white;\n\tfont-family: Verdana, Arial, Helvetica, sans-serif;\n\tfont-size: 12px;\n}\n\n.resourceContainer {\n   border: 1px solid black;\n}\n-->\n</style>\n</head>\n<body>\n\n    <div style=\"width: 750px; margin: auto\">\n       <div style=\"font-size: .8em;margin-bottom: 10px\"><table width=\"100%\"><tr><td align=\"left\" style=\"font-size: .8em;\"><div>The following has special meaning:</div>\n<div><u class=\"amendmentInsertedText\">green underline denotes added text</u></div>\n<div><strike class=\"amendmentDeletedText\">red struck out text denotes deleted text</strike></div></td> <td align=\"right\"><a href=\"https://www.lexisnexis.com/statenet/\"><img alt=\"Powered by State Net\" src=\"https://custom.statenet.com/network/poweredby.gif\" /></a></td></tr></table></div><table id=\"text-identifier\"><tr><td class=\"key\">2025 GA H 171</td> <td><table><tr><td class=\"label\">Author:</td> <td>Thomas B</td></tr> <tr><td class=\"label\">Version:</td> <td>Substituted</td></tr> <tr><td class=\"label\">Version Date:</td> <td>03/27/2025</td></tr></table></td></tr></table><div class=\"documentBody\">\n  <a name=\"head_document_section\"></a><div class=\"head\">\n   <p class=\"indent\">The Senate Committee on Judiciary offered the following substitute to HB 171:</p>\n  </div>\n  <a name=\"code_document_section\"></a><div class=\"code\">\n   <p class=\"center\">A BILL TO BE ENTITLED</p>\n   <p class=\"center\">AN ACT</p>\n   <p class=\"indent\">To amend Part 1 of Article 3 of Chapter 12 of Title 16 of the Official Code of Georgia Annotated, relating to general provisions relative to obscenity and related offenses, so as to prohibit distribution of computer generated obscene material depicting a child; to prohibit distribution of computer generated obscene material to a child; to provide for a standard for obscenity; to provide for a penalty and probation; to amend Titles 20 and 32 of the Official Code of Georgia Annotated, relating to education and highways, bridges, and ferries, respectively, so as to replace cross-references to Code Section 16-12-80 with Code Section 16-12-80.1; to provide for definitions; to provide for a short title; to provide for related matters; to provide for an effective date and applicability; to repeal conflicting laws; and for other purposes.</p>\n  </div>\n  <a name=\"text_document_section\"></a><div class=\"text\">\n   <span>\n    <p class=\"indent\">BE IT ENACTED BY THE GENERAL ASSEMBLY OF GEORGIA:</p>\n   </span>\n   <p class=\"center\">\n    <b>SECTION 1.</b>\n   </p>\n   <p class=\"indent\">This Act shall be known and may be cited as the &quot;Ensuring Accountability for Illegal AI Activities Act.&quot;</p>\n   <p class=\"center\">\n    <b>SECTION 2.</b>\n   </p>\n   <p class=\"indent\">Part 1 of Article 3 of Chapter 12 of Title 16 of the Official Code of Georgia Annotated, relating to general provisions relative to obscenity and related offenses, is amended by adding a new Code section to read as follows:</p>\n   <p class=\"indent\">&quot;<u class=\"amendmentInsertedText\">16-12-80.1.</u>\n   </p>\n   <p class=\"indent\">\n    <u class=\"amendmentInsertedText\">(a) As used in this Code section, the term:</u>\n   </p>\n   <p class=\"indent\">\n    <u class=\"amendmentInsertedText\">(1) &#39;Artificial intelligence system&#39; shall have the same meaning as set forth in Code Section 17-10-22.</u>\n   </p>\n   <p class=\"indent\">\n    <u class=\"amendmentInsertedText\">(2) &#39;Child&#39; means any individual under the age of 16 years.</u>\n   </p>\n   <p class=\"indent\">\n    <u class=\"amendmentInsertedText\">(3) &#39;Obscene&#39; means material which meets the following requirements:</u>\n   </p>\n   <p class=\"indent\">\n    <u class=\"amendmentInsertedText\">(A) To an average person, applying contemporary community standards, taken asa whole, it predominantly appeals to the prurient interest, that is, a shameful or morbid interest in nudity, sex, or excretion;</u>\n   </p>\n   <p class=\"indent\">\n    <u class=\"amendmentInsertedText\">(B) The material taken as a whole lacks serious literary, artistic, political, or scientific value; and</u>\n   </p>\n   <p class=\"indent\">\n    <u class=\"amendmentInsertedText\">(C) The material depicts or describes, in a patently offensive way, sexually explicit conduct.</u>\n   </p>\n   <p class=\"indent\">\n    <u class=\"amendmentInsertedText\">(4) &#39;Sexually explicit conduct&#39; shall have the same meaning as set forth in Code Section 16-12-100.</u>\n   </p>\n   <p class=\"indent\">\n    <u class=\"amendmentInsertedText\">(b) A person commits the offense of distribution of computer generated obscene material depicting a child when such person knowingly distributes, solicits, or possesses with intent to distribute a visual depiction of any kind, including an electronic image, electronic video, drawing, sculpture, or painting, that:</u>\n   </p>\n   <p class=\"indent\">\n    <u class=\"amendmentInsertedText\">(1) Depicts an image that appears to be of a child, and that would appear realistic to an average observer, engaging in sexually explicit conduct, whether alone or between persons of the same or opposite sex;</u>\n   </p>\n   <p class=\"indent\">\n    <u class=\"amendmentInsertedText\">(2) Is obscene; and</u>\n   </p>\n   <p class=\"indent\">\n    <u class=\"amendmentInsertedText\">(3) Was created through the use of an artificial intelligence system.</u>\n   </p>\n   <p class=\"indent\">\n    <u class=\"amendmentInsertedText\">(c) A person who owns or operates a computer program or application that is designed primarily for use by or marketed to children, is accessible to the public, and which utilizes an artificial intelligence system to generate text responses to user&#39;s prompts shall be guilty of the offense of distribution of computer generated obscene material to a child if such person knows or reasonably should have known that such computer program or application was reasonably likely to and in fact did provide a description of obscene conduct to a child.</u>\n   </p>\n   <p class=\"indent\">\n    <u class=\"amendmentInsertedText\">(d)(1) Except as provided for in paragraph (2) of this subsection, a person who commits an offense under this Code section shall be guilty of a felony and, upon conviction thereof, shall be punished by imprisonment for not less than one year nor more than 15 years.</u>\n   </p>\n   <p class=\"indent\">\n    <u class=\"amendmentInsertedText\">(2) A person who commits the offense of distribution of computer generated obscene material depicting a child shall be guilty of a misdemeanor if:</u>\n   </p>\n   <p class=\"indent\">\n    <u class=\"amendmentInsertedText\">(A) The defendant was 18 years of age or younger at the time of the offense;</u>\n   </p>\n   <p class=\"indent\">\n    <u class=\"amendmentInsertedText\">(B) The child depicted would realistically appear to be at least 14 years of age toan average observer; and</u>\n   </p>\n   <p class=\"indent\">\n    <u class=\"amendmentInsertedText\">(C) In the court&#39;s discretion, and when the prosecuting attorney and the defendant have agreed, if the defendant&#39;s violation of such offense involved the distribution of such obscene material to another person but such distribution was not for the purpose of:</u>\n   </p>\n   <p class=\"indent\">\n    <u class=\"amendmentInsertedText\">(i) Harassing, intimidating, or embarrassing any person; or</u>\n   </p>\n   <p class=\"indent\">\n    <u class=\"amendmentInsertedText\">(ii) For any commercial purpose.</u>\n   </p>\n   <p class=\"indent\">\n    <u class=\"amendmentInsertedText\">(e) It shall not be a required element of an offense under this Code section that the image of a child in such depiction is of a currently or previously living individual.</u>\n   </p>\n   <p class=\"indent\">\n    <u class=\"amendmentInsertedText\">(f) If the sentence imposed under this Code section is probated, in whole or in part, by the sentencing court, as a condition of such probation, the sentencing court shall have the discretion to impose any or all of the requirements set forth in subsection (b) of Code Section 42-8-35.</u>\n   </p>\n   <p class=\"indent\">\n    <u class=\"amendmentInsertedText\">(g) For purposes of this Code section, a person who, in the course of processingor producing visual or printed matter either privately or commercially, has reasonable cause to believe that the visual or printed matter submitted for processing or producing depicts what appears to be a minor engaged in sexually explicit conduct shall immediately report such incident, or cause a report to be made, to the National Center for Missing and Exploited Children, in addition to the Georgia Bureau of Investigation or the law enforcement agency for the county in which such matter is submitted. Any person participating in the making of a report or causing a report to be made pursuant to this subsection or participating in any judicial proceeding or any other proceeding resulting therefrom shall in so doing be immune from any civil or criminal liability that might otherwise be incurred or imposed, provided such participation pursuant to this subsection is made in good faith.</u>\n   </p>\n   <p class=\"indent\">\n    <u class=\"amendmentInsertedText\">(h) The provisions of subsection (b) of this Code section shall not apply to the activities of law enforcement and prosecution agencies in the investigation and prosecution of criminal offenses.</u>&quot;</p>\n   <p class=\"center\">\n    <b>SECTION 3.</b>\n   </p>\n   <p class=\"indent\">Titles 20 and 32 of the Official Code of Georgia Annotated, relating to education and highways, bridges, and ferries, respectively, are amended by replacing &quot;16-12-80&quot; with &quot;16-12-80.1&quot; wherever the former term appears in:</p>\n   <p class=\"indent\">(1) Code Section 20-2-324, relating to internet acceptable-use policies required in all public schools, minimum policy requirements, policy enforcement, technology protection measures required, policy compliance review, approval, and enforcement by State Board of Education, and waivers prohibited;</p>\n   <p class=\"indent\">(2) Code Section 20-5-5, relating to internet safety policies in public libraries;</p>\n   <p class=\"indent\">(3) Code Section 32-6-75, relating to restrictions on outdoor advertising authorized by Code Sections 32-6-72 and 32-6-73 and multiple message signs on interstate system, primary highways, and other highways; and</p>\n   <p class=\"indent\">(4) Code Section 32-6-75.3, relating to permits for trimming or removal of trees or vegetation in state right of way which obstruct view of outdoor advertising and removal of signs with lapsed permits.</p>\n   <p class=\"center\">\n    <b>SECTION 4.</b>\n   </p>\n   <p class=\"indent\">This Act shall become effective on July 1, 2025, and shall apply to all offenses committed on or after such date.</p>\n   <p class=\"center\">\n    <b>SECTION 5.</b>\n   </p>\n   <p class=\"indent\">All laws and parts of laws in conflict with this Act are repealed.</p>\n  </div>\n </div>\n    </div>\t\n<table cellpadding=0 cellspacing=0 width=\"100%\">\n   <tr>\n      <td>\n          Copyright &copy; 2025 State Net\n      </td>\n<BR>\n<!--???MOVED INTO resources.cgi      <td align=\"right\">\n          <img src=\"https://custom.statenet.com/network/poweredby.gif\" alt=\"Powered by State Net\">\n      </td>-->\n\n    </tr>\n</table>\n</body></html>\n",
      "markdown": "The following has special meaning: _green underline denotes added text_ ~~red struck out text denotes deleted text~~ | [![Powered by State Net](https://custom.statenet.com/network/poweredby.gif)](https://www.lexisnexis.com/statenet/)  \n---|---  \n  \n2025 GA H 171 | | Author: | Thomas B  \n---|---  \nVersion: | Substituted  \nVersion Date: | 03/27/2025  \n  \nThe Senate Committee on Judiciary offered the following substitute to HB 171:\n\nA BILL TO BE ENTITLED\n\nAN ACT\n\nTo amend Part 1 of Article 3 of Chapter 12 of Title 16 of the Official Code of\nGeorgia Annotated, relating to general provisions relative to obscenity and\nrelated offenses, so as to prohibit distribution of computer generated obscene\nmaterial depicting a child; to prohibit distribution of computer generated\nobscene material to a child; to provide for a standard for obscenity; to\nprovide for a penalty and probation; to amend Titles 20 and 32 of the Official\nCode of Georgia Annotated, relating to education and highways, bridges, and\nferries, respectively, so as to replace cross-references to Code Section\n16-12-80 with Code Section 16-12-80.1; to provide for definitions; to provide\nfor a short title; to provide for related matters; to provide for an effective\ndate and applicability; to repeal conflicting laws; and for other purposes.\n\nBE IT ENACTED BY THE GENERAL ASSEMBLY OF GEORGIA:\n\n**SECTION 1.**\n\nThis Act shall be known and may be cited as the \"Ensuring Accountability for\nIllegal AI Activities Act.\"\n\n**SECTION 2.**\n\nPart 1 of Article 3 of Chapter 12 of Title 16 of the Official Code of Georgia\nAnnotated, relating to general provisions relative to obscenity and related\noffenses, is amended by adding a new Code section to read as follows:\n\n\"_16-12-80.1._\n\n_(a) As used in this Code section, the term:_\n\n_(1) 'Artificial intelligence system' shall have the same meaning as set forth\nin Code Section 17-10-22._\n\n_(2) 'Child' means any individual under the age of 16 years._\n\n_(3) 'Obscene' means material which meets the following requirements:_\n\n_(A) To an average person, applying contemporary community standards, taken\nasa whole, it predominantly appeals to the prurient interest, that is, a\nshameful or morbid interest in nudity, sex, or excretion;_\n\n_(B) The material taken as a whole lacks serious literary, artistic,\npolitical, or scientific value; and_\n\n_(C) The material depicts or describes, in a patently offensive way, sexually\nexplicit conduct._\n\n_(4) 'Sexually explicit conduct' shall have the same meaning as set forth in\nCode Section 16-12-100._\n\n_(b) A person commits the offense of distribution of computer generated\nobscene material depicting a child when such person knowingly distributes,\nsolicits, or possesses with intent to distribute a visual depiction of any\nkind, including an electronic image, electronic video, drawing, sculpture, or\npainting, that:_\n\n_(1) Depicts an image that appears to be of a child, and that would appear\nrealistic to an average observer, engaging in sexually explicit conduct,\nwhether alone or between persons of the same or opposite sex;_\n\n_(2) Is obscene; and_\n\n_(3) Was created through the use of an artificial intelligence system._\n\n_(c) A person who owns or operates a computer program or application that is\ndesigned primarily for use by or marketed to children, is accessible to the\npublic, and which utilizes an artificial intelligence system to generate text\nresponses to user 's prompts shall be guilty of the offense of distribution of\ncomputer generated obscene material to a child if such person knows or\nreasonably should have known that such computer program or application was\nreasonably likely to and in fact did provide a description of obscene conduct\nto a child._\n\n_(d)(1) Except as provided for in paragraph (2) of this subsection, a person\nwho commits an offense under this Code section shall be guilty of a felony\nand, upon conviction thereof, shall be punished by imprisonment for not less\nthan one year nor more than 15 years._\n\n_(2) A person who commits the offense of distribution of computer generated\nobscene material depicting a child shall be guilty of a misdemeanor if:_\n\n_(A) The defendant was 18 years of age or younger at the time of the offense;_\n\n_(B) The child depicted would realistically appear to be at least 14 years of\nage toan average observer; and_\n\n_(C) In the court 's discretion, and when the prosecuting attorney and the\ndefendant have agreed, if the defendant's violation of such offense involved\nthe distribution of such obscene material to another person but such\ndistribution was not for the purpose of:_\n\n_(i) Harassing, intimidating, or embarrassing any person; or_\n\n_(ii) For any commercial purpose._\n\n_(e) It shall not be a required element of an offense under this Code section\nthat the image of a child in such depiction is of a currently or previously\nliving individual._\n\n_(f) If the sentence imposed under this Code section is probated, in whole or\nin part, by the sentencing court, as a condition of such probation, the\nsentencing court shall have the discretion to impose any or all of the\nrequirements set forth in subsection (b) of Code Section 42-8-35._\n\n_(g) For purposes of this Code section, a person who, in the course of\nprocessingor producing visual or printed matter either privately or\ncommercially, has reasonable cause to believe that the visual or printed\nmatter submitted for processing or producing depicts what appears to be a\nminor engaged in sexually explicit conduct shall immediately report such\nincident, or cause a report to be made, to the National Center for Missing and\nExploited Children, in addition to the Georgia Bureau of Investigation or the\nlaw enforcement agency for the county in which such matter is submitted. Any\nperson participating in the making of a report or causing a report to be made\npursuant to this subsection or participating in any judicial proceeding or any\nother proceeding resulting therefrom shall in so doing be immune from any\ncivil or criminal liability that might otherwise be incurred or imposed,\nprovided such participation pursuant to this subsection is made in good\nfaith._\n\n_(h) The provisions of subsection (b) of this Code section shall not apply to\nthe activities of law enforcement and prosecution agencies in the\ninvestigation and prosecution of criminal offenses._ \"\n\n**SECTION 3.**\n\nTitles 20 and 32 of the Official Code of Georgia Annotated, relating to\neducation and highways, bridges, and ferries, respectively, are amended by\nreplacing \"16-12-80\" with \"16-12-80.1\" wherever the former term appears in:\n\n(1) Code Section 20-2-324, relating to internet acceptable-use policies\nrequired in all public schools, minimum policy requirements, policy\nenforcement, technology protection measures required, policy compliance\nreview, approval, and enforcement by State Board of Education, and waivers\nprohibited;\n\n(2) Code Section 20-5-5, relating to internet safety policies in public\nlibraries;\n\n(3) Code Section 32-6-75, relating to restrictions on outdoor advertising\nauthorized by Code Sections 32-6-72 and 32-6-73 and multiple message signs on\ninterstate system, primary highways, and other highways; and\n\n(4) Code Section 32-6-75.3, relating to permits for trimming or removal of\ntrees or vegetation in state right of way which obstruct view of outdoor\nadvertising and removal of signs with lapsed permits.\n\n**SECTION 4.**\n\nThis Act shall become effective on July 1, 2025, and shall apply to all\noffenses committed on or after such date.\n\n**SECTION 5.**\n\nAll laws and parts of laws in conflict with this Act are repealed.\n\nCopyright (C) 2025 State Net  \n  \n---\n\n",
      "latest_version": false
    },
    {
      "date": "03/31/2025",
      "label": "Substituted",
      "url": "https://custom.statenet.com/public/resources.cgi?mode=show_text&id=ID:bill:GA2025000H171&verid=GA2025000H171_20250331_0_S&",
      "raw_html": "<html>\n<head>\n<title>Bill Resource</title>\n\n<!--   <link href=\"https://custom.statenet.com/network/Common/css/extregtext.css\" rel=\"stylesheet\" type=\"text/css\" />-->\n   <link href=\"https://custom.statenet.com/network/Common/css/xmltext-2.0.css\" rel=\"stylesheet\" type=\"text/css\" />\n   <link href=\"https://custom.statenet.com/network/Common/css/additional-text.css\" rel=\"stylesheet\" type=\"text/css\" />\n\n\t<style type=\"text/css\">\n<!--\n\ntd, body {\n     background-color: white;\n\tfont-family: Verdana, Arial, Helvetica, sans-serif;\n\tfont-size: 12px;\n}\n\n.resourceContainer {\n   border: 1px solid black;\n}\n-->\n</style>\n</head>\n<body>\n\n    <div style=\"width: 750px; margin: auto\">\n       <div style=\"font-size: .8em;margin-bottom: 10px\"><table width=\"100%\"><tr><td align=\"left\" style=\"font-size: .8em;\"><div>The following has special meaning:</div>\n<div><u class=\"amendmentInsertedText\">green underline denotes added text</u></div>\n<div><strike class=\"amendmentDeletedText\">red struck out text denotes deleted text</strike></div></td> <td align=\"right\"><a href=\"https://www.lexisnexis.com/statenet/\"><img alt=\"Powered by State Net\" src=\"https://custom.statenet.com/network/poweredby.gif\" /></a></td></tr></table></div><table id=\"text-identifier\"><tr><td class=\"key\">2025 GA H 171</td> <td><table><tr><td class=\"label\">Author:</td> <td>Thomas B</td></tr> <tr><td class=\"label\">Version:</td> <td>Substituted</td></tr> <tr><td class=\"label\">Version Date:</td> <td>03/31/2025</td></tr></table></td></tr></table><div class=\"documentBody\">\n  <a name=\"head_document_section\"></a><div class=\"head\">\n   <p class=\"indent\">The Senate Committee on Rules offered the following substitute to HB 171:</p>\n  </div>\n  <a name=\"code_document_section\"></a><div class=\"code\">\n   <p class=\"center\">A BILL TO BE ENTITLED</p>\n   <p class=\"center\">AN ACT</p>\n   <p class=\"indent\">To amend Part 1 of Article 3 of Chapter 12 of Title 16 of the Official Code of Georgia Annotated, relating to general provisions relative to obscenity and related offenses, so as to prohibit distribution of computer generated obscene material depicting a child; to prohibit distribution of computer generated obscene material to a child; to provide for a standard for obscenity; to provide for a penalty and probation; to amend Article 1 of Chapter 10 of Title 17 of the Official Code of Georgia Annotated, relating to procedure for sentencing and imposition of punishment, so as to provide for sentencing of defendants who utilize artificial intelligence in the commission of certain offenses; to provide for notice and enhanced sentencing; to amend Titles 20 and 32 of the Official Code of Georgia Annotated, relating to education and highways, bridges, and ferries, respectively, so as to replace cross-references to Code Section 16-12-80 with Code Section 16-12-80.1; to provide for definitions; to provide for a short title; to provide for related matters; to provide for an effective date and applicability; to repeal conflicting laws; and for other purposes.</p>\n  </div>\n  <a name=\"text_document_section\"></a><div class=\"text\">\n   <span>\n    <p class=\"indent\">BE IT ENACTED BY THE GENERAL ASSEMBLY OF GEORGIA:</p>\n   </span>\n   <p class=\"center\">\n    <b>SECTION 1.</b>\n   </p>\n   <p class=\"indent\">This Act shall be known and may be cited as the &quot;Ensuring Accountability for Illegal AI Activities Act.&quot;</p>\n   <p class=\"center\">\n    <b>SECTION 2.</b>\n   </p>\n   <p class=\"indent\">Part 1 of Article 3 of Chapter 12 of Title 16 of the Official Code of Georgia Annotated, relating to general provisions relative to obscenity and related offenses, is amended by adding a new Code section to read as follows:</p>\n   <p class=\"indent\">&quot;<u class=\"amendmentInsertedText\">16-12-80.1.</u>\n   </p>\n   <p class=\"indent\">\n    <u class=\"amendmentInsertedText\">(a) As used in this Code section, the term:</u>\n   </p>\n   <p class=\"indent\">\n    <u class=\"amendmentInsertedText\">(1) &#39;Artificial intelligence system&#39; shall have the same meaning as set forth in Code Section 17-10-22.</u>\n   </p>\n   <p class=\"indent\">\n    <u class=\"amendmentInsertedText\">(2) &#39;Child&#39; means any individual under the age of 16 years.</u>\n   </p>\n   <p class=\"indent\">\n    <u class=\"amendmentInsertedText\">(3) &#39;Obscene&#39; means material which meets the following requirements:</u>\n   </p>\n   <p class=\"indent\">\n    <u class=\"amendmentInsertedText\">(A) To an average person, applying contemporary community standards, taken as a whole, it predominantly appeals to the prurient interest, that is, a shameful or morbid interest in nudity, sex, or excretion;</u>\n   </p>\n   <p class=\"indent\">\n    <u class=\"amendmentInsertedText\">(B) The material taken as a whole lacks serious literary, artistic, political, or scientific value; and</u>\n   </p>\n   <p class=\"indent\">\n    <u class=\"amendmentInsertedText\">(C) The material depicts or describes, in a patently offensive way, sexually explicit conduct.</u>\n   </p>\n   <p class=\"indent\">\n    <u class=\"amendmentInsertedText\">(4) &#39;Sexually explicit conduct&#39; shall have the same meaning as set forth in Code Section 16-12-100.</u>\n   </p>\n   <p class=\"indent\">\n    <u class=\"amendmentInsertedText\">(b) A person commits the offense of distribution of computer generated obscene material depicting a child when such person knowingly distributes, solicits, or possesses with intent to distribute a visual depiction of any kind, including an electronic image, electronic video, drawing, sculpture, or painting, that:</u>\n   </p>\n   <p class=\"indent\">\n    <u class=\"amendmentInsertedText\">(1) Depicts an image that appears to be of a child, and that would appear realistic to an average observer, engaging in sexually explicit conduct, whether alone or between persons of the same or opposite sex;</u>\n   </p>\n   <p class=\"indent\">\n    <u class=\"amendmentInsertedText\">(2) Is obscene; and</u>\n   </p>\n   <p class=\"indent\">\n    <u class=\"amendmentInsertedText\">(3) Was created through the use of an artificial intelligence system.</u>\n   </p>\n   <p class=\"indent\">\n    <u class=\"amendmentInsertedText\">(c) A person who owns or operates a computer program or application that is designed primarily for use by or marketed to children, is accessible to the public, and which utilizes an artificial intelligence system to generate text responses to user&#39;s prompts shall be guilty of the offense of distribution of computer generated obscene material to a child if such person knows or reasonably should have known that such computer program or application was reasonably likely to and in fact did provide a description of obscene conduct to a child.</u>\n   </p>\n   <p class=\"indent\">\n    <u class=\"amendmentInsertedText\">(d) A person who commits an offense under this Code section shall be guilty of a felony and, upon conviction thereof, shall be punished by imprisonment for not less than one year nor more than 15 years.</u>\n   </p>\n   <p class=\"indent\">\n    <u class=\"amendmentInsertedText\">(e) It shall not be a required element of an offense under this Code section that the image of a child in such depiction is of a currently or previously living individual.</u>\n   </p>\n   <p class=\"indent\">\n    <u class=\"amendmentInsertedText\">(f) If the sentence imposed under this Code section is probated, in whole or in part, by the sentencing court, as a condition of such probation, the sentencing court shall have the discretion to impose any or all of the requirements set forth in subsection (b) of Code Section 42-8-35.</u>\n   </p>\n   <p class=\"indent\">\n    <u class=\"amendmentInsertedText\">(g) For purposes of this Code section, a person who, in the course of processing or producing visual or printed matter either privately or commercially, has reasonable cause to believe that the visual or printed matter submitted for processing or producing depicts what appears to be a minor engaged in sexually explicit conduct shall immediately report such incident, or cause a report to be made, to the National Center for Missing and Exploited Children, and may additionally report such to the Georgia Bureau of Investigation or the law enforcement agency for the county in which such matter is submitted. Any person participating in the making of a report or causing a report to be made pursuant to this subsection or participating in any judicial proceeding or any other proceeding resulting therefrom shall in so doing be immune from any civil or criminal liability that might otherwise be incurred or imposed, provided such participation pursuant to this subsection is made in good faith.</u>\n   </p>\n   <p class=\"indent\">\n    <u class=\"amendmentInsertedText\">(h) The provisions of subsection (b) of this Code section shall not apply to the activities of law enforcement and prosecution agencies in the investigation and prosecution of criminal offenses.</u>&quot;</p>\n   <p class=\"center\">\n    <b>SECTION 3.</b>\n   </p>\n   <p class=\"indent\">Article 1 of Chapter 10 of Title 17 of the Official Code of Georgia Annotated, relating to procedure for sentencing and imposition of punishment, is amended by adding a new Code section to read as follows:</p>\n   <p class=\"indent\">&quot;<u class=\"amendmentInsertedText\">17-10-22.</u>\n   </p>\n   <p class=\"indent\">\n    <u class=\"amendmentInsertedText\">(a) As used in this Code section, the term:</u>\n   </p>\n   <p class=\"indent\">\n    <u class=\"amendmentInsertedText\">(1) &#39;Artificial intelligence system&#39; means an engineered or machine based system that emulates the capability of a person to receive audio, visual, text, or any other form of information and use such information to emulate a human cognitive process, including, but not limited to, learning, generalizing, reasoning, planning, predicting, acting, or communicating; provided, however, that artificial intelligence systems may vary in the forms of information they can receive and in the human cognitive processes they can emulate.</u>\n   </p>\n   <p class=\"indent\">\n    <u class=\"amendmentInsertedText\">(2) &#39;Designated offense&#39; means:</u>\n   </p>\n   <p class=\"indent\">\n    <u class=\"amendmentInsertedText\">(A) Stalking in violation of Code Section 16-5-90;</u>\n   </p>\n   <p class=\"indent\">\n    <u class=\"amendmentInsertedText\">(B) Aggravated stalking in violation of Code Section 16-5-91;</u>\n   </p>\n   <p class=\"indent\">\n    <u class=\"amendmentInsertedText\">(C) Exploitation of a disabled adult, elder person, or resident in violation of Code Section 16-5-102;</u>\n   </p>\n   <p class=\"indent\">\n    <u class=\"amendmentInsertedText\">(D) Enticing a child for indecent purposes in violation of Code Section 16-6-5;</u>\n   </p>\n   <p class=\"indent\">\n    <u class=\"amendmentInsertedText\">(E) Any misdemeanor or felony offense provided for in Article 1 of Chapter 8 of Title 16;</u>\n   </p>\n   <p class=\"indent\">\n    <u class=\"amendmentInsertedText\">(F) Any misdemeanor or felony offense provided for in Article 3 of Chapter 8 of Title 16;</u>\n   </p>\n   <p class=\"indent\">\n    <u class=\"amendmentInsertedText\">(G) Any misdemeanor or felony offense provided for in Article 5 of Chapter 8 of Title 16;</u>\n   </p>\n   <p class=\"indent\">\n    <u class=\"amendmentInsertedText\">(H) Any misdemeanor or felony offense provided for in Chapter 9 of Title 16;</u>\n   </p>\n   <p class=\"indent\">\n    <u class=\"amendmentInsertedText\">(I) Any misdemeanor or felony offense provided for in Chapter 10 of Title 16;</u>\n   </p>\n   <p class=\"indent\">\n    <u class=\"amendmentInsertedText\">(J) Any misdemeanor or felony offense provided for in Chapter 11 of Title 16;</u>\n   </p>\n   <p class=\"indent\">\n    <u class=\"amendmentInsertedText\">(K) Any misdemeanor or felony offense provided for in Chapter 12 of Title 16; and</u>\n   </p>\n   <p class=\"indent\">\n    <u class=\"amendmentInsertedText\">(L) Fraudulent election interference in violation of Code Section 21-2-604.</u>\n   </p>\n   <p class=\"indent\">\n    <u class=\"amendmentInsertedText\">(3) &#39;Utilized an artificial intelligence system&#39; means to be the proximate cause of an artificial intelligence system receiving an input or providing an output.</u>\n   </p>\n   <p class=\"indent\">\n    <u class=\"amendmentInsertedText\">(b) Subject to the notice requirement provided in subsection (c) of this Code section and in enhancement of the penalty imposed, if the trier of fact determines beyond a reasonable doubt that the defendant knowingly and intentionally utilized an artificial intelligence system in the commission of a designated offense, the judge imposing sentence shall:</u>\n   </p>\n   <p class=\"indent\">\n    <u class=\"amendmentInsertedText\">(1) If the designated offense for which the defendant was convicted is a misdemeanor, impose a sentence of confinement for a period of not less than six nor more than 12 months and a fine not to exceed $5,000.00; or</u>\n   </p>\n   <p class=\"indent\">\n    <u class=\"amendmentInsertedText\">(2) If the designated offense for which the defendant was convicted is a felony, impose a sentence of imprisonment for a period of not less than two years and a fine not less than $5,000.00; provided, however, that, if such designated offense is subject to a minimum sentence of imprisonment for two years or more, the judge shall impose a sentence of imprisonment for not less than such minimum sentence plus one year and a fine of not less than $5,000.00.</u>\n   </p>\n   <p class=\"indent\">\n    <u class=\"amendmentInsertedText\">(c) At any time after the filing of an indictment or accusation, but not later than the arraignment, the state shall notify the defendant of its intention to seek the enhanced penalty or penalties authorized by subsection (b) of this Code section. Such notice shall be in writing and shall allege the specific factor or factors authorizing an enhanced sentence in the case pursuant to this Code section.</u>\n   </p>\n   <p class=\"indent\">\n    <u class=\"amendmentInsertedText\">(d) The judge shall state when he or she imposes the sentence the amount of the enhancement of the sentence based on the application of subsection (b) of this Code section.</u>&quot;</p>\n   <p class=\"center\">\n    <b>SECTION 4.</b>\n   </p>\n   <p class=\"indent\">Titles 20 and 32 of the Official Code of Georgia Annotated, relating to education and highways, bridges, and ferries, respectively, are amended by replacing &quot;16-12-80&quot; with &quot;16-12-80.1&quot; wherever the former term appears in:</p>\n   <p class=\"indent\">(1) Code Section 20-2-324, relating to internet acceptable-use policies required in all public schools, minimum policy requirements, policy enforcement, technology protection measures required, policy compliance review, approval, and enforcement by State Board of Education, and waivers prohibited;</p>\n   <p class=\"indent\">(2) Code Section 20-5-5, relating to internet safety policies in public libraries;</p>\n   <p class=\"indent\">(3) Code Section 32-6-75, relating to restrictions on outdoor advertising authorized by Code Sections 32-6-72 and 32-6-73 and multiple message signs on interstate system, primary highways, and other highways; and</p>\n   <p class=\"indent\">(4) Code Section 32-6-75.3, relating to permits for trimming or removal of trees or vegetation in state right of way which obstruct view of outdoor advertising and removal of signs with lapsed permits.</p>\n   <p class=\"center\">\n    <b>SECTION 5.</b>\n   </p>\n   <p class=\"indent\">This Act shall become effective on July 1, 2025, and shall apply to all offenses committed on or after such date.</p>\n   <p class=\"center\">\n    <b>SECTION 6.</b>\n   </p>\n   <p class=\"indent\">All laws and parts of laws in conflict with this Act are repealed.</p>\n  </div>\n </div>\n    </div>\t\n<table cellpadding=0 cellspacing=0 width=\"100%\">\n   <tr>\n      <td>\n          Copyright &copy; 2025 State Net\n      </td>\n<BR>\n<!--???MOVED INTO resources.cgi      <td align=\"right\">\n          <img src=\"https://custom.statenet.com/network/poweredby.gif\" alt=\"Powered by State Net\">\n      </td>-->\n\n    </tr>\n</table>\n</body></html>\n",
      "markdown": "The following has special meaning: _green underline denotes added text_ ~~red struck out text denotes deleted text~~ | [![Powered by State Net](https://custom.statenet.com/network/poweredby.gif)](https://www.lexisnexis.com/statenet/)  \n---|---  \n  \n2025 GA H 171 | | Author: | Thomas B  \n---|---  \nVersion: | Substituted  \nVersion Date: | 03/31/2025  \n  \nThe Senate Committee on Rules offered the following substitute to HB 171:\n\nA BILL TO BE ENTITLED\n\nAN ACT\n\nTo amend Part 1 of Article 3 of Chapter 12 of Title 16 of the Official Code of\nGeorgia Annotated, relating to general provisions relative to obscenity and\nrelated offenses, so as to prohibit distribution of computer generated obscene\nmaterial depicting a child; to prohibit distribution of computer generated\nobscene material to a child; to provide for a standard for obscenity; to\nprovide for a penalty and probation; to amend Article 1 of Chapter 10 of Title\n17 of the Official Code of Georgia Annotated, relating to procedure for\nsentencing and imposition of punishment, so as to provide for sentencing of\ndefendants who utilize artificial intelligence in the commission of certain\noffenses; to provide for notice and enhanced sentencing; to amend Titles 20\nand 32 of the Official Code of Georgia Annotated, relating to education and\nhighways, bridges, and ferries, respectively, so as to replace cross-\nreferences to Code Section 16-12-80 with Code Section 16-12-80.1; to provide\nfor definitions; to provide for a short title; to provide for related matters;\nto provide for an effective date and applicability; to repeal conflicting\nlaws; and for other purposes.\n\nBE IT ENACTED BY THE GENERAL ASSEMBLY OF GEORGIA:\n\n**SECTION 1.**\n\nThis Act shall be known and may be cited as the \"Ensuring Accountability for\nIllegal AI Activities Act.\"\n\n**SECTION 2.**\n\nPart 1 of Article 3 of Chapter 12 of Title 16 of the Official Code of Georgia\nAnnotated, relating to general provisions relative to obscenity and related\noffenses, is amended by adding a new Code section to read as follows:\n\n\"_16-12-80.1._\n\n_(a) As used in this Code section, the term:_\n\n_(1) 'Artificial intelligence system' shall have the same meaning as set forth\nin Code Section 17-10-22._\n\n_(2) 'Child' means any individual under the age of 16 years._\n\n_(3) 'Obscene' means material which meets the following requirements:_\n\n_(A) To an average person, applying contemporary community standards, taken as\na whole, it predominantly appeals to the prurient interest, that is, a\nshameful or morbid interest in nudity, sex, or excretion;_\n\n_(B) The material taken as a whole lacks serious literary, artistic,\npolitical, or scientific value; and_\n\n_(C) The material depicts or describes, in a patently offensive way, sexually\nexplicit conduct._\n\n_(4) 'Sexually explicit conduct' shall have the same meaning as set forth in\nCode Section 16-12-100._\n\n_(b) A person commits the offense of distribution of computer generated\nobscene material depicting a child when such person knowingly distributes,\nsolicits, or possesses with intent to distribute a visual depiction of any\nkind, including an electronic image, electronic video, drawing, sculpture, or\npainting, that:_\n\n_(1) Depicts an image that appears to be of a child, and that would appear\nrealistic to an average observer, engaging in sexually explicit conduct,\nwhether alone or between persons of the same or opposite sex;_\n\n_(2) Is obscene; and_\n\n_(3) Was created through the use of an artificial intelligence system._\n\n_(c) A person who owns or operates a computer program or application that is\ndesigned primarily for use by or marketed to children, is accessible to the\npublic, and which utilizes an artificial intelligence system to generate text\nresponses to user 's prompts shall be guilty of the offense of distribution of\ncomputer generated obscene material to a child if such person knows or\nreasonably should have known that such computer program or application was\nreasonably likely to and in fact did provide a description of obscene conduct\nto a child._\n\n_(d) A person who commits an offense under this Code section shall be guilty\nof a felony and, upon conviction thereof, shall be punished by imprisonment\nfor not less than one year nor more than 15 years._\n\n_(e) It shall not be a required element of an offense under this Code section\nthat the image of a child in such depiction is of a currently or previously\nliving individual._\n\n_(f) If the sentence imposed under this Code section is probated, in whole or\nin part, by the sentencing court, as a condition of such probation, the\nsentencing court shall have the discretion to impose any or all of the\nrequirements set forth in subsection (b) of Code Section 42-8-35._\n\n_(g) For purposes of this Code section, a person who, in the course of\nprocessing or producing visual or printed matter either privately or\ncommercially, has reasonable cause to believe that the visual or printed\nmatter submitted for processing or producing depicts what appears to be a\nminor engaged in sexually explicit conduct shall immediately report such\nincident, or cause a report to be made, to the National Center for Missing and\nExploited Children, and may additionally report such to the Georgia Bureau of\nInvestigation or the law enforcement agency for the county in which such\nmatter is submitted. Any person participating in the making of a report or\ncausing a report to be made pursuant to this subsection or participating in\nany judicial proceeding or any other proceeding resulting therefrom shall in\nso doing be immune from any civil or criminal liability that might otherwise\nbe incurred or imposed, provided such participation pursuant to this\nsubsection is made in good faith._\n\n_(h) The provisions of subsection (b) of this Code section shall not apply to\nthe activities of law enforcement and prosecution agencies in the\ninvestigation and prosecution of criminal offenses._ \"\n\n**SECTION 3.**\n\nArticle 1 of Chapter 10 of Title 17 of the Official Code of Georgia Annotated,\nrelating to procedure for sentencing and imposition of punishment, is amended\nby adding a new Code section to read as follows:\n\n\"_17-10-22._\n\n_(a) As used in this Code section, the term:_\n\n_(1) 'Artificial intelligence system' means an engineered or machine based\nsystem that emulates the capability of a person to receive audio, visual,\ntext, or any other form of information and use such information to emulate a\nhuman cognitive process, including, but not limited to, learning,\ngeneralizing, reasoning, planning, predicting, acting, or communicating;\nprovided, however, that artificial intelligence systems may vary in the forms\nof information they can receive and in the human cognitive processes they can\nemulate._\n\n_(2) 'Designated offense' means:_\n\n_(A) Stalking in violation of Code Section 16-5-90;_\n\n_(B) Aggravated stalking in violation of Code Section 16-5-91;_\n\n_(C) Exploitation of a disabled adult, elder person, or resident in violation\nof Code Section 16-5-102;_\n\n_(D) Enticing a child for indecent purposes in violation of Code Section\n16-6-5;_\n\n_(E) Any misdemeanor or felony offense provided for in Article 1 of Chapter 8\nof Title 16;_\n\n_(F) Any misdemeanor or felony offense provided for in Article 3 of Chapter 8\nof Title 16;_\n\n_(G) Any misdemeanor or felony offense provided for in Article 5 of Chapter 8\nof Title 16;_\n\n_(H) Any misdemeanor or felony offense provided for in Chapter 9 of Title 16;_\n\n_(I) Any misdemeanor or felony offense provided for in Chapter 10 of Title\n16;_\n\n_(J) Any misdemeanor or felony offense provided for in Chapter 11 of Title\n16;_\n\n_(K) Any misdemeanor or felony offense provided for in Chapter 12 of Title 16;\nand_\n\n_(L) Fraudulent election interference in violation of Code Section 21-2-604._\n\n_(3) 'Utilized an artificial intelligence system' means to be the proximate\ncause of an artificial intelligence system receiving an input or providing an\noutput._\n\n_(b) Subject to the notice requirement provided in subsection (c) of this Code\nsection and in enhancement of the penalty imposed, if the trier of fact\ndetermines beyond a reasonable doubt that the defendant knowingly and\nintentionally utilized an artificial intelligence system in the commission of\na designated offense, the judge imposing sentence shall:_\n\n_(1) If the designated offense for which the defendant was convicted is a\nmisdemeanor, impose a sentence of confinement for a period of not less than\nsix nor more than 12 months and a fine not to exceed $5,000.00; or_\n\n_(2) If the designated offense for which the defendant was convicted is a\nfelony, impose a sentence of imprisonment for a period of not less than two\nyears and a fine not less than $5,000.00; provided, however, that, if such\ndesignated offense is subject to a minimum sentence of imprisonment for two\nyears or more, the judge shall impose a sentence of imprisonment for not less\nthan such minimum sentence plus one year and a fine of not less than\n$5,000.00._\n\n_(c) At any time after the filing of an indictment or accusation, but not\nlater than the arraignment, the state shall notify the defendant of its\nintention to seek the enhanced penalty or penalties authorized by subsection\n(b) of this Code section. Such notice shall be in writing and shall allege the\nspecific factor or factors authorizing an enhanced sentence in the case\npursuant to this Code section._\n\n_(d) The judge shall state when he or she imposes the sentence the amount of\nthe enhancement of the sentence based on the application of subsection (b) of\nthis Code section._ \"\n\n**SECTION 4.**\n\nTitles 20 and 32 of the Official Code of Georgia Annotated, relating to\neducation and highways, bridges, and ferries, respectively, are amended by\nreplacing \"16-12-80\" with \"16-12-80.1\" wherever the former term appears in:\n\n(1) Code Section 20-2-324, relating to internet acceptable-use policies\nrequired in all public schools, minimum policy requirements, policy\nenforcement, technology protection measures required, policy compliance\nreview, approval, and enforcement by State Board of Education, and waivers\nprohibited;\n\n(2) Code Section 20-5-5, relating to internet safety policies in public\nlibraries;\n\n(3) Code Section 32-6-75, relating to restrictions on outdoor advertising\nauthorized by Code Sections 32-6-72 and 32-6-73 and multiple message signs on\ninterstate system, primary highways, and other highways; and\n\n(4) Code Section 32-6-75.3, relating to permits for trimming or removal of\ntrees or vegetation in state right of way which obstruct view of outdoor\nadvertising and removal of signs with lapsed permits.\n\n**SECTION 5.**\n\nThis Act shall become effective on July 1, 2025, and shall apply to all\noffenses committed on or after such date.\n\n**SECTION 6.**\n\nAll laws and parts of laws in conflict with this Act are repealed.\n\nCopyright (C) 2025 State Net  \n  \n---\n\n",
      "latest_version": true
    }
  ]
}