{
  "bill_id": "GA2025000S318",
  "source_url": "http://custom.statenet.com/public/resources.cgi?id=ID:bill:GA2025000S318&cuiq=93d84396-c63b-526a-b152-38b7f79b4cfd&client_md=e4f6fea4-27b4-5d41-b7d3-766fe52569f0",
  "versions": [
    {
      "date": "03/03/2025",
      "label": "Introduced",
      "url": "https://custom.statenet.com/public/resources.cgi?mode=show_text&id=ID:bill:GA2025000S318&verid=GA2025000S318_20250303_0_I&",
      "raw_html": "<html>\n<head>\n<title>Bill Resource</title>\n\n<!--   <link href=\"https://custom.statenet.com/network/Common/css/extregtext.css\" rel=\"stylesheet\" type=\"text/css\" />-->\n   <link href=\"https://custom.statenet.com/network/Common/css/xmltext-2.0.css\" rel=\"stylesheet\" type=\"text/css\" />\n   <link href=\"https://custom.statenet.com/network/Common/css/additional-text.css\" rel=\"stylesheet\" type=\"text/css\" />\n\n\t<style type=\"text/css\">\n<!--\n\ntd, body {\n     background-color: white;\n\tfont-family: Verdana, Arial, Helvetica, sans-serif;\n\tfont-size: 12px;\n}\n\n.resourceContainer {\n   border: 1px solid black;\n}\n-->\n</style>\n</head>\n<body>\n\n    <div style=\"width: 750px; margin: auto\">\n       <div style=\"font-size: .8em;margin-bottom: 10px\"><table width=\"100%\"><tr><td align=\"left\" style=\"font-size: .8em;\"><div>The following has special meaning:</div>\n<div><u class=\"amendmentInsertedText\">green underline denotes added text</u></div>\n<div><strike class=\"amendmentDeletedText\">red struck out text denotes deleted text</strike></div></td> <td align=\"right\"><a href=\"https://www.lexisnexis.com/statenet/\"><img alt=\"Powered by State Net\" src=\"https://custom.statenet.com/network/poweredby.gif\" /></a></td></tr></table></div><table id=\"text-identifier\"><tr><td class=\"key\">2025 GA S 318</td> <td><table><tr><td class=\"label\">Author:</td> <td>Merritt</td></tr> <tr><td class=\"label\">Version:</td> <td>Introduced</td></tr> <tr><td class=\"label\">Version Date:</td> <td>03/03/2025</td></tr></table></td></tr></table><div class=\"documentBody\">\n  <a name=\"head_document_section\"></a><div class=\"head\">\n   <p class=\"indent\">Senate Bill 318</p>\n   <p class=\"indent\">By: Senators Merritt of the 9th, Islam Parkes of the 7th, Mallow of the 2nd, Jones II of the 22nd, Harrell of the 40th and others</p>\n  </div>\n  <a name=\"code_document_section\"></a><div class=\"code\">\n   <p class=\"center\">A BILL TO BE ENTITLED</p>\n   <p class=\"center\">AN ACT</p>\n   <p class=\"indent\">To amend Chapter 8 of Title 13 of the Official Code of Georgia Annotated, relating to illegal and void contracts generally, so as to prohibit certain agreements involving parallel pricing coordination as unenforceable contracts in general restraint of trade with respect to residential rental properties; to provide for a civil penalty; to provide for educational materials informing residents in this state of the provisions of this Act; to provide for statutory construction; to provide for an effective date and applicability; to provide for related matters; to repeal conflicting laws; and for other purposes.</p>\n  </div>\n  <a name=\"text_document_section\"></a><div class=\"text\">\n   <span>\n    <p class=\"indent\">BE IT ENACTED BY THE GENERAL ASSEMBLY OF GEORGIA:</p>\n   </span>\n   <p class=\"center\">\n    <b>SECTION 1.</b>\n   </p>\n   <p class=\"indent\">Chapter 8 of Title 13 of the Official Code of Georgia Annotated, relating to illegal and void contracts generally, is amended by adding a new Code section to read as follows:</p>\n   <p class=\"indent\">&quot;<u class=\"amendmentInsertedText\">13-8-5.</u>\n   </p>\n   <p class=\"indent\">\n    <u class=\"amendmentInsertedText\">(a) As used in this Code section, the term:</u>\n   </p>\n   <p class=\"indent\">\n    <u class=\"amendmentInsertedText\">(1) &#39;Agreement&#39; means any contract, combination, or other agreement, whether verbal or written.</u>\n   </p>\n   <p class=\"indent\">\n    <u class=\"amendmentInsertedText\">(2) &#39;Coordinating function&#39; means:</u>\n   </p>\n   <p class=\"indent\">\n    <u class=\"amendmentInsertedText\">(A) Collecting historical or contemporaneous rental prices, supply levels, or rental agreement termination and renewal dates of residential properties from two or more landlords;</u>\n   </p>\n   <p class=\"indent\">\n    <u class=\"amendmentInsertedText\">(B) Analyzing or processing the information described in subparagraph (A) of this paragraph through the use of a system, software, or process, including, but not limited to, a computational process that uses machine learning or other artificial intelligence techniques; and</u>\n   </p>\n   <p class=\"indent\">\n    <u class=\"amendmentInsertedText\">(C) Recommending rental prices, rental agreement renewal terms, or ideal occupancy levels to a landlord.</u>\n   </p>\n   <p class=\"indent\">\n    <u class=\"amendmentInsertedText\">(3) &#39;Coordinator&#39; means an individual who uses or causes to be used a system, software, or process that performs a coordinating function for one or more landlords, including a landlord that is performing a coordinating function for the landlord&#39;s own benefit.</u>\n   </p>\n   <p class=\"indent\">\n    <u class=\"amendmentInsertedText\">(4) &#39;Landlord&#39; means the owner, lessor, or sublessor of a residential property or any person designated as an agent or representative of the owner, lessor, or sublessor, including, but not limited to, an agent, a resident manager, or a designated property manager.</u>\n   </p>\n   <p class=\"indent\">\n    <u class=\"amendmentInsertedText\">(5) &#39;Parallel pricing coordination&#39; means any agreement between two or more landlords to raise, lower, change, maintain, or otherwise manipulate the rental price of two or more residential properties.</u>\n   </p>\n   <p class=\"indent\">\n    <u class=\"amendmentInsertedText\">(6) &#39;Person&#39; means any individual, partnership, association, firm, public or private corporation, trust, or unincorporated organization. Such term shall include a coordinator or a landlord.</u>\n   </p>\n   <p class=\"indent\">\n    <u class=\"amendmentInsertedText\">(7) &#39;Rental agreement&#39; means any lease, rental, or other written agreement entered into by a landlord and a tenant in order for such tenant to lease, sublease, let, or accept a grant for consideration the right to possess and enjoy the use of a residential property.</u>\n   </p>\n   <p class=\"indent\">\n    <u class=\"amendmentInsertedText\">(8) &#39;Rental price&#39; means any consideration a tenant must pay in order to lease, sublease, let, or accept a grant of the right to possess and enjoy the use of a residential property either for a fixed time or at the will of the landlord.</u>\n   </p>\n   <p class=\"indent\">\n    <u class=\"amendmentInsertedText\">(9) &#39;Residential property&#39; means any building, structure, or portion thereof which is used or occupied as, or designed or intended for use or occupancy as, a residence.</u>\n   </p>\n   <p class=\"indent\">\n    <u class=\"amendmentInsertedText\">(b) No person shall enter into, cause to be entered into, or perform a coordinating function in relation to an agreement involving parallel pricing coordination. Any such agreement shall be deemed an unenforceable contract in general restraint of trade as provided in Code Section 13-8-2, and any person that enters into, causes to be entered into, or performsa coordinating function in relation to the same shall be subject to a civil penalty of $1,000.00 per violation. The civil penalty provided for in this subsection shall be recoverable ina civil action brought in any court of competent jurisdiction by the Attorney General or any district attorney.</u>\n   </p>\n   <p class=\"indent\">\n    <u class=\"amendmentInsertedText\">(c) The Department of Community Affairs shall develop and publish educational materials informing residents of this state of the provisions of this Code section.</u>\n   </p>\n   <p class=\"indent\">\n    <u class=\"amendmentInsertedText\">(d) Nothing in this Code section shall be construed to apply to, impair, or otherwise prohibit actions taken by a person or any federal, state, or local governmental entity, or any official, employee, or agent thereof, while in the exercise or performance of any power or duty imposed by a federal or state affordable or low-income housing law, program,or initiative.</u>&quot;</p>\n   <p class=\"center\">\n    <b>SECTION 2.</b>\n   </p>\n   <p class=\"indent\">This Act shall become effective upon its approval by the Governor or upon its becoming law without such approval and shall apply to all agreements related to residential property entered into on or after such date and to all renewals, modifications, or extensions of such agreements entered into on or after such date.</p>\n   <p class=\"center\">\n    <b>SECTION 3.</b>\n   </p>\n   <p class=\"indent\">All laws and parts of laws in conflict with this Act are repealed.</p>\n  </div>\n </div>\n    </div>\t\n<table cellpadding=0 cellspacing=0 width=\"100%\">\n   <tr>\n      <td>\n          Copyright &copy; 2025 State Net\n      </td>\n<BR>\n<!--???MOVED INTO resources.cgi      <td align=\"right\">\n          <img src=\"https://custom.statenet.com/network/poweredby.gif\" alt=\"Powered by State Net\">\n      </td>-->\n\n    </tr>\n</table>\n</body></html>\n",
      "markdown": "The following has special meaning: _green underline denotes added text_ ~~red struck out text denotes deleted text~~ | [![Powered by State Net](https://custom.statenet.com/network/poweredby.gif)](https://www.lexisnexis.com/statenet/)  \n---|---  \n  \n2025 GA S 318 | | Author: | Merritt  \n---|---  \nVersion: | Introduced  \nVersion Date: | 03/03/2025  \n  \nSenate Bill 318\n\nBy: Senators Merritt of the 9th, Islam Parkes of the 7th, Mallow of the 2nd,\nJones II of the 22nd, Harrell of the 40th and others\n\nA BILL TO BE ENTITLED\n\nAN ACT\n\nTo amend Chapter 8 of Title 13 of the Official Code of Georgia Annotated,\nrelating to illegal and void contracts generally, so as to prohibit certain\nagreements involving parallel pricing coordination as unenforceable contracts\nin general restraint of trade with respect to residential rental properties;\nto provide for a civil penalty; to provide for educational materials informing\nresidents in this state of the provisions of this Act; to provide for\nstatutory construction; to provide for an effective date and applicability; to\nprovide for related matters; to repeal conflicting laws; and for other\npurposes.\n\nBE IT ENACTED BY THE GENERAL ASSEMBLY OF GEORGIA:\n\n**SECTION 1.**\n\nChapter 8 of Title 13 of the Official Code of Georgia Annotated, relating to\nillegal and void contracts generally, is amended by adding a new Code section\nto read as follows:\n\n\"_13-8-5._\n\n_(a) As used in this Code section, the term:_\n\n_(1) 'Agreement' means any contract, combination, or other agreement, whether\nverbal or written._\n\n_(2) 'Coordinating function' means:_\n\n_(A) Collecting historical or contemporaneous rental prices, supply levels, or\nrental agreement termination and renewal dates of residential properties from\ntwo or more landlords;_\n\n_(B) Analyzing or processing the information described in subparagraph (A) of\nthis paragraph through the use of a system, software, or process, including,\nbut not limited to, a computational process that uses machine learning or\nother artificial intelligence techniques; and_\n\n_(C) Recommending rental prices, rental agreement renewal terms, or ideal\noccupancy levels to a landlord._\n\n_(3) 'Coordinator' means an individual who uses or causes to be used a system,\nsoftware, or process that performs a coordinating function for one or more\nlandlords, including a landlord that is performing a coordinating function for\nthe landlord's own benefit._\n\n_(4) 'Landlord' means the owner, lessor, or sublessor of a residential\nproperty or any person designated as an agent or representative of the owner,\nlessor, or sublessor, including, but not limited to, an agent, a resident\nmanager, or a designated property manager._\n\n_(5) 'Parallel pricing coordination' means any agreement between two or more\nlandlords to raise, lower, change, maintain, or otherwise manipulate the\nrental price of two or more residential properties._\n\n_(6) 'Person' means any individual, partnership, association, firm, public or\nprivate corporation, trust, or unincorporated organization. Such term shall\ninclude a coordinator or a landlord._\n\n_(7) 'Rental agreement' means any lease, rental, or other written agreement\nentered into by a landlord and a tenant in order for such tenant to lease,\nsublease, let, or accept a grant for consideration the right to possess and\nenjoy the use of a residential property._\n\n_(8) 'Rental price' means any consideration a tenant must pay in order to\nlease, sublease, let, or accept a grant of the right to possess and enjoy the\nuse of a residential property either for a fixed time or at the will of the\nlandlord._\n\n_(9) 'Residential property' means any building, structure, or portion thereof\nwhich is used or occupied as, or designed or intended for use or occupancy as,\na residence._\n\n_(b) No person shall enter into, cause to be entered into, or perform a\ncoordinating function in relation to an agreement involving parallel pricing\ncoordination. Any such agreement shall be deemed an unenforceable contract in\ngeneral restraint of trade as provided in Code Section 13-8-2, and any person\nthat enters into, causes to be entered into, or performsa coordinating\nfunction in relation to the same shall be subject to a civil penalty of\n$1,000.00 per violation. The civil penalty provided for in this subsection\nshall be recoverable ina civil action brought in any court of competent\njurisdiction by the Attorney General or any district attorney._\n\n_(c) The Department of Community Affairs shall develop and publish educational\nmaterials informing residents of this state of the provisions of this Code\nsection._\n\n_(d) Nothing in this Code section shall be construed to apply to, impair, or\notherwise prohibit actions taken by a person or any federal, state, or local\ngovernmental entity, or any official, employee, or agent thereof, while in the\nexercise or performance of any power or duty imposed by a federal or state\naffordable or low-income housing law, program,or initiative._ \"\n\n**SECTION 2.**\n\nThis Act shall become effective upon its approval by the Governor or upon its\nbecoming law without such approval and shall apply to all agreements related\nto residential property entered into on or after such date and to all\nrenewals, modifications, or extensions of such agreements entered into on or\nafter such date.\n\n**SECTION 3.**\n\nAll laws and parts of laws in conflict with this Act are repealed.\n\nCopyright (C) 2025 State Net  \n  \n---\n\n",
      "latest_version": true
    }
  ]
}