{
  "bill_id": "GA2025000H478",
  "source_url": "http://custom.statenet.com/public/resources.cgi?id=ID:bill:GA2025000H478&cuiq=93d84396-c63b-526a-b152-38b7f79b4cfd&client_md=e4f6fea4-27b4-5d41-b7d3-766fe52569f0",
  "versions": [
    {
      "date": "02/18/2025",
      "label": "Introduced",
      "url": "https://custom.statenet.com/public/resources.cgi?mode=show_text&id=ID:bill:GA2025000H478&verid=GA2025000H478_20250218_0_I&",
      "raw_html": "<html>\n<head>\n<title>Bill Resource</title>\n\n<!--   <link href=\"https://custom.statenet.com/network/Common/css/extregtext.css\" rel=\"stylesheet\" type=\"text/css\" />-->\n   <link href=\"https://custom.statenet.com/network/Common/css/xmltext-2.0.css\" rel=\"stylesheet\" type=\"text/css\" />\n   <link href=\"https://custom.statenet.com/network/Common/css/additional-text.css\" rel=\"stylesheet\" type=\"text/css\" />\n\n\t<style type=\"text/css\">\n<!--\n\ntd, body {\n     background-color: white;\n\tfont-family: Verdana, Arial, Helvetica, sans-serif;\n\tfont-size: 12px;\n}\n\n.resourceContainer {\n   border: 1px solid black;\n}\n-->\n</style>\n</head>\n<body>\n\n    <div style=\"width: 750px; margin: auto\">\n       <div style=\"font-size: .8em;margin-bottom: 10px\"><table width=\"100%\"><tr><td align=\"left\" style=\"font-size: .8em;\"><div>The following has special meaning:</div>\n<div><u class=\"amendmentInsertedText\">green underline denotes added text</u></div>\n<div><strike class=\"amendmentDeletedText\">red struck out text denotes deleted text</strike></div></td> <td align=\"right\"><a href=\"https://www.lexisnexis.com/statenet/\"><img alt=\"Powered by State Net\" src=\"https://custom.statenet.com/network/poweredby.gif\" /></a></td></tr></table></div><table id=\"text-identifier\"><tr><td class=\"key\">2025 GA H 478</td> <td><table><tr><td class=\"label\">Author:</td> <td>Kendrick</td></tr> <tr><td class=\"label\">Version:</td> <td>Introduced</td></tr> <tr><td class=\"label\">Version Date:</td> <td>02/18/2025</td></tr></table></td></tr></table><div class=\"documentBody\">\n  <a name=\"head_document_section\"></a><div class=\"head\">\n   <p class=\"indent\">House Bill 478</p>\n   <p class=\"indent\">By: Representative Kendrick of the 95<sup>th</sup>\n   </p>\n  </div>\n  <a name=\"code_document_section\"></a><div class=\"code\">\n   <p class=\"center\">A BILL TO BE ENTITLED</p>\n   <p class=\"center\">AN ACT</p>\n   <p class=\"indent\">To amend Part 2 of Article 15 of Chapter 1 of Title 10 of the Official Code of Georgia Annotated, relating to the Fair Business Practices Act, so as to require that AI generated content used in commerce and trade include a disclaimer indicating such content was generated using artificial intelligence; to provide for the form of such disclaimers; to provide for a definition; to provide for related matters; to repeal conflicting laws; and for other purposes.</p>\n  </div>\n  <a name=\"text_document_section\"></a><div class=\"text\">\n   <span>\n    <p class=\"indent\">BE IT ENACTED BY THE GENERAL ASSEMBLY OF GEORGIA:</p>\n   </span>\n   <p class=\"center\">\n    <b>SECTION 1.</b>\n   </p>\n   <p class=\"indent\">Part 2 of Article 15 of Chapter 1 of Title 10 of the Official Code of Georgia Annotated, relating to the Fair Business Practices Act, is amended in Code Section 10-1-392, relating to definitions, by adding a new paragraph to read as follows:</p>\n   <p class=\"indent\">&quot;<u class=\"amendmentInsertedText\">(.1) &#39;AI generated content&#39; means a video recording, video file, audio recording, audio file, still image, or still image file that is created through the use of an engineeredor machine based system that emulates the capability of a person to receive audio, visual, text, or any other form of information and use the information received to emulatea human cognitive process, including, but not limited to, learning, generalizing, reasoning, planning, predicting, acting, or communicating; provided, however, that artificial intelligence systems may vary in the forms of information they can receive and in the human cognitive processes they can emulate.</u>&quot;</p>\n   <p class=\"center\">\n    <b>SECTION 2.</b>\n   </p>\n   <p class=\"indent\">Said part is further amended by adding a new Code section to read as follows:</p>\n   <p class=\"indent\">&quot;<u class=\"amendmentInsertedText\">10-1-393.20.</u>\n   </p>\n   <p class=\"indent\">\n    <u class=\"amendmentInsertedText\">(a) On or after July 1, 2025, any individual engaged in the dissemination of AI generated content to facilitate commerce or trade shall ensure such content includes a disclosure that artificial intelligence was used to make all or part of such content.</u>\n   </p>\n   <p class=\"indent\">\n    <u class=\"amendmentInsertedText\">(b) Disclosures required under subsection (a) of this Code section for AI generated content that involves the use, in whole or in part, of visual media shall be:</u>\n   </p>\n   <p class=\"indent\">\n    <u class=\"amendmentInsertedText\">(1) In writing and completed in each written language used in such content; and</u>\n   </p>\n   <p class=\"indent\">\n    <u class=\"amendmentInsertedText\">(2) Clearly readable, which shall mean that the text of the disclosure shall:</u>\n   </p>\n   <p class=\"indent\">\n    <u class=\"amendmentInsertedText\">(A) Appear in letters equal to or greater than 30 percent of the vertical picture height;</u>\n   </p>\n   <p class=\"indent\">\n    <u class=\"amendmentInsertedText\">(B) Be visible for a period of at least 30 percent of the media&#39;s length, in the caseof moving images and video; and</u>\n   </p>\n   <p class=\"indent\">\n    <u class=\"amendmentInsertedText\">(C) Appear with a reasonable degree of color contrast between the background and the text of the statement. A statement satisfies the color contrast requirement of this subparagraph if it is printed in black text on a white background or if the degreeof color contrast between the background and the text of the statement is no less than the color contrast between the background and the largest type size used in the content.</u>\n   </p>\n   <p class=\"indent\">\n    <u class=\"amendmentInsertedText\">(c) Disclosures required under subsection (a) of this Code section for AI generated content that involves the use, in whole or in part, of audible media shall be announced, articulated, spoken, or otherwise rendered completely using the same audible volume, the same rate of speaking as measured in words per minute, and each spoken language as used in such content.</u>\n   </p>\n   <p class=\"indent\">\n    <u class=\"amendmentInsertedText\">(d) It shall be unlawful to omit disclosures required under subsection (a) of this Code section.</u>\n   </p>\n   <p class=\"indent\">\n    <u class=\"amendmentInsertedText\">(e) Each video recording, video file, audio recording, audio file, still image, or still image file disseminated in facilitating commerce or trade that omits disclosures required under subsection (a) of this Code section shall constitute a separate violation.</u>&quot;</p>\n   <p class=\"center\">\n    <b>SECTION 3.</b>\n   </p>\n   <p class=\"indent\">All laws and parts of laws in conflict with this Act are repealed.</p>\n  </div>\n </div>\n    </div>\t\n<table cellpadding=0 cellspacing=0 width=\"100%\">\n   <tr>\n      <td>\n          Copyright &copy; 2025 State Net\n      </td>\n<BR>\n<!--???MOVED INTO resources.cgi      <td align=\"right\">\n          <img src=\"https://custom.statenet.com/network/poweredby.gif\" alt=\"Powered by State Net\">\n      </td>-->\n\n    </tr>\n</table>\n</body></html>\n",
      "markdown": "The following has special meaning: _green underline denotes added text_ ~~red struck out text denotes deleted text~~ | [![Powered by State Net](https://custom.statenet.com/network/poweredby.gif)](https://www.lexisnexis.com/statenet/)  \n---|---  \n  \n2025 GA H 478 | | Author: | Kendrick  \n---|---  \nVersion: | Introduced  \nVersion Date: | 02/18/2025  \n  \nHouse Bill 478\n\nBy: Representative Kendrick of the 95th\n\nA BILL TO BE ENTITLED\n\nAN ACT\n\nTo amend Part 2 of Article 15 of Chapter 1 of Title 10 of the Official Code of\nGeorgia Annotated, relating to the Fair Business Practices Act, so as to\nrequire that AI generated content used in commerce and trade include a\ndisclaimer indicating such content was generated using artificial\nintelligence; to provide for the form of such disclaimers; to provide for a\ndefinition; to provide for related matters; to repeal conflicting laws; and\nfor other purposes.\n\nBE IT ENACTED BY THE GENERAL ASSEMBLY OF GEORGIA:\n\n**SECTION 1.**\n\nPart 2 of Article 15 of Chapter 1 of Title 10 of the Official Code of Georgia\nAnnotated, relating to the Fair Business Practices Act, is amended in Code\nSection 10-1-392, relating to definitions, by adding a new paragraph to read\nas follows:\n\n\"_(.1) 'AI generated content' means a video recording, video file, audio\nrecording, audio file, still image, or still image file that is created\nthrough the use of an engineeredor machine based system that emulates the\ncapability of a person to receive audio, visual, text, or any other form of\ninformation and use the information received to emulatea human cognitive\nprocess, including, but not limited to, learning, generalizing, reasoning,\nplanning, predicting, acting, or communicating; provided, however, that\nartificial intelligence systems may vary in the forms of information they can\nreceive and in the human cognitive processes they can emulate._\"\n\n**SECTION 2.**\n\nSaid part is further amended by adding a new Code section to read as follows:\n\n\"_10-1-393.20._\n\n_(a) On or after July 1, 2025, any individual engaged in the dissemination of\nAI generated content to facilitate commerce or trade shall ensure such content\nincludes a disclosure that artificial intelligence was used to make all or\npart of such content._\n\n_(b) Disclosures required under subsection (a) of this Code section for AI\ngenerated content that involves the use, in whole or in part, of visual media\nshall be:_\n\n_(1) In writing and completed in each written language used in such content;\nand_\n\n_(2) Clearly readable, which shall mean that the text of the disclosure\nshall:_\n\n_(A) Appear in letters equal to or greater than 30 percent of the vertical\npicture height;_\n\n_(B) Be visible for a period of at least 30 percent of the media 's length, in\nthe caseof moving images and video; and_\n\n_(C) Appear with a reasonable degree of color contrast between the background\nand the text of the statement. A statement satisfies the color contrast\nrequirement of this subparagraph if it is printed in black text on a white\nbackground or if the degreeof color contrast between the background and the\ntext of the statement is no less than the color contrast between the\nbackground and the largest type size used in the content._\n\n_(c) Disclosures required under subsection (a) of this Code section for AI\ngenerated content that involves the use, in whole or in part, of audible media\nshall be announced, articulated, spoken, or otherwise rendered completely\nusing the same audible volume, the same rate of speaking as measured in words\nper minute, and each spoken language as used in such content._\n\n_(d) It shall be unlawful to omit disclosures required under subsection (a) of\nthis Code section._\n\n_(e) Each video recording, video file, audio recording, audio file, still\nimage, or still image file disseminated in facilitating commerce or trade that\nomits disclosures required under subsection (a) of this Code section shall\nconstitute a separate violation._ \"\n\n**SECTION 3.**\n\nAll laws and parts of laws in conflict with this Act are repealed.\n\nCopyright (C) 2025 State Net  \n  \n---\n\n",
      "latest_version": true
    }
  ]
}