{
  "bill_id": "GA2025000S354",
  "source_url": "http://custom.statenet.com/public/resources.cgi?id=ID:bill:GA2025000S354&cuiq=93d84396-c63b-526a-b152-38b7f79b4cfd&client_md=e4f6fea4-27b4-5d41-b7d3-766fe52569f0",
  "versions": [
    {
      "date": "03/21/2025",
      "label": "Introduced",
      "url": "https://custom.statenet.com/public/resources.cgi?mode=show_text&id=ID:bill:GA2025000S354&verid=GA2025000S354_20250321_0_I&",
      "raw_html": "<html>\n<head>\n<title>Bill Resource</title>\n\n<!--   <link href=\"https://custom.statenet.com/network/Common/css/extregtext.css\" rel=\"stylesheet\" type=\"text/css\" />-->\n   <link href=\"https://custom.statenet.com/network/Common/css/xmltext-2.0.css\" rel=\"stylesheet\" type=\"text/css\" />\n   <link href=\"https://custom.statenet.com/network/Common/css/additional-text.css\" rel=\"stylesheet\" type=\"text/css\" />\n\n\t<style type=\"text/css\">\n<!--\n\ntd, body {\n     background-color: white;\n\tfont-family: Verdana, Arial, Helvetica, sans-serif;\n\tfont-size: 12px;\n}\n\n.resourceContainer {\n   border: 1px solid black;\n}\n-->\n</style>\n</head>\n<body>\n\n    <div style=\"width: 750px; margin: auto\">\n       <div style=\"font-size: .8em;margin-bottom: 10px\"><table width=\"100%\"><tr><td align=\"left\" style=\"font-size: .8em;\"><div>The following has special meaning:</div>\n<div><u class=\"amendmentInsertedText\">green underline denotes added text</u></div>\n<div><strike class=\"amendmentDeletedText\">red struck out text denotes deleted text</strike></div></td> <td align=\"right\"><a href=\"https://www.lexisnexis.com/statenet/\"><img alt=\"Powered by State Net\" src=\"https://custom.statenet.com/network/poweredby.gif\" /></a></td></tr></table></div><table id=\"text-identifier\"><tr><td class=\"key\">2025 GA S 354</td> <td><table><tr><td class=\"label\">Author:</td> <td>Harrell</td></tr> <tr><td class=\"label\">Version:</td> <td>Introduced</td></tr> <tr><td class=\"label\">Version Date:</td> <td>03/21/2025</td></tr></table></td></tr></table><div class=\"documentBody\">\n  <a name=\"head_document_section\"></a><div class=\"head\">\n   <p class=\"indent\">Senate Bill 354</p>\n   <p class=\"indent\">By: Senator Harrell of the 40th</p>\n  </div>\n  <a name=\"code_document_section\"></a><div class=\"code\">\n   <p class=\"center\">A BILL TO BE ENTITLED</p>\n   <p class=\"center\">AN ACT</p>\n   <p class=\"indent\">To amend Title 51 of the Official Code of Georgia Annotated, relating to torts, so as to provide for a cause of action for appropriating an individual&#39;s indicia of identity; to provide for a right to protection against the appropriation of an individual&#39;s indicia of identity; to provide for assignment or licensing of such right; to provide for damages; to provide for other remedies; to provide for exceptions; to provide for definitions; to provide for statutory construction; to provide for related matters; to repeal conflicting laws; and for other purposes.</p>\n  </div>\n  <a name=\"text_document_section\"></a><div class=\"text\">\n   <span>\n    <p class=\"indent\">BE IT ENACTED BY THE GENERAL ASSEMBLY OF GEORGIA:</p>\n   </span>\n   <p class=\"center\">\n    <b>SECTION 1.</b>\n   </p>\n   <p class=\"indent\">Title 51 of the Official Code of Georgia Annotated, relating to torts, is amended by enacting a new chapter to read as follows:</p>\n   <p class=\"center\">&quot;<u class=\"amendmentInsertedText\">CHAPTER 17</u>\n   </p>\n   <p class=\"indent\">\n    <u class=\"amendmentInsertedText\">51-17-1.</u>\n   </p>\n   <p class=\"indent\">\n    <u class=\"amendmentInsertedText\">As used in this chapter, the term:</u>\n   </p>\n   <p class=\"indent\">\n    <u class=\"amendmentInsertedText\">(1) &#39;Appropriation&#39; means and includes any unauthorized use of another&#39;s indicia of identity for the user&#39;s own benefit, commercially or otherwise.</u>\n   </p>\n   <p class=\"indent\">\n    <u class=\"amendmentInsertedText\">(2) &#39;Indicia of identity&#39; means and includes an individual&#39;s image, likeness, voice, signature, or other unique identifying features, including one&#39;s face, mannerisms, distinctive appearance, tattoos, visible body modifications, birthmarks, and distinctive speech patterns, including speech and language disorders. The use of an individual&#39;s name, without any other representation of the person, is not considered an indicia of identity.</u>\n   </p>\n   <p class=\"indent\">\n    <u class=\"amendmentInsertedText\">(3) &#39;Likeness&#39; means any photograph, photographic reproduction, digital image, or artifact, still or moving, or any film, videotape, digital recording, or other similar medium of any individual, so that the individual is readily identifiable</u>.</p>\n   <p class=\"indent\">\n    <u class=\"amendmentInsertedText\">(4) &#39;Voice&#39; means a sound in a medium that is readily identifiable and attributable to a particular individual, regardless of whether the sound contains the actual voice or a simulation of the voice of the individual.</u>\n   </p>\n   <p class=\"indent\">\n    <u class=\"amendmentInsertedText\">51-17-2.</u>\n   </p>\n   <p class=\"indent\">\n    <u class=\"amendmentInsertedText\">Every individual has a right to protection against the appropriation of such individual&#39;s indicia of identity by another person without such individual&#39;s prior consent or, in the case of a minor, the prior consent of such minor&#39;s parent or legal guardian, or, in the case of a deceased individual, the consent of the executor or administrator, heirs, or devisees of such deceased individual.</u>\n   </p>\n   <p class=\"indent\">\n    <u class=\"amendmentInsertedText\">51-17-3.</u>\n   </p>\n   <p class=\"indent\">\n    <u class=\"amendmentInsertedText\">(a) The protections provided for in Code Section 51-17-2 shall be deemed exclusive to the individual, whether or not such rights were commercially exploited by such individual during his or her lifetime, subject to the assignment or licensing of such rights during such individual&#39;s lifetime, and to the executors, heirs, assigns, or devisees for a period of at least ten years after the death of the individual.</u>\n   </p>\n   <p class=\"indent\">\n    <u class=\"amendmentInsertedText\">(b)(1) For individuals who are not public figures, the exclusive right to the use of an individual&#39;s indicia of identity is only terminated by the assignment or licensing of rights.</u>\n   </p>\n   <p class=\"indent\">\n    <u class=\"amendmentInsertedText\">(2) Except as provided for in paragraph (3) of this subsection, for public figures, the exclusive right to nonsexual use of an individual&#39;s indicia of identity is terminated by proof of the nonuse of the indicia of identity of any individual for commercial purposes by an executor, assignee, heir, or devisee for a period of two years subsequent to the initial ten-year period following such public figure&#39;s death.</u>\n   </p>\n   <p class=\"indent\">\n    <u class=\"amendmentInsertedText\">(3) The right to sexual use of an individual&#39;s indicia of identity shall be extinguished upon such individual&#39;s death. Any heir of such deceased individual shall have a cause of action against any person who begins or persists in the sexual use of an individual&#39;s indicia of identity following such individual&#39;s death.</u>\n   </p>\n   <p class=\"indent\">\n    <u class=\"amendmentInsertedText\">(c) As used in this Code section, the term &#39;use&#39; shall include the public availability of a sound recording or audiovisual work in which the individual&#39;s likeness or voice is readily identifiable.</u>\n   </p>\n   <p class=\"indent\">\n    <u class=\"amendmentInsertedText\">51-17-4.</u>\n   </p>\n   <p class=\"indent\">\n    <u class=\"amendmentInsertedText\">A person shall be liable in a civil action for appropriation of indicia of identity if such person:</u>\n   </p>\n   <p class=\"indent\">\n    <u class=\"amendmentInsertedText\">(1) Uses or infringes upon the use of an individual&#39;s indicia of identity in any medium, in any manner directed to any person other than such individual, for purposes of advertising products, merchandise, goods, or services, or for purposes of fundraising, solicitation of donations, purchases of products, merchandise, goods, or services, selling such indicia of identity, or integrating indicia of identify into machine learning training with knowledge that use of such indicia of identity was not authorized by the individual, executor or administrator, heirs, or devisees, or in the case of a minor, the minor&#39;s parent or legal guardian;</u>\n   </p>\n   <p class=\"indent\">\n    <u class=\"amendmentInsertedText\">(2) Publishes, performs, distributes, transmits, sells, or otherwise makes available to the public an individual&#39;s indicia of identity, with knowledge that use of such indicia of identity was not authorized by the individual, executor or administrator, heirs, or devisees, or in the case of a minor, the minor&#39;s parent or legal guardian; or</u>\n   </p>\n   <p class=\"indent\">\n    <u class=\"amendmentInsertedText\">(3) Makes available an algorithm, software, tool, or other technology, service, or device, where a purpose or function of such algorithm, software, tool, or other technology, service, or device is the production of a particular, identifiable individual&#39;s voice or likeness, with knowledge that distributing, transmitting, or otherwise making available the voice or likeness was not authorized by the individual, executor or administrator, heirs, or devisees, or in the case of a minor, the minor&#39;s parent or legal guardian.</u>\n   </p>\n   <p class=\"indent\">\n    <u class=\"amendmentInsertedText\">51-17-5.</u>\n   </p>\n   <p class=\"indent\">\n    <u class=\"amendmentInsertedText\">(a) In any cause of action pursuant to this chapter, an individual shall be entitled to recover the greater of $1,000.00 or actual damages suffered. Such individual shall also be entitled to recover any profits that are attributable to such appropriation which are not taken into account in computing the actual damages. Profit or lack thereof from the appropriation or infringement of an individual&#39;s rights shall not be a criterion of determining liability.</u>\n   </p>\n   <p class=\"indent\">\n    <u class=\"amendmentInsertedText\">(b) The court having jurisdiction for any action arising pursuant to this chapter may grant injunctions on such terms as it may deem reasonable to prevent or restrain the appropriation of an individual&#39;s indicia of identity.</u>\n   </p>\n   <p class=\"indent\">\n    <u class=\"amendmentInsertedText\">51-17-6.</u>\n   </p>\n   <p class=\"indent\">\n    <u class=\"amendmentInsertedText\">(a) The use of an individual&#39;s indicia of identity in a commercial medium shall not automatically constitute unlawful appropriation solely because the material containing such use is commercially sponsored or contains paid advertising. Any determination of whether such use was for the purpose of advertising or solicitation shall consider whether or not the use of the individual&#39;s indicia of identity was so directly connected with the commercial sponsorship or with the paid advertising as to constitute a but-for cause of any such advertising or sponsorship.</u>\n   </p>\n   <p class=\"indent\">\n    <u class=\"amendmentInsertedText\">(b) Nothing in this chapter shall impose liability for the documentation of an individual&#39;s presence in places where an individual does not have a reasonable expectation of privacy.</u>\n   </p>\n   <p class=\"indent\">\n    <u class=\"amendmentInsertedText\">51-17-7.</u>\n   </p>\n   <p class=\"indent\">\n    <u class=\"amendmentInsertedText\">(a) Nothing in this chapter shall apply to activities protected by the First Amendment to the United States Constitution, including, but not limited to, satire, parody, works of artistic expression, or works of journalism by bona fide news organizations.</u>\n   </p>\n   <p class=\"indent\">\n    <u class=\"amendmentInsertedText\">(b) Nothing in this chapter shall apply to the owners or employees of any medium used for advertising, including, but not limited to, newspapers, magazines, radio and television stations, billboards, and transit advertisements, who have published or disseminated any advertisement or solicitation in violation of this chapter, unless it is established that such owners or employees had knowledge or reasonably should have known of the appropriation of the individual&#39;s indicia of identity as prohibited by this chapter.</u>\n   </p>\n   <p class=\"indent\">\n    <u class=\"amendmentInsertedText\">(c) Nothing in this chapter shall be construed to impose a duty upon a provider of an interactive computer service, as defined in Section 230 of Title 47 of the United States Code, to review or enforce compliance with this chapter by third-party content providers.</u>&quot;</p>\n   <p class=\"center\">\n    <b>SECTION 2.</b>\n   </p>\n   <p class=\"indent\">All laws and parts of laws in conflict with this Act are repealed.</p>\n  </div>\n </div>\n    </div>\t\n<table cellpadding=0 cellspacing=0 width=\"100%\">\n   <tr>\n      <td>\n          Copyright &copy; 2025 State Net\n      </td>\n<BR>\n<!--???MOVED INTO resources.cgi      <td align=\"right\">\n          <img src=\"https://custom.statenet.com/network/poweredby.gif\" alt=\"Powered by State Net\">\n      </td>-->\n\n    </tr>\n</table>\n</body></html>\n",
      "markdown": "The following has special meaning: _green underline denotes added text_ ~~red struck out text denotes deleted text~~ | [![Powered by State Net](https://custom.statenet.com/network/poweredby.gif)](https://www.lexisnexis.com/statenet/)  \n---|---  \n  \n2025 GA S 354 | | Author: | Harrell  \n---|---  \nVersion: | Introduced  \nVersion Date: | 03/21/2025  \n  \nSenate Bill 354\n\nBy: Senator Harrell of the 40th\n\nA BILL TO BE ENTITLED\n\nAN ACT\n\nTo amend Title 51 of the Official Code of Georgia Annotated, relating to\ntorts, so as to provide for a cause of action for appropriating an\nindividual's indicia of identity; to provide for a right to protection against\nthe appropriation of an individual's indicia of identity; to provide for\nassignment or licensing of such right; to provide for damages; to provide for\nother remedies; to provide for exceptions; to provide for definitions; to\nprovide for statutory construction; to provide for related matters; to repeal\nconflicting laws; and for other purposes.\n\nBE IT ENACTED BY THE GENERAL ASSEMBLY OF GEORGIA:\n\n**SECTION 1.**\n\nTitle 51 of the Official Code of Georgia Annotated, relating to torts, is\namended by enacting a new chapter to read as follows:\n\n\"_CHAPTER 17_\n\n_51-17-1._\n\n_As used in this chapter, the term:_\n\n_(1) 'Appropriation' means and includes any unauthorized use of another's\nindicia of identity for the user's own benefit, commercially or otherwise._\n\n_(2) 'Indicia of identity' means and includes an individual's image, likeness,\nvoice, signature, or other unique identifying features, including one's face,\nmannerisms, distinctive appearance, tattoos, visible body modifications,\nbirthmarks, and distinctive speech patterns, including speech and language\ndisorders. The use of an individual's name, without any other representation\nof the person, is not considered an indicia of identity._\n\n_(3) 'Likeness' means any photograph, photographic reproduction, digital\nimage, or artifact, still or moving, or any film, videotape, digital\nrecording, or other similar medium of any individual, so that the individual\nis readily identifiable_.\n\n_(4) 'Voice' means a sound in a medium that is readily identifiable and\nattributable to a particular individual, regardless of whether the sound\ncontains the actual voice or a simulation of the voice of the individual._\n\n_51-17-2._\n\n_Every individual has a right to protection against the appropriation of such\nindividual 's indicia of identity by another person without such individual's\nprior consent or, in the case of a minor, the prior consent of such minor's\nparent or legal guardian, or, in the case of a deceased individual, the\nconsent of the executor or administrator, heirs, or devisees of such deceased\nindividual._\n\n_51-17-3._\n\n_(a) The protections provided for in Code Section 51-17-2 shall be deemed\nexclusive to the individual, whether or not such rights were commercially\nexploited by such individual during his or her lifetime, subject to the\nassignment or licensing of such rights during such individual 's lifetime, and\nto the executors, heirs, assigns, or devisees for a period of at least ten\nyears after the death of the individual._\n\n_(b)(1) For individuals who are not public figures, the exclusive right to the\nuse of an individual 's indicia of identity is only terminated by the\nassignment or licensing of rights._\n\n_(2) Except as provided for in paragraph (3) of this subsection, for public\nfigures, the exclusive right to nonsexual use of an individual 's indicia of\nidentity is terminated by proof of the nonuse of the indicia of identity of\nany individual for commercial purposes by an executor, assignee, heir, or\ndevisee for a period of two years subsequent to the initial ten-year period\nfollowing such public figure's death._\n\n_(3) The right to sexual use of an individual 's indicia of identity shall be\nextinguished upon such individual's death. Any heir of such deceased\nindividual shall have a cause of action against any person who begins or\npersists in the sexual use of an individual's indicia of identity following\nsuch individual's death._\n\n_(c) As used in this Code section, the term 'use' shall include the public\navailability of a sound recording or audiovisual work in which the\nindividual's likeness or voice is readily identifiable._\n\n_51-17-4._\n\n_A person shall be liable in a civil action for appropriation of indicia of\nidentity if such person:_\n\n_(1) Uses or infringes upon the use of an individual 's indicia of identity in\nany medium, in any manner directed to any person other than such individual,\nfor purposes of advertising products, merchandise, goods, or services, or for\npurposes of fundraising, solicitation of donations, purchases of products,\nmerchandise, goods, or services, selling such indicia of identity, or\nintegrating indicia of identify into machine learning training with knowledge\nthat use of such indicia of identity was not authorized by the individual,\nexecutor or administrator, heirs, or devisees, or in the case of a minor, the\nminor's parent or legal guardian;_\n\n_(2) Publishes, performs, distributes, transmits, sells, or otherwise makes\navailable to the public an individual 's indicia of identity, with knowledge\nthat use of such indicia of identity was not authorized by the individual,\nexecutor or administrator, heirs, or devisees, or in the case of a minor, the\nminor's parent or legal guardian; or_\n\n_(3) Makes available an algorithm, software, tool, or other technology,\nservice, or device, where a purpose or function of such algorithm, software,\ntool, or other technology, service, or device is the production of a\nparticular, identifiable individual 's voice or likeness, with knowledge that\ndistributing, transmitting, or otherwise making available the voice or\nlikeness was not authorized by the individual, executor or administrator,\nheirs, or devisees, or in the case of a minor, the minor's parent or legal\nguardian._\n\n_51-17-5._\n\n_(a) In any cause of action pursuant to this chapter, an individual shall be\nentitled to recover the greater of $1,000.00 or actual damages suffered. Such\nindividual shall also be entitled to recover any profits that are attributable\nto such appropriation which are not taken into account in computing the actual\ndamages. Profit or lack thereof from the appropriation or infringement of an\nindividual 's rights shall not be a criterion of determining liability._\n\n_(b) The court having jurisdiction for any action arising pursuant to this\nchapter may grant injunctions on such terms as it may deem reasonable to\nprevent or restrain the appropriation of an individual 's indicia of\nidentity._\n\n_51-17-6._\n\n_(a) The use of an individual 's indicia of identity in a commercial medium\nshall not automatically constitute unlawful appropriation solely because the\nmaterial containing such use is commercially sponsored or contains paid\nadvertising. Any determination of whether such use was for the purpose of\nadvertising or solicitation shall consider whether or not the use of the\nindividual's indicia of identity was so directly connected with the commercial\nsponsorship or with the paid advertising as to constitute a but-for cause of\nany such advertising or sponsorship._\n\n_(b) Nothing in this chapter shall impose liability for the documentation of\nan individual 's presence in places where an individual does not have a\nreasonable expectation of privacy._\n\n_51-17-7._\n\n_(a) Nothing in this chapter shall apply to activities protected by the First\nAmendment to the United States Constitution, including, but not limited to,\nsatire, parody, works of artistic expression, or works of journalism by bona\nfide news organizations._\n\n_(b) Nothing in this chapter shall apply to the owners or employees of any\nmedium used for advertising, including, but not limited to, newspapers,\nmagazines, radio and television stations, billboards, and transit\nadvertisements, who have published or disseminated any advertisement or\nsolicitation in violation of this chapter, unless it is established that such\nowners or employees had knowledge or reasonably should have known of the\nappropriation of the individual 's indicia of identity as prohibited by this\nchapter._\n\n_(c) Nothing in this chapter shall be construed to impose a duty upon a\nprovider of an interactive computer service, as defined in Section 230 of\nTitle 47 of the United States Code, to review or enforce compliance with this\nchapter by third-party content providers._ \"\n\n**SECTION 2.**\n\nAll laws and parts of laws in conflict with this Act are repealed.\n\nCopyright (C) 2025 State Net  \n  \n---\n\n",
      "latest_version": true
    }
  ]
}