{
  "bill_id": "HI2025000H824",
  "source_url": "http://custom.statenet.com/public/resources.cgi?id=ID:bill:HI2025000H824&cuiq=93d84396-c63b-526a-b152-38b7f79b4cfd&client_md=e4f6fea4-27b4-5d41-b7d3-766fe52569f0",
  "versions": [
    {
      "date": "01/21/2025",
      "label": "Introduced",
      "url": "https://custom.statenet.com/public/resources.cgi?mode=show_text&id=ID:bill:HI2025000H824&verid=HI2025000H824_20250121_0_I&",
      "raw_html": "<html>\n<head>\n<title>Bill Resource</title>\n\n<!--   <link href=\"https://custom.statenet.com/network/Common/css/extregtext.css\" rel=\"stylesheet\" type=\"text/css\" />-->\n   <link href=\"https://custom.statenet.com/network/Common/css/xmltext-2.0.css\" rel=\"stylesheet\" type=\"text/css\" />\n   <link href=\"https://custom.statenet.com/network/Common/css/additional-text.css\" rel=\"stylesheet\" type=\"text/css\" />\n\n\t<style type=\"text/css\">\n<!--\n\ntd, body {\n     background-color: white;\n\tfont-family: Verdana, Arial, Helvetica, sans-serif;\n\tfont-size: 12px;\n}\n\n.resourceContainer {\n   border: 1px solid black;\n}\n-->\n</style>\n</head>\n<body>\n\n    <div style=\"width: 750px; margin: auto\">\n       <div style=\"font-size: .8em;margin-bottom: 10px\"><table width=\"100%\"><tr><td align=\"left\" style=\"font-size: .8em;\"><div>The following has special meaning:</div>\n<div><u class=\"amendmentInsertedText\">green underline denotes added text</u></div>\n<div><strike class=\"amendmentDeletedText\">red struck out text denotes deleted text</strike></div></td> <td align=\"right\"><a href=\"https://www.lexisnexis.com/statenet/\"><img alt=\"Powered by State Net\" src=\"https://custom.statenet.com/network/poweredby.gif\" /></a></td></tr></table></div><table id=\"text-identifier\"><tr><td class=\"key\">2025 HI H 824</td> <td><table><tr><td class=\"label\">Author:</td> <td>Muraoka</td></tr> <tr><td class=\"label\">Version:</td> <td>Introduced</td></tr> <tr><td class=\"label\">Version Date:</td> <td>01/21/2025</td></tr></table></td></tr></table><div class=\"documentBody\">\n  <a name=\"head_document_section\"></a><div class=\"head\">\n   <p class=\"left\">HOUSE OF REPRESENTATIVES</p>\n   <p class=\"left\">\n    <b>H.B.</b> NO.</p>\n   <p class=\"left\">824</p>\n   <p class=\"left\">THIRTY-THIRD LEGISLATURE, 2025</p>\n   <p class=\"left\">STATE OF HAWAII</p>\n  </div>\n  <a name=\"title_document_section\"></a><div class=\"title\">\n   <p class=\"center\">\n    <b>A BILL FOR AN ACT</b>\n   </p>\n   <p class=\"indent\">RELATING TO GOVERNMENT EFFICIENCY.</p>\n  </div>\n  <a name=\"text_document_section\"></a><div class=\"text\">\n   <span>\n    <p class=\"left\">\n     <b>BE IT ENACTED BY THE LEGISLATURE OF THE STATE OF HAWAII:</b>\n    </p>\n   </span>\n   <p class=\"indent\">SECTION 1. The legislature finds that eliminating redundant or outdated regulations would improve government efficiency. Research from the Mercatus Center at George Mason University estimated that the Code of Hawaii Rules has 108,741 restrictions and 6,438,101 words. Several states have streamlined regulations using an artificial intelligence (AI) tool. For example, Ohio has been using AI text analytics to identify and eliminate outdated and unnecessary administrative codes. South Carolina has taken similar steps to scale back regulations. The legislature finds that, in order to most efficiently and cost-effectively reduce regulatory redundancy, it is important for the State to leverage modern tools such as AI to comb through the vast volume of state laws and regulations and eliminate regulatory obstacles.</p>\n   <p class=\"indent\">The purpose of this Act is to:</p>\n   <p class=\"indent\">(1) Provide funds to the legislative reference bureau to utilize an AI tool to analyze the Hawaii Revised Statutes and Hawaii Administrative Rules and identify provisions that are obsolete, duplicative, or inconsistent with statute or other regulations; and</p>\n   <p class=\"indent\">(2) Require the legislative reference bureau to report to the legislature its findings and recommendations. </p>\n   <p class=\"indent\">SECTION 2. There is appropriated out of the general revenues of the State of Hawaii the sum of $ or so much thereof as may be necessary for fiscal year 2025-2026 and the same sum or so much thereof as may be necessary for fiscal year 2026-2027 for procurement of artificial intelligence software and analytic services to analyze the Hawaii Revised Statutes and Hawaii Administrative Rules and identify provisions that are obsolete, duplicative, or inconsistent with statute or other regulations.</p>\n   <p class=\"indent\">The sums appropriated shall be expended by the legislative reference bureau for the purposes of this Act.</p>\n   <p class=\"indent\">SECTION 3. The legislative reference bureau shall submit a report of its findings and recommendations, including any proposed legislation, to the legislature no later than twenty days prior to the convening of the regular session of 2027.</p>\n   <effective_clause>\n    <p class=\"indent\">SECTION 4. This Act shall take effect upon its approval.</p>\n   </effective_clause>\n  </div>\n </div>\n    </div>\t\n<table cellpadding=0 cellspacing=0 width=\"100%\">\n   <tr>\n      <td>\n          Copyright &copy; 2025 State Net\n      </td>\n<BR>\n<!--???MOVED INTO resources.cgi      <td align=\"right\">\n          <img src=\"https://custom.statenet.com/network/poweredby.gif\" alt=\"Powered by State Net\">\n      </td>-->\n\n    </tr>\n</table>\n</body></html>\n",
      "markdown": "The following has special meaning: _green underline denotes added text_ ~~red struck out text denotes deleted text~~ | [![Powered by State Net](https://custom.statenet.com/network/poweredby.gif)](https://www.lexisnexis.com/statenet/)  \n---|---  \n  \n2025 HI H 824 | | Author: | Muraoka  \n---|---  \nVersion: | Introduced  \nVersion Date: | 01/21/2025  \n  \nHOUSE OF REPRESENTATIVES\n\n**H.B.** NO.\n\n824\n\nTHIRTY-THIRD LEGISLATURE, 2025\n\nSTATE OF HAWAII\n\n**A BILL FOR AN ACT**\n\nRELATING TO GOVERNMENT EFFICIENCY.\n\n**BE IT ENACTED BY THE LEGISLATURE OF THE STATE OF HAWAII:**\n\nSECTION 1. The legislature finds that eliminating redundant or outdated\nregulations would improve government efficiency. Research from the Mercatus\nCenter at George Mason University estimated that the Code of Hawaii Rules has\n108,741 restrictions and 6,438,101 words. Several states have streamlined\nregulations using an artificial intelligence (AI) tool. For example, Ohio has\nbeen using AI text analytics to identify and eliminate outdated and\nunnecessary administrative codes. South Carolina has taken similar steps to\nscale back regulations. The legislature finds that, in order to most\nefficiently and cost-effectively reduce regulatory redundancy, it is important\nfor the State to leverage modern tools such as AI to comb through the vast\nvolume of state laws and regulations and eliminate regulatory obstacles.\n\nThe purpose of this Act is to:\n\n(1) Provide funds to the legislative reference bureau to utilize an AI tool to\nanalyze the Hawaii Revised Statutes and Hawaii Administrative Rules and\nidentify provisions that are obsolete, duplicative, or inconsistent with\nstatute or other regulations; and\n\n(2) Require the legislative reference bureau to report to the legislature its\nfindings and recommendations.\n\nSECTION 2. There is appropriated out of the general revenues of the State of\nHawaii the sum of $ or so much thereof as may be necessary for fiscal year\n2025-2026 and the same sum or so much thereof as may be necessary for fiscal\nyear 2026-2027 for procurement of artificial intelligence software and\nanalytic services to analyze the Hawaii Revised Statutes and Hawaii\nAdministrative Rules and identify provisions that are obsolete, duplicative,\nor inconsistent with statute or other regulations.\n\nThe sums appropriated shall be expended by the legislative reference bureau\nfor the purposes of this Act.\n\nSECTION 3. The legislative reference bureau shall submit a report of its\nfindings and recommendations, including any proposed legislation, to the\nlegislature no later than twenty days prior to the convening of the regular\nsession of 2027.\n\nSECTION 4. This Act shall take effect upon its approval.\n\nCopyright (C) 2025 State Net  \n  \n---\n\n",
      "latest_version": true
    }
  ]
}