{
  "bill_id": "IA2025000S118",
  "source_url": "http://custom.statenet.com/public/resources.cgi?id=ID:bill:IA2025000S118&cuiq=93d84396-c63b-526a-b152-38b7f79b4cfd&client_md=e4f6fea4-27b4-5d41-b7d3-766fe52569f0",
  "versions": [
    {
      "date": "01/23/2025",
      "label": "Introduced",
      "url": "https://custom.statenet.com/public/resources.cgi?mode=show_text&id=ID:bill:IA2025000S118&verid=IA2025000S118_20250123_0_I&",
      "raw_html": "<html>\n<head>\n<title>Bill Resource</title>\n\n<!--   <link href=\"https://custom.statenet.com/network/Common/css/extregtext.css\" rel=\"stylesheet\" type=\"text/css\" />-->\n   <link href=\"https://custom.statenet.com/network/Common/css/xmltext-2.0.css\" rel=\"stylesheet\" type=\"text/css\" />\n   <link href=\"https://custom.statenet.com/network/Common/css/additional-text.css\" rel=\"stylesheet\" type=\"text/css\" />\n\n\t<style type=\"text/css\">\n<!--\n\ntd, body {\n     background-color: white;\n\tfont-family: Verdana, Arial, Helvetica, sans-serif;\n\tfont-size: 12px;\n}\n\n.resourceContainer {\n   border: 1px solid black;\n}\n-->\n</style>\n</head>\n<body>\n\n    <div style=\"width: 750px; margin: auto\">\n       <div style=\"font-size: .8em;margin-bottom: 10px\"><table width=\"100%\"><tr><td align=\"left\" style=\"font-size: .8em;\"><div>The following has special meaning:</div>\n<div><u class=\"amendmentInsertedText\">green underline denotes added text</u></div>\n<div><strike class=\"amendmentDeletedText\">red struck out text denotes deleted text</strike></div></td> <td align=\"right\"><a href=\"https://www.lexisnexis.com/statenet/\"><img alt=\"Powered by State Net\" src=\"https://custom.statenet.com/network/poweredby.gif\" /></a></td></tr></table></div><table id=\"text-identifier\"><tr><td class=\"key\">2025 IA S 118</td> <td><table><tr><td class=\"label\">Author:</td> <td>Salmon</td></tr> <tr><td class=\"label\">Version:</td> <td>Introduced</td></tr> <tr><td class=\"label\">Version Date:</td> <td>01/23/2025</td></tr></table></td></tr></table><div class=\"documentBody\">\n  <a name=\"head_document_section\"></a><div class=\"head\">\n   <p class=\"indent\">SF 118 - Introduced</p>\n   <p class=\"right\">SENATE FILE 118</p>\n   <p class=\"right\">BY SALMON, CAMPBELL, TAYLOR, WESTRICH, GREEN, ALONS, GUTH, EVANS, ROWLEY, and LOFGREN</p>\n  </div>\n  <a name=\"title_document_section\"></a><div class=\"title\">\n   <p class=\"center\">A BILL FOR</p>\n   <p class=\"indent\">An Act relating to powers and duties applicable to state of disaster emergencies and public health disasters.</p>\n  </div>\n  <a name=\"text_document_section\"></a><div class=\"text\">\n   <span>\n    <p class=\"indent\">BE IT ENACTED BY THE GENERAL ASSEMBLY OF THE STATE OF IOWA:</p>\n   </span>\n   <p class=\"indent\">Section 1. Section 29C.6, subsection 1, Code 2025, is amended to read as follows:</p>\n   <p class=\"indent\">1. <u class=\"amendmentInsertedText\">a.</u> After finding a disaster exists or is threatened, proclaim a state of disaster emergency. This proclamation shall be in writing, indicate the area affected and the facts upon which it is based, be signed by the governor, and be filed with the secretary of state. If the state of disaster emergency specifically constitutes a public health disaster as defined in section 135.140, the written proclamation shall include a statement to that effect. A state of disaster emergency shall continue for <strike class=\"amendmentDeletedText\">thirty</strike>\n    <u class=\"amendmentInsertedText\">sixty</u> days, unless sooner <strike class=\"amendmentDeletedText\">terminated or</strike>\n    <u class=\"amendmentInsertedText\">rescinded,</u> extended <strike class=\"amendmentDeletedText\">in writing</strike>\n    <u class=\"amendmentInsertedText\">, or amended</u> by the <strike class=\"amendmentDeletedText\">governor</strike>\n    <u class=\"amendmentInsertedText\">general assembly</u>. The general assembly may, by concurrent resolution, rescind<u class=\"amendmentInsertedText\">, extend, or amend</u> this proclamation. <u class=\"amendmentInsertedText\">Any initial extension of this proclamation by the general assembly shall not exceed sixty days, and any subsequent extension shall not exceed sixty-day increments.</u> If the general assembly is not in session, the legislative council may, by majority vote, rescind<u class=\"amendmentInsertedText\">, extend, or amend</u> this proclamation <u class=\"amendmentInsertedText\">only once and the extension shall not exceed sixty days</u>. <strike class=\"amendmentDeletedText\">Rescission</strike>\n    <u class=\"amendmentInsertedText\">Following any rescission, extension, or amendment of this proclamation by the legislative council, any additional action may only be taken by the general assembly. Any rescission, extension, or amendment</u> shall be effective upon <u class=\"amendmentInsertedText\">the</u> filing of the concurrent resolution or resolution of the legislative council with the secretary of state. A proclamation of disaster emergency shall activate the disaster response and recovery aspect of the state, local, and interjurisdictional disaster emergency plans applicable to the political subdivision or area in question and be authority for the deployment and use of any forces to which the plan applies, and for use or distribution of any supplies, equipment, and materials and facilities assembled, stockpiled, or arranged to be made available.</p>\n   <p class=\"indent\">\n    <u class=\"amendmentInsertedText\">b. A measure dictated in a state of disaster emergency proclamation shall not do any of the following:</u>\n   </p>\n   <p class=\"indent\">\n    <u class=\"amendmentInsertedText\">(1) Infringe on a fundamental constitutionally protected right unless the measure is justified by a compelling state interest, is narrowly tailored to achieve its specific purpose, and is achieved by the least restrictive means possible.</u>\n   </p>\n   <p class=\"indent\">\n    <u class=\"amendmentInsertedText\">(2) Restrict rights, interests, or activities in a manner that is not neutral or generally applicable.</u>\n   </p>\n   <p class=\"indent\">\n    <u class=\"amendmentInsertedText\">(3) Prohibit in-person interactions between religious leaders or individuals who are related by consanguinity or affinity with patients or residents of hospitals or health care facilities.</u>\n   </p>\n   <p class=\"indent\">\n    <u class=\"amendmentInsertedText\">(4) Authorize the use of mobile, cellular, or any other digital technologies to track or surveil persons without providing prior notice to and receiving consent from such persons. The consent request regarding the specific terms of surveillance shall be presented as a separate request and not combined with any other terms requiring consent.</u>\n   </p>\n   <p class=\"indent\">\n    <u class=\"amendmentInsertedText\">(5) Authorize the use of any drones, unmanned aerial vehicles, advanced robotics, or any artificial intelligence-based systems to enforce the proclamation.</u>\n   </p>\n   <p class=\"indent\">\n    <u class=\"amendmentInsertedText\">(6) Restrict the practice of a person holding a valid license to practice a health-related profession regulated by a board designated pursuant to section 147.13 or by the department of inspections, appeals, and licensing, or restrict the scope of service delivery of a hospital, clinic, or health care professional if the person or entity is otherwise practicing within the scope of a valid license.</u>\n   </p>\n   <p class=\"indent\">\n    <u class=\"amendmentInsertedText\">(7) Allow a board designated pursuant to section 147.13 to restrict the prescribing authority of a licensed health-related professional in a way that acts as a deterrent for the professional to prescribe a medication or treatment in accordance with the professional&rsquo;s best professional judgment.</u>\n   </p>\n   <p class=\"indent\">\n    <u class=\"amendmentInsertedText\">(8) Require identification and monitoring of persons who may be at risk of contracting a contagious or infectious disease by virtue of contact with a contagious person in a manner consistent with known or suspected modes of transmission; require a person to comply with such identification and monitoring efforts including efforts that infringe on a person&rsquo;s freedom of association; or establish, authorize, or enforce penalties for a person&rsquo;s refusal to participate in the identification and monitoring efforts.</u>\n   </p>\n   <p class=\"indent\">Sec. 2. Section 135.144, subsections 3, 5, 6, 7, and 8, Code 2025, are amended to read as follows:</p>\n   <p class=\"indent\">3. Take reasonable measures as necessary to prevent the transmission of infectious disease and to ensure that all cases of communicable disease are properly identified, controlled, and treated. <u class=\"amendmentInsertedText\">However, such reasonable measures shall not include requiring identification and monitoring of persons who may be at risk of contracting a contagious or infectious disease by virtue of contact with a contagious person in a manner consistent with known or suspected modes of transmission; requiring a person to comply with such identification and monitoring efforts including efforts that infringe on a person&rsquo;s freedom of association; or establishing, authorizing, or enforcing penalties for a person&rsquo;s refusal to participate in the identification and monitoring efforts including efforts that infringe on a person&rsquo;s freedom of association.</u>\n   </p>\n   <p class=\"indent\">5. <strike class=\"amendmentDeletedText\">Order</strike>\n    <u class=\"amendmentInsertedText\">Recommend</u> physical examinations and tests and <strike class=\"amendmentDeletedText\">collect</strike>\n    <u class=\"amendmentInsertedText\">the collection of</u> specimens as necessary for the diagnosis or treatment of individuals, to be performed by any qualified person authorized to do so by the department. <strike class=\"amendmentDeletedText\">An</strike>\n    <u class=\"amendmentInsertedText\">A physical</u> examination or test shall not be <strike class=\"amendmentDeletedText\">performed or ordered</strike>\n    <u class=\"amendmentInsertedText\">recommended</u> if the <u class=\"amendmentInsertedText\">physical</u> examination or test is reasonably likely to lead to serious harm to the affected individual. <u class=\"amendmentInsertedText\">The affected individual has the ultimate authority in determining whether to submit to the recommended physical examination or testing, and shall not be subject to undue pressure or compulsion to submit to the recommendation.</u> The department may isolate <strike class=\"amendmentDeletedText\">or quarantine</strike>, pursuant to chapter 139A and the rules implementing chapter 139A and this subchapter, any <u class=\"amendmentInsertedText\">infected</u> individual whose refusal of <strike class=\"amendmentDeletedText\">medical</strike>\n    <u class=\"amendmentInsertedText\">a physical</u> examination or testing <strike class=\"amendmentDeletedText\">results in uncertainty regarding whether the individual has been exposed to or is infected with a communicable or potentially communicable disease or otherwise</strike> poses a danger to public health. <u class=\"amendmentInsertedText\">The length of isolation shall not exceed the longest usual incubation period for the specific communicable disease.</u>\n   </p>\n   <p class=\"indent\">6. <strike class=\"amendmentDeletedText\">Vaccinate or order</strike>\n    <u class=\"amendmentInsertedText\">Recommend</u> that individuals be vaccinated <u class=\"amendmentInsertedText\">with a vaccine approved by the United States food and drug administration as safe and effective</u> against an infectious disease and to prevent the spread of communicable or potentially communicable disease. Vaccinations shall be administered by any qualified person authorized to do so by the department. <u class=\"amendmentInsertedText\">Prior to administration of a vaccine, an adult or the parent or legal representative of a minor receiving the vaccine shall be provided with the federal vaccine information statement for the vaccine and verbally informed of the known and potential benefits and risks of the vaccine.</u> The vaccination shall not be <strike class=\"amendmentDeletedText\">provided or ordered</strike>\n    <u class=\"amendmentInsertedText\">recommended</u> if it is reasonably likely to lead to serious harm to the affected individual. <u class=\"amendmentInsertedText\">The affected individual has the ultimate authority in determining whether to submit to the recommended vaccination, and shall not be subject to undue pressure or compulsion to submit to the recommendation.</u> To prevent the spread of communicable or potentially communicable disease, the department may isolate <strike class=\"amendmentDeletedText\">or quarantine</strike>, pursuant to chapter 139A and the rules implementing chapter 139A and this subchapter, any <u class=\"amendmentInsertedText\">infected</u> person <strike class=\"amendmentDeletedText\">who is unable or unwilling to undergo vaccination pursuant to this subsection</strike>.</p>\n   <p class=\"indent\">7. <strike class=\"amendmentDeletedText\">Treat or order</strike>\n    <u class=\"amendmentInsertedText\">Recommend</u> that individuals <strike class=\"amendmentDeletedText\">exposed to or</strike> infected with disease receive treatment or prophylaxis. Treatment or prophylaxis shall be administered by any qualified person authorized to do so by the department. Treatment or prophylaxis shall not be <strike class=\"amendmentDeletedText\">provided or ordered</strike>\n    <u class=\"amendmentInsertedText\">recommended</u> if the treatment or prophylaxis is reasonably likely to lead to serious harm to the <strike class=\"amendmentDeletedText\">affected</strike>\n    <u class=\"amendmentInsertedText\">infected</u> individual. <u class=\"amendmentInsertedText\">The infected individual has the ultimate authority in determining whether to submit to the recommended treatment or prophylaxis, and shall not be subject to undue pressure or compulsion to submit to the recommendation.</u> To prevent the spread of communicable or potentially communicable disease, the department may isolate <strike class=\"amendmentDeletedText\">or quarantine</strike>, pursuant to chapter 139A and the rules implementing chapter 139A and this subchapter, any <u class=\"amendmentInsertedText\">infected</u> individual who is unable or unwilling to undergo treatment or prophylaxis pursuant to this <strike class=\"amendmentDeletedText\">section</strike>\n    <u class=\"amendmentInsertedText\">subsection</u>.</p>\n   <p class=\"indent\">8. Isolate <strike class=\"amendmentDeletedText\">or quarantine</strike>\n    <u class=\"amendmentInsertedText\">infected</u> individuals or groups of individuals pursuant to chapter 139A and the rules implementing chapter 139A and this subchapter.</p>\n   <p class=\"indent\">Sec. 3. Section 135.144, Code 2025, is amended by adding the following new subsection:</p>\n   <p class=\"indent\">\n    <u>NEW SUBSECTION.</u> 14. Provide a link on the department&rsquo;s internet site for qualified individuals to submit evidence-based information regarding a public health emergency or public health disaster and for members of the public to share their experiences. The department shall adopt rules pursuant to chapter 17A to administer this subsection, including the criteria a qualified individual must meet to participate.</p>\n   <p class=\"indent\">Sec. 4. Section 139A.4, subsection 1, Code 2025, is amended to read as follows:</p>\n   <p class=\"indent\">1. The type and length of isolation or quarantine imposed for a specific communicable disease shall be in accordance with rules adopted by the department. <u class=\"amendmentInsertedText\">The length of isolation or quarantine shall not exceed the longest usual incubation period for the specific communicable disease.</u>\n   </p>\n   <p class=\"indent\">Sec. 5. Section 139A.8, subsection 4, paragraph a, subparagraph (2), Code 2025, is amended to read as follows:</p>\n   <p class=\"indent\">(2) The applicant, or if the applicant is a minor, the applicant&rsquo;s parent or legal guardian, submits an affidavit signed by the applicant, or if the applicant is a minor, the applicant&rsquo;s parent or legal guardian, stating that the immunization conflicts with the <strike class=\"amendmentDeletedText\">tenets and practices of a recognized</strike>\n    <u class=\"amendmentInsertedText\">sincerely held</u> religious <strike class=\"amendmentDeletedText\">denomination</strike>\n    <u class=\"amendmentInsertedText\">beliefs</u> of <strike class=\"amendmentDeletedText\">which</strike> the applicant <strike class=\"amendmentDeletedText\">is an adherent or member</strike>\n    <u class=\"amendmentInsertedText\">, or if the applicant is a minor, of the applicant&rsquo;s parent or legal guardian</u>.</p>\n   <p class=\"indent\">Sec. 6. Section 139A.8, subsection 4, paragraph b, Code 2025, is amended to read as follows:</p>\n   <p class=\"indent\">b. The exemptions under this subsection <strike class=\"amendmentDeletedText\">do not</strike> apply in times of emergency or epidemic as determined and declared by the director.</p>\n  </div>\n  <a name=\"digest_document_section\"></a><div class=\"digest\">\n   <p class=\"center\">EXPLANATION</p>\n   <p class=\"center\">The inclusion of this explanation does not constitute agreement withthe explanation&rsquo;s substance by the members of the general assembly.</p>\n   <p class=\"indent\">This bill relates to duties and powers relative to emergency situations including a state of disaster emergency and a public health disaster. </p>\n   <p class=\"indent\">The bill amends provisions relating to the proclamation of a state of disaster emergency by the governor under Code chapter 29C (emergency management and security). Current law provides that a state of disaster emergency shall continue for 30 days unless terminated or extended by the governor and that the general assembly, by concurrent resolution when in session or through the legislative council by majority vote if not in session, may rescind the proclamation. Under the bill, a state of disaster emergency shall continue for 60 days unless rescinded, extended, or amended by the general assembly, not the governor, and any initial extension of the proclamation by the general assembly shall not exceed 60 days, and any subsequent extension shall not exceed 60-day increments. The bill also provides that if the general assembly is not in session, the legislative council may, by majority vote, rescind, extend, or amend this proclamation only once and the extension shall not exceed 60 days.</p>\n   <p class=\"indent\">As described in the bill, a measure dictated in a state of disaster emergency proclamation shall have certain restrictions relating to constitutional rights, religious rights, patient rights, surveillance, health-related profession licensing and prescribing authority, and disease contraction monitoring. </p>\n   <p class=\"indent\">The bill amends the duties of the department of health and human services (HHS or the department) relative to a public health disaster under Code chapter 135 (department of health and human services &mdash; public health). The bill provides that the reasonable measures taken by HHS to prevent the transmission of infectious disease and to ensure that all cases of communicable disease are properly identified, controlled, and treated shall not include requiring identification and monitoring of a person at risk of contracting a contagious or infectious disease through contact with a contagious person or requiring a person to comply with such identification and monitoring efforts.</p>\n   <p class=\"indent\">The department may recommend, but not order, physical examinations, testing, and the collection of specimens necessary for the diagnosis and treatment of individuals. An affected individual has the ultimate authority to determine whether to submit to the department&rsquo;s recommendations, and shall not be subject to undue pressure or compulsion to submit. The department may isolate infected individuals who refuse a physical examination or testing and who pose a danger to the public health. The length of isolation shall not exceed the longest usual incubation period for the specific communicable disease.</p>\n   <p class=\"indent\">The department may recommend a vaccine approved by the United States food and drug administration as safe and effective, but not vaccinate or order that individuals be vaccinated against an infectious disease or to prevent the spread of communicable or potentially communicable disease. Prior to administration of a vaccine, an adult or the parent or legal representative of a minor receiving the vaccine shall be provided with the federal vaccine information statement and verbally informed of the known and potential benefits and risks of the vaccine. Vaccination shall not be recommended if it is reasonably likely to lead to serious harm. An affected individual has the ultimate authority to determine whether to submit to the recommended vaccination, and shall not be subject to undue pressure or compulsion to submit. The department may isolate infected individuals.</p>\n   <p class=\"indent\">The department may recommend, but not treat or order, individuals infected with disease receive treatment or prophylaxis. Treatment or prophylaxis shall not be recommended if the treatment or prophylaxis is reasonably likely to lead to serious harm. The infected individual has the ultimate authority to determine whether to submit to the recommendation, and shall not be subject to undue pressure or compulsion to submit. The department may isolate individuals infected with disease who are unable or unwilling to undergo treatment or prophylaxis. </p>\n   <p class=\"indent\">The department may isolate infected individuals or groups of individuals in accordance with Code chapter 139A (communicable and infectious diseases and poisonings) and the subchapter of Code chapter 135 relating to disaster preparedness. </p>\n   <p class=\"indent\">The bill requires the department to provide a link on the department&rsquo;s internet site for qualified individuals to submit evidence-based information regarding a public health emergency or public health disaster and for members of the public to share their experiences. The department shall adopt rules to administer this provision, including the criteria a qualified individual must meet to participate.</p>\n   <p class=\"indent\">The bill provides that the type and length of isolation or quarantine imposed for a specific communicable disease shall be in accordance with rules adopted by the department, and that the length of the isolation or quarantine shall not exceed the longest usual incubation period for the specific communicable disease.</p>\n   <p class=\"indent\">Under current law, immunization is not required for enrollment in an elementary or secondary school or licensed child care center if a person, or, if the person is a minor, the minor&rsquo;s parent or guardian, submits an affidavit stating that the immunization conflicts with the tenets and practices of a recognized religious denomination of which the person or the minor&rsquo;s parent or guardian is an adherent or member. Under the bill, the submitted affidavit shall be accepted if it states the immunization conflicts with the sincerely held religious beliefs of the person or, if the person is a minor, the beliefs of the minor&rsquo;s parent or guardian. </p>\n   <p class=\"indent\">The bill provides that if a child is exempt from vaccination, the exemption applies during times of emergency or epidemic.</p>\n  </div>\n </div>\n    </div>\t\n<table cellpadding=0 cellspacing=0 width=\"100%\">\n   <tr>\n      <td>\n          Copyright &copy; 2025 State Net\n      </td>\n<BR>\n<!--???MOVED INTO resources.cgi      <td align=\"right\">\n          <img src=\"https://custom.statenet.com/network/poweredby.gif\" alt=\"Powered by State Net\">\n      </td>-->\n\n    </tr>\n</table>\n</body></html>\n",
      "markdown": "The following has special meaning: _green underline denotes added text_ ~~red struck out text denotes deleted text~~ | [![Powered by State Net](https://custom.statenet.com/network/poweredby.gif)](https://www.lexisnexis.com/statenet/)  \n---|---  \n  \n2025 IA S 118 | | Author: | Salmon  \n---|---  \nVersion: | Introduced  \nVersion Date: | 01/23/2025  \n  \nSF 118 - Introduced\n\nSENATE FILE 118\n\nBY SALMON, CAMPBELL, TAYLOR, WESTRICH, GREEN, ALONS, GUTH, EVANS, ROWLEY, and\nLOFGREN\n\nA BILL FOR\n\nAn Act relating to powers and duties applicable to state of disaster\nemergencies and public health disasters.\n\nBE IT ENACTED BY THE GENERAL ASSEMBLY OF THE STATE OF IOWA:\n\nSection 1. Section 29C.6, subsection 1, Code 2025, is amended to read as\nfollows:\n\n1\\. _a._ After finding a disaster exists or is threatened, proclaim a state of\ndisaster emergency. This proclamation shall be in writing, indicate the area\naffected and the facts upon which it is based, be signed by the governor, and\nbe filed with the secretary of state. If the state of disaster emergency\nspecifically constitutes a public health disaster as defined in section\n135.140, the written proclamation shall include a statement to that effect. A\nstate of disaster emergency shall continue for ~~thirty~~ _sixty_ days, unless\nsooner ~~terminated or~~ _rescinded,_ extended ~~in writing~~ _, or amended_\nby the ~~governor~~ _general assembly_. The general assembly may, by\nconcurrent resolution, rescind _, extend, or amend_ this proclamation. _Any\ninitial extension of this proclamation by the general assembly shall not\nexceed sixty days, and any subsequent extension shall not exceed sixty-day\nincrements._ If the general assembly is not in session, the legislative\ncouncil may, by majority vote, rescind _, extend, or amend_ this proclamation\n_only once and the extension shall not exceed sixty days_. ~~Rescission~~\n_Following any rescission, extension, or amendment of this proclamation by the\nlegislative council, any additional action may only be taken by the general\nassembly. Any rescission, extension, or amendment_ shall be effective upon\n_the_ filing of the concurrent resolution or resolution of the legislative\ncouncil with the secretary of state. A proclamation of disaster emergency\nshall activate the disaster response and recovery aspect of the state, local,\nand interjurisdictional disaster emergency plans applicable to the political\nsubdivision or area in question and be authority for the deployment and use of\nany forces to which the plan applies, and for use or distribution of any\nsupplies, equipment, and materials and facilities assembled, stockpiled, or\narranged to be made available.\n\n_b. A measure dictated in a state of disaster emergency proclamation shall not\ndo any of the following:_\n\n_(1) Infringe on a fundamental constitutionally protected right unless the\nmeasure is justified by a compelling state interest, is narrowly tailored to\nachieve its specific purpose, and is achieved by the least restrictive means\npossible._\n\n_(2) Restrict rights, interests, or activities in a manner that is not neutral\nor generally applicable._\n\n_(3) Prohibit in-person interactions between religious leaders or individuals\nwho are related by consanguinity or affinity with patients or residents of\nhospitals or health care facilities._\n\n_(4) Authorize the use of mobile, cellular, or any other digital technologies\nto track or surveil persons without providing prior notice to and receiving\nconsent from such persons. The consent request regarding the specific terms of\nsurveillance shall be presented as a separate request and not combined with\nany other terms requiring consent._\n\n_(5) Authorize the use of any drones, unmanned aerial vehicles, advanced\nrobotics, or any artificial intelligence-based systems to enforce the\nproclamation._\n\n_(6) Restrict the practice of a person holding a valid license to practice a\nhealth-related profession regulated by a board designated pursuant to section\n147.13 or by the department of inspections, appeals, and licensing, or\nrestrict the scope of service delivery of a hospital, clinic, or health care\nprofessional if the person or entity is otherwise practicing within the scope\nof a valid license._\n\n_(7) Allow a board designated pursuant to section 147.13 to restrict the\nprescribing authority of a licensed health-related professional in a way that\nacts as a deterrent for the professional to prescribe a medication or\ntreatment in accordance with the professional 's best professional judgment._\n\n_(8) Require identification and monitoring of persons who may be at risk of\ncontracting a contagious or infectious disease by virtue of contact with a\ncontagious person in a manner consistent with known or suspected modes of\ntransmission; require a person to comply with such identification and\nmonitoring efforts including efforts that infringe on a person 's freedom of\nassociation; or establish, authorize, or enforce penalties for a person's\nrefusal to participate in the identification and monitoring efforts._\n\nSec. 2. Section 135.144, subsections 3, 5, 6, 7, and 8, Code 2025, are amended\nto read as follows:\n\n3\\. Take reasonable measures as necessary to prevent the transmission of\ninfectious disease and to ensure that all cases of communicable disease are\nproperly identified, controlled, and treated. _However, such reasonable\nmeasures shall not include requiring identification and monitoring of persons\nwho may be at risk of contracting a contagious or infectious disease by virtue\nof contact with a contagious person in a manner consistent with known or\nsuspected modes of transmission; requiring a person to comply with such\nidentification and monitoring efforts including efforts that infringe on a\nperson 's freedom of association; or establishing, authorizing, or enforcing\npenalties for a person's refusal to participate in the identification and\nmonitoring efforts including efforts that infringe on a person's freedom of\nassociation._\n\n5\\. ~~Order~~ _Recommend_ physical examinations and tests and ~~collect~~ _the\ncollection of_ specimens as necessary for the diagnosis or treatment of\nindividuals, to be performed by any qualified person authorized to do so by\nthe department. ~~An~~ _A physical_ examination or test shall not be\n~~performed or ordered~~ _recommended_ if the _physical_ examination or test\nis reasonably likely to lead to serious harm to the affected individual. _The\naffected individual has the ultimate authority in determining whether to\nsubmit to the recommended physical examination or testing, and shall not be\nsubject to undue pressure or compulsion to submit to the recommendation._ The\ndepartment may isolate ~~or quarantine~~ , pursuant to chapter 139A and the\nrules implementing chapter 139A and this subchapter, any _infected_ individual\nwhose refusal of ~~medical~~ _a physical_ examination or testing ~~results in\nuncertainty regarding whether the individual has been exposed to or is\ninfected with a communicable or potentially communicable disease or\notherwise~~ poses a danger to public health. _The length of isolation shall\nnot exceed the longest usual incubation period for the specific communicable\ndisease._\n\n6\\. ~~Vaccinate or order~~ _Recommend_ that individuals be vaccinated _with a\nvaccine approved by the United States food and drug administration as safe and\neffective_ against an infectious disease and to prevent the spread of\ncommunicable or potentially communicable disease. Vaccinations shall be\nadministered by any qualified person authorized to do so by the department.\n_Prior to administration of a vaccine, an adult or the parent or legal\nrepresentative of a minor receiving the vaccine shall be provided with the\nfederal vaccine information statement for the vaccine and verbally informed of\nthe known and potential benefits and risks of the vaccine._ The vaccination\nshall not be ~~provided or ordered~~ _recommended_ if it is reasonably likely\nto lead to serious harm to the affected individual. _The affected individual\nhas the ultimate authority in determining whether to submit to the recommended\nvaccination, and shall not be subject to undue pressure or compulsion to\nsubmit to the recommendation._ To prevent the spread of communicable or\npotentially communicable disease, the department may isolate ~~or quarantine~~\n, pursuant to chapter 139A and the rules implementing chapter 139A and this\nsubchapter, any _infected_ person ~~who is unable or unwilling to undergo\nvaccination pursuant to this subsection~~.\n\n7\\. ~~Treat or order~~ _Recommend_ that individuals ~~exposed to or~~ infected\nwith disease receive treatment or prophylaxis. Treatment or prophylaxis shall\nbe administered by any qualified person authorized to do so by the department.\nTreatment or prophylaxis shall not be ~~provided or ordered~~ _recommended_ if\nthe treatment or prophylaxis is reasonably likely to lead to serious harm to\nthe ~~affected~~ _infected_ individual. _The infected individual has the\nultimate authority in determining whether to submit to the recommended\ntreatment or prophylaxis, and shall not be subject to undue pressure or\ncompulsion to submit to the recommendation._ To prevent the spread of\ncommunicable or potentially communicable disease, the department may isolate\n~~or quarantine~~ , pursuant to chapter 139A and the rules implementing\nchapter 139A and this subchapter, any _infected_ individual who is unable or\nunwilling to undergo treatment or prophylaxis pursuant to this ~~section~~\n_subsection_.\n\n8\\. Isolate ~~or quarantine~~ _infected_ individuals or groups of individuals\npursuant to chapter 139A and the rules implementing chapter 139A and this\nsubchapter.\n\nSec. 3. Section 135.144, Code 2025, is amended by adding the following new\nsubsection:\n\n_NEW SUBSECTION._ 14\\. Provide a link on the department's internet site for\nqualified individuals to submit evidence-based information regarding a public\nhealth emergency or public health disaster and for members of the public to\nshare their experiences. The department shall adopt rules pursuant to chapter\n17A to administer this subsection, including the criteria a qualified\nindividual must meet to participate.\n\nSec. 4. Section 139A.4, subsection 1, Code 2025, is amended to read as\nfollows:\n\n1\\. The type and length of isolation or quarantine imposed for a specific\ncommunicable disease shall be in accordance with rules adopted by the\ndepartment. _The length of isolation or quarantine shall not exceed the\nlongest usual incubation period for the specific communicable disease._\n\nSec. 5. Section 139A.8, subsection 4, paragraph a, subparagraph (2), Code\n2025, is amended to read as follows:\n\n(2) The applicant, or if the applicant is a minor, the applicant's parent or\nlegal guardian, submits an affidavit signed by the applicant, or if the\napplicant is a minor, the applicant's parent or legal guardian, stating that\nthe immunization conflicts with the ~~tenets and practices of a recognized~~\n_sincerely held_ religious ~~denomination~~ _beliefs_ of ~~which~~ the\napplicant ~~is an adherent or member~~ _, or if the applicant is a minor, of\nthe applicant 's parent or legal guardian_.\n\nSec. 6. Section 139A.8, subsection 4, paragraph b, Code 2025, is amended to\nread as follows:\n\nb. The exemptions under this subsection ~~do not~~ apply in times of emergency\nor epidemic as determined and declared by the director.\n\nEXPLANATION\n\nThe inclusion of this explanation does not constitute agreement withthe\nexplanation's substance by the members of the general assembly.\n\nThis bill relates to duties and powers relative to emergency situations\nincluding a state of disaster emergency and a public health disaster.\n\nThe bill amends provisions relating to the proclamation of a state of disaster\nemergency by the governor under Code chapter 29C (emergency management and\nsecurity). Current law provides that a state of disaster emergency shall\ncontinue for 30 days unless terminated or extended by the governor and that\nthe general assembly, by concurrent resolution when in session or through the\nlegislative council by majority vote if not in session, may rescind the\nproclamation. Under the bill, a state of disaster emergency shall continue for\n60 days unless rescinded, extended, or amended by the general assembly, not\nthe governor, and any initial extension of the proclamation by the general\nassembly shall not exceed 60 days, and any subsequent extension shall not\nexceed 60-day increments. The bill also provides that if the general assembly\nis not in session, the legislative council may, by majority vote, rescind,\nextend, or amend this proclamation only once and the extension shall not\nexceed 60 days.\n\nAs described in the bill, a measure dictated in a state of disaster emergency\nproclamation shall have certain restrictions relating to constitutional\nrights, religious rights, patient rights, surveillance, health-related\nprofession licensing and prescribing authority, and disease contraction\nmonitoring.\n\nThe bill amends the duties of the department of health and human services (HHS\nor the department) relative to a public health disaster under Code chapter 135\n(department of health and human services -- public health). The bill provides\nthat the reasonable measures taken by HHS to prevent the transmission of\ninfectious disease and to ensure that all cases of communicable disease are\nproperly identified, controlled, and treated shall not include requiring\nidentification and monitoring of a person at risk of contracting a contagious\nor infectious disease through contact with a contagious person or requiring a\nperson to comply with such identification and monitoring efforts.\n\nThe department may recommend, but not order, physical examinations, testing,\nand the collection of specimens necessary for the diagnosis and treatment of\nindividuals. An affected individual has the ultimate authority to determine\nwhether to submit to the department's recommendations, and shall not be\nsubject to undue pressure or compulsion to submit. The department may isolate\ninfected individuals who refuse a physical examination or testing and who pose\na danger to the public health. The length of isolation shall not exceed the\nlongest usual incubation period for the specific communicable disease.\n\nThe department may recommend a vaccine approved by the United States food and\ndrug administration as safe and effective, but not vaccinate or order that\nindividuals be vaccinated against an infectious disease or to prevent the\nspread of communicable or potentially communicable disease. Prior to\nadministration of a vaccine, an adult or the parent or legal representative of\na minor receiving the vaccine shall be provided with the federal vaccine\ninformation statement and verbally informed of the known and potential\nbenefits and risks of the vaccine. Vaccination shall not be recommended if it\nis reasonably likely to lead to serious harm. An affected individual has the\nultimate authority to determine whether to submit to the recommended\nvaccination, and shall not be subject to undue pressure or compulsion to\nsubmit. The department may isolate infected individuals.\n\nThe department may recommend, but not treat or order, individuals infected\nwith disease receive treatment or prophylaxis. Treatment or prophylaxis shall\nnot be recommended if the treatment or prophylaxis is reasonably likely to\nlead to serious harm. The infected individual has the ultimate authority to\ndetermine whether to submit to the recommendation, and shall not be subject to\nundue pressure or compulsion to submit. The department may isolate individuals\ninfected with disease who are unable or unwilling to undergo treatment or\nprophylaxis.\n\nThe department may isolate infected individuals or groups of individuals in\naccordance with Code chapter 139A (communicable and infectious diseases and\npoisonings) and the subchapter of Code chapter 135 relating to disaster\npreparedness.\n\nThe bill requires the department to provide a link on the department's\ninternet site for qualified individuals to submit evidence-based information\nregarding a public health emergency or public health disaster and for members\nof the public to share their experiences. The department shall adopt rules to\nadminister this provision, including the criteria a qualified individual must\nmeet to participate.\n\nThe bill provides that the type and length of isolation or quarantine imposed\nfor a specific communicable disease shall be in accordance with rules adopted\nby the department, and that the length of the isolation or quarantine shall\nnot exceed the longest usual incubation period for the specific communicable\ndisease.\n\nUnder current law, immunization is not required for enrollment in an\nelementary or secondary school or licensed child care center if a person, or,\nif the person is a minor, the minor's parent or guardian, submits an affidavit\nstating that the immunization conflicts with the tenets and practices of a\nrecognized religious denomination of which the person or the minor's parent or\nguardian is an adherent or member. Under the bill, the submitted affidavit\nshall be accepted if it states the immunization conflicts with the sincerely\nheld religious beliefs of the person or, if the person is a minor, the beliefs\nof the minor's parent or guardian.\n\nThe bill provides that if a child is exempt from vaccination, the exemption\napplies during times of emergency or epidemic.\n\nCopyright (C) 2025 State Net  \n  \n---\n\n",
      "latest_version": true
    }
  ]
}