{
  "bill_id": "IL2025000S2255",
  "source_url": "http://custom.statenet.com/public/resources.cgi?id=ID:bill:IL2025000S2255&cuiq=93d84396-c63b-526a-b152-38b7f79b4cfd&client_md=e4f6fea4-27b4-5d41-b7d3-766fe52569f0",
  "versions": [
    {
      "date": "02/07/2025",
      "label": "Introduced",
      "url": "https://custom.statenet.com/public/resources.cgi?mode=show_text&id=ID:bill:IL2025000S2255&verid=IL2025000S2255_20250207_0_I&",
      "raw_html": "<html>\n<head>\n<title>Bill Resource</title>\n\n<!--   <link href=\"https://custom.statenet.com/network/Common/css/extregtext.css\" rel=\"stylesheet\" type=\"text/css\" />-->\n   <link href=\"https://custom.statenet.com/network/Common/css/xmltext-2.0.css\" rel=\"stylesheet\" type=\"text/css\" />\n   <link href=\"https://custom.statenet.com/network/Common/css/additional-text.css\" rel=\"stylesheet\" type=\"text/css\" />\n\n\t<style type=\"text/css\">\n<!--\n\ntd, body {\n     background-color: white;\n\tfont-family: Verdana, Arial, Helvetica, sans-serif;\n\tfont-size: 12px;\n}\n\n.resourceContainer {\n   border: 1px solid black;\n}\n-->\n</style>\n</head>\n<body>\n\n    <div style=\"width: 750px; margin: auto\">\n       <div style=\"font-size: .8em;margin-bottom: 10px\"><table width=\"100%\"><tr><td align=\"left\" style=\"font-size: .8em;\"><div>The following has special meaning:</div>\n<div><u class=\"amendmentInsertedText\">green underline denotes added text</u></div>\n<div><strike class=\"amendmentDeletedText\">red struck out text denotes deleted text</strike></div></td> <td align=\"right\"><a href=\"https://www.lexisnexis.com/statenet/\"><img alt=\"Powered by State Net\" src=\"https://custom.statenet.com/network/poweredby.gif\" /></a></td></tr></table></div><table id=\"text-identifier\"><tr><td class=\"key\">2025 IL S 2255</td> <td><table><tr><td class=\"label\">Author:</td> <td>Peters</td></tr> <tr><td class=\"label\">Version:</td> <td>Introduced</td></tr> <tr><td class=\"label\">Version Date:</td> <td>02/07/2025</td></tr></table></td></tr></table><div class=\"documentBody\">\n  <a name=\"head_document_section\"></a><div class=\"head\">\n   <p class=\"center\">\n    <b>104TH GENERAL ASSEMBLY</b>\n   </p>\n   <p class=\"center\">\n    <b>State of Illinois</b>\n   </p>\n   <p class=\"center\">\n    <b>2025 and 2026</b>\n   </p>\n   <p class=\"center\">\n    <b>SB2255</b>\n   </p>\n   <p class=\"left\">Introduced 2/7/2025, by Sen. Robert Peters</p>\n   <p class=\"left\">\n    <b>SYNOPSIS AS INTRODUCED:</b>\n   </p>\n   <p class=\"left\">New Act</p>\n   <p class=\"indent\">Creates the Surveillance-Based Price and Wage Discrimination Act. Provides that a person shall not use surveillance data as part of an automated decision system to inform the individualized price assessed to a consumer for goods or services. Provides that a person shall not use surveillance data as part of an automated decision system to inform the individualized wage paid to an employee. Sets forth exemptions to the provisions. Provides that the Attorney General shall enforce the Act. Sets forth provisions concerning private rights of action and penalties for violations.</p>\n   <p class=\"center\">\n    <b>A BILL FOR</b>\n   </p>\n  </div>\n  <a name=\"title_document_section\"></a><div class=\"title\">\n   <p class=\"indent\">AN ACT concerning business.</p>\n  </div>\n  <a name=\"text_document_section\"></a><div class=\"text\">\n   <span>\n    <p class=\"indent\">\n     <b>Be it enacted by the People of the State of Illinois, represented in the General Assembly:</b>\n    </p>\n   </span>\n   <p class=\"indent\">Section 1. Short title. This Act may be cited as the Surveillance-Based Price and Wage Discrimination Act.</p>\n   <p class=\"indent\">Section 5. Definitions. As used in this Act:</p>\n   <p class=\"indent\">&quot;Automated decision system&quot; means any system, software, or process, including one derived from machine learning, statistics, or other data processing or artificial intelligence techniques and excluding passive computing infrastructure, that uses computation, the result of which is used to assist or replace human decision-making.</p>\n   <p class=\"indent\">&quot;Behaviors&quot; mean an individual&#39;s observable, measurable, or inferred actions, habits, preferences, interests, or vulnerabilities, including an individual&#39;s political, personal, or professional affiliations, web browsing history, purchase history, financial circumstances, or consumer behaviors.</p>\n   <p class=\"indent\">&quot;Biometric information&quot; means data or information generated by the technological, processing, measurement, or analysis of a consumer&#39;s or employee&#39;s biological, physical, or behavioral characteristics, that can be used for the purpose of uniquely identifying an individual. &quot;Biometric information&quot; includes fingerprints, voiceprints, scans or records of an eye retina or iris, facial maps, facial geometry, facial templates, genetic information, or other unique biological, physical, or behavioral patterns or characteristics.</p>\n   <p class=\"indent\">&quot;Consumer&quot; has the meaning set forth in the Consumer Fraud and Deceptive Business Practices Act.</p>\n   <p class=\"indent\">&quot;Employee&quot; has the meaning set forth in the Illinois Wage Payment and Collection Act.</p>\n   <p class=\"indent\">&quot;Genetic information&quot; has the meaning set forth in the Health Insurance Portability and Accountability Act of 1996, as specified in 45 CFR 160.103.</p>\n   <p class=\"indent\">&quot;Individualized&quot; means specific to an individual or group, band, class, or tier of individuals with particular personal characteristics, behaviors, or biometric information.</p>\n   <p class=\"indent\">&quot;Insurer&quot; means every person engaged as principal, indemnitor, surety, or contractor in the business of making insurance contracts.</p>\n   <p class=\"indent\">&quot;Personal characteristics&quot; means individual qualities, features, attributes, or traits, including immutable characteristics, such as race and eye color, mutable characteristics, such as address, weight, citizenship, or parenthood status, and any other personally identifiable information that could be used to identify an individual, including social security number, name, or phone number.</p>\n   <p class=\"indent\">&quot;Price&quot; means the amount charged to a consumer in relation to a transaction, including all related costs and fees, and any other material terms of the transaction that has a direct bearing on the amount paid by the consumer or the value of the good or service to the consumer.</p>\n   <p class=\"indent\">&quot;Surveillance data&quot; means data obtained through observation, inference, or surveillance of a consumer or employee that is related to personal characteristics, behaviors, or biometric information of the individual or group, band, class, or tier of individuals of which the individual is a part. &quot;Surveillance data&quot; includes information gathered, purchased, or otherwise acquired.</p>\n   <p class=\"indent\">&quot;Wage&quot; has the meaning set forth in the Illinois Wage Payment and Collection Act.</p>\n   <p class=\"indent\">Section 10. Prohibit surveillance-based price discrimination.</p>\n   <p class=\"indent\">(a) A person shall not use surveillance data as part of an automated decision system to inform the individualized price assessed to a consumer for goods or services. A person does not violate this subsection if the person assesses different prices to different consumers based on the cost of providing the good or service to the different consumers.</p>\n   <p class=\"indent\">(b) This Section shall not apply to:</p>\n   <p class=\"indent\">(1) an insurer in compliance with the Illinois Insurance Code that only uses risk-relevant data as part of an automated decision system that informs decisions related to any costs assessed to a consumer for an insurance policy; or</p>\n   <p class=\"indent\">(2) an entity that declines to extend credit at specific terms to a consumer or enter into a transaction with a consumer based on data provided in a consumer report in compliance with the Fair Credit Reporting Act.</p>\n   <p class=\"indent\">Section 15. Prohibit surveillance-based wage discrimination.</p>\n   <p class=\"indent\">(a) A person shall not use surveillance data as part of an automated decision system to inform the individualized wage paid to an employee. A person does not violate this subsection if the person:</p>\n   <p class=\"indent\">(1) offered individualized wages based solely on:</p>\n   <p class=\"indent\">(A) data specific to the individual employee that is directly related to the tasks the employee was hired to perform; or</p>\n   <p class=\"indent\">(B) differences in the cost to the employee of providing labor to the person;</p>\n   <p class=\"indent\">(2) discloses in plain language before hiring an employee whose wages are set in whole or in part through automated decision-making what data is considered and how automated decision-making considers that data; and</p>\n   <p class=\"indent\">(3) developed and proactively provided to employees reasonable procedures to ensure the accuracy of all data considered by an automated decision-making system in setting wage rates, as determined by rule.</p>\n   <p class=\"indent\">(b) This Section shall not apply to a person who makes a decision not to hire an employee that the person has not previously employed.</p>\n   <p class=\"indent\">Section 20. Enforcement. The Attorney General shall enforce this Act. A person who violates this Act shall be subject to a civil penalty not to exceed $10,000 for each violation and reasonable attorney&#39;s fees. A violation of any provision of this Act shall constitute a separate violation with respect to each consumer, employee, or transaction.</p>\n   <p class=\"indent\">Section 25. Private right of action.</p>\n   <p class=\"indent\">(a) A person aggrieved by a violation of this Act may bring a civil action on behalf of themselves or a group of similarly situated persons to restrain further violations and to recover damages, costs, and reasonable attorney&#39;s fees, including the greater of:</p>\n   <p class=\"indent\">(1) the amount of actual damages sustained;</p>\n   <p class=\"indent\">(2) $3,000 for each violation; or</p>\n   <p class=\"indent\">(3) 3 times the amount of actual damages sustained, if it is established by clear and convincing evidence that the person who violated this Act engaged in bad faith conduct or intentionally violated this Act.</p>\n   <p class=\"indent\">(b) A violation of any provision of this Act shall constitute a separate violation with respect to each consumer, employee, or transaction.</p>\n   <p class=\"indent\">Section 30. Relationship with other laws. Nothing in this Act, including the enforcement authority granted to the Attorney General, preempts or otherwise affects any other right, claim, remedy, presumption, or defense available at law or in equity.</p>\n   <p class=\"indent\">Section 35. Rulemaking. The Attorney General may adopt rules necessary to implement and enforce this Act.</p>\n  </div>\n </div>\n    </div>\t\n<table cellpadding=0 cellspacing=0 width=\"100%\">\n   <tr>\n      <td>\n          Copyright &copy; 2025 State Net\n      </td>\n<BR>\n<!--???MOVED INTO resources.cgi      <td align=\"right\">\n          <img src=\"https://custom.statenet.com/network/poweredby.gif\" alt=\"Powered by State Net\">\n      </td>-->\n\n    </tr>\n</table>\n</body></html>\n",
      "markdown": "The following has special meaning: _green underline denotes added text_ ~~red struck out text denotes deleted text~~ | [![Powered by State Net](https://custom.statenet.com/network/poweredby.gif)](https://www.lexisnexis.com/statenet/)  \n---|---  \n  \n2025 IL S 2255 | | Author: | Peters  \n---|---  \nVersion: | Introduced  \nVersion Date: | 02/07/2025  \n  \n**104TH GENERAL ASSEMBLY**\n\n**State of Illinois**\n\n**2025 and 2026**\n\n**SB2255**\n\nIntroduced 2/7/2025, by Sen. Robert Peters\n\n**SYNOPSIS AS INTRODUCED:**\n\nNew Act\n\nCreates the Surveillance-Based Price and Wage Discrimination Act. Provides\nthat a person shall not use surveillance data as part of an automated decision\nsystem to inform the individualized price assessed to a consumer for goods or\nservices. Provides that a person shall not use surveillance data as part of an\nautomated decision system to inform the individualized wage paid to an\nemployee. Sets forth exemptions to the provisions. Provides that the Attorney\nGeneral shall enforce the Act. Sets forth provisions concerning private rights\nof action and penalties for violations.\n\n**A BILL FOR**\n\nAN ACT concerning business.\n\n**Be it enacted by the People of the State of Illinois, represented in the\nGeneral Assembly:**\n\nSection 1. Short title. This Act may be cited as the Surveillance-Based Price\nand Wage Discrimination Act.\n\nSection 5. Definitions. As used in this Act:\n\n\"Automated decision system\" means any system, software, or process, including\none derived from machine learning, statistics, or other data processing or\nartificial intelligence techniques and excluding passive computing\ninfrastructure, that uses computation, the result of which is used to assist\nor replace human decision-making.\n\n\"Behaviors\" mean an individual's observable, measurable, or inferred actions,\nhabits, preferences, interests, or vulnerabilities, including an individual's\npolitical, personal, or professional affiliations, web browsing history,\npurchase history, financial circumstances, or consumer behaviors.\n\n\"Biometric information\" means data or information generated by the\ntechnological, processing, measurement, or analysis of a consumer's or\nemployee's biological, physical, or behavioral characteristics, that can be\nused for the purpose of uniquely identifying an individual. \"Biometric\ninformation\" includes fingerprints, voiceprints, scans or records of an eye\nretina or iris, facial maps, facial geometry, facial templates, genetic\ninformation, or other unique biological, physical, or behavioral patterns or\ncharacteristics.\n\n\"Consumer\" has the meaning set forth in the Consumer Fraud and Deceptive\nBusiness Practices Act.\n\n\"Employee\" has the meaning set forth in the Illinois Wage Payment and\nCollection Act.\n\n\"Genetic information\" has the meaning set forth in the Health Insurance\nPortability and Accountability Act of 1996, as specified in 45 CFR 160.103.\n\n\"Individualized\" means specific to an individual or group, band, class, or\ntier of individuals with particular personal characteristics, behaviors, or\nbiometric information.\n\n\"Insurer\" means every person engaged as principal, indemnitor, surety, or\ncontractor in the business of making insurance contracts.\n\n\"Personal characteristics\" means individual qualities, features, attributes,\nor traits, including immutable characteristics, such as race and eye color,\nmutable characteristics, such as address, weight, citizenship, or parenthood\nstatus, and any other personally identifiable information that could be used\nto identify an individual, including social security number, name, or phone\nnumber.\n\n\"Price\" means the amount charged to a consumer in relation to a transaction,\nincluding all related costs and fees, and any other material terms of the\ntransaction that has a direct bearing on the amount paid by the consumer or\nthe value of the good or service to the consumer.\n\n\"Surveillance data\" means data obtained through observation, inference, or\nsurveillance of a consumer or employee that is related to personal\ncharacteristics, behaviors, or biometric information of the individual or\ngroup, band, class, or tier of individuals of which the individual is a part.\n\"Surveillance data\" includes information gathered, purchased, or otherwise\nacquired.\n\n\"Wage\" has the meaning set forth in the Illinois Wage Payment and Collection\nAct.\n\nSection 10. Prohibit surveillance-based price discrimination.\n\n(a) A person shall not use surveillance data as part of an automated decision\nsystem to inform the individualized price assessed to a consumer for goods or\nservices. A person does not violate this subsection if the person assesses\ndifferent prices to different consumers based on the cost of providing the\ngood or service to the different consumers.\n\n(b) This Section shall not apply to:\n\n(1) an insurer in compliance with the Illinois Insurance Code that only uses\nrisk-relevant data as part of an automated decision system that informs\ndecisions related to any costs assessed to a consumer for an insurance policy;\nor\n\n(2) an entity that declines to extend credit at specific terms to a consumer\nor enter into a transaction with a consumer based on data provided in a\nconsumer report in compliance with the Fair Credit Reporting Act.\n\nSection 15. Prohibit surveillance-based wage discrimination.\n\n(a) A person shall not use surveillance data as part of an automated decision\nsystem to inform the individualized wage paid to an employee. A person does\nnot violate this subsection if the person:\n\n(1) offered individualized wages based solely on:\n\n(A) data specific to the individual employee that is directly related to the\ntasks the employee was hired to perform; or\n\n(B) differences in the cost to the employee of providing labor to the person;\n\n(2) discloses in plain language before hiring an employee whose wages are set\nin whole or in part through automated decision-making what data is considered\nand how automated decision-making considers that data; and\n\n(3) developed and proactively provided to employees reasonable procedures to\nensure the accuracy of all data considered by an automated decision-making\nsystem in setting wage rates, as determined by rule.\n\n(b) This Section shall not apply to a person who makes a decision not to hire\nan employee that the person has not previously employed.\n\nSection 20. Enforcement. The Attorney General shall enforce this Act. A person\nwho violates this Act shall be subject to a civil penalty not to exceed\n$10,000 for each violation and reasonable attorney's fees. A violation of any\nprovision of this Act shall constitute a separate violation with respect to\neach consumer, employee, or transaction.\n\nSection 25. Private right of action.\n\n(a) A person aggrieved by a violation of this Act may bring a civil action on\nbehalf of themselves or a group of similarly situated persons to restrain\nfurther violations and to recover damages, costs, and reasonable attorney's\nfees, including the greater of:\n\n(1) the amount of actual damages sustained;\n\n(2) $3,000 for each violation; or\n\n(3) 3 times the amount of actual damages sustained, if it is established by\nclear and convincing evidence that the person who violated this Act engaged in\nbad faith conduct or intentionally violated this Act.\n\n(b) A violation of any provision of this Act shall constitute a separate\nviolation with respect to each consumer, employee, or transaction.\n\nSection 30. Relationship with other laws. Nothing in this Act, including the\nenforcement authority granted to the Attorney General, preempts or otherwise\naffects any other right, claim, remedy, presumption, or defense available at\nlaw or in equity.\n\nSection 35. Rulemaking. The Attorney General may adopt rules necessary to\nimplement and enforce this Act.\n\nCopyright (C) 2025 State Net  \n  \n---\n\n",
      "latest_version": true
    }
  ]
}