{
  "bill_id": "IL2025000S1425",
  "source_url": "http://custom.statenet.com/public/resources.cgi?id=ID:bill:IL2025000S1425&cuiq=93d84396-c63b-526a-b152-38b7f79b4cfd&client_md=e4f6fea4-27b4-5d41-b7d3-766fe52569f0",
  "versions": [
    {
      "date": "01/31/2025",
      "label": "Introduced",
      "url": "https://custom.statenet.com/public/resources.cgi?mode=show_text&id=ID:bill:IL2025000S1425&verid=IL2025000S1425_20250131_0_I&",
      "raw_html": "<html>\n<head>\n<title>Bill Resource</title>\n\n<!--   <link href=\"https://custom.statenet.com/network/Common/css/extregtext.css\" rel=\"stylesheet\" type=\"text/css\" />-->\n   <link href=\"https://custom.statenet.com/network/Common/css/xmltext-2.0.css\" rel=\"stylesheet\" type=\"text/css\" />\n   <link href=\"https://custom.statenet.com/network/Common/css/additional-text.css\" rel=\"stylesheet\" type=\"text/css\" />\n\n\t<style type=\"text/css\">\n<!--\n\ntd, body {\n     background-color: white;\n\tfont-family: Verdana, Arial, Helvetica, sans-serif;\n\tfont-size: 12px;\n}\n\n.resourceContainer {\n   border: 1px solid black;\n}\n-->\n</style>\n</head>\n<body>\n\n    <div style=\"width: 750px; margin: auto\">\n       <div style=\"font-size: .8em;margin-bottom: 10px\"><table width=\"100%\"><tr><td align=\"left\" style=\"font-size: .8em;\"><div>The following has special meaning:</div>\n<div><u class=\"amendmentInsertedText\">green underline denotes added text</u></div>\n<div><strike class=\"amendmentDeletedText\">red struck out text denotes deleted text</strike></div></td> <td align=\"right\"><a href=\"https://www.lexisnexis.com/statenet/\"><img alt=\"Powered by State Net\" src=\"https://custom.statenet.com/network/poweredby.gif\" /></a></td></tr></table></div><table id=\"text-identifier\"><tr><td class=\"key\">2025 IL S 1425</td> <td><table><tr><td class=\"label\">Author:</td> <td>Fine</td></tr> <tr><td class=\"label\">Version:</td> <td>Introduced</td></tr> <tr><td class=\"label\">Version Date:</td> <td>01/31/2025</td></tr></table></td></tr></table><div class=\"documentBody\">\n  <a name=\"head_document_section\"></a><div class=\"head\">\n   <p class=\"center\">\n    <b>104TH GENERAL ASSEMBLY</b>\n   </p>\n   <p class=\"center\">\n    <b>State of Illinois</b>\n   </p>\n   <p class=\"center\">\n    <b>2025 and 2026</b>\n   </p>\n   <p class=\"center\">\n    <b>SB1425</b>\n   </p>\n   <p class=\"left\">Introduced 1/31/2025, by Sen. Laura Fine</p>\n   <p class=\"left\">\n    <b>SYNOPSIS AS INTRODUCED:</b>\n   </p>\n   <p class=\"left\">New Act</p>\n   <p class=\"left\">5 ILCS 100/5-45.65 new</p>\n   <p class=\"indent\">Creates the Artificial Intelligence Systems Use in Health Insurance Act. Provides that the Department of Insurance&#39;s regulatory oversight of insurers includes oversight of an insurer&#39;s use of AI systems to make or support adverse determinations that affect consumers. Provides that any insurer authorized to operate in the State is subject to review by the Department in an investigation or market conduct action regarding the development, implementation, and use of AI systems or predictive models and the outcomes from the use of those AI systems or predictive models. Provides that an insurer authorized to do business in Illinois shall not issue an adverse consumer outcome with regard to the denial, reduction, or termination of insurance plans or benefits that result solely from the use or application of any AI system or predictive model. Provides that any decision-making process for the denial, reduction, or termination of insurance plans or benefits that results from the use of AI systems or predictive models shall be meaningfully reviewed, in accordance with review procedures determined by Department rules, by an individual with authority to override the AI systems and determinations. Authorizes the Department to adopt emergency rules to implement the Act and to adopt rules concerning standards for full and fair disclosure of an insurer&#39;s use of AI systems. Makes a conforming change in the Illinois Administrative Procedure Act.</p>\n   <p class=\"center\">\n    <b>A BILL FOR</b>\n   </p>\n  </div>\n  <a name=\"title_document_section\"></a><div class=\"title\">\n   <p class=\"indent\">AN ACT concerning regulation.</p>\n  </div>\n  <a name=\"text_document_section\"></a><div class=\"text\">\n   <span>\n    <p class=\"indent\">\n     <b>Be it enacted by the People of the State of Illinois, represented in the General Assembly:</b>\n    </p>\n   </span>\n   <p class=\"indent\">Section 1. Short title. This Act may be cited as the Artificial Intelligence Systems Use in Health Insurance Act.</p>\n   <p class=\"indent\">Section 5. Definitions. In this Act:</p>\n   <p class=\"indent\">&quot;Adverse consumer outcome&quot; means a decision by an insurer that is subject to insurance regulatory standards enforced by the Department that adversely impacts the consumer in a manner that violates those standards or any claim denial as determined by the use of an AI System.</p>\n   <p class=\"indent\">&quot;AI system&quot; means a machine-based system that can, with varying levels of autonomy, for a given set of objectives, generate outputs such as predictions, recommendations, content (such as text, images, videos, or sounds), or other outputs influencing decisions made in real or virtual environments.</p>\n   <p class=\"indent\">&quot;AI systems program&quot; means a written program for the responsible use of AI systems that makes or supports decisions related to regulated insurance practices to be developed, implemented, and maintained by all insurers authorized to do business in the State.</p>\n   <p class=\"indent\">&quot;Algorithm&quot; means a clearly specified mathematical process for computation and a set of rules that, if followed, will give a prescribed result.</p>\n   <p class=\"indent\">&quot;Artificial intelligence&quot; or &quot;AI&quot; means a branch of computer science that uses data processing systems that perform functions normally associated with human intelligence, such as reasoning, learning, and self-improvement, or the capability of a device to perform functions that are normally associated with human intelligence, such as reasoning, learning, and self-improvement. &quot;Artificial intelligence&quot; or &quot;AI&quot; includes machine learning.</p>\n   <p class=\"indent\">&quot;Department&quot; means the Department of Insurance.</p>\n   <p class=\"indent\">&quot;Machine learning&quot; means a field within artificial intelligence that focuses on the ability of computers to learn from provided data without being explicitly programmed.</p>\n   <p class=\"indent\">&quot;Predictive model&quot; means the processing of historic data using algorithms or machine learning to identify patterns and predict outcomes that can be used to make decisions or support decision-making.</p>\n   <p class=\"indent\">&quot;Third party&quot; means an organization other than the insurer that provides services, data, or other resources related to AI.</p>\n   <p class=\"indent\">Section 10. Regulatory oversight of the use of AI systems.</p>\n   <p class=\"indent\">(a) The Department&#39;s regulatory oversight of insurers includes oversight of an insurer&#39;s use of AI systems to make or support adverse determinations that affect consumers. Any insurer authorized to operate in the State is subject to review by the Department in an investigation or market conduct action regarding the development, implementation, and use of AI systems or predictive models and the outcomes from the use of those AI systems or predictive models. The Department may also request other information or documentation relevant to an investigation or market conduct action, and an insurer must comply with that request. The Department&#39;s inquiries may include, but are not limited to, questions regarding any specific model, AI system, or application of a model or AI system. The Department may also make requests for information and documentation relating to AI systems governance, risk management, and use protocols; information and documentation relating to the insurer&#39;s preacquisition and preutilization diligence, monitoring, and auditing of data or AI systems developed by a third party; and information and documentation relating to implementation and compliance with the insurer&#39;s AI systems program.</p>\n   <p class=\"indent\">(b) An insurer authorized to do business in this State shall not issue an adverse consumer outcome with regard to the denial, reduction, or termination of insurance plans or benefits that result solely from the use or application of any AI system or predictive model. Any decision-making process concerning the denial, reduction, or termination of insurance plans or benefits that results from the use of AI systems or predictive models shall be meaningfully reviewed, in accordance with review procedures established by Department rules, by an individual with authority to override the AI systems and their determinations.</p>\n   <p class=\"indent\">Section 15. Disclosure of AI System utilization. The Department of Insurance may adopt rules that include standards for the full and fair disclosure of an insurer&#39;s use of AI systems that set forth the manner, content, and required disclosures.</p>\n   <p class=\"indent\">Section 20. Compliance with Act. All insurers authorized to do business in Illinois shall comply with this Act regarding any decisions impacting consumers that are made or supported by advanced analytical and computational technologies, including AI systems and machine learning, and must comply with all applicable insurance laws and regulations, including laws addressing unfair trade practices and unfair discrimination. All decisions made and actions taken by authorized insurers using AI systems must comply with applicable federal and State laws, regulations, and rules.</p>\n   <p class=\"indent\">Section 25. Rulemaking. The Department may adopt rules, including emergency rules, to implement and administer this Act.</p>\n   <p class=\"indent\">Section 90. The Illinois Administrative Procedure Act is amended by adding Section 5-45.65 as follows:</p>\n   <p class=\"indent\">(5 ILCS 100/5-45.65 new)</p>\n   <p class=\"indent\">\n    <u class=\"amendmentInsertedText\">Sec. 5-45.65. Emergency rulemaking; Artificial Intelligence Systems Use in Health Insurance Act. To provide for the expeditious and timely implementation of the Artificial Intelligence Systems Use in Health Insurance Act, emergency rules implementing the Artificial Intelligence Systems Use in Health Insurance Act may be adopted in accordance with Section 5-45 by the Department of Insurance. The adoption of emergency rules authorized by Section 5-45 and this Section is deemed to be necessary for the public interest, safety, and welfare.</u>\n   </p>\n   <p class=\"indent\">\n    <u class=\"amendmentInsertedText\">This Section is repealed one year after the effective date of this amendatory Act of the 104th General Assembly.</u>\n   </p>\n  </div>\n </div>\n    </div>\t\n<table cellpadding=0 cellspacing=0 width=\"100%\">\n   <tr>\n      <td>\n          Copyright &copy; 2025 State Net\n      </td>\n<BR>\n<!--???MOVED INTO resources.cgi      <td align=\"right\">\n          <img src=\"https://custom.statenet.com/network/poweredby.gif\" alt=\"Powered by State Net\">\n      </td>-->\n\n    </tr>\n</table>\n</body></html>\n",
      "markdown": "The following has special meaning: _green underline denotes added text_ ~~red struck out text denotes deleted text~~ | [![Powered by State Net](https://custom.statenet.com/network/poweredby.gif)](https://www.lexisnexis.com/statenet/)  \n---|---  \n  \n2025 IL S 1425 | | Author: | Fine  \n---|---  \nVersion: | Introduced  \nVersion Date: | 01/31/2025  \n  \n**104TH GENERAL ASSEMBLY**\n\n**State of Illinois**\n\n**2025 and 2026**\n\n**SB1425**\n\nIntroduced 1/31/2025, by Sen. Laura Fine\n\n**SYNOPSIS AS INTRODUCED:**\n\nNew Act\n\n5 ILCS 100/5-45.65 new\n\nCreates the Artificial Intelligence Systems Use in Health Insurance Act.\nProvides that the Department of Insurance's regulatory oversight of insurers\nincludes oversight of an insurer's use of AI systems to make or support\nadverse determinations that affect consumers. Provides that any insurer\nauthorized to operate in the State is subject to review by the Department in\nan investigation or market conduct action regarding the development,\nimplementation, and use of AI systems or predictive models and the outcomes\nfrom the use of those AI systems or predictive models. Provides that an\ninsurer authorized to do business in Illinois shall not issue an adverse\nconsumer outcome with regard to the denial, reduction, or termination of\ninsurance plans or benefits that result solely from the use or application of\nany AI system or predictive model. Provides that any decision-making process\nfor the denial, reduction, or termination of insurance plans or benefits that\nresults from the use of AI systems or predictive models shall be meaningfully\nreviewed, in accordance with review procedures determined by Department rules,\nby an individual with authority to override the AI systems and determinations.\nAuthorizes the Department to adopt emergency rules to implement the Act and to\nadopt rules concerning standards for full and fair disclosure of an insurer's\nuse of AI systems. Makes a conforming change in the Illinois Administrative\nProcedure Act.\n\n**A BILL FOR**\n\nAN ACT concerning regulation.\n\n**Be it enacted by the People of the State of Illinois, represented in the\nGeneral Assembly:**\n\nSection 1. Short title. This Act may be cited as the Artificial Intelligence\nSystems Use in Health Insurance Act.\n\nSection 5. Definitions. In this Act:\n\n\"Adverse consumer outcome\" means a decision by an insurer that is subject to\ninsurance regulatory standards enforced by the Department that adversely\nimpacts the consumer in a manner that violates those standards or any claim\ndenial as determined by the use of an AI System.\n\n\"AI system\" means a machine-based system that can, with varying levels of\nautonomy, for a given set of objectives, generate outputs such as predictions,\nrecommendations, content (such as text, images, videos, or sounds), or other\noutputs influencing decisions made in real or virtual environments.\n\n\"AI systems program\" means a written program for the responsible use of AI\nsystems that makes or supports decisions related to regulated insurance\npractices to be developed, implemented, and maintained by all insurers\nauthorized to do business in the State.\n\n\"Algorithm\" means a clearly specified mathematical process for computation and\na set of rules that, if followed, will give a prescribed result.\n\n\"Artificial intelligence\" or \"AI\" means a branch of computer science that uses\ndata processing systems that perform functions normally associated with human\nintelligence, such as reasoning, learning, and self-improvement, or the\ncapability of a device to perform functions that are normally associated with\nhuman intelligence, such as reasoning, learning, and self-improvement.\n\"Artificial intelligence\" or \"AI\" includes machine learning.\n\n\"Department\" means the Department of Insurance.\n\n\"Machine learning\" means a field within artificial intelligence that focuses\non the ability of computers to learn from provided data without being\nexplicitly programmed.\n\n\"Predictive model\" means the processing of historic data using algorithms or\nmachine learning to identify patterns and predict outcomes that can be used to\nmake decisions or support decision-making.\n\n\"Third party\" means an organization other than the insurer that provides\nservices, data, or other resources related to AI.\n\nSection 10. Regulatory oversight of the use of AI systems.\n\n(a) The Department's regulatory oversight of insurers includes oversight of an\ninsurer's use of AI systems to make or support adverse determinations that\naffect consumers. Any insurer authorized to operate in the State is subject to\nreview by the Department in an investigation or market conduct action\nregarding the development, implementation, and use of AI systems or predictive\nmodels and the outcomes from the use of those AI systems or predictive models.\nThe Department may also request other information or documentation relevant to\nan investigation or market conduct action, and an insurer must comply with\nthat request. The Department's inquiries may include, but are not limited to,\nquestions regarding any specific model, AI system, or application of a model\nor AI system. The Department may also make requests for information and\ndocumentation relating to AI systems governance, risk management, and use\nprotocols; information and documentation relating to the insurer's\npreacquisition and preutilization diligence, monitoring, and auditing of data\nor AI systems developed by a third party; and information and documentation\nrelating to implementation and compliance with the insurer's AI systems\nprogram.\n\n(b) An insurer authorized to do business in this State shall not issue an\nadverse consumer outcome with regard to the denial, reduction, or termination\nof insurance plans or benefits that result solely from the use or application\nof any AI system or predictive model. Any decision-making process concerning\nthe denial, reduction, or termination of insurance plans or benefits that\nresults from the use of AI systems or predictive models shall be meaningfully\nreviewed, in accordance with review procedures established by Department\nrules, by an individual with authority to override the AI systems and their\ndeterminations.\n\nSection 15. Disclosure of AI System utilization. The Department of Insurance\nmay adopt rules that include standards for the full and fair disclosure of an\ninsurer's use of AI systems that set forth the manner, content, and required\ndisclosures.\n\nSection 20. Compliance with Act. All insurers authorized to do business in\nIllinois shall comply with this Act regarding any decisions impacting\nconsumers that are made or supported by advanced analytical and computational\ntechnologies, including AI systems and machine learning, and must comply with\nall applicable insurance laws and regulations, including laws addressing\nunfair trade practices and unfair discrimination. All decisions made and\nactions taken by authorized insurers using AI systems must comply with\napplicable federal and State laws, regulations, and rules.\n\nSection 25. Rulemaking. The Department may adopt rules, including emergency\nrules, to implement and administer this Act.\n\nSection 90. The Illinois Administrative Procedure Act is amended by adding\nSection 5-45.65 as follows:\n\n(5 ILCS 100/5-45.65 new)\n\n_Sec. 5-45.65. Emergency rulemaking; Artificial Intelligence Systems Use in\nHealth Insurance Act. To provide for the expeditious and timely implementation\nof the Artificial Intelligence Systems Use in Health Insurance Act, emergency\nrules implementing the Artificial Intelligence Systems Use in Health Insurance\nAct may be adopted in accordance with Section 5-45 by the Department of\nInsurance. The adoption of emergency rules authorized by Section 5-45 and this\nSection is deemed to be necessary for the public interest, safety, and\nwelfare._\n\n_This Section is repealed one year after the effective date of this amendatory\nAct of the 104th General Assembly._\n\nCopyright (C) 2025 State Net  \n  \n---\n\n",
      "latest_version": true
    }
  ]
}