{
  "bill_id": "IL2025000S2619",
  "source_url": "http://custom.statenet.com/public/resources.cgi?id=ID:bill:IL2025000S2619&cuiq=93d84396-c63b-526a-b152-38b7f79b4cfd&client_md=e4f6fea4-27b4-5d41-b7d3-766fe52569f0",
  "versions": [
    {
      "date": "02/26/2025",
      "label": "Introduced",
      "url": "https://custom.statenet.com/public/resources.cgi?mode=show_text&id=ID:bill:IL2025000S2619&verid=IL2025000S2619_20250226_0_I&",
      "raw_html": "<html>\n<head>\n<title>Bill Resource</title>\n\n<!--   <link href=\"https://custom.statenet.com/network/Common/css/extregtext.css\" rel=\"stylesheet\" type=\"text/css\" />-->\n   <link href=\"https://custom.statenet.com/network/Common/css/xmltext-2.0.css\" rel=\"stylesheet\" type=\"text/css\" />\n   <link href=\"https://custom.statenet.com/network/Common/css/additional-text.css\" rel=\"stylesheet\" type=\"text/css\" />\n\n\t<style type=\"text/css\">\n<!--\n\ntd, body {\n     background-color: white;\n\tfont-family: Verdana, Arial, Helvetica, sans-serif;\n\tfont-size: 12px;\n}\n\n.resourceContainer {\n   border: 1px solid black;\n}\n-->\n</style>\n</head>\n<body>\n\n    <div style=\"width: 750px; margin: auto\">\n       <div style=\"font-size: .8em;margin-bottom: 10px\"><table width=\"100%\"><tr><td align=\"left\" style=\"font-size: .8em;\"><div>The following has special meaning:</div>\n<div><u class=\"amendmentInsertedText\">green underline denotes added text</u></div>\n<div><strike class=\"amendmentDeletedText\">red struck out text denotes deleted text</strike></div></td> <td align=\"right\"><a href=\"https://www.lexisnexis.com/statenet/\"><img alt=\"Powered by State Net\" src=\"https://custom.statenet.com/network/poweredby.gif\" /></a></td></tr></table></div><table id=\"text-identifier\"><tr><td class=\"key\">2025 IL S 2619</td> <td><table><tr><td class=\"label\">Author:</td> <td>Chesney</td></tr> <tr><td class=\"label\">Version:</td> <td>Introduced</td></tr> <tr><td class=\"label\">Version Date:</td> <td>02/26/2025</td></tr></table></td></tr></table><div class=\"documentBody\">\n  <a name=\"head_document_section\"></a><div class=\"head\">\n   <p class=\"center\">\n    <b>104TH GENERAL ASSEMBLY</b>\n   </p>\n   <p class=\"center\">\n    <b>State of Illinois</b>\n   </p>\n   <p class=\"center\">\n    <b>2025 and 2026</b>\n   </p>\n   <p class=\"center\">\n    <b>SB2619</b>\n   </p>\n   <p class=\"left\">Introduced 2/26/2025, by Sen. Andrew S. Chesney</p>\n   <p class=\"left\">\n    <b>SYNOPSIS AS INTRODUCED:</b>\n   </p>\n   <p class=\"left\">New Act</p>\n   <p class=\"indent\">Creates the Department of Government Efficiency Act. Provides that the Department of Government Efficiency is created to oversee, audit, and recommend improvements to all State agencies&#39; operations, budgets, and practices. Sets forth the membership and powers and duties of the Department, including the power to conduct mandatory annual audits in all State agencies, review and recommend repealing programs or expenditures that prioritize ideology over taxpayer benefits, establish clear key performance indicators for every State agency, consolidate overlapping programs and services, and implement technological solutions to improve transparency and streamline operations. Requires all State agencies to submit initial efficiency plans to the Department of Government Efficiency within 12 months after the Department&#39;s establishment. Sets forth provisions concerning findings of the General Assembly, the mission of the Department, implementation of the Act, and reporting. Effective immediately.</p>\n   <p class=\"center\">\n    <b>A BILL FOR</b>\n   </p>\n  </div>\n  <a name=\"title_document_section\"></a><div class=\"title\">\n   <p class=\"indent\">AN ACT concerning State government.</p>\n  </div>\n  <a name=\"text_document_section\"></a><div class=\"text\">\n   <span>\n    <p class=\"indent\">\n     <b>Be it enacted by the People of the State of Illinois, represented in the General Assembly:</b>\n    </p>\n   </span>\n   <p class=\"indent\">Section 1. Short title. This Act may be cited as the Department of Government Efficiency Act.</p>\n   <p class=\"indent\">Section 5. Findings. The General Assembly finds that:</p>\n   <p class=\"indent\">(1) Illinois has a long-standing reputation for government inefficiency, excessive spending, and wasteful bureaucracy.</p>\n   <p class=\"indent\">(2) Illinois ranks among the most corrupt States in the nation, with repeated scandals involving public officials misusing taxpayer dollars for personal or political gain.</p>\n   <p class=\"indent\">(3) Illinois taxpayers are burdened by the highest property taxes in the nation, yet face crumbling infrastructure, substandard services, and failing schools.</p>\n   <p class=\"indent\">(4) The so-called &quot;woke agenda&quot; has infiltrated government institutions, diverting attention from real issues and forcing taxpayers to foot the bill for radical policies that undermine efficiency, fairness, and merit-based governance.</p>\n   <p class=\"indent\">(5) The people of Illinois deserve a government that prioritizes taxpayers over bureaucrats, real results over ideological virtue signaling, and efficient, accountable service over political correctness.</p>\n   <p class=\"indent\">(6) Modernizing government operations through technology and efficiency measures has proven effective in reducing costs and enhancing service delivery in both the private and public sectors.</p>\n   <p class=\"indent\">(7) Restoring public trust in Illinois government requires bold action to root out waste, fraud, and abuse while demonstrating a commitment to serving the people effectively.</p>\n   <p class=\"indent\">(8) Creating a Department of Government Efficiency will restore trust, eliminate waste, and refocus Illinois government on its core mission: serving the people.</p>\n   <p class=\"indent\">Section 10. Establishment of the Department of Government Efficiency. The Department of Government Efficiency is created to oversee, audit, and recommend improvements to all State agencies&#39; operations, budgets, and practices.</p>\n   <p class=\"indent\">Section 15. Leadership. The Department of Government Efficiency shall consist of 6 voting members as follows:</p>\n   <p class=\"indent\">(1) One member appointed by the Governor.</p>\n   <p class=\"indent\">(2) One member appointed by the Speaker of the House.</p>\n   <p class=\"indent\">(3) One member appointed by the President of the Senate.</p>\n   <p class=\"indent\">(4) One member appointed by the Minority Leader of the House.</p>\n   <p class=\"indent\">(5) One member appointed by the Minority Leader of the Senate.</p>\n   <p class=\"indent\">(6) One member appointed by the Illinois Legislative Freedom Caucus.</p>\n   <p class=\"indent\">Elon Musk, or the Administrator of the United States DOGE Service Temporary Organization, shall serve as an honorary advisory member without voting rights, unless he or she resides in Illinois, and shall provide guidance to ensure Illinois adopts cutting-edge solutions, including technological innovations.</p>\n   <p class=\"indent\">Section 20. Mission. The mission of the Department of Government Efficiency is to:</p>\n   <p class=\"indent\">(1) ensure all State operations are focused solely on serving the needs of Illinois taxpayers and delivering measurable results;</p>\n   <p class=\"indent\">(2) eliminate wasteful programs, streamline services, and hold government agencies accountable for their performance; and</p>\n   <p class=\"indent\">(3) defeat the woke mind virus and root out ideological indoctrination and policies driven by radical, partisan agendas that prioritize political correctness over common sense, merit, and efficient governance.</p>\n   <p class=\"indent\">Section 25. Powers and duties. The Department of Government Efficiency has the following powers and duties:</p>\n   <p class=\"indent\">(1) Conduct mandatory annual audits to eliminate waste, inefficiencies, and radical policies in all State agencies.</p>\n   <p class=\"indent\">(2) Review and recommend repealing programs or expenditures that prioritize ideology over taxpayer benefits.</p>\n   <p class=\"indent\">(3) Establish clear Key Performance Indicators for every State agency to measure efficiency and effectiveness.</p>\n   <p class=\"indent\">(4) Consolidate overlapping programs and services across State agencies.</p>\n   <p class=\"indent\">(5) Implement technological solutions to improve transparency and streamline operations, including artificial intelligence and blockchain tools.</p>\n   <p class=\"indent\">Section 30. Implementation Timeline.</p>\n   <p class=\"indent\">(a) The Department of Government Efficiency shall be operational no later than 3 months after the effective date of this Act.</p>\n   <p class=\"indent\">(b) All State agencies must submit initial efficiency plans to the Department of Government Efficiency within 12 months after the Department of Government Efficiency&#39;s establishment.</p>\n   <p class=\"indent\">(c) A report on the progress of the Department of Government Efficiency shall be released by the Department of Government Efficiency 60 days after the completion of the first year of the Department of Government Efficiency&#39;s operations.</p>\n   <p class=\"indent\">(d) The Department of Government Efficiency shall submit quarterly reports to the General Assembly summarizing achievements, challenges, and recommendations.</p>\n   <p class=\"indent\">Section 99. Effective date. This Act takes effect upon becoming law.</p>\n  </div>\n </div>\n    </div>\t\n<table cellpadding=0 cellspacing=0 width=\"100%\">\n   <tr>\n      <td>\n          Copyright &copy; 2025 State Net\n      </td>\n<BR>\n<!--???MOVED INTO resources.cgi      <td align=\"right\">\n          <img src=\"https://custom.statenet.com/network/poweredby.gif\" alt=\"Powered by State Net\">\n      </td>-->\n\n    </tr>\n</table>\n</body></html>\n",
      "markdown": "The following has special meaning: _green underline denotes added text_ ~~red struck out text denotes deleted text~~ | [![Powered by State Net](https://custom.statenet.com/network/poweredby.gif)](https://www.lexisnexis.com/statenet/)  \n---|---  \n  \n2025 IL S 2619 | | Author: | Chesney  \n---|---  \nVersion: | Introduced  \nVersion Date: | 02/26/2025  \n  \n**104TH GENERAL ASSEMBLY**\n\n**State of Illinois**\n\n**2025 and 2026**\n\n**SB2619**\n\nIntroduced 2/26/2025, by Sen. Andrew S. Chesney\n\n**SYNOPSIS AS INTRODUCED:**\n\nNew Act\n\nCreates the Department of Government Efficiency Act. Provides that the\nDepartment of Government Efficiency is created to oversee, audit, and\nrecommend improvements to all State agencies' operations, budgets, and\npractices. Sets forth the membership and powers and duties of the Department,\nincluding the power to conduct mandatory annual audits in all State agencies,\nreview and recommend repealing programs or expenditures that prioritize\nideology over taxpayer benefits, establish clear key performance indicators\nfor every State agency, consolidate overlapping programs and services, and\nimplement technological solutions to improve transparency and streamline\noperations. Requires all State agencies to submit initial efficiency plans to\nthe Department of Government Efficiency within 12 months after the\nDepartment's establishment. Sets forth provisions concerning findings of the\nGeneral Assembly, the mission of the Department, implementation of the Act,\nand reporting. Effective immediately.\n\n**A BILL FOR**\n\nAN ACT concerning State government.\n\n**Be it enacted by the People of the State of Illinois, represented in the\nGeneral Assembly:**\n\nSection 1. Short title. This Act may be cited as the Department of Government\nEfficiency Act.\n\nSection 5. Findings. The General Assembly finds that:\n\n(1) Illinois has a long-standing reputation for government inefficiency,\nexcessive spending, and wasteful bureaucracy.\n\n(2) Illinois ranks among the most corrupt States in the nation, with repeated\nscandals involving public officials misusing taxpayer dollars for personal or\npolitical gain.\n\n(3) Illinois taxpayers are burdened by the highest property taxes in the\nnation, yet face crumbling infrastructure, substandard services, and failing\nschools.\n\n(4) The so-called \"woke agenda\" has infiltrated government institutions,\ndiverting attention from real issues and forcing taxpayers to foot the bill\nfor radical policies that undermine efficiency, fairness, and merit-based\ngovernance.\n\n(5) The people of Illinois deserve a government that prioritizes taxpayers\nover bureaucrats, real results over ideological virtue signaling, and\nefficient, accountable service over political correctness.\n\n(6) Modernizing government operations through technology and efficiency\nmeasures has proven effective in reducing costs and enhancing service delivery\nin both the private and public sectors.\n\n(7) Restoring public trust in Illinois government requires bold action to root\nout waste, fraud, and abuse while demonstrating a commitment to serving the\npeople effectively.\n\n(8) Creating a Department of Government Efficiency will restore trust,\neliminate waste, and refocus Illinois government on its core mission: serving\nthe people.\n\nSection 10. Establishment of the Department of Government Efficiency. The\nDepartment of Government Efficiency is created to oversee, audit, and\nrecommend improvements to all State agencies' operations, budgets, and\npractices.\n\nSection 15. Leadership. The Department of Government Efficiency shall consist\nof 6 voting members as follows:\n\n(1) One member appointed by the Governor.\n\n(2) One member appointed by the Speaker of the House.\n\n(3) One member appointed by the President of the Senate.\n\n(4) One member appointed by the Minority Leader of the House.\n\n(5) One member appointed by the Minority Leader of the Senate.\n\n(6) One member appointed by the Illinois Legislative Freedom Caucus.\n\nElon Musk, or the Administrator of the United States DOGE Service Temporary\nOrganization, shall serve as an honorary advisory member without voting\nrights, unless he or she resides in Illinois, and shall provide guidance to\nensure Illinois adopts cutting-edge solutions, including technological\ninnovations.\n\nSection 20. Mission. The mission of the Department of Government Efficiency is\nto:\n\n(1) ensure all State operations are focused solely on serving the needs of\nIllinois taxpayers and delivering measurable results;\n\n(2) eliminate wasteful programs, streamline services, and hold government\nagencies accountable for their performance; and\n\n(3) defeat the woke mind virus and root out ideological indoctrination and\npolicies driven by radical, partisan agendas that prioritize political\ncorrectness over common sense, merit, and efficient governance.\n\nSection 25. Powers and duties. The Department of Government Efficiency has the\nfollowing powers and duties:\n\n(1) Conduct mandatory annual audits to eliminate waste, inefficiencies, and\nradical policies in all State agencies.\n\n(2) Review and recommend repealing programs or expenditures that prioritize\nideology over taxpayer benefits.\n\n(3) Establish clear Key Performance Indicators for every State agency to\nmeasure efficiency and effectiveness.\n\n(4) Consolidate overlapping programs and services across State agencies.\n\n(5) Implement technological solutions to improve transparency and streamline\noperations, including artificial intelligence and blockchain tools.\n\nSection 30. Implementation Timeline.\n\n(a) The Department of Government Efficiency shall be operational no later than\n3 months after the effective date of this Act.\n\n(b) All State agencies must submit initial efficiency plans to the Department\nof Government Efficiency within 12 months after the Department of Government\nEfficiency's establishment.\n\n(c) A report on the progress of the Department of Government Efficiency shall\nbe released by the Department of Government Efficiency 60 days after the\ncompletion of the first year of the Department of Government Efficiency's\noperations.\n\n(d) The Department of Government Efficiency shall submit quarterly reports to\nthe General Assembly summarizing achievements, challenges, and\nrecommendations.\n\nSection 99. Effective date. This Act takes effect upon becoming law.\n\nCopyright (C) 2025 State Net  \n  \n---\n\n",
      "latest_version": true
    }
  ]
}