{
  "bill_id": "IL2025000S1366",
  "source_url": "http://custom.statenet.com/public/resources.cgi?id=ID:bill:IL2025000S1366&cuiq=93d84396-c63b-526a-b152-38b7f79b4cfd&client_md=e4f6fea4-27b4-5d41-b7d3-766fe52569f0",
  "versions": [
    {
      "date": "01/29/2025",
      "label": "Introduced",
      "url": "https://custom.statenet.com/public/resources.cgi?mode=show_text&id=ID:bill:IL2025000S1366&verid=IL2025000S1366_20250129_0_I&",
      "raw_html": "<html>\n<head>\n<title>Bill Resource</title>\n\n<!--   <link href=\"https://custom.statenet.com/network/Common/css/extregtext.css\" rel=\"stylesheet\" type=\"text/css\" />-->\n   <link href=\"https://custom.statenet.com/network/Common/css/xmltext-2.0.css\" rel=\"stylesheet\" type=\"text/css\" />\n   <link href=\"https://custom.statenet.com/network/Common/css/additional-text.css\" rel=\"stylesheet\" type=\"text/css\" />\n\n\t<style type=\"text/css\">\n<!--\n\ntd, body {\n     background-color: white;\n\tfont-family: Verdana, Arial, Helvetica, sans-serif;\n\tfont-size: 12px;\n}\n\n.resourceContainer {\n   border: 1px solid black;\n}\n-->\n</style>\n</head>\n<body>\n\n    <div style=\"width: 750px; margin: auto\">\n       <div style=\"font-size: .8em;margin-bottom: 10px\"><table width=\"100%\"><tr><td align=\"left\" style=\"font-size: .8em;\"><div>The following has special meaning:</div>\n<div><u class=\"amendmentInsertedText\">green underline denotes added text</u></div>\n<div><strike class=\"amendmentDeletedText\">red struck out text denotes deleted text</strike></div></td> <td align=\"right\"><a href=\"https://www.lexisnexis.com/statenet/\"><img alt=\"Powered by State Net\" src=\"https://custom.statenet.com/network/poweredby.gif\" /></a></td></tr></table></div><table id=\"text-identifier\"><tr><td class=\"key\">2025 IL S 1366</td> <td><table><tr><td class=\"label\">Author:</td> <td>Turner S</td></tr> <tr><td class=\"label\">Version:</td> <td>Introduced</td></tr> <tr><td class=\"label\">Version Date:</td> <td>01/29/2025</td></tr></table></td></tr></table><div class=\"documentBody\">\n  <a name=\"head_document_section\"></a><div class=\"head\">\n   <p class=\"center\">\n    <b>104TH GENERAL ASSEMBLY</b>\n   </p>\n   <p class=\"center\">\n    <b>State of Illinois</b>\n   </p>\n   <p class=\"center\">\n    <b>2025 and 2026</b>\n   </p>\n   <p class=\"center\">\n    <b>SB1366</b>\n   </p>\n   <p class=\"left\">Introduced 1/28/2025, by Sen. Sally J. Turner</p>\n   <p class=\"left\">\n    <b>SYNOPSIS AS INTRODUCED:</b>\n   </p>\n   <p class=\"left\">New Act</p>\n   <p class=\"indent\">Creates the State Government AI Act. Provides that, before January 1, 2028, the Department of Innovation and Technology shall adopt rules establishing policies and procedures concerning the development, procurement, deployment, use, and assessment of artificial intelligence by agencies of State government. Prohibits the deployment and use of artificial intelligence by agencies of State government, unless permitted by rules adopted by the Department. Requires certain impact assessment reports. Defines terms. Effective immediately.</p>\n   <p class=\"center\">\n    <b>A BILL FOR</b>\n   </p>\n  </div>\n  <a name=\"title_document_section\"></a><div class=\"title\">\n   <p class=\"indent\">AN ACT concerning State government.</p>\n  </div>\n  <a name=\"text_document_section\"></a><div class=\"text\">\n   <span>\n    <p class=\"indent\">\n     <b>Be it enacted by the People of the State of Illinois, represented in the General Assembly:</b>\n    </p>\n   </span>\n   <p class=\"indent\">Section 1. Short title. This Act may be cited as the State Government AI Act.</p>\n   <p class=\"indent\">Section 5. Definitions. In this Act:</p>\n   <p class=\"indent\">&quot;Agency of State government&quot; means:</p>\n   <p class=\"indent\">(1) any agency, department, or office in State government or any part of State government created by the Constitution of the State;</p>\n   <p class=\"indent\">(2) any of the several agencies and departments of State government as designated in Section 5-15 of the Civil Administrative Code of Illinois; or</p>\n   <p class=\"indent\">(3) any State agency, department, bureau, or office in the executive branch or legislative branch created by statute or executive order that does not exist as a constituent part of an agency, department, or office described under item (i) or item (ii) of this definition.</p>\n   <p class=\"indent\">&quot;Artificial intelligence&quot; or &quot;AI&quot; means technology that enables computers and machines to simulate human learning, comprehension, problem solving, decision making, creativity, and autonomy.</p>\n   <p class=\"indent\">Section 10. Policies and procedures. Before January 1, 2028, the Department of Innovation and Technology shall adopt rules establishing policies and procedures concerning the development, procurement, deployment, use, and assessment of artificial intelligence by agencies of State government to protect and enhance the health, welfare, and safety of the people of the State of Illinois. In developing these rules, the Department of Innovation and Technology may consult with the Generative AI and Natural Language Processing Task Force established under Section 1-80 of the Department of Innovation and Technology Act.</p>\n   <p class=\"indent\">Section 15. Prohibition. Beginning January 1, 2028, unless permitted by rules adopted by the Department of Innovation and Technology, no agency of State government may deploy or use artificial intelligence.</p>\n   <p class=\"indent\">Section 20. Impact assessment reports.</p>\n   <p class=\"indent\">(a) On or before July 1, 2028, and on or before July 1 of every succeeding calendar year, every agency of State government shall submit an impact assessment report on the impact of artificial intelligence on that agency of State government to the Department of Innovation and Technology.</p>\n   <p class=\"indent\">(b) On or before January 1, 2029, and on or before January 1 of every succeeding calendar year, the Department of Innovation and Technology shall submit an impact assessment report on the impact of artificial intelligence on State government to the General Assembly and the Governor.</p>\n   <p class=\"indent\">Section 99. Effective date. This Act takes effect upon becoming law.</p>\n  </div>\n </div>\n    </div>\t\n<table cellpadding=0 cellspacing=0 width=\"100%\">\n   <tr>\n      <td>\n          Copyright &copy; 2025 State Net\n      </td>\n<BR>\n<!--???MOVED INTO resources.cgi      <td align=\"right\">\n          <img src=\"https://custom.statenet.com/network/poweredby.gif\" alt=\"Powered by State Net\">\n      </td>-->\n\n    </tr>\n</table>\n</body></html>\n",
      "markdown": "The following has special meaning: _green underline denotes added text_ ~~red struck out text denotes deleted text~~ | [![Powered by State Net](https://custom.statenet.com/network/poweredby.gif)](https://www.lexisnexis.com/statenet/)  \n---|---  \n  \n2025 IL S 1366 | | Author: | Turner S  \n---|---  \nVersion: | Introduced  \nVersion Date: | 01/29/2025  \n  \n**104TH GENERAL ASSEMBLY**\n\n**State of Illinois**\n\n**2025 and 2026**\n\n**SB1366**\n\nIntroduced 1/28/2025, by Sen. Sally J. Turner\n\n**SYNOPSIS AS INTRODUCED:**\n\nNew Act\n\nCreates the State Government AI Act. Provides that, before January 1, 2028,\nthe Department of Innovation and Technology shall adopt rules establishing\npolicies and procedures concerning the development, procurement, deployment,\nuse, and assessment of artificial intelligence by agencies of State\ngovernment. Prohibits the deployment and use of artificial intelligence by\nagencies of State government, unless permitted by rules adopted by the\nDepartment. Requires certain impact assessment reports. Defines terms.\nEffective immediately.\n\n**A BILL FOR**\n\nAN ACT concerning State government.\n\n**Be it enacted by the People of the State of Illinois, represented in the\nGeneral Assembly:**\n\nSection 1. Short title. This Act may be cited as the State Government AI Act.\n\nSection 5. Definitions. In this Act:\n\n\"Agency of State government\" means:\n\n(1) any agency, department, or office in State government or any part of State\ngovernment created by the Constitution of the State;\n\n(2) any of the several agencies and departments of State government as\ndesignated in Section 5-15 of the Civil Administrative Code of Illinois; or\n\n(3) any State agency, department, bureau, or office in the executive branch or\nlegislative branch created by statute or executive order that does not exist\nas a constituent part of an agency, department, or office described under item\n(i) or item (ii) of this definition.\n\n\"Artificial intelligence\" or \"AI\" means technology that enables computers and\nmachines to simulate human learning, comprehension, problem solving, decision\nmaking, creativity, and autonomy.\n\nSection 10. Policies and procedures. Before January 1, 2028, the Department of\nInnovation and Technology shall adopt rules establishing policies and\nprocedures concerning the development, procurement, deployment, use, and\nassessment of artificial intelligence by agencies of State government to\nprotect and enhance the health, welfare, and safety of the people of the State\nof Illinois. In developing these rules, the Department of Innovation and\nTechnology may consult with the Generative AI and Natural Language Processing\nTask Force established under Section 1-80 of the Department of Innovation and\nTechnology Act.\n\nSection 15. Prohibition. Beginning January 1, 2028, unless permitted by rules\nadopted by the Department of Innovation and Technology, no agency of State\ngovernment may deploy or use artificial intelligence.\n\nSection 20. Impact assessment reports.\n\n(a) On or before July 1, 2028, and on or before July 1 of every succeeding\ncalendar year, every agency of State government shall submit an impact\nassessment report on the impact of artificial intelligence on that agency of\nState government to the Department of Innovation and Technology.\n\n(b) On or before January 1, 2029, and on or before January 1 of every\nsucceeding calendar year, the Department of Innovation and Technology shall\nsubmit an impact assessment report on the impact of artificial intelligence on\nState government to the General Assembly and the Governor.\n\nSection 99. Effective date. This Act takes effect upon becoming law.\n\nCopyright (C) 2025 State Net  \n  \n---\n\n",
      "latest_version": true
    }
  ]
}