{
  "bill_id": "IL2025000H1427",
  "source_url": "http://custom.statenet.com/public/resources.cgi?id=ID:bill:IL2025000H1427&cuiq=93d84396-c63b-526a-b152-38b7f79b4cfd&client_md=e4f6fea4-27b4-5d41-b7d3-766fe52569f0",
  "versions": [
    {
      "date": "01/16/2025",
      "label": "Introduced",
      "url": "https://custom.statenet.com/public/resources.cgi?mode=show_text&id=ID:bill:IL2025000H1427&verid=IL2025000H1427_20250116_0_I&",
      "raw_html": "<html>\n<head>\n<title>Bill Resource</title>\n\n<!--   <link href=\"https://custom.statenet.com/network/Common/css/extregtext.css\" rel=\"stylesheet\" type=\"text/css\" />-->\n   <link href=\"https://custom.statenet.com/network/Common/css/xmltext-2.0.css\" rel=\"stylesheet\" type=\"text/css\" />\n   <link href=\"https://custom.statenet.com/network/Common/css/additional-text.css\" rel=\"stylesheet\" type=\"text/css\" />\n\n\t<style type=\"text/css\">\n<!--\n\ntd, body {\n     background-color: white;\n\tfont-family: Verdana, Arial, Helvetica, sans-serif;\n\tfont-size: 12px;\n}\n\n.resourceContainer {\n   border: 1px solid black;\n}\n-->\n</style>\n</head>\n<body>\n\n    <div style=\"width: 750px; margin: auto\">\n       <div style=\"font-size: .8em;margin-bottom: 10px\"><table width=\"100%\"><tr><td align=\"left\" style=\"font-size: .8em;\"><div>The following has special meaning:</div>\n<div><u class=\"amendmentInsertedText\">green underline denotes added text</u></div>\n<div><strike class=\"amendmentDeletedText\">red struck out text denotes deleted text</strike></div></td> <td align=\"right\"><a href=\"https://www.lexisnexis.com/statenet/\"><img alt=\"Powered by State Net\" src=\"https://custom.statenet.com/network/poweredby.gif\" /></a></td></tr></table></div><table id=\"text-identifier\"><tr><td class=\"key\">2025 IL H 1427</td> <td><table><tr><td class=\"label\">Author:</td> <td>Olickal</td></tr> <tr><td class=\"label\">Version:</td> <td>Introduced</td></tr> <tr><td class=\"label\">Version Date:</td> <td>01/16/2025</td></tr></table></td></tr></table><div class=\"documentBody\">\n  <a name=\"head_document_section\"></a><div class=\"head\">\n   <p class=\"center\">\n    <b>104TH GENERAL ASSEMBLY</b>\n   </p>\n   <p class=\"center\">\n    <b>State of Illinois</b>\n   </p>\n   <p class=\"center\">\n    <b>2025 and 2026</b>\n   </p>\n   <p class=\"center\">\n    <b>HB1427</b>\n   </p>\n   <p class=\"left\">Introduced, by Rep. Kevin John Olickal</p>\n   <p class=\"left\">\n    <b>SYNOPSIS AS INTRODUCED:</b>\n   </p>\n   <p class=\"left\">New Act</p>\n   <p class=\"left\">815 ILCS 505/2HHHH new</p>\n   <p class=\"indent\">Creates the Prohibition of Algorithmics in Rent Act. Provides that in setting the amount of rent to be charged to a tenant for the occupancy of a residential premises, including determining any change in the amount of rent to be charged for the renewed occupancy of a residential premises, a landlord shall not employ, use, or rely upon, or cause another person to employ, use, or rely upon, an algorithmic device that uses, incorporates, or was trained with nonpublic competitor data. Defines &quot;algorithmic device&quot; to mean a device that uses one or more algorithms to perform calculations of data, including data concerning local or statewide rent amounts being charged to tenants by landlords, for the purpose of advising a landlord concerning the amount of rent that the landlord may consider charging a tenant. Provides that this definition does not include (i) any report published periodically, but no more frequently than monthly, by a trade association that receives renter data and publishes it in an aggregated and anonymous manner; or (ii) a product used for the purpose of establishing rent or income limits in accordance with the affordable housing program guidelines of a local government, the State, the federal government, or other political subdivision. Amends the Consumer Fraud and Deceptive Business Practices Act to make a corresponding change. Provides that any person who violates the Prohibition of Algorithmics in Rent Act commits an unlawful practice within the meaning of the Consumer Fraud and Deceptive Business Practices Act.</p>\n   <p class=\"center\">\n    <b>A BILL FOR</b>\n   </p>\n  </div>\n  <a name=\"title_document_section\"></a><div class=\"title\">\n   <p class=\"indent\">AN ACT concerning property.</p>\n  </div>\n  <a name=\"text_document_section\"></a><div class=\"text\">\n   <span>\n    <p class=\"indent\">\n     <b>Be it enacted by the People of the State of Illinois, represented in the General Assembly:</b>\n    </p>\n   </span>\n   <p class=\"indent\">Section 1. Short title. This Act may be cited as the Prohibition of Algorithmics in Rent Act.</p>\n   <p class=\"indent\">Section 5. Legislative intent. The General Assembly finds that, with certain exceptions, the use of an algorithmic device by a landlord to set the amount of a residential tenant&#39;s rent should be prohibited because the use of algorithmic devices:</p>\n   <p class=\"indent\">(1) has been the subject of lawsuits that allege such products pose a heightened risk of anticompetitive conduct, price fixing, and collusion, all of which allegedly result in higher rents for residential tenants; and</p>\n   <p class=\"indent\">(2) allegedly poses the risk that landlords will outsource pricing decisions, which the General Assembly finds should always be made by the landlord.</p>\n   <p class=\"indent\">Section 10. Definitions. As used in this Act:</p>\n   <p class=\"indent\">&quot;Algorithmic device&quot; means a device that uses one or more algorithms to perform calculations of data, including data concerning local or statewide rent amounts being charged to tenants by landlords, for the purpose of advising a landlord concerning the amount of rent that the landlord may consider charging a tenant. It includes a product that incorporates an algorithmic device but does not include:</p>\n   <p class=\"indent\">(1) any report published periodically, but no more frequently than monthly, by a trade association that receives renter data and publishes it in an aggregated and anonymous manner; or</p>\n   <p class=\"indent\">(2) a product used for the purpose of establishing rent or income limits in accordance with the affordable housing program guidelines of a local government, the State, the federal government, or other political subdivision.</p>\n   <p class=\"indent\">&quot;Nonpublic competitor data&quot; means information that is not widely available or easily accessible to the public, including information about actual rent prices, occupancy rates, lease start and end dates, and similar data, regardless of whether the data are attributable to a specific competitor or anonymized, and that is derived from or otherwise provided by another person that competes in the same market as a person, or a related market.</p>\n   <p class=\"indent\">&quot;Rent&quot; means the total amount of rent, including concessions and fees, that a residential tenant is required to pay under a rental agreement.</p>\n   <p class=\"indent\">Section 15. Algorithmic device in setting rent amount prohibited.</p>\n   <p class=\"indent\">(a) In setting the amount of rent to be charged to a tenant for the occupancy of a residential premises, including determining any change in the amount of rent to be charged for the renewed occupancy of a residential premises, a landlord shall not employ, use, or rely upon, or cause another person to employ, use, or rely upon, an algorithmic device that uses, incorporates, or was trained with nonpublic competitor data.</p>\n   <p class=\"indent\">(b) A violation of this Act constitutes an unlawful practice within the meaning of the Consumer Fraud and Deceptive Business Practices Act.</p>\n   <p class=\"indent\">Section 20. Applicability. This Act applies to a landlord&#39;s calculation of the amount of rent that the landlord charges for the occupancy of a residential premises under any rental agreement that is executed on or after the effective date of this Act.</p>\n   <p class=\"indent\">Section 90. The Consumer Fraud and Deceptive Business Practices Act is amended by adding Section 2HHHH as follows:</p>\n   <p class=\"indent\">(815 ILCS 505/2HHHH new)</p>\n   <p class=\"indent\">\n    <u class=\"amendmentInsertedText\">Sec. 2HHHH. Violations of the Prohibition of Algorithmics in Rent Act. Any person who violates the Prohibition of Algorithmics in Rent Act commits an unlawful practice within the meaning of this Act.</u>\n   </p>\n  </div>\n </div>\n    </div>\t\n<table cellpadding=0 cellspacing=0 width=\"100%\">\n   <tr>\n      <td>\n          Copyright &copy; 2025 State Net\n      </td>\n<BR>\n<!--???MOVED INTO resources.cgi      <td align=\"right\">\n          <img src=\"https://custom.statenet.com/network/poweredby.gif\" alt=\"Powered by State Net\">\n      </td>-->\n\n    </tr>\n</table>\n</body></html>\n",
      "markdown": "The following has special meaning: _green underline denotes added text_ ~~red struck out text denotes deleted text~~ | [![Powered by State Net](https://custom.statenet.com/network/poweredby.gif)](https://www.lexisnexis.com/statenet/)  \n---|---  \n  \n2025 IL H 1427 | | Author: | Olickal  \n---|---  \nVersion: | Introduced  \nVersion Date: | 01/16/2025  \n  \n**104TH GENERAL ASSEMBLY**\n\n**State of Illinois**\n\n**2025 and 2026**\n\n**HB1427**\n\nIntroduced, by Rep. Kevin John Olickal\n\n**SYNOPSIS AS INTRODUCED:**\n\nNew Act\n\n815 ILCS 505/2HHHH new\n\nCreates the Prohibition of Algorithmics in Rent Act. Provides that in setting\nthe amount of rent to be charged to a tenant for the occupancy of a\nresidential premises, including determining any change in the amount of rent\nto be charged for the renewed occupancy of a residential premises, a landlord\nshall not employ, use, or rely upon, or cause another person to employ, use,\nor rely upon, an algorithmic device that uses, incorporates, or was trained\nwith nonpublic competitor data. Defines \"algorithmic device\" to mean a device\nthat uses one or more algorithms to perform calculations of data, including\ndata concerning local or statewide rent amounts being charged to tenants by\nlandlords, for the purpose of advising a landlord concerning the amount of\nrent that the landlord may consider charging a tenant. Provides that this\ndefinition does not include (i) any report published periodically, but no more\nfrequently than monthly, by a trade association that receives renter data and\npublishes it in an aggregated and anonymous manner; or (ii) a product used for\nthe purpose of establishing rent or income limits in accordance with the\naffordable housing program guidelines of a local government, the State, the\nfederal government, or other political subdivision. Amends the Consumer Fraud\nand Deceptive Business Practices Act to make a corresponding change. Provides\nthat any person who violates the Prohibition of Algorithmics in Rent Act\ncommits an unlawful practice within the meaning of the Consumer Fraud and\nDeceptive Business Practices Act.\n\n**A BILL FOR**\n\nAN ACT concerning property.\n\n**Be it enacted by the People of the State of Illinois, represented in the\nGeneral Assembly:**\n\nSection 1. Short title. This Act may be cited as the Prohibition of\nAlgorithmics in Rent Act.\n\nSection 5. Legislative intent. The General Assembly finds that, with certain\nexceptions, the use of an algorithmic device by a landlord to set the amount\nof a residential tenant's rent should be prohibited because the use of\nalgorithmic devices:\n\n(1) has been the subject of lawsuits that allege such products pose a\nheightened risk of anticompetitive conduct, price fixing, and collusion, all\nof which allegedly result in higher rents for residential tenants; and\n\n(2) allegedly poses the risk that landlords will outsource pricing decisions,\nwhich the General Assembly finds should always be made by the landlord.\n\nSection 10. Definitions. As used in this Act:\n\n\"Algorithmic device\" means a device that uses one or more algorithms to\nperform calculations of data, including data concerning local or statewide\nrent amounts being charged to tenants by landlords, for the purpose of\nadvising a landlord concerning the amount of rent that the landlord may\nconsider charging a tenant. It includes a product that incorporates an\nalgorithmic device but does not include:\n\n(1) any report published periodically, but no more frequently than monthly, by\na trade association that receives renter data and publishes it in an\naggregated and anonymous manner; or\n\n(2) a product used for the purpose of establishing rent or income limits in\naccordance with the affordable housing program guidelines of a local\ngovernment, the State, the federal government, or other political subdivision.\n\n\"Nonpublic competitor data\" means information that is not widely available or\neasily accessible to the public, including information about actual rent\nprices, occupancy rates, lease start and end dates, and similar data,\nregardless of whether the data are attributable to a specific competitor or\nanonymized, and that is derived from or otherwise provided by another person\nthat competes in the same market as a person, or a related market.\n\n\"Rent\" means the total amount of rent, including concessions and fees, that a\nresidential tenant is required to pay under a rental agreement.\n\nSection 15. Algorithmic device in setting rent amount prohibited.\n\n(a) In setting the amount of rent to be charged to a tenant for the occupancy\nof a residential premises, including determining any change in the amount of\nrent to be charged for the renewed occupancy of a residential premises, a\nlandlord shall not employ, use, or rely upon, or cause another person to\nemploy, use, or rely upon, an algorithmic device that uses, incorporates, or\nwas trained with nonpublic competitor data.\n\n(b) A violation of this Act constitutes an unlawful practice within the\nmeaning of the Consumer Fraud and Deceptive Business Practices Act.\n\nSection 20. Applicability. This Act applies to a landlord's calculation of the\namount of rent that the landlord charges for the occupancy of a residential\npremises under any rental agreement that is executed on or after the effective\ndate of this Act.\n\nSection 90. The Consumer Fraud and Deceptive Business Practices Act is amended\nby adding Section 2HHHH as follows:\n\n(815 ILCS 505/2HHHH new)\n\n_Sec. 2HHHH. Violations of the Prohibition of Algorithmics in Rent Act. Any\nperson who violates the Prohibition of Algorithmics in Rent Act commits an\nunlawful practice within the meaning of this Act._\n\nCopyright (C) 2025 State Net  \n  \n---\n\n",
      "latest_version": true
    }
  ]
}