{
  "bill_id": "IN2025000H1296",
  "source_url": "http://custom.statenet.com/public/resources.cgi?id=ID:bill:IN2025000H1296&cuiq=93d84396-c63b-526a-b152-38b7f79b4cfd&client_md=e4f6fea4-27b4-5d41-b7d3-766fe52569f0",
  "versions": [
    {
      "date": "01/09/2025",
      "label": "Introduced",
      "url": "https://custom.statenet.com/public/resources.cgi?mode=show_text&id=ID:bill:IN2025000H1296&verid=IN2025000H1296_20250109_0_I&",
      "raw_html": "<html>\n<head>\n<title>Bill Resource</title>\n\n<!--   <link href=\"https://custom.statenet.com/network/Common/css/extregtext.css\" rel=\"stylesheet\" type=\"text/css\" />-->\n   <link href=\"https://custom.statenet.com/network/Common/css/xmltext-2.0.css\" rel=\"stylesheet\" type=\"text/css\" />\n   <link href=\"https://custom.statenet.com/network/Common/css/additional-text.css\" rel=\"stylesheet\" type=\"text/css\" />\n\n\t<style type=\"text/css\">\n<!--\n\ntd, body {\n     background-color: white;\n\tfont-family: Verdana, Arial, Helvetica, sans-serif;\n\tfont-size: 12px;\n}\n\n.resourceContainer {\n   border: 1px solid black;\n}\n-->\n</style>\n</head>\n<body>\n\n    <div style=\"width: 750px; margin: auto\">\n       <div style=\"font-size: .8em;margin-bottom: 10px\"><table width=\"100%\"><tr><td align=\"left\" style=\"font-size: .8em;\"><div>The following has special meaning:</div>\n<div><u class=\"amendmentInsertedText\">green underline denotes added text</u></div>\n<div><strike class=\"amendmentDeletedText\">red struck out text denotes deleted text</strike></div></td> <td align=\"right\"><a href=\"https://www.lexisnexis.com/statenet/\"><img alt=\"Powered by State Net\" src=\"https://custom.statenet.com/network/poweredby.gif\" /></a></td></tr></table></div><table id=\"text-identifier\"><tr><td class=\"key\">2025 IN H 1296</td> <td><table><tr><td class=\"label\">Author:</td> <td>Errington</td></tr> <tr><td class=\"label\">Version:</td> <td>Introduced</td></tr> <tr><td class=\"label\">Version Date:</td> <td>01/09/2025</td></tr></table></td></tr></table><div class=\"documentBody\">\n  <a name=\"head_document_section\"></a><div class=\"head\">\n   <p class=\"right\">Introduced Version</p>\n   <p class=\"center\">HOUSE BILL No. 1296</p>\n   <p class=\"center\">_____</p>\n  </div>\n  <a name=\"digest_document_section\"></a><div class=\"digest\">\n   <p class=\"center\">DIGEST OF INTRODUCED BILL</p>\n   <p class=\"left\">Citations Affected: IC 20-19-3-36; IC 20-26-5.</p>\n   <p class=\"left\">Synopsis: Artificial intelligence inventory and policies. Requires the department of education (department) to establish the following: (1) Guidelines and a model policy regarding school artificial intelligence policies. (2) An inventory of artificial intelligence platforms that includes certain information. (3) A process and review by which teachers and school administrators may submit an artificial intelligence platform for inclusion on the inventory. Requires the department to: (1) conduct a survey of teachers and students regarding artificial intelligence platforms; and (2) submit a report regarding the results of the survey to the governor, legislative council, and members of the artificial intelligence task force. Requires school corporations and charter schools to adopt, post, and communicate to students a school policy regarding artificial intelligence. Prohibits school corporations, charter schools, and employees of a school corporation or charter school from penalizing a student based solely on evidence provided by an artificial intelligence detector.</p>\n   <p class=\"left\">Effective: July 1, 2025.</p>\n   <p class=\"indent\">Errington, Pryor, Pfaff </p>\n   <p class=\"indent\">January 13, 2025, read first time and referred to Committee on Education.</p>\n   <p class=\"indent\">Introduced</p>\n   <p class=\"center\">First Regular Session of the 124th General Assembly (2025)</p>\n   <p class=\"center\">HOUSE BILL No. 1296</p>\n  </div>\n  <a name=\"title_document_section\"></a><div class=\"title\">\n   <p class=\"indent\">A BILL FOR AN ACT to amend the Indiana Code concerning education.</p>\n  </div>\n  <a name=\"text_document_section\"></a><div class=\"text\">\n   <span>\n    <p class=\"indent\">\n     <i>Be it enacted by the General Assembly of the State of Indiana:</i>\n    </p>\n   </span>\n   <p class=\"indent\">SECTION 1. IC 20-19-3-36 IS ADDED TO THE INDIANA CODE AS A NEW SECTION TO READ AS FOLLOWS [EFFECTIVE JULY 1, 2025]: <u class=\"amendmentInsertedText\">Sec. 36. (a) The department shall establish the following:</u>\n   </p>\n   <p class=\"indent\">\n    <u class=\"amendmentInsertedText\">(1) Guidelines for creating a school corporation or charter school artificial intelligence policy.</u>\n   </p>\n   <p class=\"indent\">\n    <u class=\"amendmentInsertedText\">(2) A model school artificial intelligence policy.</u>\n   </p>\n   <p class=\"indent\">\n    <u class=\"amendmentInsertedText\">(3) An inventory of artificial intelligence platforms that:</u>\n   </p>\n   <p class=\"indent\">\n    <u class=\"amendmentInsertedText\">(A) is representative of available artificial intelligence platforms and includes at least twenty (20) platforms;</u>\n   </p>\n   <p class=\"indent\">\n    <u class=\"amendmentInsertedText\">(B) includes a classification by the department as to whether the platforms are supported or discouraged for use in a school;</u>\n   </p>\n   <p class=\"indent\">\n    <u class=\"amendmentInsertedText\">(C) is updated annually; and</u>\n   </p>\n   <p class=\"indent\">\n    <u class=\"amendmentInsertedText\">(D) is entitled &quot;Indiana Department of Education AI Technology Resource Inventory&quot;.</u>\n   </p>\n   <p class=\"indent\">\n    <u class=\"amendmentInsertedText\">(b) The department shall establish a process and review by which teachers and school administrators may submit an artificial intelligence platform for inclusion in the inventory established under subsection (a)(3).</u>\n   </p>\n   <p class=\"indent\">\n    <u class=\"amendmentInsertedText\">(c) The guidelines established by the department under subsection (a)(1) must include the following:</u>\n   </p>\n   <p class=\"indent\">\n    <u class=\"amendmentInsertedText\">(1) Information regarding the growing role of artificial intelligence platforms in the world, including in education.</u>\n   </p>\n   <p class=\"indent\">\n    <u class=\"amendmentInsertedText\">(2) The factors the department used in determining the classifications of artificial intelligence platforms in the inventory described in subsection (a)(3).</u>\n   </p>\n   <p class=\"indent\">\n    <u class=\"amendmentInsertedText\">(3) An inventory, including a description, of artificial intelligence platform resources available to students and teachers.</u>\n   </p>\n   <p class=\"indent\">\n    <u class=\"amendmentInsertedText\">(4) Disclosure requirements for students concerning the use of artificial intelligence platforms on school assignments.</u>\n   </p>\n   <p class=\"indent\">\n    <u class=\"amendmentInsertedText\">(5) Recommendations on restricting or prohibiting the use of artificial intelligence platforms by students.</u>\n   </p>\n   <p class=\"indent\">\n    <u class=\"amendmentInsertedText\">(6) For artificial intelligence platforms included in the inventory established by the department under subsection (a)(3), the:</u>\n   </p>\n   <p class=\"indent\">\n    <u class=\"amendmentInsertedText\">(A) proper and improper use by students and teachers of the artificial intelligence platforms, including examples of proper and improper use; and</u>\n   </p>\n   <p class=\"indent\">\n    <u class=\"amendmentInsertedText\">(B) privacy policies regarding the artificial intelligence platforms.</u>\n   </p>\n   <p class=\"indent\">\n    <u class=\"amendmentInsertedText\">(d) The department shall do the following:</u>\n   </p>\n   <p class=\"indent\">\n    <u class=\"amendmentInsertedText\">(1) Conduct a survey of teachers and students from urban, suburban, and rural school corporations and charter schools regarding the following:</u>\n   </p>\n   <p class=\"indent\">\n    <u class=\"amendmentInsertedText\">(A) Use and usefulness of specific artificial intelligence platforms.</u>\n   </p>\n   <p class=\"indent\">\n    <u class=\"amendmentInsertedText\">(B) Teacher and student experiences using specific artificial intelligence platforms.</u>\n   </p>\n   <p class=\"indent\">\n    <u class=\"amendmentInsertedText\">(C) Whether the training to use specific artificial intelligence platforms was effective.</u>\n   </p>\n   <p class=\"indent\">\n    <u class=\"amendmentInsertedText\">(D) The impact of artificial intelligence platforms on student learning and teaching practices and instruction.</u>\n   </p>\n   <p class=\"indent\">\n    <u class=\"amendmentInsertedText\">(2) Prepare a report each year that summarizes the information from the survey conducted under subdivision (1).</u>\n   </p>\n   <p class=\"indent\">\n    <u class=\"amendmentInsertedText\">(3) Not later than November 1 of each year, submit the report prepared under subdivision (2) to the following:</u>\n   </p>\n   <p class=\"indent\">\n    <u class=\"amendmentInsertedText\">(A) The governor.</u>\n   </p>\n   <p class=\"indent\">\n    <u class=\"amendmentInsertedText\">(B) The legislative council in an electronic format under IC 5-14-6.</u>\n   </p>\n   <p class=\"indent\">\n    <u class=\"amendmentInsertedText\">(C) The members of the artificial intelligence task force established by IC 2-5-53.7-4 in an electronic format under IC 5-14-6. This clause expires December 31, 2027.</u>\n   </p>\n   <p class=\"indent\">\n    <u class=\"amendmentInsertedText\">(e) The department shall publish artificial intelligence educational materials for students and parents of students on the department&#39;s website.</u>\n   </p>\n   <p class=\"indent\">SECTION 2. IC 20-26-5-45 IS ADDED TO THE INDIANA CODE AS A NEW SECTION TO READ AS FOLLOWS [EFFECTIVE JULY 1, 2025]: <u class=\"amendmentInsertedText\"> Sec. 45. (a) Each school corporation and charter school shall adopt a policy regarding artificial intelligence that includes the following:</u>\n   </p>\n   <p class=\"indent\">\n    <u class=\"amendmentInsertedText\">(1) Any restrictions or prohibitions by the school corporation or charter school on the use of artificial intelligence platforms by students.</u>\n   </p>\n   <p class=\"indent\">\n    <u class=\"amendmentInsertedText\">(2) An inventory of artificial intelligence platforms approved for student use by the school corporation or charter school.</u>\n   </p>\n   <p class=\"indent\">\n    <u class=\"amendmentInsertedText\">(3) A method and process for allowing teachers to report the use of artificial intelligence platforms in:</u>\n   </p>\n   <p class=\"indent\">\n    <u class=\"amendmentInsertedText\">(A) violation of the policy adopted under this section; or</u>\n   </p>\n   <p class=\"indent\">\n    <u class=\"amendmentInsertedText\">(B) a manner that was not permitted by the teacher:</u>\n   </p>\n   <p class=\"indent\">\n    <u class=\"amendmentInsertedText\">(i) for the applicable assignment; or</u>\n   </p>\n   <p class=\"indent\">\n    <u class=\"amendmentInsertedText\">(ii) in the teacher&#39;s classroom.</u>\n   </p>\n   <p class=\"indent\">\n    <u class=\"amendmentInsertedText\">(4) For a high school of a school corporation or a charter high school, a formal review process for reports received under subdivision (3).</u>\n   </p>\n   <p class=\"indent\">\n    <u class=\"amendmentInsertedText\">(5) Disclosure requirements for students concerning the use of artificial intelligence platforms on school assignments.</u>\n   </p>\n   <p class=\"indent\">\n    <u class=\"amendmentInsertedText\">(b) Each school corporation and charter school shall do the following:</u>\n   </p>\n   <p class=\"indent\">\n    <u class=\"amendmentInsertedText\">(1) Post the policy adopted under subsection (a) on the website of the school corporation or charter school.</u>\n   </p>\n   <p class=\"indent\">\n    <u class=\"amendmentInsertedText\">(2) Clearly communicate the policy to students of the school corporation or charter school.</u>\n   </p>\n   <p class=\"indent\">SECTION 3. IC 20-26-5-46 IS ADDED TO THE INDIANA CODE AS A NEW SECTION TO READ AS FOLLOWS [EFFECTIVE JULY 1, 2025]: <u class=\"amendmentInsertedText\">Sec. 46. A school corporation, charter school, or employee of a school corporation or charter school may not penalize a student based solely on evidence provided by an artificial intelligence detector.</u>\n   </p>\n  </div>\n </div>\n    </div>\t\n<table cellpadding=0 cellspacing=0 width=\"100%\">\n   <tr>\n      <td>\n          Copyright &copy; 2025 State Net\n      </td>\n<BR>\n<!--???MOVED INTO resources.cgi      <td align=\"right\">\n          <img src=\"https://custom.statenet.com/network/poweredby.gif\" alt=\"Powered by State Net\">\n      </td>-->\n\n    </tr>\n</table>\n</body></html>\n",
      "markdown": "The following has special meaning: _green underline denotes added text_ ~~red struck out text denotes deleted text~~ | [![Powered by State Net](https://custom.statenet.com/network/poweredby.gif)](https://www.lexisnexis.com/statenet/)  \n---|---  \n  \n2025 IN H 1296 | | Author: | Errington  \n---|---  \nVersion: | Introduced  \nVersion Date: | 01/09/2025  \n  \nIntroduced Version\n\nHOUSE BILL No. 1296\n\n_____\n\nDIGEST OF INTRODUCED BILL\n\nCitations Affected: IC 20-19-3-36; IC 20-26-5.\n\nSynopsis: Artificial intelligence inventory and policies. Requires the\ndepartment of education (department) to establish the following: (1)\nGuidelines and a model policy regarding school artificial intelligence\npolicies. (2) An inventory of artificial intelligence platforms that includes\ncertain information. (3) A process and review by which teachers and school\nadministrators may submit an artificial intelligence platform for inclusion on\nthe inventory. Requires the department to: (1) conduct a survey of teachers\nand students regarding artificial intelligence platforms; and (2) submit a\nreport regarding the results of the survey to the governor, legislative\ncouncil, and members of the artificial intelligence task force. Requires\nschool corporations and charter schools to adopt, post, and communicate to\nstudents a school policy regarding artificial intelligence. Prohibits school\ncorporations, charter schools, and employees of a school corporation or\ncharter school from penalizing a student based solely on evidence provided by\nan artificial intelligence detector.\n\nEffective: July 1, 2025.\n\nErrington, Pryor, Pfaff\n\nJanuary 13, 2025, read first time and referred to Committee on Education.\n\nIntroduced\n\nFirst Regular Session of the 124th General Assembly (2025)\n\nHOUSE BILL No. 1296\n\nA BILL FOR AN ACT to amend the Indiana Code concerning education.\n\n_Be it enacted by the General Assembly of the State of Indiana:_\n\nSECTION 1. IC 20-19-3-36 IS ADDED TO THE INDIANA CODE AS A NEW SECTION TO READ\nAS FOLLOWS [EFFECTIVE JULY 1, 2025]: _Sec. 36. (a) The department shall\nestablish the following:_\n\n_(1) Guidelines for creating a school corporation or charter school artificial\nintelligence policy._\n\n_(2) A model school artificial intelligence policy._\n\n_(3) An inventory of artificial intelligence platforms that:_\n\n_(A) is representative of available artificial intelligence platforms and\nincludes at least twenty (20) platforms;_\n\n_(B) includes a classification by the department as to whether the platforms\nare supported or discouraged for use in a school;_\n\n_(C) is updated annually; and_\n\n_(D) is entitled \"Indiana Department of Education AI Technology Resource\nInventory\"._\n\n_(b) The department shall establish a process and review by which teachers and\nschool administrators may submit an artificial intelligence platform for\ninclusion in the inventory established under subsection (a)(3)._\n\n_(c) The guidelines established by the department under subsection (a)(1) must\ninclude the following:_\n\n_(1) Information regarding the growing role of artificial intelligence\nplatforms in the world, including in education._\n\n_(2) The factors the department used in determining the classifications of\nartificial intelligence platforms in the inventory described in subsection\n(a)(3)._\n\n_(3) An inventory, including a description, of artificial intelligence\nplatform resources available to students and teachers._\n\n_(4) Disclosure requirements for students concerning the use of artificial\nintelligence platforms on school assignments._\n\n_(5) Recommendations on restricting or prohibiting the use of artificial\nintelligence platforms by students._\n\n_(6) For artificial intelligence platforms included in the inventory\nestablished by the department under subsection (a)(3), the:_\n\n_(A) proper and improper use by students and teachers of the artificial\nintelligence platforms, including examples of proper and improper use; and_\n\n_(B) privacy policies regarding the artificial intelligence platforms._\n\n_(d) The department shall do the following:_\n\n_(1) Conduct a survey of teachers and students from urban, suburban, and rural\nschool corporations and charter schools regarding the following:_\n\n_(A) Use and usefulness of specific artificial intelligence platforms._\n\n_(B) Teacher and student experiences using specific artificial intelligence\nplatforms._\n\n_(C) Whether the training to use specific artificial intelligence platforms\nwas effective._\n\n_(D) The impact of artificial intelligence platforms on student learning and\nteaching practices and instruction._\n\n_(2) Prepare a report each year that summarizes the information from the\nsurvey conducted under subdivision (1)._\n\n_(3) Not later than November 1 of each year, submit the report prepared under\nsubdivision (2) to the following:_\n\n_(A) The governor._\n\n_(B) The legislative council in an electronic format under IC 5-14-6._\n\n_(C) The members of the artificial intelligence task force established by IC\n2-5-53.7-4 in an electronic format under IC 5-14-6. This clause expires\nDecember 31, 2027._\n\n_(e) The department shall publish artificial intelligence educational\nmaterials for students and parents of students on the department 's website._\n\nSECTION 2. IC 20-26-5-45 IS ADDED TO THE INDIANA CODE AS A NEW SECTION TO READ\nAS FOLLOWS [EFFECTIVE JULY 1, 2025]: _Sec. 45. (a) Each school corporation and\ncharter school shall adopt a policy regarding artificial intelligence that\nincludes the following:_\n\n_(1) Any restrictions or prohibitions by the school corporation or charter\nschool on the use of artificial intelligence platforms by students._\n\n_(2) An inventory of artificial intelligence platforms approved for student\nuse by the school corporation or charter school._\n\n_(3) A method and process for allowing teachers to report the use of\nartificial intelligence platforms in:_\n\n_(A) violation of the policy adopted under this section; or_\n\n_(B) a manner that was not permitted by the teacher:_\n\n_(i) for the applicable assignment; or_\n\n_(ii) in the teacher 's classroom._\n\n_(4) For a high school of a school corporation or a charter high school, a\nformal review process for reports received under subdivision (3)._\n\n_(5) Disclosure requirements for students concerning the use of artificial\nintelligence platforms on school assignments._\n\n_(b) Each school corporation and charter school shall do the following:_\n\n_(1) Post the policy adopted under subsection (a) on the website of the school\ncorporation or charter school._\n\n_(2) Clearly communicate the policy to students of the school corporation or\ncharter school._\n\nSECTION 3. IC 20-26-5-46 IS ADDED TO THE INDIANA CODE AS A NEW SECTION TO READ\nAS FOLLOWS [EFFECTIVE JULY 1, 2025]: _Sec. 46. A school corporation, charter\nschool, or employee of a school corporation or charter school may not penalize\na student based solely on evidence provided by an artificial intelligence\ndetector._\n\nCopyright (C) 2025 State Net  \n  \n---\n\n",
      "latest_version": true
    }
  ]
}