{
  "bill_id": "KS2025000H2313",
  "source_url": "http://custom.statenet.com/public/resources.cgi?id=ID:bill:KS2025000H2313&cuiq=93d84396-c63b-526a-b152-38b7f79b4cfd&client_md=e4f6fea4-27b4-5d41-b7d3-766fe52569f0",
  "versions": [
    {
      "date": "02/06/2025",
      "label": "Introduced",
      "url": "https://custom.statenet.com/public/resources.cgi?mode=show_text&id=ID:bill:KS2025000H2313&verid=KS2025000H2313_20250206_0_I&",
      "raw_html": "<html>\n<head>\n<title>Bill Resource</title>\n\n<!--   <link href=\"https://custom.statenet.com/network/Common/css/extregtext.css\" rel=\"stylesheet\" type=\"text/css\" />-->\n   <link href=\"https://custom.statenet.com/network/Common/css/xmltext-2.0.css\" rel=\"stylesheet\" type=\"text/css\" />\n   <link href=\"https://custom.statenet.com/network/Common/css/additional-text.css\" rel=\"stylesheet\" type=\"text/css\" />\n\n\t<style type=\"text/css\">\n<!--\n\ntd, body {\n     background-color: white;\n\tfont-family: Verdana, Arial, Helvetica, sans-serif;\n\tfont-size: 12px;\n}\n\n.resourceContainer {\n   border: 1px solid black;\n}\n-->\n</style>\n</head>\n<body>\n\n    <div style=\"width: 750px; margin: auto\">\n       <div style=\"font-size: .8em;margin-bottom: 10px\"><table width=\"100%\"><tr><td align=\"left\" style=\"font-size: .8em;\"><div>The following has special meaning:</div>\n<div><u class=\"amendmentInsertedText\">green underline denotes added text</u></div>\n<div><strike class=\"amendmentDeletedText\">red struck out text denotes deleted text</strike></div></td> <td align=\"right\"><a href=\"https://www.lexisnexis.com/statenet/\"><img alt=\"Powered by State Net\" src=\"https://custom.statenet.com/network/poweredby.gif\" /></a></td></tr></table></div><table id=\"text-identifier\"><tr><td class=\"key\">2025 KS H 2313</td> <td><table><tr><td class=\"label\">Author:</td> <td>Financial Institutions and Pensions</td></tr> <tr><td class=\"label\">Version:</td> <td>Introduced</td></tr> <tr><td class=\"label\">Version Date:</td> <td>02/06/2025</td></tr></table></td></tr></table><div class=\"documentBody\">\n  <a name=\"head_document_section\"></a><div class=\"head\">\n   <p class=\"indent\">\n    <i>Session of 2025</i>\n   </p>\n   <p class=\"center\">HOUSE BILL No. 2313</p>\n   <p class=\"center\">By Committee on Financial Institutions and Pensions </p>\n   <p class=\"center\">Requested by Representative Hoheisel</p>\n   <p class=\"center\">2-6</p>\n  </div>\n  <a name=\"title_document_section\"></a><div class=\"title\">\n   <p class=\"left\">AN ACT concerning state-issued devices and networks; relating to artificial intelligence platforms; prohibiting the use of artificial intelligence platforms of concern on such devices and networks.</p>\n  </div>\n  <a name=\"text_document_section\"></a><div class=\"text\">\n   <span>\n    <p class=\"left\">\n     <i>Be it enacted by the Legislature of the State of Kansas:</i>\n    </p>\n   </span>\n   <p class=\"indent\">Section 1.(a) No electronic device that is owned or issued to an employee by a state agency shall be used to access an artificial intelligence platform of concern. All state agencies shall prohibit the installation of any application that allows users to access an artificial intelligence platform of concern on any electronic device that is issued by the state agency. Any network that is operated by a state agency shall prohibit the use of artificial intelligence platforms of concern by users who access the network.</p>\n   <p class=\"indent\">(b) Any state agency that utilizes an artificial intelligence platform of concern or has an account with an artificial intelligence platform of concern shall deactivate and delete such account and shall no longer use the artificial intelligence platform.</p>\n   <p class=\"indent\">(c) The provisions of this section shall not apply to state agencies that are using an electronic device owned or issued to an employee by a state agency to access an artificial intelligence platform of concern for the purposes of law enforcement activities or cybersecurity investigations.</p>\n   <p class=\"indent\">(d) As used in this section:</p>\n   <p class=\"indent\">(1) &quot;Artificial intelligence platform of concern&quot; means:</p>\n   <p class=\"indent\">(A) The artificial intelligence model commonly referred to as DeepSeek and any artificial intelligence model that is owned or controlled, directly or indirectly, by Hangzhou DeepSeek Artificial Intelligence Basic Technology Research Company or a subsidiary or successor company of such company; or</p>\n   <p class=\"indent\">(B) an artificial intelligence model that is controlled, directly or indirectly, by a country of concern;</p>\n   <p class=\"indent\">(2) (A) &quot;country of concern&quot; means the following:</p>\n   <p class=\"indent\">(i) People&#39;s republic of China, including the Hong Kong special administrative region;</p>\n   <p class=\"indent\">(ii) republic of Cuba;</p>\n   <p class=\"indent\">(iii) islamic republic of Iran;</p>\n   <p class=\"indent\">(iv) democtratic people&#39;s republic of Korea;</p>\n   <p class=\"indent\">(v) Russian federation; and</p>\n   <p class=\"indent\">(vi) Bolivarian republic of Venezuela.</p>\n   <p class=\"indent\">(B) &quot;country of concern&quot; does not include the republic of China (Taiwan); and</p>\n   <p class=\"indent\">(3) &quot;state agency&quot; means any state office or officers, department, board, commission, institution or bureau or any agency, division or unit thereof.</p>\n   <p class=\"indent\">Sec. 2. This act shall take effect and be in force from and after its publication in the statute book.</p>\n  </div>\n </div>\n    </div>\t\n<table cellpadding=0 cellspacing=0 width=\"100%\">\n   <tr>\n      <td>\n          Copyright &copy; 2025 State Net\n      </td>\n<BR>\n<!--???MOVED INTO resources.cgi      <td align=\"right\">\n          <img src=\"https://custom.statenet.com/network/poweredby.gif\" alt=\"Powered by State Net\">\n      </td>-->\n\n    </tr>\n</table>\n</body></html>\n",
      "markdown": "The following has special meaning: _green underline denotes added text_ ~~red struck out text denotes deleted text~~ | [![Powered by State Net](https://custom.statenet.com/network/poweredby.gif)](https://www.lexisnexis.com/statenet/)  \n---|---  \n  \n2025 KS H 2313 | | Author: | Financial Institutions and Pensions  \n---|---  \nVersion: | Introduced  \nVersion Date: | 02/06/2025  \n  \n_Session of 2025_\n\nHOUSE BILL No. 2313\n\nBy Committee on Financial Institutions and Pensions\n\nRequested by Representative Hoheisel\n\n2-6\n\nAN ACT concerning state-issued devices and networks; relating to artificial\nintelligence platforms; prohibiting the use of artificial intelligence\nplatforms of concern on such devices and networks.\n\n_Be it enacted by the Legislature of the State of Kansas:_\n\nSection 1.(a) No electronic device that is owned or issued to an employee by a\nstate agency shall be used to access an artificial intelligence platform of\nconcern. All state agencies shall prohibit the installation of any application\nthat allows users to access an artificial intelligence platform of concern on\nany electronic device that is issued by the state agency. Any network that is\noperated by a state agency shall prohibit the use of artificial intelligence\nplatforms of concern by users who access the network.\n\n(b) Any state agency that utilizes an artificial intelligence platform of\nconcern or has an account with an artificial intelligence platform of concern\nshall deactivate and delete such account and shall no longer use the\nartificial intelligence platform.\n\n(c) The provisions of this section shall not apply to state agencies that are\nusing an electronic device owned or issued to an employee by a state agency to\naccess an artificial intelligence platform of concern for the purposes of law\nenforcement activities or cybersecurity investigations.\n\n(d) As used in this section:\n\n(1) \"Artificial intelligence platform of concern\" means:\n\n(A) The artificial intelligence model commonly referred to as DeepSeek and any\nartificial intelligence model that is owned or controlled, directly or\nindirectly, by Hangzhou DeepSeek Artificial Intelligence Basic Technology\nResearch Company or a subsidiary or successor company of such company; or\n\n(B) an artificial intelligence model that is controlled, directly or\nindirectly, by a country of concern;\n\n(2) (A) \"country of concern\" means the following:\n\n(i) People's republic of China, including the Hong Kong special administrative\nregion;\n\n(ii) republic of Cuba;\n\n(iii) islamic republic of Iran;\n\n(iv) democtratic people's republic of Korea;\n\n(v) Russian federation; and\n\n(vi) Bolivarian republic of Venezuela.\n\n(B) \"country of concern\" does not include the republic of China (Taiwan); and\n\n(3) \"state agency\" means any state office or officers, department, board,\ncommission, institution or bureau or any agency, division or unit thereof.\n\nSec. 2. This act shall take effect and be in force from and after its\npublication in the statute book.\n\nCopyright (C) 2025 State Net  \n  \n---\n\n",
      "latest_version": false
    },
    {
      "date": "03/06/2025",
      "label": "Amended",
      "url": "https://custom.statenet.com/public/resources.cgi?mode=show_text&id=ID:bill:KS2025000H2313&verid=KS2025000H2313_20250306_0_A&",
      "raw_html": "<html>\n<head>\n<title>Bill Resource</title>\n\n<!--   <link href=\"https://custom.statenet.com/network/Common/css/extregtext.css\" rel=\"stylesheet\" type=\"text/css\" />-->\n   <link href=\"https://custom.statenet.com/network/Common/css/xmltext-2.0.css\" rel=\"stylesheet\" type=\"text/css\" />\n   <link href=\"https://custom.statenet.com/network/Common/css/additional-text.css\" rel=\"stylesheet\" type=\"text/css\" />\n\n\t<style type=\"text/css\">\n<!--\n\ntd, body {\n     background-color: white;\n\tfont-family: Verdana, Arial, Helvetica, sans-serif;\n\tfont-size: 12px;\n}\n\n.resourceContainer {\n   border: 1px solid black;\n}\n-->\n</style>\n</head>\n<body>\n\n    <div style=\"width: 750px; margin: auto\">\n       <div style=\"font-size: .8em;margin-bottom: 10px\"><table width=\"100%\"><tr><td align=\"left\" style=\"font-size: .8em;\"><div>The following has special meaning:</div>\n<div><u class=\"amendmentInsertedText\">green underline denotes added text</u></div>\n<div><strike class=\"amendmentDeletedText\">red struck out text denotes deleted text</strike></div></td> <td align=\"right\"><a href=\"https://www.lexisnexis.com/statenet/\"><img alt=\"Powered by State Net\" src=\"https://custom.statenet.com/network/poweredby.gif\" /></a></td></tr></table></div><table id=\"text-identifier\"><tr><td class=\"key\">2025 KS H 2313</td> <td><table><tr><td class=\"label\">Author:</td> <td>Financial Institutions and Pensions</td></tr> <tr><td class=\"label\">Version:</td> <td>Amended</td></tr> <tr><td class=\"label\">Version Date:</td> <td>03/06/2025</td></tr></table></td></tr></table><div class=\"documentBody\">\n  <a name=\"head_document_section\"></a><div class=\"head\">\n   <p class=\"center\">{As Amended by House Committee of the Whole}</p>\n   <p class=\"indent\">Session of 2025</p>\n   <p class=\"center\">HOUSE BILL No. 2313</p>\n   <p class=\"center\">By Committee on Financial Institutions and Pensions Requested by Representative Hoheisel</p>\n   <p class=\"center\">2-6</p>\n  </div>\n  <a name=\"title_document_section\"></a><div class=\"title\">\n   <p class=\"left\">AN ACT concerning state-issued devices and networks; relating to artificial intelligence platforms; prohibiting the use of artificial intelligence platforms of concern on such devices and networks.</p>\n  </div>\n  <a name=\"text_document_section\"></a><div class=\"text\">\n   <span>\n    <p class=\"left\">Be it enacted by the Legislature of the State of Kansas:</p>\n   </span>\n   <p class=\"indent\">Section 1.(a) No electronic device that is owned or issued to an employee by a state agency shall be used to access an artificial intelligence platform of concern.<strike class=\"amendmentDeletedText\"> All state agencies shall prohibit the installation of any application that allows users to access an artificial intelligence platform of concern on any electronic device that is issued by the state agency.</strike> Any network that is operated by a state agency shall prohibit the use of artificial intelligence platforms of concern by users who access the network.</p>\n   <p class=\"indent\">(b) Any state agency that utilizes an artificial intelligence platform of concern or has an account with an artificial intelligence platform of concern shall deactivate and delete such account and shall no longer use the artificial intelligence platform.</p>\n   <p class=\"indent\">(c) The provisions of this section shall not apply to state agencies that are using an electronic device owned or issued to an employee by a state agency to access an artificial intelligence platform of concern for the purposes of law enforcement activities or cybersecurity investigations.</p>\n   <p class=\"indent\">(d) As used in this section:</p>\n   <p class=\"indent\">(1) &quot;Artificial intelligence platform of concern&quot; means:</p>\n   <p class=\"indent\">(A) The artificial intelligence model commonly referred to as DeepSeek and any artificial intelligence model that is owned or controlled, directly or indirectly, by Hangzhou DeepSeek Artificial Intelligence Basic Technology Research Company or a subsidiary or successor company of such company; or</p>\n   <p class=\"indent\">(B) an artificial intelligence model that is controlled, directly or indirectly, by a country of concern;</p>\n   <p class=\"indent\">(2) (A) &quot;country of concern&quot; means the following:</p>\n   <p class=\"indent\">(i) People&#39;s republic of China, including the Hong Kong special administrative region;</p>\n   <p class=\"indent\">(ii) republic of Cuba;</p>\n   <p class=\"indent\">(iii) islamic republic of Iran;</p>\n   <p class=\"indent\">(iv) democtratic people&#39;s republic of Korea;</p>\n   <p class=\"indent\">(v) Russian federation; and</p>\n   <p class=\"indent\">(vi) Bolivarian republic of Venezuela.</p>\n   <p class=\"indent\">(B) &quot;country of concern&quot; does not include the republic of China (Taiwan); and</p>\n   <p class=\"indent\">(3) &quot;state agency&quot; means any state office or officers, department, board, commission, institution or bureau or any agency, division or unit thereof.</p>\n   <p class=\"indent\">Sec. 2. This act shall take effect and be in force from and after its publication in the statute book.</p>\n  </div>\n </div>\n    </div>\t\n<table cellpadding=0 cellspacing=0 width=\"100%\">\n   <tr>\n      <td>\n          Copyright &copy; 2025 State Net\n      </td>\n<BR>\n<!--???MOVED INTO resources.cgi      <td align=\"right\">\n          <img src=\"https://custom.statenet.com/network/poweredby.gif\" alt=\"Powered by State Net\">\n      </td>-->\n\n    </tr>\n</table>\n</body></html>\n",
      "markdown": "The following has special meaning: _green underline denotes added text_ ~~red struck out text denotes deleted text~~ | [![Powered by State Net](https://custom.statenet.com/network/poweredby.gif)](https://www.lexisnexis.com/statenet/)  \n---|---  \n  \n2025 KS H 2313 | | Author: | Financial Institutions and Pensions  \n---|---  \nVersion: | Amended  \nVersion Date: | 03/06/2025  \n  \n{As Amended by House Committee of the Whole}\n\nSession of 2025\n\nHOUSE BILL No. 2313\n\nBy Committee on Financial Institutions and Pensions Requested by\nRepresentative Hoheisel\n\n2-6\n\nAN ACT concerning state-issued devices and networks; relating to artificial\nintelligence platforms; prohibiting the use of artificial intelligence\nplatforms of concern on such devices and networks.\n\nBe it enacted by the Legislature of the State of Kansas:\n\nSection 1.(a) No electronic device that is owned or issued to an employee by a\nstate agency shall be used to access an artificial intelligence platform of\nconcern.~~All state agencies shall prohibit the installation of any\napplication that allows users to access an artificial intelligence platform of\nconcern on any electronic device that is issued by the state agency.~~ Any\nnetwork that is operated by a state agency shall prohibit the use of\nartificial intelligence platforms of concern by users who access the network.\n\n(b) Any state agency that utilizes an artificial intelligence platform of\nconcern or has an account with an artificial intelligence platform of concern\nshall deactivate and delete such account and shall no longer use the\nartificial intelligence platform.\n\n(c) The provisions of this section shall not apply to state agencies that are\nusing an electronic device owned or issued to an employee by a state agency to\naccess an artificial intelligence platform of concern for the purposes of law\nenforcement activities or cybersecurity investigations.\n\n(d) As used in this section:\n\n(1) \"Artificial intelligence platform of concern\" means:\n\n(A) The artificial intelligence model commonly referred to as DeepSeek and any\nartificial intelligence model that is owned or controlled, directly or\nindirectly, by Hangzhou DeepSeek Artificial Intelligence Basic Technology\nResearch Company or a subsidiary or successor company of such company; or\n\n(B) an artificial intelligence model that is controlled, directly or\nindirectly, by a country of concern;\n\n(2) (A) \"country of concern\" means the following:\n\n(i) People's republic of China, including the Hong Kong special administrative\nregion;\n\n(ii) republic of Cuba;\n\n(iii) islamic republic of Iran;\n\n(iv) democtratic people's republic of Korea;\n\n(v) Russian federation; and\n\n(vi) Bolivarian republic of Venezuela.\n\n(B) \"country of concern\" does not include the republic of China (Taiwan); and\n\n(3) \"state agency\" means any state office or officers, department, board,\ncommission, institution or bureau or any agency, division or unit thereof.\n\nSec. 2. This act shall take effect and be in force from and after its\npublication in the statute book.\n\nCopyright (C) 2025 State Net  \n  \n---\n\n",
      "latest_version": false
    },
    {
      "date": "03/20/2025",
      "label": "Recommended as Substituted from Committee",
      "url": "https://custom.statenet.com/public/resources.cgi?mode=show_text&id=ID:bill:KS2025000H2313&verid=KS2025000H2313_20250320_0_RS&",
      "raw_html": "<html>\n<head>\n<title>Bill Resource</title>\n\n<!--   <link href=\"https://custom.statenet.com/network/Common/css/extregtext.css\" rel=\"stylesheet\" type=\"text/css\" />-->\n   <link href=\"https://custom.statenet.com/network/Common/css/xmltext-2.0.css\" rel=\"stylesheet\" type=\"text/css\" />\n   <link href=\"https://custom.statenet.com/network/Common/css/additional-text.css\" rel=\"stylesheet\" type=\"text/css\" />\n\n\t<style type=\"text/css\">\n<!--\n\ntd, body {\n     background-color: white;\n\tfont-family: Verdana, Arial, Helvetica, sans-serif;\n\tfont-size: 12px;\n}\n\n.resourceContainer {\n   border: 1px solid black;\n}\n-->\n</style>\n</head>\n<body>\n\n    <div style=\"width: 750px; margin: auto\">\n       <div style=\"font-size: .8em;margin-bottom: 10px\"><table width=\"100%\"><tr><td align=\"left\" style=\"font-size: .8em;\"><div>The following has special meaning:</div>\n<div><u class=\"amendmentInsertedText\">green underline denotes added text</u></div>\n<div><strike class=\"amendmentDeletedText\">red struck out text denotes deleted text</strike></div></td> <td align=\"right\"><a href=\"https://www.lexisnexis.com/statenet/\"><img alt=\"Powered by State Net\" src=\"https://custom.statenet.com/network/poweredby.gif\" /></a></td></tr></table></div><table id=\"text-identifier\"><tr><td class=\"key\">2025 KS H 2313</td> <td><table><tr><td class=\"label\">Author:</td> <td>Financial Institutions and Pensions</td></tr> <tr><td class=\"label\">Version:</td> <td>Recommended as Substituted from Committee</td></tr> <tr><td class=\"label\">Version Date:</td> <td>03/20/2025</td></tr></table></td></tr></table><div class=\"documentBody\">\n  <a name=\"head_document_section\"></a><div class=\"head\">\n   <p class=\"indent\">\n    <i>Session of 2025</i>\n   </p>\n   <p class=\"center\">Senate Substitute for HOUSE BILL No. 2313</p>\n   <p class=\"center\">By Committee on Federal and State Affairs</p>\n   <p class=\"center\">3-19</p>\n  </div>\n  <a name=\"title_document_section\"></a><div class=\"title\">\n   <p class=\"left\">AN ACT concerning technology produced by certain foreign countries; relating to artificial intelligence platforms; prohibiting the use of artificial intelligence platforms of concern on state-issued devices and networks; prohibiting medical and research facilities from using genetic sequencers or operational software used for genetic analysis that is produced in or by a foreign adversary.</p>\n  </div>\n  <a name=\"text_document_section\"></a><div class=\"text\">\n   <span>\n    <p class=\"left\">\n     <i>Be it enacted by the Legislature of the State of Kansas:</i>\n    </p>\n   </span>\n   <p class=\"indent\">Section 1.(a) No electronic device that is owned or issued to an employee by a state agency shall be used to access an artificial intelligence platform of concern. Any network that is operated by a state agency shall prohibit the use of artificial intelligence platforms of concern by users who access the network.</p>\n   <p class=\"indent\">(b) Any state agency that utilizes an artificial intelligence platform of concern or has an account with an artificial intelligence platform of concern shall deactivate and delete such account and shall no longer use the artificial intelligence platform.</p>\n   <p class=\"indent\">(c) The provisions of this section shall not apply to state agencies that are using an electronic device owned or issued to an employee by a state agency to access an artificial intelligence platform of concern for the purposes of law enforcement activities or cybersecurity investigations.</p>\n   <p class=\"indent\">(d) As used in this section:</p>\n   <p class=\"indent\">(1) &quot;Artificial intelligence platform of concern&quot; means:</p>\n   <p class=\"indent\">(A) The artificial intelligence model commonly referred to as DeepSeek and any artificial intelligence model that is owned or controlled, directly or indirectly, by Hangzhou DeepSeek Artificial Intelligence Basic Technology Research Company or a subsidiary or successor company of such company; or</p>\n   <p class=\"indent\">(B) an artificial intelligence model that is controlled, directly or indirectly, by a country of concern;</p>\n   <p class=\"indent\">(2) (A) &quot;country of concern&quot; means the following:</p>\n   <p class=\"indent\">(i) People&#39;s republic of China, including the Hong Kong special administrative region;</p>\n   <p class=\"indent\">(ii) republic of Cuba;</p>\n   <p class=\"indent\">(iii) islamic republic of Iran;</p>\n   <p class=\"indent\">(iv) democratic people&#39;s republic of Korea;</p>\n   <p class=\"indent\">(v) Russian federation; and</p>\n   <p class=\"indent\">(vi) Bolivarian republic of Venezuela.</p>\n   <p class=\"indent\">(B) &quot;Country of concern&quot; does not include the republic of China (Taiwan); and</p>\n   <p class=\"indent\">(3) &quot;state agency&quot; means any state office or officers, department, board, commission, institution or bureau or any agency, division or unit thereof.</p>\n   <p class=\"indent\">Sec. 2.(a) As used in this section:</p>\n   <p class=\"indent\">(1) &quot;DNA&quot; means deoxyribonucleic acid, ribonucleic acid and chromosomes that may be analyzed to detect heritable diseases or conditions, including the identification of carriers, predicting risk of disease or establishing a clinical diagnosis.</p>\n   <p class=\"indent\">(2) &quot;Foreign adversary&quot; means the people&#39;s republic of China, the Russian federation, the Islamic republic of Iran, the democratic people&#39;s republic of Korea, the republic of Cuba, the Venezuelan regime of Nicolas Maduro or the Syrian Arab republic, including any agent of or any other entity under significant control of such foreign adversary, or any other entity deemed to be a foreign adversary by the governor in consultation with the adjutant general.</p>\n   <p class=\"indent\">(3) &quot;Genetic sequencer&quot; means any device or platform used to conduct genetic analysis, resequencing, isolation or other genetic research.</p>\n   <p class=\"indent\">(4) &quot;Human genome&quot; means DNA or ribonucleic acid that is found in human cells.</p>\n   <p class=\"indent\">(5) &quot;Medical facility&quot; means a facility for the delivery of health services that receives state moneys, including interagency pass-through appropriations from the federal government, and conducts research or testing on, with or relating to genetic analysis or the human genome.</p>\n   <p class=\"indent\">(6) &quot;Operational or research software&quot; means computer programs used for the operation, control, analysis or other necessary functions of genetic analysis or genetic sequencers.</p>\n   <p class=\"indent\">(7) &quot;Research facility&quot; means a facility that receives state moneys, including interagency pass-through appropriations from the federal government and conducts research on, with or relating to genetic analysis or the human genome.</p>\n   <p class=\"indent\">(b) No medical facility or research facility in this state shall utilize genetic sequencers or operational or research software used for genetic analysis produced in or by a foreign adversary, a state-owned enterprise of a foreign adversary, a company domiciled within a foreign adversary or a company-owned or company-controlled subsidiary of a company domiciled within a foreign adversary for the purpose of conducting genetic analysis.</p>\n   <p class=\"indent\">(c) All genetic sequencers and operational and research software used for genetic sequencers or genetic analysis devices prohibited under subsection (b) that is not permanently disabled shall be removed and replaced with genetic sequencers and operational and research software used for genetic sequencers or genetic analysis that is not prohibited under subsection (b).</p>\n   <p class=\"indent\">(d) Subject to appropriations, a medical facility or research facility in this state may request a reimbursement from the state treasurer up to the cost of replacement of the equipment and software prohibited under subsection (b) from the state treasurer, provided the request includes purchase orders and is submitted prior to October 1, 2025.</p>\n   <p class=\"indent\">(e) The provisions of this section are Referable. If any provision of this section is declared unconstitutional or invalid, or the application of any portion of the act to any person or circumstance is held unconstitutional or invalid, the invalidity shall not affect other portions of the act that can be given effect without the invalid portion or application, and the applicability of such other portions of the act to any person or circumstance shall remain valid and enforceable.</p>\n   <p class=\"indent\">Sec. 3. This act shall take effect and be in force from and after its publication in the statute book.</p>\n  </div>\n </div>\n    </div>\t\n<table cellpadding=0 cellspacing=0 width=\"100%\">\n   <tr>\n      <td>\n          Copyright &copy; 2025 State Net\n      </td>\n<BR>\n<!--???MOVED INTO resources.cgi      <td align=\"right\">\n          <img src=\"https://custom.statenet.com/network/poweredby.gif\" alt=\"Powered by State Net\">\n      </td>-->\n\n    </tr>\n</table>\n</body></html>\n",
      "markdown": "The following has special meaning: _green underline denotes added text_ ~~red struck out text denotes deleted text~~ | [![Powered by State Net](https://custom.statenet.com/network/poweredby.gif)](https://www.lexisnexis.com/statenet/)  \n---|---  \n  \n2025 KS H 2313 | | Author: | Financial Institutions and Pensions  \n---|---  \nVersion: | Recommended as Substituted from Committee  \nVersion Date: | 03/20/2025  \n  \n_Session of 2025_\n\nSenate Substitute for HOUSE BILL No. 2313\n\nBy Committee on Federal and State Affairs\n\n3-19\n\nAN ACT concerning technology produced by certain foreign countries; relating\nto artificial intelligence platforms; prohibiting the use of artificial\nintelligence platforms of concern on state-issued devices and networks;\nprohibiting medical and research facilities from using genetic sequencers or\noperational software used for genetic analysis that is produced in or by a\nforeign adversary.\n\n_Be it enacted by the Legislature of the State of Kansas:_\n\nSection 1.(a) No electronic device that is owned or issued to an employee by a\nstate agency shall be used to access an artificial intelligence platform of\nconcern. Any network that is operated by a state agency shall prohibit the use\nof artificial intelligence platforms of concern by users who access the\nnetwork.\n\n(b) Any state agency that utilizes an artificial intelligence platform of\nconcern or has an account with an artificial intelligence platform of concern\nshall deactivate and delete such account and shall no longer use the\nartificial intelligence platform.\n\n(c) The provisions of this section shall not apply to state agencies that are\nusing an electronic device owned or issued to an employee by a state agency to\naccess an artificial intelligence platform of concern for the purposes of law\nenforcement activities or cybersecurity investigations.\n\n(d) As used in this section:\n\n(1) \"Artificial intelligence platform of concern\" means:\n\n(A) The artificial intelligence model commonly referred to as DeepSeek and any\nartificial intelligence model that is owned or controlled, directly or\nindirectly, by Hangzhou DeepSeek Artificial Intelligence Basic Technology\nResearch Company or a subsidiary or successor company of such company; or\n\n(B) an artificial intelligence model that is controlled, directly or\nindirectly, by a country of concern;\n\n(2) (A) \"country of concern\" means the following:\n\n(i) People's republic of China, including the Hong Kong special administrative\nregion;\n\n(ii) republic of Cuba;\n\n(iii) islamic republic of Iran;\n\n(iv) democratic people's republic of Korea;\n\n(v) Russian federation; and\n\n(vi) Bolivarian republic of Venezuela.\n\n(B) \"Country of concern\" does not include the republic of China (Taiwan); and\n\n(3) \"state agency\" means any state office or officers, department, board,\ncommission, institution or bureau or any agency, division or unit thereof.\n\nSec. 2.(a) As used in this section:\n\n(1) \"DNA\" means deoxyribonucleic acid, ribonucleic acid and chromosomes that\nmay be analyzed to detect heritable diseases or conditions, including the\nidentification of carriers, predicting risk of disease or establishing a\nclinical diagnosis.\n\n(2) \"Foreign adversary\" means the people's republic of China, the Russian\nfederation, the Islamic republic of Iran, the democratic people's republic of\nKorea, the republic of Cuba, the Venezuelan regime of Nicolas Maduro or the\nSyrian Arab republic, including any agent of or any other entity under\nsignificant control of such foreign adversary, or any other entity deemed to\nbe a foreign adversary by the governor in consultation with the adjutant\ngeneral.\n\n(3) \"Genetic sequencer\" means any device or platform used to conduct genetic\nanalysis, resequencing, isolation or other genetic research.\n\n(4) \"Human genome\" means DNA or ribonucleic acid that is found in human cells.\n\n(5) \"Medical facility\" means a facility for the delivery of health services\nthat receives state moneys, including interagency pass-through appropriations\nfrom the federal government, and conducts research or testing on, with or\nrelating to genetic analysis or the human genome.\n\n(6) \"Operational or research software\" means computer programs used for the\noperation, control, analysis or other necessary functions of genetic analysis\nor genetic sequencers.\n\n(7) \"Research facility\" means a facility that receives state moneys, including\ninteragency pass-through appropriations from the federal government and\nconducts research on, with or relating to genetic analysis or the human\ngenome.\n\n(b) No medical facility or research facility in this state shall utilize\ngenetic sequencers or operational or research software used for genetic\nanalysis produced in or by a foreign adversary, a state-owned enterprise of a\nforeign adversary, a company domiciled within a foreign adversary or a\ncompany-owned or company-controlled subsidiary of a company domiciled within a\nforeign adversary for the purpose of conducting genetic analysis.\n\n(c) All genetic sequencers and operational and research software used for\ngenetic sequencers or genetic analysis devices prohibited under subsection (b)\nthat is not permanently disabled shall be removed and replaced with genetic\nsequencers and operational and research software used for genetic sequencers\nor genetic analysis that is not prohibited under subsection (b).\n\n(d) Subject to appropriations, a medical facility or research facility in this\nstate may request a reimbursement from the state treasurer up to the cost of\nreplacement of the equipment and software prohibited under subsection (b) from\nthe state treasurer, provided the request includes purchase orders and is\nsubmitted prior to October 1, 2025.\n\n(e) The provisions of this section are Referable. If any provision of this\nsection is declared unconstitutional or invalid, or the application of any\nportion of the act to any person or circumstance is held unconstitutional or\ninvalid, the invalidity shall not affect other portions of the act that can be\ngiven effect without the invalid portion or application, and the applicability\nof such other portions of the act to any person or circumstance shall remain\nvalid and enforceable.\n\nSec. 3. This act shall take effect and be in force from and after its\npublication in the statute book.\n\nCopyright (C) 2025 State Net  \n  \n---\n\n",
      "latest_version": false
    },
    {
      "date": "04/04/2025",
      "label": "Enrolled",
      "url": "https://custom.statenet.com/public/resources.cgi?mode=show_text&id=ID:bill:KS2025000H2313&verid=KS2025000H2313_20250404_0_ENR&",
      "raw_html": "<html>\n<head>\n<title>Bill Resource</title>\n\n<!--   <link href=\"https://custom.statenet.com/network/Common/css/extregtext.css\" rel=\"stylesheet\" type=\"text/css\" />-->\n   <link href=\"https://custom.statenet.com/network/Common/css/xmltext-2.0.css\" rel=\"stylesheet\" type=\"text/css\" />\n   <link href=\"https://custom.statenet.com/network/Common/css/additional-text.css\" rel=\"stylesheet\" type=\"text/css\" />\n\n\t<style type=\"text/css\">\n<!--\n\ntd, body {\n     background-color: white;\n\tfont-family: Verdana, Arial, Helvetica, sans-serif;\n\tfont-size: 12px;\n}\n\n.resourceContainer {\n   border: 1px solid black;\n}\n-->\n</style>\n</head>\n<body>\n\n    <div style=\"width: 750px; margin: auto\">\n       <div style=\"font-size: .8em;margin-bottom: 10px\"><table width=\"100%\"><tr><td align=\"left\" style=\"font-size: .8em;\"><div>The following has special meaning:</div>\n<div><u class=\"amendmentInsertedText\">green underline denotes added text</u></div>\n<div><strike class=\"amendmentDeletedText\">red struck out text denotes deleted text</strike></div></td> <td align=\"right\"><a href=\"https://www.lexisnexis.com/statenet/\"><img alt=\"Powered by State Net\" src=\"https://custom.statenet.com/network/poweredby.gif\" /></a></td></tr></table></div><table id=\"text-identifier\"><tr><td class=\"key\">2025 KS H 2313</td> <td><table><tr><td class=\"label\">Author:</td> <td>Financial Institutions and Pensions</td></tr> <tr><td class=\"label\">Version:</td> <td>Enrolled</td></tr> <tr><td class=\"label\">Version Date:</td> <td>04/04/2025</td></tr></table></td></tr></table><div class=\"documentBody\">\n  <a name=\"head_document_section\"></a><div class=\"head\">\n   <p class=\"center\">SENATE Substitute for HOUSE BILL No. 2313</p>\n  </div>\n  <a name=\"title_document_section\"></a><div class=\"title\">\n   <p class=\"indent\">AN ACT concerning technology produced by certain foreign countries; relating to artificial intelligence platforms; prohibiting the use of artificial intelligence platforms of concern on state-issued devices and networks; prohibiting medical and research facilities from using genetic sequencers or operational software used for genetic analysis that is produced in or by a foreign adversary.</p>\n  </div>\n  <a name=\"text_document_section\"></a><div class=\"text\">\n   <span>\n    <p class=\"indent\">\n     <i>Be it enacted by the Legislature of the State of Kansas: </i>\n    </p>\n   </span>\n   <p class=\"indent\">Section 1. (a) No electronic device that is owned or issued to an employee by a state agency shall be used to access an artificial intelligence platform of concern. Any network that is operated by a state agency shall prohibit the use of artificial intelligence platforms of concern by users who access the network.</p>\n   <p class=\"indent\">(b) Any state agency that utilizes an artificial intelligence platform of concern or has an account with an artificial intelligence platform of concern shall deactivate and delete such account and shall no longer use the artificial intelligence platform.</p>\n   <p class=\"indent\">(c) The provisions of this section shall not apply to state agencies that are using an electronic device owned or issued to an employee by a state agency to access an artificial intelligence platform of concern for the purposes of law enforcement activities or cybersecurity investigations.</p>\n   <p class=\"indent\">(d) As used in this section:</p>\n   <p class=\"indent\">(1) &quot;Artificial intelligence platform of concern&quot; means:</p>\n   <p class=\"indent\">(A) The artificial intelligence model commonly referred to as DeepSeek and any artificial intelligence model that is owned or controlled, directly or indirectly, by Hangzhou DeepSeek Artificial Intelligence Basic Technology Research Company or a subsidiary or successor company of such company; or</p>\n   <p class=\"indent\">(B) an artificial intelligence model that is controlled, directly or indirectly, by a country of concern;</p>\n   <p class=\"indent\">(2) (A) &quot;country of concern&quot; means the following:</p>\n   <p class=\"indent\">(i) People&#39;s republic of China, including the Hong Kong special administrative region;</p>\n   <p class=\"indent\">(ii) republic of Cuba;</p>\n   <p class=\"indent\">(iii) islamic republic of Iran;</p>\n   <p class=\"indent\">(iv) democratic people&#39;s republic of Korea;</p>\n   <p class=\"indent\">(v) Russian federation; and</p>\n   <p class=\"indent\">(vi) Bolivarian republic of Venezuela.</p>\n   <p class=\"indent\">(B) &quot;Country of concern&quot; does not include the republic of China (Taiwan); and</p>\n   <p class=\"indent\">(3) &quot;state agency&quot; means any state office or officers, department, board, commission, institution or bureau or any agency, division or unit thereof.</p>\n   <p class=\"indent\">Sec. 2. (a) As used in this section:</p>\n   <p class=\"indent\">(1) &quot;DNA&quot; means deoxyribonucleic acid, ribonucleic acid and chromosomes that may be analyzed to detect heritable diseases or conditions, including the identification of carriers, predicting risk of disease or establishing a clinical diagnosis.</p>\n   <p class=\"indent\">(2) &quot;Foreign adversary&quot; means the people&#39;s republic of China, the Russian federation, the Islamic republic of Iran, the democratic people&#39;s republic of Korea, the republic of Cuba, the Venezuelan regime of Nicolas Maduro or the Syrian Arab republic, including any agent of or any other entity under significant control of such foreign adversary, or any other entity deemed to be a foreign adversary by the governor in consultation with the adjutant general.</p>\n   <p class=\"indent\">(3) &quot;Genetic sequencer&quot; means any device or platform used to conduct genetic analysis, resequencing, isolation or other genetic research.</p>\n   <p class=\"indent\">(4) &quot;Human genome&quot; means DNA or ribonucleic acid that is found in human cells.</p>\n   <p class=\"indent\">(5) &quot;Medical facility&quot; means a facility for the delivery of health services that receives state moneys, including interagency pass-through appropriations from the federal government, and conducts research or testing on, with or relating to genetic analysis or the human genome.</p>\n   <p class=\"indent\">(6) &quot;Operational or research software&quot; means computer programs used for the operation, control, analysis or other necessary functions of genetic analysis or genetic sequencers.</p>\n   <p class=\"indent\">(7) &quot;Research facility&quot; means a facility that receives state moneys, including interagency pass-through appropriations from the federal government and conducts research on, with or relating to genetic analysis or the human genome.</p>\n   <p class=\"indent\">(b) No medical facility or research facility in this state shall utilize genetic sequencers or operational or research software used for genetic analysis produced in or by a foreign adversary, a state-owned enterprise of a foreign adversary, a company domiciled within a foreign adversary or a company-owned or company-controlled subsidiary of a company domiciled within a foreign adversary for the purpose of conducting genetic analysis.</p>\n   <p class=\"indent\">(c) All genetic sequencers and operational and research software used for genetic sequencers or genetic analysis devices prohibited under subsection (b) that is not permanently disabled shall be removed and replaced with genetic sequencers and operational and research software used for genetic sequencers or genetic analysis that is not prohibited under subsection (b).</p>\n   <p class=\"indent\">(d) Subject to appropriations, a medical facility or research facility in this state may request a reimbursement from the state treasurer up to the cost of replacement of the equipment and software prohibited under subsection (b) from the state treasurer, provided the request includes purchase orders and is submitted prior to October 1, 2025.</p>\n   <p class=\"indent\">(e) The provisions of this section are severable. If any provision of this section is declared unconstitutional or invalid, or the application of any portion of the act to any person or circumstance is held unconstitutional or invalid, the invalidity shall not affect other portions of the act that can be given effect without the invalid portion or application, and the applicability of such other portions of the act to any person or circumstance shall remain valid and enforceable.</p>\n   <p class=\"indent\">Sec. 3. This act shall take effect and be in force from and after its publication in the statute book.</p>\n  </div>\n </div>\n    </div>\t\n<table cellpadding=0 cellspacing=0 width=\"100%\">\n   <tr>\n      <td>\n          Copyright &copy; 2025 State Net\n      </td>\n<BR>\n<!--???MOVED INTO resources.cgi      <td align=\"right\">\n          <img src=\"https://custom.statenet.com/network/poweredby.gif\" alt=\"Powered by State Net\">\n      </td>-->\n\n    </tr>\n</table>\n</body></html>\n",
      "markdown": "The following has special meaning: _green underline denotes added text_ ~~red struck out text denotes deleted text~~ | [![Powered by State Net](https://custom.statenet.com/network/poweredby.gif)](https://www.lexisnexis.com/statenet/)  \n---|---  \n  \n2025 KS H 2313 | | Author: | Financial Institutions and Pensions  \n---|---  \nVersion: | Enrolled  \nVersion Date: | 04/04/2025  \n  \nSENATE Substitute for HOUSE BILL No. 2313\n\nAN ACT concerning technology produced by certain foreign countries; relating\nto artificial intelligence platforms; prohibiting the use of artificial\nintelligence platforms of concern on state-issued devices and networks;\nprohibiting medical and research facilities from using genetic sequencers or\noperational software used for genetic analysis that is produced in or by a\nforeign adversary.\n\n_Be it enacted by the Legislature of the State of Kansas:_\n\nSection 1. (a) No electronic device that is owned or issued to an employee by\na state agency shall be used to access an artificial intelligence platform of\nconcern. Any network that is operated by a state agency shall prohibit the use\nof artificial intelligence platforms of concern by users who access the\nnetwork.\n\n(b) Any state agency that utilizes an artificial intelligence platform of\nconcern or has an account with an artificial intelligence platform of concern\nshall deactivate and delete such account and shall no longer use the\nartificial intelligence platform.\n\n(c) The provisions of this section shall not apply to state agencies that are\nusing an electronic device owned or issued to an employee by a state agency to\naccess an artificial intelligence platform of concern for the purposes of law\nenforcement activities or cybersecurity investigations.\n\n(d) As used in this section:\n\n(1) \"Artificial intelligence platform of concern\" means:\n\n(A) The artificial intelligence model commonly referred to as DeepSeek and any\nartificial intelligence model that is owned or controlled, directly or\nindirectly, by Hangzhou DeepSeek Artificial Intelligence Basic Technology\nResearch Company or a subsidiary or successor company of such company; or\n\n(B) an artificial intelligence model that is controlled, directly or\nindirectly, by a country of concern;\n\n(2) (A) \"country of concern\" means the following:\n\n(i) People's republic of China, including the Hong Kong special administrative\nregion;\n\n(ii) republic of Cuba;\n\n(iii) islamic republic of Iran;\n\n(iv) democratic people's republic of Korea;\n\n(v) Russian federation; and\n\n(vi) Bolivarian republic of Venezuela.\n\n(B) \"Country of concern\" does not include the republic of China (Taiwan); and\n\n(3) \"state agency\" means any state office or officers, department, board,\ncommission, institution or bureau or any agency, division or unit thereof.\n\nSec. 2. (a) As used in this section:\n\n(1) \"DNA\" means deoxyribonucleic acid, ribonucleic acid and chromosomes that\nmay be analyzed to detect heritable diseases or conditions, including the\nidentification of carriers, predicting risk of disease or establishing a\nclinical diagnosis.\n\n(2) \"Foreign adversary\" means the people's republic of China, the Russian\nfederation, the Islamic republic of Iran, the democratic people's republic of\nKorea, the republic of Cuba, the Venezuelan regime of Nicolas Maduro or the\nSyrian Arab republic, including any agent of or any other entity under\nsignificant control of such foreign adversary, or any other entity deemed to\nbe a foreign adversary by the governor in consultation with the adjutant\ngeneral.\n\n(3) \"Genetic sequencer\" means any device or platform used to conduct genetic\nanalysis, resequencing, isolation or other genetic research.\n\n(4) \"Human genome\" means DNA or ribonucleic acid that is found in human cells.\n\n(5) \"Medical facility\" means a facility for the delivery of health services\nthat receives state moneys, including interagency pass-through appropriations\nfrom the federal government, and conducts research or testing on, with or\nrelating to genetic analysis or the human genome.\n\n(6) \"Operational or research software\" means computer programs used for the\noperation, control, analysis or other necessary functions of genetic analysis\nor genetic sequencers.\n\n(7) \"Research facility\" means a facility that receives state moneys, including\ninteragency pass-through appropriations from the federal government and\nconducts research on, with or relating to genetic analysis or the human\ngenome.\n\n(b) No medical facility or research facility in this state shall utilize\ngenetic sequencers or operational or research software used for genetic\nanalysis produced in or by a foreign adversary, a state-owned enterprise of a\nforeign adversary, a company domiciled within a foreign adversary or a\ncompany-owned or company-controlled subsidiary of a company domiciled within a\nforeign adversary for the purpose of conducting genetic analysis.\n\n(c) All genetic sequencers and operational and research software used for\ngenetic sequencers or genetic analysis devices prohibited under subsection (b)\nthat is not permanently disabled shall be removed and replaced with genetic\nsequencers and operational and research software used for genetic sequencers\nor genetic analysis that is not prohibited under subsection (b).\n\n(d) Subject to appropriations, a medical facility or research facility in this\nstate may request a reimbursement from the state treasurer up to the cost of\nreplacement of the equipment and software prohibited under subsection (b) from\nthe state treasurer, provided the request includes purchase orders and is\nsubmitted prior to October 1, 2025.\n\n(e) The provisions of this section are severable. If any provision of this\nsection is declared unconstitutional or invalid, or the application of any\nportion of the act to any person or circumstance is held unconstitutional or\ninvalid, the invalidity shall not affect other portions of the act that can be\ngiven effect without the invalid portion or application, and the applicability\nof such other portions of the act to any person or circumstance shall remain\nvalid and enforceable.\n\nSec. 3. This act shall take effect and be in force from and after its\npublication in the statute book.\n\nCopyright (C) 2025 State Net  \n  \n---\n\n",
      "latest_version": false
    },
    {
      "date": "04/08/2025",
      "label": "Enacted - Final",
      "url": "https://custom.statenet.com/public/resources.cgi?mode=show_text&id=ID:bill:KS2025000H2313&verid=KS2025000H2313_20250408_0_EF&",
      "raw_html": "<html>\n<head>\n<title>Bill Resource</title>\n\n<!--   <link href=\"https://custom.statenet.com/network/Common/css/extregtext.css\" rel=\"stylesheet\" type=\"text/css\" />-->\n   <link href=\"https://custom.statenet.com/network/Common/css/xmltext-2.0.css\" rel=\"stylesheet\" type=\"text/css\" />\n   <link href=\"https://custom.statenet.com/network/Common/css/additional-text.css\" rel=\"stylesheet\" type=\"text/css\" />\n\n\t<style type=\"text/css\">\n<!--\n\ntd, body {\n     background-color: white;\n\tfont-family: Verdana, Arial, Helvetica, sans-serif;\n\tfont-size: 12px;\n}\n\n.resourceContainer {\n   border: 1px solid black;\n}\n-->\n</style>\n</head>\n<body>\n\n    <div style=\"width: 750px; margin: auto\">\n       <div style=\"font-size: .8em;margin-bottom: 10px\"><table width=\"100%\"><tr><td align=\"left\" style=\"font-size: .8em;\"><div>The following has special meaning:</div>\n<div><u class=\"amendmentInsertedText\">green underline denotes added text</u></div>\n<div><strike class=\"amendmentDeletedText\">red struck out text denotes deleted text</strike></div></td> <td align=\"right\"><a href=\"https://www.lexisnexis.com/statenet/\"><img alt=\"Powered by State Net\" src=\"https://custom.statenet.com/network/poweredby.gif\" /></a></td></tr></table></div><table id=\"text-identifier\"><tr><td class=\"key\">2025 KS H 2313</td> <td><table><tr><td class=\"label\">Author:</td> <td>Financial Institutions and Pensions</td></tr> <tr><td class=\"label\">Version:</td> <td>Enacted - Final</td></tr> <tr><td class=\"label\">Version Date:</td> <td>04/08/2025</td></tr></table></td></tr></table><div class=\"documentBody\">\n  <a name=\"head_document_section\"></a><div class=\"head\">\n   <p class=\"center\">SENATE Substitute for HOUSE BILL No. 2313</p>\n  </div>\n  <a name=\"title_document_section\"></a><div class=\"title\">\n   <p class=\"indent\">AN ACT concerning technology produced by certain foreign countries; relating to artificial intelligence platforms; prohibiting the use of artificial intelligence platforms of concern on state-issued devices and networks; prohibiting medical and research facilities from using genetic sequencers or operational software used for genetic analysis that is produced in or by a foreign adversary.</p>\n  </div>\n  <a name=\"text_document_section\"></a><div class=\"text\">\n   <span>\n    <p class=\"indent\">\n     <i>Be it enacted by the Legislature of the State of Kansas: </i>\n    </p>\n   </span>\n   <a name=\"section-House Bill 2313, Section 1-new\"></a><div class=\"sectionContent\" title=\"Section: House Bill 2313, Section 1, Action: &quot;new&quot;\">\n    <p class=\"indent\">Section 1. (a) No electronic device that is owned or issued to an employee by a state agency shall be used to access an artificial intelligence platform of concern. Any network that is operated by a state agency shall prohibit the use of artificial intelligence platforms of concern by users who access the network.</p>\n    <p class=\"indent\">(b) Any state agency that utilizes an artificial intelligence platform of concern or has an account with an artificial intelligence platform of concern shall deactivate and delete such account and shall no longer use the artificial intelligence platform.</p>\n    <p class=\"indent\">(c) The provisions of this section shall not apply to state agencies that are using an electronic device owned or issued to an employee by a state agency to access an artificial intelligence platform of concern for the purposes of law enforcement activities or cybersecurity investigations.</p>\n    <p class=\"indent\">(d) As used in this section:</p>\n    <p class=\"indent\">(1) &quot;Artificial intelligence platform of concern&quot; means:</p>\n    <p class=\"indent\">(A) The artificial intelligence model commonly referred to as DeepSeek and any artificial intelligence model that is owned or controlled, directly or indirectly, by Hangzhou DeepSeek Artificial Intelligence Basic Technology Research Company or a subsidiary or successor company of such company; or</p>\n    <p class=\"indent\">(B) an artificial intelligence model that is controlled, directly or indirectly, by a country of concern;</p>\n    <p class=\"indent\">(2) (A) &quot;country of concern&quot; means the following:</p>\n    <p class=\"indent\">(i) People&#39;s republic of China, including the Hong Kong special administrative region;</p>\n    <p class=\"indent\">(ii) republic of Cuba;</p>\n    <p class=\"indent\">(iii) islamic republic of Iran;</p>\n    <p class=\"indent\">(iv) democratic people&#39;s republic of Korea;</p>\n    <p class=\"indent\">(v) Russian federation; and</p>\n    <p class=\"indent\">(vi) Bolivarian republic of Venezuela.</p>\n    <p class=\"indent\">(B) &quot;Country of concern&quot; does not include the republic of China (Taiwan); and</p>\n    <p class=\"indent\">(3) &quot;state agency&quot; means any state office or officers, department, board, commission, institution or bureau or any agency, division or unit thereof.</p>\n   </div>\n   <a name=\"section-House Bill 2313, Section 2-new\"></a><div title=\"Section: House Bill 2313, Section 2, Action: &quot;new&quot;\" class=\"sectionContent\">\n    <p class=\"indent\">Sec. 2. (a) As used in this section:</p>\n    <p class=\"indent\">(1) &quot;DNA&quot; means deoxyribonucleic acid, ribonucleic acid and chromosomes that may be analyzed to detect heritable diseases or conditions, including the identification of carriers, predicting risk of disease or establishing a clinical diagnosis.</p>\n    <p class=\"indent\">(2) &quot;Foreign adversary&quot; means the people&#39;s republic of China, the Russian federation, the Islamic republic of Iran, the democratic people&#39;s republic of Korea, the republic of Cuba, the Venezuelan regime of Nicolas Maduro or the Syrian Arab republic, including any agent of or any other entity under significant control of such foreign adversary, or any other entity deemed to be a foreign adversary by the governor in consultation with the adjutant general.</p>\n    <p class=\"indent\">(3) &quot;Genetic sequencer&quot; means any device or platform used to conduct genetic analysis, resequencing, isolation or other genetic research.</p>\n    <p class=\"indent\">(4) &quot;Human genome&quot; means DNA or ribonucleic acid that is found in human cells.</p>\n    <p class=\"indent\">(5) &quot;Medical facility&quot; means a facility for the delivery of health services that receives state moneys, including interagency pass-through appropriations from the federal government, and conducts research or testing on, with or relating to genetic analysis or the human genome.</p>\n    <p class=\"indent\">(6) &quot;Operational or research software&quot; means computer programs used for the operation, control, analysis or other necessary functions of genetic analysis or genetic sequencers.</p>\n    <p class=\"indent\">(7) &quot;Research facility&quot; means a facility that receives state moneys, including interagency pass-through appropriations from the federal government and conducts research on, with or relating to genetic analysis or the human genome.</p>\n    <p class=\"indent\">(b) No medical facility or research facility in this state shall utilize genetic sequencers or operational or research software used for genetic analysis produced in or by a foreign adversary, a state-owned enterprise of a foreign adversary, a company domiciled within a foreign adversary or a company-owned or company-controlled subsidiary of a company domiciled within a foreign adversary for the purpose of conducting genetic analysis.</p>\n    <p class=\"indent\">(c) All genetic sequencers and operational and research software used for genetic sequencers or genetic analysis devices prohibited under subsection (b) that is not permanently disabled shall be removed and replaced with genetic sequencers and operational and research software used for genetic sequencers or genetic analysis that is not prohibited under subsection (b).</p>\n    <p class=\"indent\">(d) Subject to appropriations, a medical facility or research facility in this state may request a reimbursement from the state treasurer up to the cost of replacement of the equipment and software prohibited under subsection (b) from the state treasurer, provided the request includes purchase orders and is submitted prior to October 1, 2025.</p>\n    <p class=\"indent\">(e) The provisions of this section are severable. If any provision of this section is declared unconstitutional or invalid, or the application of any portion of the act to any person or circumstance is held unconstitutional or invalid, the invalidity shall not affect other portions of the act that can be given effect without the invalid portion or application, and the applicability of such other portions of the act to any person or circumstance shall remain valid and enforceable.</p>\n   </div>\n   <effective_clause>\n    <p class=\"indent\">Sec. 3. This act shall take effect and be in force from and after its publication in the statute book.</p>\n   </effective_clause>\n  </div>\n </div>\n    </div>\t\n<table cellpadding=0 cellspacing=0 width=\"100%\">\n   <tr>\n      <td>\n          Copyright &copy; 2025 State Net\n      </td>\n<BR>\n<!--???MOVED INTO resources.cgi      <td align=\"right\">\n          <img src=\"https://custom.statenet.com/network/poweredby.gif\" alt=\"Powered by State Net\">\n      </td>-->\n\n    </tr>\n</table>\n</body></html>\n",
      "markdown": "The following has special meaning: _green underline denotes added text_ ~~red struck out text denotes deleted text~~ | [![Powered by State Net](https://custom.statenet.com/network/poweredby.gif)](https://www.lexisnexis.com/statenet/)  \n---|---  \n  \n2025 KS H 2313 | | Author: | Financial Institutions and Pensions  \n---|---  \nVersion: | Enacted - Final  \nVersion Date: | 04/08/2025  \n  \nSENATE Substitute for HOUSE BILL No. 2313\n\nAN ACT concerning technology produced by certain foreign countries; relating\nto artificial intelligence platforms; prohibiting the use of artificial\nintelligence platforms of concern on state-issued devices and networks;\nprohibiting medical and research facilities from using genetic sequencers or\noperational software used for genetic analysis that is produced in or by a\nforeign adversary.\n\n_Be it enacted by the Legislature of the State of Kansas:_\n\nSection 1. (a) No electronic device that is owned or issued to an employee by\na state agency shall be used to access an artificial intelligence platform of\nconcern. Any network that is operated by a state agency shall prohibit the use\nof artificial intelligence platforms of concern by users who access the\nnetwork.\n\n(b) Any state agency that utilizes an artificial intelligence platform of\nconcern or has an account with an artificial intelligence platform of concern\nshall deactivate and delete such account and shall no longer use the\nartificial intelligence platform.\n\n(c) The provisions of this section shall not apply to state agencies that are\nusing an electronic device owned or issued to an employee by a state agency to\naccess an artificial intelligence platform of concern for the purposes of law\nenforcement activities or cybersecurity investigations.\n\n(d) As used in this section:\n\n(1) \"Artificial intelligence platform of concern\" means:\n\n(A) The artificial intelligence model commonly referred to as DeepSeek and any\nartificial intelligence model that is owned or controlled, directly or\nindirectly, by Hangzhou DeepSeek Artificial Intelligence Basic Technology\nResearch Company or a subsidiary or successor company of such company; or\n\n(B) an artificial intelligence model that is controlled, directly or\nindirectly, by a country of concern;\n\n(2) (A) \"country of concern\" means the following:\n\n(i) People's republic of China, including the Hong Kong special administrative\nregion;\n\n(ii) republic of Cuba;\n\n(iii) islamic republic of Iran;\n\n(iv) democratic people's republic of Korea;\n\n(v) Russian federation; and\n\n(vi) Bolivarian republic of Venezuela.\n\n(B) \"Country of concern\" does not include the republic of China (Taiwan); and\n\n(3) \"state agency\" means any state office or officers, department, board,\ncommission, institution or bureau or any agency, division or unit thereof.\n\nSec. 2. (a) As used in this section:\n\n(1) \"DNA\" means deoxyribonucleic acid, ribonucleic acid and chromosomes that\nmay be analyzed to detect heritable diseases or conditions, including the\nidentification of carriers, predicting risk of disease or establishing a\nclinical diagnosis.\n\n(2) \"Foreign adversary\" means the people's republic of China, the Russian\nfederation, the Islamic republic of Iran, the democratic people's republic of\nKorea, the republic of Cuba, the Venezuelan regime of Nicolas Maduro or the\nSyrian Arab republic, including any agent of or any other entity under\nsignificant control of such foreign adversary, or any other entity deemed to\nbe a foreign adversary by the governor in consultation with the adjutant\ngeneral.\n\n(3) \"Genetic sequencer\" means any device or platform used to conduct genetic\nanalysis, resequencing, isolation or other genetic research.\n\n(4) \"Human genome\" means DNA or ribonucleic acid that is found in human cells.\n\n(5) \"Medical facility\" means a facility for the delivery of health services\nthat receives state moneys, including interagency pass-through appropriations\nfrom the federal government, and conducts research or testing on, with or\nrelating to genetic analysis or the human genome.\n\n(6) \"Operational or research software\" means computer programs used for the\noperation, control, analysis or other necessary functions of genetic analysis\nor genetic sequencers.\n\n(7) \"Research facility\" means a facility that receives state moneys, including\ninteragency pass-through appropriations from the federal government and\nconducts research on, with or relating to genetic analysis or the human\ngenome.\n\n(b) No medical facility or research facility in this state shall utilize\ngenetic sequencers or operational or research software used for genetic\nanalysis produced in or by a foreign adversary, a state-owned enterprise of a\nforeign adversary, a company domiciled within a foreign adversary or a\ncompany-owned or company-controlled subsidiary of a company domiciled within a\nforeign adversary for the purpose of conducting genetic analysis.\n\n(c) All genetic sequencers and operational and research software used for\ngenetic sequencers or genetic analysis devices prohibited under subsection (b)\nthat is not permanently disabled shall be removed and replaced with genetic\nsequencers and operational and research software used for genetic sequencers\nor genetic analysis that is not prohibited under subsection (b).\n\n(d) Subject to appropriations, a medical facility or research facility in this\nstate may request a reimbursement from the state treasurer up to the cost of\nreplacement of the equipment and software prohibited under subsection (b) from\nthe state treasurer, provided the request includes purchase orders and is\nsubmitted prior to October 1, 2025.\n\n(e) The provisions of this section are severable. If any provision of this\nsection is declared unconstitutional or invalid, or the application of any\nportion of the act to any person or circumstance is held unconstitutional or\ninvalid, the invalidity shall not affect other portions of the act that can be\ngiven effect without the invalid portion or application, and the applicability\nof such other portions of the act to any person or circumstance shall remain\nvalid and enforceable.\n\nSec. 3. This act shall take effect and be in force from and after its\npublication in the statute book.\n\nCopyright (C) 2025 State Net  \n  \n---\n\n",
      "latest_version": true
    }
  ]
}