{
  "bill_id": "KY2025000H22",
  "source_url": "http://custom.statenet.com/public/resources.cgi?id=ID:bill:KY2025000H22&cuiq=93d84396-c63b-526a-b152-38b7f79b4cfd&client_md=e4f6fea4-27b4-5d41-b7d3-766fe52569f0",
  "versions": [
    {
      "date": "01/07/2025",
      "label": "Introduced",
      "url": "https://custom.statenet.com/public/resources.cgi?mode=show_text&id=ID:bill:KY2025000H22&verid=KY2025000H22_20250107_0_I&",
      "raw_html": "<html>\n<head>\n<title>Bill Resource</title>\n\n<!--   <link href=\"https://custom.statenet.com/network/Common/css/extregtext.css\" rel=\"stylesheet\" type=\"text/css\" />-->\n   <link href=\"https://custom.statenet.com/network/Common/css/xmltext-2.0.css\" rel=\"stylesheet\" type=\"text/css\" />\n   <link href=\"https://custom.statenet.com/network/Common/css/additional-text.css\" rel=\"stylesheet\" type=\"text/css\" />\n\n\t<style type=\"text/css\">\n<!--\n\ntd, body {\n     background-color: white;\n\tfont-family: Verdana, Arial, Helvetica, sans-serif;\n\tfont-size: 12px;\n}\n\n.resourceContainer {\n   border: 1px solid black;\n}\n-->\n</style>\n</head>\n<body>\n\n    <div style=\"width: 750px; margin: auto\">\n       <div style=\"font-size: .8em;margin-bottom: 10px\"><table width=\"100%\"><tr><td align=\"left\" style=\"font-size: .8em;\"><div>The following has special meaning:</div>\n<div><u class=\"amendmentInsertedText\">green underline denotes added text</u></div>\n<div><strike class=\"amendmentDeletedText\">red struck out text denotes deleted text</strike></div></td> <td align=\"right\"><a href=\"https://www.lexisnexis.com/statenet/\"><img alt=\"Powered by State Net\" src=\"https://custom.statenet.com/network/poweredby.gif\" /></a></td></tr></table></div><table id=\"text-identifier\"><tr><td class=\"key\">2025 KY H 22</td> <td><table><tr><td class=\"label\">Author:</td> <td>Hodgson</td></tr> <tr><td class=\"label\">Version:</td> <td>Introduced</td></tr> <tr><td class=\"label\">Version Date:</td> <td>01/07/2025</td></tr></table></td></tr></table><div class=\"documentBody\">\n  <a name=\"head_document_section\"></a><div class=\"head\">\n   <p class=\"center\">KENTUCKY LEGISLATURE</p>\n   <p class=\"center\">HB 22</p>\n   <p class=\"center\">2025 Regular Session</p>\n  </div>\n  <a name=\"title_document_section\"></a><div class=\"title\">\n   <p class=\"indent\">AN ACT relating to geoengineering.</p>\n  </div>\n  <a name=\"text_document_section\"></a><div class=\"text\">\n   <span>\n    <p class=\"indent\">Be it enacted by the General Assembly of the Commonwealth of Kentucky:</p>\n   </span>\n   <p class=\"indent\">SECTION 1. A NEW SECTION OF KRS CHAPTER 512 IS CREATED TO READ AS FOLLOWS:</p>\n   <p class=\"indent\">\n    <u class=\"amendmentInsertedText\">The General Assembly hereby finds and declares that:</u>\n   </p>\n   <p class=\"indent\">\n    <u class=\"amendmentInsertedText\">(1) Geoengineering, including but not limited to solar radiation modification, weather modification, stratospheric aerosol injection, and other forms of atmospheric polluting intervention:</u>\n   </p>\n   <p class=\"indent\">\n    <u class=\"amendmentInsertedText\">(a) Endangers human health and safety and the environment;</u>\n   </p>\n   <p class=\"indent\">\n    <u class=\"amendmentInsertedText\">(b) Threatens air, water, soil, and wildlife resources;</u>\n   </p>\n   <p class=\"indent\">\n    <u class=\"amendmentInsertedText\">(c) Disrupts agricultural operations; and</u>\n   </p>\n   <p class=\"indent\">\n    <u class=\"amendmentInsertedText\">(d) Potentially interferes with aviation, state security, and the economy of the Commonwealth;</u>\n   </p>\n   <p class=\"indent\">\n    <u class=\"amendmentInsertedText\">(2) Pursuant to the Tenth Amendment of the Constitution of the United States and the inherent right for Kentucky citizens to engage in thoughtful deliberation and determine public policy by voting, the citizens of the Commonwealth do not consent to any unconstitutional actions or efforts made by the federal government or international bodies that release atmospheric contaminants into the Commonwealth&#39;s atmosphere through geoengineering, solar radiation modification, cloud seeding, weather modification, or any other means;</u>\n   </p>\n   <p class=\"indent\">\n    <u class=\"amendmentInsertedText\">(3) As recognized by the World Meteorological Organization in guidelines it adopted in 2017, weather modification activities should not be undertaken without considering the high levels of uncertainty involved and the potential harm that could result; and</u>\n   </p>\n   <p class=\"indent\">\n    <u class=\"amendmentInsertedText\">(4) To preserve the safe and healthful uses of the Commonwealth&#39;s atmosphere for its people, environment, wildlife, and agriculture, and to improve beneficial climate efforts, it is necessary to prohibit geoengineering, including but not limited to solar radiation modification, and to provide for enforcement and penalties for violative activities.</u>\n   </p>\n   <p class=\"indent\">SECTION 2. A NEW SECTION OF KRS CHAPTER 512 IS CREATED TO READ AS FOLLOWS:</p>\n   <p class=\"indent\">\n    <u class=\"amendmentInsertedText\">As used in Sections 1 to 3 of this Act:</u>\n   </p>\n   <p class=\"indent\">\n    <u class=\"amendmentInsertedText\">(1) &quot;Artificial intelligence&quot; means systems or machines that mimic human intelligence to perform tasks and that can iteratively improve themselves based on the information they collect;</u>\n   </p>\n   <p class=\"indent\">\n    <u class=\"amendmentInsertedText\">(2) (a) &quot;Atmospheric contaminant&quot; means any type of aerosol, biological, nonbiological, or hazardous agent, chaff, chemical, chemical compound, genetically modified agent, metal, radioactive material, substance, vapor, electromagnetic radiation or field, mechanical vibration, particulate of any size, or any air pollutant regulated by the Commonwealth, and any combination thereof.</u>\n   </p>\n   <p class=\"indent\">\n    <u class=\"amendmentInsertedText\">(b) &quot;Atmospheric contaminant&quot; does not include engine exhaust from an aircraft using unadulterated certified aviation fuel;</u>\n   </p>\n   <p class=\"indent\">\n    <u class=\"amendmentInsertedText\">(3) &quot;Atmospheric polluting intervention&quot; means any manipulation or interference with earth&#39;s natural systems or processes by altering atmospheric or environmental conditions, including but not limited to:</u>\n   </p>\n   <p class=\"indent\">\n    <u class=\"amendmentInsertedText\">(a) Stratospheric aerosol injection;</u>\n   </p>\n   <p class=\"indent\">\n    <u class=\"amendmentInsertedText\">(b) Cloud seeding;</u>\n   </p>\n   <p class=\"indent\">\n    <u class=\"amendmentInsertedText\">(c) Solar radiation modification; and</u>\n   </p>\n   <p class=\"indent\">\n    <u class=\"amendmentInsertedText\">(d) The release of an atmospheric contaminant by any human, or by artificial intelligence, or any combination thereof, that occurs in the atmosphere and that may have harmful consequences on human health, the environment, or agriculture;</u>\n   </p>\n   <p class=\"indent\">\n    <u class=\"amendmentInsertedText\">(4) &quot;Chaff&quot; means aluminum-coated silica glass fibers, typically dispersed in bundles containing millions of inhalable fibers, which break apart and fall to the ground;</u>\n   </p>\n   <p class=\"indent\">\n    <u class=\"amendmentInsertedText\">(5) &quot;Cloud seeding&quot; means a type of weather modification that attempts to change the amount or type of precipitation from a cloud by dispersing any one (1) or more atmospheric contaminants into the air;</u>\n   </p>\n   <p class=\"indent\">\n    <u class=\"amendmentInsertedText\">(6) &quot;Geoengineering&quot; means the intentional manipulation of the environment, through an atmospheric polluting intervention, to effect changes to the earth&#39;s atmosphere or surface, including but not limited to the practices of weather modification, solar radiation modification, stratospheric aerosol injection, and cloud seeding;</u>\n   </p>\n   <p class=\"indent\">\n    <u class=\"amendmentInsertedText\">(7) &quot;Hazardous&quot; means a substance, apparatus, activity, or physical agent that by its nature is harmful to living organisms, property, or any other valuable interest;</u>\n   </p>\n   <p class=\"indent\">\n    <u class=\"amendmentInsertedText\">(8) &quot;Person&quot; means any natural person, trust, firm, joint stock company, corporation, quasi-governmental corporation, nongovernmental organization, public or private partnership, association, syndicate, club, college, university, any agency, subdivision, or instrumentality of federal, state, or local government, or any interstate or international governance body;</u>\n   </p>\n   <p class=\"indent\">\n    <u class=\"amendmentInsertedText\">(9) &quot;Physical agent&quot; means a source of energy that may cause injury through excessive exposure, including but not limited to radiofrequency, microwave, and other electromagnetic radiation and fields, barometric pressure, temperature, gravity, mechanical vibration, and sound;</u>\n   </p>\n   <p class=\"indent\">\n    <u class=\"amendmentInsertedText\">(10) &quot;Release&quot; means any activity that results in the issuance of atmospheric contaminants such as the emitting, transmitting, discharging, or injecting of one (1) or more nuclear, biological, chemical, or physical agents into the ambient atmosphere, whether once, intermittently, or continuously;</u>\n   </p>\n   <p class=\"indent\">\n    <u class=\"amendmentInsertedText\">(11) &quot;Solar radiation modification&quot; means an experiment in the earth&#39;s climatic system involving the release of atmospheric contaminants that reduce the amount of sunlight reaching the earth&#39;s surface through the use of interoperable ground- based, airborne, space-based, or other facilities;</u>\n   </p>\n   <p class=\"indent\">\n    <u class=\"amendmentInsertedText\">(12) &quot;Stratospheric aerosol injection&quot; means the release of reflective sulfate or other aerosol substances in the stratosphere by high altitude planes, balloons, high- altitude blimps, artillery, or any other means; and</u>\n   </p>\n   <p class=\"indent\">\n    <u class=\"amendmentInsertedText\">(13) &quot;Weather modification&quot; means the changing, controlling, or interfering with or attempting to change, control, or interfere with the natural development of cloud forms, precipitation, barometric pressure, temperature, conductivity or other electromagnetic or sonic characteristics of the atmosphere.</u>\n   </p>\n   <p class=\"indent\">SECTION 3. A NEW SECTION OF KRS CHAPTER 512 IS CREATED TO READ AS FOLLOWS:</p>\n   <p class=\"indent\">\n    <u class=\"amendmentInsertedText\">(1) A person is guilty of criminal atmospheric pollution when he or she intentionally or wantonly engages in any atmospheric polluting intervention.</u>\n   </p>\n   <p class=\"indent\">\n    <u class=\"amendmentInsertedText\">(2) Criminal atmospheric pollution shall be a Class D felony. Notwithstanding KRS 534.030 and 534.050, and in addition to any other penalties that may apply, a person guilty of criminal atmospheric pollution shall pay a civil penalty of not less than five hundred thousand dollars ($500,000). Each day that a person engages in criminal atmospheric pollution shall be considered a separate offense.</u>\n   </p>\n   <p class=\"indent\">\n    <u class=\"amendmentInsertedText\">(3) All peace officers of the Commonwealth shall enforce the requirements of this section, and a citizen may make a complaint to any peace officer or local law enforcement official relating to any suspected violation of this section.</u>\n   </p>\n   <p class=\"indent\">\n    <u class=\"amendmentInsertedText\">(4) If any criminal atmospheric pollution has been approved, explicitly or implicitly, by a federal government agency or official, the arresting officer shall issue a notice to the appropriate federal agency or official that the criminal atmospheric pollution intervention cannot lawfully be carried out within or over the Commonwealth.</u>\n   </p>\n  </div>\n </div>\n    </div>\t\n<table cellpadding=0 cellspacing=0 width=\"100%\">\n   <tr>\n      <td>\n          Copyright &copy; 2025 State Net\n      </td>\n<BR>\n<!--???MOVED INTO resources.cgi      <td align=\"right\">\n          <img src=\"https://custom.statenet.com/network/poweredby.gif\" alt=\"Powered by State Net\">\n      </td>-->\n\n    </tr>\n</table>\n</body></html>\n",
      "markdown": "The following has special meaning: _green underline denotes added text_ ~~red struck out text denotes deleted text~~ | [![Powered by State Net](https://custom.statenet.com/network/poweredby.gif)](https://www.lexisnexis.com/statenet/)  \n---|---  \n  \n2025 KY H 22 | | Author: | Hodgson  \n---|---  \nVersion: | Introduced  \nVersion Date: | 01/07/2025  \n  \nKENTUCKY LEGISLATURE\n\nHB 22\n\n2025 Regular Session\n\nAN ACT relating to geoengineering.\n\nBe it enacted by the General Assembly of the Commonwealth of Kentucky:\n\nSECTION 1. A NEW SECTION OF KRS CHAPTER 512 IS CREATED TO READ AS FOLLOWS:\n\n_The General Assembly hereby finds and declares that:_\n\n_(1) Geoengineering, including but not limited to solar radiation\nmodification, weather modification, stratospheric aerosol injection, and other\nforms of atmospheric polluting intervention:_\n\n_(a) Endangers human health and safety and the environment;_\n\n_(b) Threatens air, water, soil, and wildlife resources;_\n\n_(c) Disrupts agricultural operations; and_\n\n_(d) Potentially interferes with aviation, state security, and the economy of\nthe Commonwealth;_\n\n_(2) Pursuant to the Tenth Amendment of the Constitution of the United States\nand the inherent right for Kentucky citizens to engage in thoughtful\ndeliberation and determine public policy by voting, the citizens of the\nCommonwealth do not consent to any unconstitutional actions or efforts made by\nthe federal government or international bodies that release atmospheric\ncontaminants into the Commonwealth 's atmosphere through geoengineering, solar\nradiation modification, cloud seeding, weather modification, or any other\nmeans;_\n\n_(3) As recognized by the World Meteorological Organization in guidelines it\nadopted in 2017, weather modification activities should not be undertaken\nwithout considering the high levels of uncertainty involved and the potential\nharm that could result; and_\n\n_(4) To preserve the safe and healthful uses of the Commonwealth 's atmosphere\nfor its people, environment, wildlife, and agriculture, and to improve\nbeneficial climate efforts, it is necessary to prohibit geoengineering,\nincluding but not limited to solar radiation modification, and to provide for\nenforcement and penalties for violative activities._\n\nSECTION 2. A NEW SECTION OF KRS CHAPTER 512 IS CREATED TO READ AS FOLLOWS:\n\n_As used in Sections 1 to 3 of this Act:_\n\n_(1) \"Artificial intelligence\" means systems or machines that mimic human\nintelligence to perform tasks and that can iteratively improve themselves\nbased on the information they collect;_\n\n_(2) (a) \"Atmospheric contaminant\" means any type of aerosol, biological,\nnonbiological, or hazardous agent, chaff, chemical, chemical compound,\ngenetically modified agent, metal, radioactive material, substance, vapor,\nelectromagnetic radiation or field, mechanical vibration, particulate of any\nsize, or any air pollutant regulated by the Commonwealth, and any combination\nthereof._\n\n_(b) \"Atmospheric contaminant\" does not include engine exhaust from an\naircraft using unadulterated certified aviation fuel;_\n\n_(3) \"Atmospheric polluting intervention\" means any manipulation or\ninterference with earth's natural systems or processes by altering atmospheric\nor environmental conditions, including but not limited to:_\n\n_(a) Stratospheric aerosol injection;_\n\n_(b) Cloud seeding;_\n\n_(c) Solar radiation modification; and_\n\n_(d) The release of an atmospheric contaminant by any human, or by artificial\nintelligence, or any combination thereof, that occurs in the atmosphere and\nthat may have harmful consequences on human health, the environment, or\nagriculture;_\n\n_(4) \"Chaff\" means aluminum-coated silica glass fibers, typically dispersed in\nbundles containing millions of inhalable fibers, which break apart and fall to\nthe ground;_\n\n_(5) \"Cloud seeding\" means a type of weather modification that attempts to\nchange the amount or type of precipitation from a cloud by dispersing any one\n(1) or more atmospheric contaminants into the air;_\n\n_(6) \"Geoengineering\" means the intentional manipulation of the environment,\nthrough an atmospheric polluting intervention, to effect changes to the\nearth's atmosphere or surface, including but not limited to the practices of\nweather modification, solar radiation modification, stratospheric aerosol\ninjection, and cloud seeding;_\n\n_(7) \"Hazardous\" means a substance, apparatus, activity, or physical agent\nthat by its nature is harmful to living organisms, property, or any other\nvaluable interest;_\n\n_(8) \"Person\" means any natural person, trust, firm, joint stock company,\ncorporation, quasi-governmental corporation, nongovernmental organization,\npublic or private partnership, association, syndicate, club, college,\nuniversity, any agency, subdivision, or instrumentality of federal, state, or\nlocal government, or any interstate or international governance body;_\n\n_(9) \"Physical agent\" means a source of energy that may cause injury through\nexcessive exposure, including but not limited to radiofrequency, microwave,\nand other electromagnetic radiation and fields, barometric pressure,\ntemperature, gravity, mechanical vibration, and sound;_\n\n_(10) \"Release\" means any activity that results in the issuance of atmospheric\ncontaminants such as the emitting, transmitting, discharging, or injecting of\none (1) or more nuclear, biological, chemical, or physical agents into the\nambient atmosphere, whether once, intermittently, or continuously;_\n\n_(11) \"Solar radiation modification\" means an experiment in the earth's\nclimatic system involving the release of atmospheric contaminants that reduce\nthe amount of sunlight reaching the earth's surface through the use of\ninteroperable ground- based, airborne, space-based, or other facilities;_\n\n_(12) \"Stratospheric aerosol injection\" means the release of reflective\nsulfate or other aerosol substances in the stratosphere by high altitude\nplanes, balloons, high- altitude blimps, artillery, or any other means; and_\n\n_(13) \"Weather modification\" means the changing, controlling, or interfering\nwith or attempting to change, control, or interfere with the natural\ndevelopment of cloud forms, precipitation, barometric pressure, temperature,\nconductivity or other electromagnetic or sonic characteristics of the\natmosphere._\n\nSECTION 3. A NEW SECTION OF KRS CHAPTER 512 IS CREATED TO READ AS FOLLOWS:\n\n_(1) A person is guilty of criminal atmospheric pollution when he or she\nintentionally or wantonly engages in any atmospheric polluting intervention._\n\n_(2) Criminal atmospheric pollution shall be a Class D felony. Notwithstanding\nKRS 534.030 and 534.050, and in addition to any other penalties that may\napply, a person guilty of criminal atmospheric pollution shall pay a civil\npenalty of not less than five hundred thousand dollars ($500,000). Each day\nthat a person engages in criminal atmospheric pollution shall be considered a\nseparate offense._\n\n_(3) All peace officers of the Commonwealth shall enforce the requirements of\nthis section, and a citizen may make a complaint to any peace officer or local\nlaw enforcement official relating to any suspected violation of this section._\n\n_(4) If any criminal atmospheric pollution has been approved, explicitly or\nimplicitly, by a federal government agency or official, the arresting officer\nshall issue a notice to the appropriate federal agency or official that the\ncriminal atmospheric pollution intervention cannot lawfully be carried out\nwithin or over the Commonwealth._\n\nCopyright (C) 2025 State Net  \n  \n---\n\n",
      "latest_version": true
    }
  ]
}