{
  "bill_id": "MA2025000H495",
  "source_url": "http://custom.statenet.com/public/resources.cgi?id=ID:bill:MA2025000H495&cuiq=93d84396-c63b-526a-b152-38b7f79b4cfd&client_md=e4f6fea4-27b4-5d41-b7d3-766fe52569f0",
  "versions": [
    {
      "date": "02/27/2025",
      "label": "Introduced",
      "url": "https://custom.statenet.com/public/resources.cgi?mode=show_text&id=ID:bill:MA2025000H495&verid=MA2025000H495_20250227_0_I&",
      "raw_html": "<html>\n<head>\n<title>Bill Resource</title>\n\n<!--   <link href=\"https://custom.statenet.com/network/Common/css/extregtext.css\" rel=\"stylesheet\" type=\"text/css\" />-->\n   <link href=\"https://custom.statenet.com/network/Common/css/xmltext-2.0.css\" rel=\"stylesheet\" type=\"text/css\" />\n   <link href=\"https://custom.statenet.com/network/Common/css/additional-text.css\" rel=\"stylesheet\" type=\"text/css\" />\n\n\t<style type=\"text/css\">\n<!--\n\ntd, body {\n     background-color: white;\n\tfont-family: Verdana, Arial, Helvetica, sans-serif;\n\tfont-size: 12px;\n}\n\n.resourceContainer {\n   border: 1px solid black;\n}\n-->\n</style>\n</head>\n<body>\n\n    <div style=\"width: 750px; margin: auto\">\n       <div style=\"font-size: .8em;margin-bottom: 10px\"><table width=\"100%\"><tr><td align=\"left\" style=\"font-size: .8em;\"><div>The following has special meaning:</div>\n<div><u class=\"amendmentInsertedText\">green underline denotes added text</u></div>\n<div><strike class=\"amendmentDeletedText\">red struck out text denotes deleted text</strike></div></td> <td align=\"right\"><a href=\"https://www.lexisnexis.com/statenet/\"><img alt=\"Powered by State Net\" src=\"https://custom.statenet.com/network/poweredby.gif\" /></a></td></tr></table></div><table id=\"text-identifier\"><tr><td class=\"key\">2025 MA H 495</td> <td><table><tr><td class=\"label\">Author:</td> <td>Rogers D</td></tr> <tr><td class=\"label\">Version:</td> <td>Introduced</td></tr> <tr><td class=\"label\">Version Date:</td> <td>02/27/2025</td></tr></table></td></tr></table><div class=\"documentBody\">\n  <a name=\"head_document_section\"></a><div class=\"head\">\n   <p class=\"left\">HOUSE No. 495</p>\n   <p class=\"center\">The Commonwealth of Massachusetts</p>\n   <p class=\"center\">In the One Hundred and Ninety-Fourth General Court</p>\n   <p class=\"center\">(2025-2026)</p>\n  </div>\n  <a name=\"title_document_section\"></a><div class=\"title\">\n   <p class=\"left\">AN ACT REDUCING EMISSIONS FROM ARTIFICIAL INTELLIGENCE.</p>\n  </div>\n  <a name=\"text_document_section\"></a><div class=\"text\">\n   <span>\n    <p class=\"indent\">Be it enacted by the Senate and House of Representatives in General Court assembled, and by the authority of the same, as follows:</p>\n   </span>\n   <p class=\"indent\">SECTION 1. The General Laws, as appearing in the 2022 Official Edition, are hereby amended by inserting after Chapter 93L the following new chapter:</p>\n   <p class=\"indent\">Chapter 93M. Artificial Intelligence</p>\n   <p class=\"indent\">Section 1: Definitions</p>\n   <p class=\"indent\">(a) As used in this chapter, the following words shall have the following meanings unless the context clearly requires otherwise:</p>\n   <p class=\"indent\">&quot;Artificial intelligence,&quot; any technology, including, but not limited to, machine learning, that uses data to train an algorithm or predictive model that enables a computer system or service to autonomously perform any task, including, but not limited to, visual perception, language processing or speech recognition, that is normally associated with human intelligence, perception, or judgment.</p>\n   <p class=\"indent\">&quot;Generative artificial intelligence&quot;, artificial intelligence, including, but not limited to, a general-purpose artificial intelligence model, that is used to produce or edit text, audio, images, or video media.</p>\n   <p class=\"indent\">&quot;Artificial intelligence model&quot;, a component of an information system that implements artificial intelligence technology and uses computational, statistical, or machine-learning techniques to produce outputs from a given set of inputs.</p>\n   <p class=\"indent\">&quot;Artificial intelligence system&quot;, any data system, software, hardware, application, tool, or utility that operates in whole or in part using artificial intelligence.</p>\n   <p class=\"indent\">&quot;Covered entity&quot;, any entity or any person, other than an individual acting in a non-commercial context, that operates a search engine with an artificial intelligence or generative artificial intelligence service. The term &quot;covered entity&quot; does not include:-</p>\n   <p class=\"indent\">government agencies or service providers to government agencies that exclusively and solely process information provided by government entities;</p>\n   <p class=\"indent\">the entity or person&#39;s average annual gross revenues during the period did not exceed $10,000,000 in the past 3 calendar years.</p>\n   <p class=\"indent\">&quot;Affirmative consent&quot;,an affirmative act by an individual that clearly communicates the individual&#39;s freely given, specific, and unambiguous authorization for an act or practice after having been informed, in response to a specific request from a covered entity that meets the requirements of this chapter.</p>\n   <p class=\"indent\">&quot;Search engine&quot;, a service that utilizes keywords and phrases inputted by an individual to search the internet and provide an index of web pages, images or videos.</p>\n   <p class=\"indent\">&quot;Reporting Entity, any company, organization, or other entity that-</p>\n   <p class=\"indent\"> develops or operates an artificial intelligence system; or</p>\n   <p class=\"indent\">owns or operates, in whole or in part, a source of greenhouse gas emissions from a generator of electricity or a commercial or industrial site that powers artificial intelligence systems developing or making for use in Massachusetts.</p>\n   <p class=\"indent\">The term &quot;reporting entity&quot; does not include an entity or person whose average annual gross revenues during the period did not exceed $10,000,000 once in the past 3 calendar years.</p>\n   <p class=\"indent\">Section 2: Affirmative Consent for Artificial Intelligence</p>\n   <p class=\"indent\">Not later than 18 months after the effective date of this law, no covered entity shall operate a search engine that automatically returns results using artificial intelligence, provided, that each individual user may expressly authorize, through affirmative consent, that the covered entity may utilize artificial intelligence or generative artificial intelligence when returning results for said user searches</p>\n   <p class=\"indent\">The Executive Office of Technology Services and Security shall recognize one or more acceptable centralized mechanisms for individuals to exercise affirmative consent for generative artificial intelligence models in search engines.</p>\n   <p class=\"indent\">(1)Any such affirmative consent mechanism shall:-</p>\n   <p class=\"indent\">(i) require covered entities or service providers acting on behalf of covered entities to inform individuals about the affirmative consent choice;</p>\n   <p class=\"indent\">(ii) present the individual with the affirmative consent choice before a generative artificial intelligence result is produced for a search query;</p>\n   <p class=\"indent\">(iii) provide the individual with a continuous affirmative consent choice for each search query;</p>\n   <p class=\"indent\">(iv) be consumer-friendly, clearly described, and easy-to-use by a reasonable individual;</p>\n   <p class=\"indent\">(v) be provided in any covered language in which the covered entity provides products or services subject to affirmative consent; and;</p>\n   <p class=\"indent\">(vi) be provided in a manner that is reasonably accessible to and usable by individuals with disabilities.</p>\n   <p class=\"indent\">Section 3: Study on the Impacts of Artificial Intelligence</p>\n   <p class=\"indent\">(a)Not later than 18 months after the date of enactment of this Act, the Secretary of the Executive Office of Energy and Environmental Affairs in collaboration with the Secretary of the Executive Office of Technology Services and Security, shall carry out, and submit a report to the Speaker of the House, Senate President, Chair of the Joint Committee on Environment and Natural Resources, Chair of the Joint Committee on Telecommunications Utilities and Energy, and make publicly available the results of, a comprehensive study on the environmental impacts of artificial intelligence.</p>\n   <p class=\"indent\">(1) The study required under this section shall include an examination of:-</p>\n   <p class=\"indent\">(i) the energy consumption and pollution associated with the full lifecycle of artificial intelligence models, including the design, development, deployment, and use of those artificial intelligence models;</p>\n   <p class=\"indent\">(ii) the energy consumption and pollution associated with the full lifecycle of artificial intelligence hardware, including the extraction of raw materials, manufacturing, and electronic waste associated with that hardware;</p>\n   <p class=\"indent\">(iii) the energy and water consumption for the cooling of the data centers used in the design, development, deployment, and use of artificial intelligence models;</p>\n   <p class=\"indent\">(iv) how choices made during the design, development, deployment, and use of artificial intelligence models, including the efficiency of the artificial intelligence models used, the location, power source, and design of data centers used, and the type of hardware used, impact the resulting environmental effects;</p>\n   <p class=\"indent\">(v) potential environmental impacts that could be acute at local scales, which may include added power loads that create grid stress, water withdrawals that create water stress, or local noise effects;</p>\n   <p class=\"indent\">(vi) the positive environmental impacts associated with applications of artificial intelligence, which may include optimizing systems for energy efficiency, developing renewable energy, enabling discovery of new materials, and automatically monitoring environmental changes;</p>\n   <p class=\"indent\">(vii) the negative environmental impacts associated with applications of artificial intelligence, which may include rebound effects, behavioral impacts, and accelerating high-pollution activities;</p>\n   <p class=\"indent\">(viii) disparate impacts in the negative environmental impacts of artificial intelligence;</p>\n   <p class=\"indent\">(ix) other environmental impacts, as determined by the Secretary of the Executive Office of Energy and Environmental Affairs.</p>\n   <p class=\"indent\">(b) The Secretary of Executive Office of Energy and Environmental Affairs, in consultation with, the Secretary of Energy the Executive Office of Technology Services and Security, and such others as the Secretary&#39;s consider appropriate, develop a system for reporting entities of the full range of environmental impacts of artificial intelligence.</p>\n   <p class=\"indent\">(1) Each reporting entity must monitor and track the annual environmental impacts, including the carbon emissions, water usage, production of electronic and other waste, mining of materials, and air, water, and soil pollution, caused by each product and report these annually to the Department of Energy and Environmental Affairs in a format determined by their office.</p>\n   <p class=\"indent\">(2) Each reporting entity must additionally report any efforts to offset or mitigate the impacts of their products, or lack thereof.</p>\n   <p class=\"indent\">(3) These statements shall be made available for public view on the Executive Office of Energy and Environmental Affairs website.</p>\n   <p class=\"indent\">(4) A reporting entity that fails to report its annual environmental impacts shall be subject to a penalty not to exceed $20,000 for each year it fails to submit the report.</p>\n  </div>\n </div>\n    </div>\t\n<table cellpadding=0 cellspacing=0 width=\"100%\">\n   <tr>\n      <td>\n          Copyright &copy; 2025 State Net\n      </td>\n<BR>\n<!--???MOVED INTO resources.cgi      <td align=\"right\">\n          <img src=\"https://custom.statenet.com/network/poweredby.gif\" alt=\"Powered by State Net\">\n      </td>-->\n\n    </tr>\n</table>\n</body></html>\n",
      "markdown": "The following has special meaning: _green underline denotes added text_ ~~red struck out text denotes deleted text~~ | [![Powered by State Net](https://custom.statenet.com/network/poweredby.gif)](https://www.lexisnexis.com/statenet/)  \n---|---  \n  \n2025 MA H 495 | | Author: | Rogers D  \n---|---  \nVersion: | Introduced  \nVersion Date: | 02/27/2025  \n  \nHOUSE No. 495\n\nThe Commonwealth of Massachusetts\n\nIn the One Hundred and Ninety-Fourth General Court\n\n(2025-2026)\n\nAN ACT REDUCING EMISSIONS FROM ARTIFICIAL INTELLIGENCE.\n\nBe it enacted by the Senate and House of Representatives in General Court\nassembled, and by the authority of the same, as follows:\n\nSECTION 1. The General Laws, as appearing in the 2022 Official Edition, are\nhereby amended by inserting after Chapter 93L the following new chapter:\n\nChapter 93M. Artificial Intelligence\n\nSection 1: Definitions\n\n(a) As used in this chapter, the following words shall have the following\nmeanings unless the context clearly requires otherwise:\n\n\"Artificial intelligence,\" any technology, including, but not limited to,\nmachine learning, that uses data to train an algorithm or predictive model\nthat enables a computer system or service to autonomously perform any task,\nincluding, but not limited to, visual perception, language processing or\nspeech recognition, that is normally associated with human intelligence,\nperception, or judgment.\n\n\"Generative artificial intelligence\", artificial intelligence, including, but\nnot limited to, a general-purpose artificial intelligence model, that is used\nto produce or edit text, audio, images, or video media.\n\n\"Artificial intelligence model\", a component of an information system that\nimplements artificial intelligence technology and uses computational,\nstatistical, or machine-learning techniques to produce outputs from a given\nset of inputs.\n\n\"Artificial intelligence system\", any data system, software, hardware,\napplication, tool, or utility that operates in whole or in part using\nartificial intelligence.\n\n\"Covered entity\", any entity or any person, other than an individual acting in\na non-commercial context, that operates a search engine with an artificial\nintelligence or generative artificial intelligence service. The term \"covered\nentity\" does not include:-\n\ngovernment agencies or service providers to government agencies that\nexclusively and solely process information provided by government entities;\n\nthe entity or person's average annual gross revenues during the period did not\nexceed $10,000,000 in the past 3 calendar years.\n\n\"Affirmative consent\",an affirmative act by an individual that clearly\ncommunicates the individual's freely given, specific, and unambiguous\nauthorization for an act or practice after having been informed, in response\nto a specific request from a covered entity that meets the requirements of\nthis chapter.\n\n\"Search engine\", a service that utilizes keywords and phrases inputted by an\nindividual to search the internet and provide an index of web pages, images or\nvideos.\n\n\"Reporting Entity, any company, organization, or other entity that-\n\ndevelops or operates an artificial intelligence system; or\n\nowns or operates, in whole or in part, a source of greenhouse gas emissions\nfrom a generator of electricity or a commercial or industrial site that powers\nartificial intelligence systems developing or making for use in Massachusetts.\n\nThe term \"reporting entity\" does not include an entity or person whose average\nannual gross revenues during the period did not exceed $10,000,000 once in the\npast 3 calendar years.\n\nSection 2: Affirmative Consent for Artificial Intelligence\n\nNot later than 18 months after the effective date of this law, no covered\nentity shall operate a search engine that automatically returns results using\nartificial intelligence, provided, that each individual user may expressly\nauthorize, through affirmative consent, that the covered entity may utilize\nartificial intelligence or generative artificial intelligence when returning\nresults for said user searches\n\nThe Executive Office of Technology Services and Security shall recognize one\nor more acceptable centralized mechanisms for individuals to exercise\naffirmative consent for generative artificial intelligence models in search\nengines.\n\n(1)Any such affirmative consent mechanism shall:-\n\n(i) require covered entities or service providers acting on behalf of covered\nentities to inform individuals about the affirmative consent choice;\n\n(ii) present the individual with the affirmative consent choice before a\ngenerative artificial intelligence result is produced for a search query;\n\n(iii) provide the individual with a continuous affirmative consent choice for\neach search query;\n\n(iv) be consumer-friendly, clearly described, and easy-to-use by a reasonable\nindividual;\n\n(v) be provided in any covered language in which the covered entity provides\nproducts or services subject to affirmative consent; and;\n\n(vi) be provided in a manner that is reasonably accessible to and usable by\nindividuals with disabilities.\n\nSection 3: Study on the Impacts of Artificial Intelligence\n\n(a)Not later than 18 months after the date of enactment of this Act, the\nSecretary of the Executive Office of Energy and Environmental Affairs in\ncollaboration with the Secretary of the Executive Office of Technology\nServices and Security, shall carry out, and submit a report to the Speaker of\nthe House, Senate President, Chair of the Joint Committee on Environment and\nNatural Resources, Chair of the Joint Committee on Telecommunications\nUtilities and Energy, and make publicly available the results of, a\ncomprehensive study on the environmental impacts of artificial intelligence.\n\n(1) The study required under this section shall include an examination of:-\n\n(i) the energy consumption and pollution associated with the full lifecycle of\nartificial intelligence models, including the design, development, deployment,\nand use of those artificial intelligence models;\n\n(ii) the energy consumption and pollution associated with the full lifecycle\nof artificial intelligence hardware, including the extraction of raw\nmaterials, manufacturing, and electronic waste associated with that hardware;\n\n(iii) the energy and water consumption for the cooling of the data centers\nused in the design, development, deployment, and use of artificial\nintelligence models;\n\n(iv) how choices made during the design, development, deployment, and use of\nartificial intelligence models, including the efficiency of the artificial\nintelligence models used, the location, power source, and design of data\ncenters used, and the type of hardware used, impact the resulting\nenvironmental effects;\n\n(v) potential environmental impacts that could be acute at local scales, which\nmay include added power loads that create grid stress, water withdrawals that\ncreate water stress, or local noise effects;\n\n(vi) the positive environmental impacts associated with applications of\nartificial intelligence, which may include optimizing systems for energy\nefficiency, developing renewable energy, enabling discovery of new materials,\nand automatically monitoring environmental changes;\n\n(vii) the negative environmental impacts associated with applications of\nartificial intelligence, which may include rebound effects, behavioral\nimpacts, and accelerating high-pollution activities;\n\n(viii) disparate impacts in the negative environmental impacts of artificial\nintelligence;\n\n(ix) other environmental impacts, as determined by the Secretary of the\nExecutive Office of Energy and Environmental Affairs.\n\n(b) The Secretary of Executive Office of Energy and Environmental Affairs, in\nconsultation with, the Secretary of Energy the Executive Office of Technology\nServices and Security, and such others as the Secretary's consider\nappropriate, develop a system for reporting entities of the full range of\nenvironmental impacts of artificial intelligence.\n\n(1) Each reporting entity must monitor and track the annual environmental\nimpacts, including the carbon emissions, water usage, production of electronic\nand other waste, mining of materials, and air, water, and soil pollution,\ncaused by each product and report these annually to the Department of Energy\nand Environmental Affairs in a format determined by their office.\n\n(2) Each reporting entity must additionally report any efforts to offset or\nmitigate the impacts of their products, or lack thereof.\n\n(3) These statements shall be made available for public view on the Executive\nOffice of Energy and Environmental Affairs website.\n\n(4) A reporting entity that fails to report its annual environmental impacts\nshall be subject to a penalty not to exceed $20,000 for each year it fails to\nsubmit the report.\n\nCopyright (C) 2025 State Net  \n  \n---\n\n",
      "latest_version": true
    }
  ]
}