{
  "bill_id": "MA2025000H3983",
  "source_url": "http://custom.statenet.com/public/resources.cgi?id=ID:bill:MA2025000H3983&cuiq=93d84396-c63b-526a-b152-38b7f79b4cfd&client_md=e4f6fea4-27b4-5d41-b7d3-766fe52569f0",
  "versions": [
    {
      "date": "04/02/2025",
      "label": "Introduced",
      "url": "https://custom.statenet.com/public/resources.cgi?mode=show_text&id=ID:bill:MA2025000H3983&verid=MA2025000H3983_20250402_0_I&",
      "raw_html": "<html>\n<head>\n<title>Bill Resource</title>\n\n<!--   <link href=\"https://custom.statenet.com/network/Common/css/extregtext.css\" rel=\"stylesheet\" type=\"text/css\" />-->\n   <link href=\"https://custom.statenet.com/network/Common/css/xmltext-2.0.css\" rel=\"stylesheet\" type=\"text/css\" />\n   <link href=\"https://custom.statenet.com/network/Common/css/additional-text.css\" rel=\"stylesheet\" type=\"text/css\" />\n\n\t<style type=\"text/css\">\n<!--\n\ntd, body {\n     background-color: white;\n\tfont-family: Verdana, Arial, Helvetica, sans-serif;\n\tfont-size: 12px;\n}\n\n.resourceContainer {\n   border: 1px solid black;\n}\n-->\n</style>\n</head>\n<body>\n\n    <div style=\"width: 750px; margin: auto\">\n       <div style=\"font-size: .8em;margin-bottom: 10px\"><table width=\"100%\"><tr><td align=\"left\" style=\"font-size: .8em;\"><div>The following has special meaning:</div>\n<div><u class=\"amendmentInsertedText\">green underline denotes added text</u></div>\n<div><strike class=\"amendmentDeletedText\">red struck out text denotes deleted text</strike></div></td> <td align=\"right\"><a href=\"https://www.lexisnexis.com/statenet/\"><img alt=\"Powered by State Net\" src=\"https://custom.statenet.com/network/poweredby.gif\" /></a></td></tr></table></div><table id=\"text-identifier\"><tr><td class=\"key\">2025 MA H 3983</td> <td><table><tr><td class=\"label\">Author:</td> <td>Diggs</td></tr> <tr><td class=\"label\">Version:</td> <td>Introduced</td></tr> <tr><td class=\"label\">Version Date:</td> <td>04/02/2025</td></tr></table></td></tr></table><div class=\"documentBody\">\n  <a name=\"head_document_section\"></a><div class=\"head\">\n   <p class=\"left\">HOUSE No. 3983</p>\n   <p class=\"center\">The Commonwealth of Massachusetts</p>\n   <p class=\"center\">In the One Hundred and Ninety-Fourth General Court</p>\n   <p class=\"center\">(2025-2026)</p>\n  </div>\n  <a name=\"title_document_section\"></a><div class=\"title\">\n   <p class=\"left\">AN ACT RELATIVE TO ESTABLISHING A WORKFORCE TRAINING TRUST FUND FOR EMERGING TECHNOLOGIES.</p>\n  </div>\n  <a name=\"text_document_section\"></a><div class=\"text\">\n   <span>\n    <p class=\"indent\">Be it enacted by the Senate and House of Representatives in General Court assembled, and by the authority of the same, as follows: </p>\n   </span>\n   <p class=\"indent\">SECTION 1. Chapter 29 of the General Laws is hereby amended by inserting, after section 2JJJJJJ, the following section:-</p>\n   <p class=\"indent\">Section 2KKKKKK. (a) There shall be established and set up on the books of the commonwealth a separate fund known as the Emerging Technologies Workforce Training Trust Fund, hereinafter referred to as the fund. The fund shall be administered by the department of career services established in section 1 of chapter 23H in collaboration with the Commonwealth Corporation Foundation.</p>\n   <p class=\"indent\">(b) The fund shall be credited with: (i) revenue from appropriations or other money authorized by the general court and specifically designated to be credited to the fund; (ii) interest earned on money in the fund; (iii) contributions from private sector entities, including technology firms, foundations and other organizations; and (iv) federal grants and other gifts, grants and donations for the establishment and expansion of workforce training programs, including programs in blockchain, artificial intelligence, cybersecurity and renewable energy technologies. Amounts credited to the fund shall not be subject to further appropriation and any money remaining in the fund at the end of a fiscal year shall not revert to the General Fund.</p>\n   <p class=\"indent\">(c) The Commonwealth Corporation Foundation, in consultation with the department of career services, shall make expenditures from the fund for the following purposes:</p>\n   <p class=\"indent\">(i) providing grants to institutions of higher education, vocational technical schools and workforce training organizations for the development and implementation of training programs in blockchain, artificial intelligence, cybersecurity and renewable energy technologies;</p>\n   <p class=\"indent\">(ii) sponsoring scholarships, paid internships and award programs to support individuals pursuing careers in blockchain, artificial intelligence, cybersecurity and renewable energy technologies with a focus on individuals from underrepresented populations;</p>\n   <p class=\"indent\">(iii) partnering with private companies to create work-based learning opportunities, including apprenticeships and on-the-job training;</p>\n   <p class=\"indent\">(iv) funding public awareness campaigns to promote careers in emerging technologies and available training opportunities;</p>\n   <p class=\"indent\">(v) developing regional workforce strategies in collaboration with regional employment boards to address specific labor market needs; and</p>\n   <p class=\"indent\">(vi) partnering with technology firms in the commonwealth to reduce state funding burdens and demonstrate industry buy-in.</p>\n   <p class=\"indent\">(d) The Commonwealth Corporation Foundation shall prepare an annual report on the activity of the fund that shall include: (i) the number and type of grants awarded; (ii) the number of participants trained and employed as a result of the fund&rsquo;s programs; (iii) the amount of private sector contributions leveraged; and (iv) any recommendations for improvements to the fund&rsquo;s programs. The annual report shall be submitted, not later than December 31, to the: chairs</p>\n   <p class=\"indent\">of the joint committee on advanced information technology, the internet and cybersecurity; chairs of the joint committee on labor and workforce development; house and senate committees on ways and means; and clerks of the house of representatives and senate</p>\n   <p class=\"indent\">(e) The annual report shall be published on the Commonwealth Corporation Foundation&rsquo;s website and distributed to stakeholders.</p>\n   <p class=\"indent\">SECTION 2. This act shall take effect on January 1, 2026.</p>\n  </div>\n </div>\n    </div>\t\n<table cellpadding=0 cellspacing=0 width=\"100%\">\n   <tr>\n      <td>\n          Copyright &copy; 2025 State Net\n      </td>\n<BR>\n<!--???MOVED INTO resources.cgi      <td align=\"right\">\n          <img src=\"https://custom.statenet.com/network/poweredby.gif\" alt=\"Powered by State Net\">\n      </td>-->\n\n    </tr>\n</table>\n</body></html>\n",
      "markdown": "The following has special meaning: _green underline denotes added text_ ~~red struck out text denotes deleted text~~ | [![Powered by State Net](https://custom.statenet.com/network/poweredby.gif)](https://www.lexisnexis.com/statenet/)  \n---|---  \n  \n2025 MA H 3983 | | Author: | Diggs  \n---|---  \nVersion: | Introduced  \nVersion Date: | 04/02/2025  \n  \nHOUSE No. 3983\n\nThe Commonwealth of Massachusetts\n\nIn the One Hundred and Ninety-Fourth General Court\n\n(2025-2026)\n\nAN ACT RELATIVE TO ESTABLISHING A WORKFORCE TRAINING TRUST FUND FOR EMERGING\nTECHNOLOGIES.\n\nBe it enacted by the Senate and House of Representatives in General Court\nassembled, and by the authority of the same, as follows:\n\nSECTION 1. Chapter 29 of the General Laws is hereby amended by inserting,\nafter section 2JJJJJJ, the following section:-\n\nSection 2KKKKKK. (a) There shall be established and set up on the books of the\ncommonwealth a separate fund known as the Emerging Technologies Workforce\nTraining Trust Fund, hereinafter referred to as the fund. The fund shall be\nadministered by the department of career services established in section 1 of\nchapter 23H in collaboration with the Commonwealth Corporation Foundation.\n\n(b) The fund shall be credited with: (i) revenue from appropriations or other\nmoney authorized by the general court and specifically designated to be\ncredited to the fund; (ii) interest earned on money in the fund; (iii)\ncontributions from private sector entities, including technology firms,\nfoundations and other organizations; and (iv) federal grants and other gifts,\ngrants and donations for the establishment and expansion of workforce training\nprograms, including programs in blockchain, artificial intelligence,\ncybersecurity and renewable energy technologies. Amounts credited to the fund\nshall not be subject to further appropriation and any money remaining in the\nfund at the end of a fiscal year shall not revert to the General Fund.\n\n(c) The Commonwealth Corporation Foundation, in consultation with the\ndepartment of career services, shall make expenditures from the fund for the\nfollowing purposes:\n\n(i) providing grants to institutions of higher education, vocational technical\nschools and workforce training organizations for the development and\nimplementation of training programs in blockchain, artificial intelligence,\ncybersecurity and renewable energy technologies;\n\n(ii) sponsoring scholarships, paid internships and award programs to support\nindividuals pursuing careers in blockchain, artificial intelligence,\ncybersecurity and renewable energy technologies with a focus on individuals\nfrom underrepresented populations;\n\n(iii) partnering with private companies to create work-based learning\nopportunities, including apprenticeships and on-the-job training;\n\n(iv) funding public awareness campaigns to promote careers in emerging\ntechnologies and available training opportunities;\n\n(v) developing regional workforce strategies in collaboration with regional\nemployment boards to address specific labor market needs; and\n\n(vi) partnering with technology firms in the commonwealth to reduce state\nfunding burdens and demonstrate industry buy-in.\n\n(d) The Commonwealth Corporation Foundation shall prepare an annual report on\nthe activity of the fund that shall include: (i) the number and type of grants\nawarded; (ii) the number of participants trained and employed as a result of\nthe fund's programs; (iii) the amount of private sector contributions\nleveraged; and (iv) any recommendations for improvements to the fund's\nprograms. The annual report shall be submitted, not later than December 31, to\nthe: chairs\n\nof the joint committee on advanced information technology, the internet and\ncybersecurity; chairs of the joint committee on labor and workforce\ndevelopment; house and senate committees on ways and means; and clerks of the\nhouse of representatives and senate\n\n(e) The annual report shall be published on the Commonwealth Corporation\nFoundation's website and distributed to stakeholders.\n\nSECTION 2. This act shall take effect on January 1, 2026.\n\nCopyright (C) 2025 State Net  \n  \n---\n\n",
      "latest_version": true
    }
  ]
}