{
  "bill_id": "MD2025000S897",
  "source_url": "http://custom.statenet.com/public/resources.cgi?id=ID:bill:MD2025000S897&cuiq=93d84396-c63b-526a-b152-38b7f79b4cfd&client_md=e4f6fea4-27b4-5d41-b7d3-766fe52569f0",
  "versions": [
    {
      "date": "01/28/2025",
      "label": "Introduced",
      "url": "https://custom.statenet.com/public/resources.cgi?mode=show_text&id=ID:bill:MD2025000S897&verid=MD2025000S897_20250128_0_I&",
      "raw_html": "<html>\n<head>\n<title>Bill Resource</title>\n\n<!--   <link href=\"https://custom.statenet.com/network/Common/css/extregtext.css\" rel=\"stylesheet\" type=\"text/css\" />-->\n   <link href=\"https://custom.statenet.com/network/Common/css/xmltext-2.0.css\" rel=\"stylesheet\" type=\"text/css\" />\n   <link href=\"https://custom.statenet.com/network/Common/css/additional-text.css\" rel=\"stylesheet\" type=\"text/css\" />\n\n\t<style type=\"text/css\">\n<!--\n\ntd, body {\n     background-color: white;\n\tfont-family: Verdana, Arial, Helvetica, sans-serif;\n\tfont-size: 12px;\n}\n\n.resourceContainer {\n   border: 1px solid black;\n}\n-->\n</style>\n</head>\n<body>\n\n    <div style=\"width: 750px; margin: auto\">\n       <div style=\"font-size: .8em;margin-bottom: 10px\"><table width=\"100%\"><tr><td align=\"left\" style=\"font-size: .8em;\"><div>The following has special meaning:</div>\n<div><u class=\"amendmentInsertedText\">green underline denotes added text</u></div>\n<div><strike class=\"amendmentDeletedText\">red struck out text denotes deleted text</strike></div></td> <td align=\"right\"><a href=\"https://www.lexisnexis.com/statenet/\"><img alt=\"Powered by State Net\" src=\"https://custom.statenet.com/network/poweredby.gif\" /></a></td></tr></table></div><table id=\"text-identifier\"><tr><td class=\"key\">2025 MD S 897</td> <td><table><tr><td class=\"label\">Author:</td> <td>Love</td></tr> <tr><td class=\"label\">Version:</td> <td>Introduced</td></tr> <tr><td class=\"label\">Version Date:</td> <td>01/28/2025</td></tr></table></td></tr></table><div class=\"documentBody\">\n  <a name=\"head_document_section\"></a><div class=\"head\">\n   <p class=\"center\">\n    <b>SENATE BILL 897</b>\n   </p>\n   <p class=\"indent\">By: <b>Senator Love</b>\n   </p>\n   <p class=\"indent\">Introduced and read first time: January 28, 2025</p>\n   <p class=\"indent\">Assigned to: Education, Energy, and the Environment</p>\n  </div>\n  <a name=\"code_document_section\"></a><div class=\"code\">\n   <p class=\"center\">A BILL ENTITLED</p>\n   <p class=\"left\">AN ACT concerning</p>\n   <p class=\"center\">\n    <b>Primary and Secondary Education - Student Technology and Social Media Resource Guide</b>\n   </p>\n   <p class=\"indent\">FOR the purpose of requiring the National Center for School Mental Health at the University of Maryland School of Medicine, in consultation with the State Department of Education, to develop and publish a student technology and social media resource guide for public school students in a certain manner; requiring the guide to be distributed for certain school years in a certain manner and updated each year; and generally relating to a student technology and social media resource guide for public school students.</p>\n   <p class=\"left\">BY adding to</p>\n   <p class=\"indent\">Article - Education</p>\n   <p class=\"indent\">Section 7-2201 through 7-2205 to be under the new subtitle &quot;Subtitle 22. Student Technology and Social Media Resource Guide&quot;</p>\n   <p class=\"indent\">Annotated Code of Maryland</p>\n   <p class=\"indent\">(2022 Replacement Volume and 2024 Supplement)</p>\n  </div>\n  <a name=\"text_document_section\"></a><div class=\"text\">\n   <span>\n    <p class=\"indent\">SECTION 1. BE IT ENACTED BY THE GENERAL ASSEMBLY OF MARYLAND, That the Laws of Maryland read as follows:</p>\n   </span>\n   <p class=\"center\">\n    <b>Article - Education SUBTITLE</b>\n   </p>\n   <p class=\"indent\">\n    <u class=\"amendmentInsertedText\">SUBTITLE 22. STUDENT TECHNOLOGY AND SOCIAL MEDIA RESOURCE GUIDE.</u>\n   </p>\n   <p class=\"indent\">\n    <u class=\"amendmentInsertedText\">7-2201.</u>\n   </p>\n   <p class=\"indent\">\n    <u class=\"amendmentInsertedText\">(A) IN THIS SUBTITLE THE FOLLOWING WORDS HAVE THE MEANINGS INDICATED.</u>\n   </p>\n   <p class=\"indent\">\n    <u class=\"amendmentInsertedText\">(B) &quot;CENTER&quot; MEANS THE NATIONAL CENTER FOR SCHOOL MENTAL HEALTH AT THE UNIVERSITY OF MARYLAND SCHOOL OF MEDICINE.</u>\n   </p>\n   <p class=\"indent\">\n    <u class=\"amendmentInsertedText\">(C) &quot;GUIDE&quot; MEANS THE STUDENT TECHNOLOGY AND SOCIAL MEDIA RESOURCE GUIDE.</u>\n   </p>\n   <p class=\"indent\">\n    <u class=\"amendmentInsertedText\">7-2202.</u>\n   </p>\n   <p class=\"indent\">\n    <u class=\"amendmentInsertedText\">(A) (1) BEGINNING IN THE 2027-2028 SCHOOL YEAR, THE NATIONAL CENTER FOR SCHOOL MENTAL HEALTH AT THE UNIVERSITY OF MARYLAND SCHOOL OF MEDICINE, IN CONSULTATION WITH THE DEPARTMENT, SHALL DEVELOP AND PUBLISH A STUDENT TECHNOLOGY AND SOCIAL MEDIA RESOURCE GUIDE THAT MEETS THE REQUIREMENTS UNDER SUBSECTION (C) OF THIS SECTION AND &sect; 7-2203 OF THIS SUBTITLE.</u>\n   </p>\n   <p class=\"indent\">\n    <u class=\"amendmentInsertedText\">(2) FOR THE 2027-2028 SCHOOL YEAR, THE GUIDE SHALL COVER COMMONLY USED TECHNOLOGY PRODUCTS FOR PERSONAL USE BY CHILDREN.</u>\n   </p>\n   <p class=\"indent\">\n    <u class=\"amendmentInsertedText\">(3) FOR THE 2028-2029 SCHOOL YEAR, THE GUIDE SHALL COVER THE INFORMATION UNDER PARAGRAPH (2) OF THIS SUBSECTION AND COMMONLY USED TECHNOLOGY PRODUCTS USED IN EDUCATION DELIVERY TO CHILDREN.</u>\n   </p>\n   <p class=\"indent\">\n    <u class=\"amendmentInsertedText\">(4) FOR THE 2029-2030 SCHOOL YEAR, THE GUIDE SHALL BE PUBLISHED INTO A MULTIMEDIA PRODUCT COVERING THE INFORMATION UNDER PARAGRAPHS (2) AND (3) OF THIS SUBSECTION.</u>\n   </p>\n   <p class=\"indent\">\n    <u class=\"amendmentInsertedText\">(B) ON OR BEFORE SEPTEMBER 1, 2026, THE CENTER SHALL COMPLETE A NEEDS ASSESSMENT TO IDENTIFY:</u>\n   </p>\n   <p class=\"indent\">\n    <u class=\"amendmentInsertedText\">(1) EXISTING STATE AND FEDERAL RESOURCES TO ASSIST IN DEVELOPING THE GUIDE;</u>\n   </p>\n   <p class=\"indent\">\n    <u class=\"amendmentInsertedText\">(2) EXISTING EFFORTS TO EDUCATE FAMILIES ON THE IMPACT OF TECHNOLOGY AND SOCIAL MEDIA ON THE MENTAL HEALTH OF YOUTH IN THE STATE; AND</u>\n   </p>\n   <p class=\"indent\">\n    <u class=\"amendmentInsertedText\">(3) GAPS IN THE EXISTING RESOURCES AND EDUCATION EFFORTS.</u>\n   </p>\n   <p class=\"indent\">\n    <u class=\"amendmentInsertedText\">(C) THE GUIDE DEVELOPED UNDER THIS SECTION SHALL INCLUDE:</u>\n   </p>\n   <p class=\"indent\">\n    <u class=\"amendmentInsertedText\">(1) AGE-APPROPRIATE INFORMATION AND BEST PRACTICES THAT:</u>\n   </p>\n   <p class=\"indent\">\n    <u class=\"amendmentInsertedText\">(I) ENCOURAGE STUDENTS AND CAREGIVERS TO UNDERSTAND HOW TECHNOLOGY AND SOCIAL MEDIA CAN BE USED AND MISUSED BY DEVELOPERS AND USERS; AND</u>\n   </p>\n   <p class=\"indent\">\n    <u class=\"amendmentInsertedText\">(II) PROMOTE INFORMED DECISION MAKING WHEN USING TECHNOLOGY, SOCIAL MEDIA, AND THE INTERNET;</u>\n   </p>\n   <p class=\"indent\">\n    <u class=\"amendmentInsertedText\">(2) INFORMATION AND GUIDANCE ON SAFE INTERNET, TECHNOLOGY, AND SOCIAL MEDIA USAGE BY STUDENTS IN PREKINDERGARTEN THROUGH GRADE 12, INCLUDING:</u>\n   </p>\n   <p class=\"indent\">\n    <u class=\"amendmentInsertedText\">(I) SOCIAL MEDIA PLATFORMS;</u>\n   </p>\n   <p class=\"indent\">\n    <u class=\"amendmentInsertedText\">(II) ONLINE GAMES;</u>\n   </p>\n   <p class=\"indent\">\n    <u class=\"amendmentInsertedText\">(III) ARTIFICIAL INTELLIGENCE PRODUCTS;</u>\n   </p>\n   <p class=\"indent\">\n    <u class=\"amendmentInsertedText\">(IV) NON-ALGORITHM-DRIVEN VIRTUAL COMMUNICATION PLATFORMS;</u>\n   </p>\n   <p class=\"indent\">\n    <u class=\"amendmentInsertedText\">(V) E-COMMERCE PLATFORMS;</u>\n   </p>\n   <p class=\"indent\">\n    <u class=\"amendmentInsertedText\">(VI) SMART PHONES;</u>\n   </p>\n   <p class=\"indent\">\n    <u class=\"amendmentInsertedText\">(VII) LAPTOPS; AND</u>\n   </p>\n   <p class=\"indent\">\n    <u class=\"amendmentInsertedText\">(VIII) ANY OTHER PRODUCT, SERVICE, OR DEVICE AN INDIVIDUAL CAN USE TO COMMUNICATE WITH OTHER INDIVIDUALS THROUGH THE INTERNET; AND</u>\n   </p>\n   <p class=\"indent\">\n    <u class=\"amendmentInsertedText\">(3) IF THE CENTER FINDS A GAP IN AVAILABLE INFORMATION RELATING TO A SPECIFIC CATEGORY OF TECHNOLOGY OR SOCIAL MEDIA, A REFERENCE TO THE LACK OF AVAILABLE INFORMATION.</u>\n   </p>\n   <p class=\"indent\">\n    <u class=\"amendmentInsertedText\">(D) THE GUIDE MAY INCLUDE OTHER STATE, FEDERAL, NONPROFIT, OR PUBLIC RESOURCES.</u>\n   </p>\n   <p class=\"indent\">\n    <u class=\"amendmentInsertedText\">7-2203.</u>\n   </p>\n   <p class=\"indent\">\n    <u class=\"amendmentInsertedText\">(A) THE GUIDE DEVELOPED UNDER &sect; 7-2202 OF THIS SUBTITLE SHALL INCLUDE A SERVICE AND PRODUCT LANDSCAPE REVIEW THAT CONTAINS:</u>\n   </p>\n   <p class=\"indent\">\n    <u class=\"amendmentInsertedText\">(1) THE NAME OF A SPECIFIC PRODUCT OR SERVICE;</u>\n   </p>\n   <p class=\"indent\">\n    <u class=\"amendmentInsertedText\">(2) THE PURPORTED FUNCTION OF THE PRODUCT OR SERVICE;</u>\n   </p>\n   <p class=\"indent\">\n    <u class=\"amendmentInsertedText\">(3) ANY PRIVACY, SAFETY, OR SECURITY CONCERNS WITH REGARD TO WHETHER AND HOW DATA IS CAPTURED, STORED, OR SHARED BY THE PRODUCT OR SERVICE;</u>\n   </p>\n   <p class=\"indent\">\n    <u class=\"amendmentInsertedText\">(4) WHETHER THE PRODUCT OR SERVICE AFFECTS ADDICTIVE QUALITIES IN A USER AND, IF SO, HOW;</u>\n   </p>\n   <p class=\"indent\">\n    <u class=\"amendmentInsertedText\">(5) WAYS IN WHICH A STUDENT IN PREKINDERGARTEN THROUGH GRADE 12 COULD ACCESS A SPECIFIC PRODUCT OR SERVICE, INCLUDING WHETHER A SPECIFIC PRODUCT OR SERVICE IS AVAILABLE THROUGH A DEVICE PROVIDED BY A PUBLIC SCHOOL;</u>\n   </p>\n   <p class=\"indent\">\n    <u class=\"amendmentInsertedText\">(6) ANY INFORMATION ON THE POTENTIAL HARMFUL IMPACT ON A USER, INCLUDING EMOTIONAL, PSYCHOLOGICAL, AND PHYSICAL IMPACTS; AND</u>\n   </p>\n   <p class=\"indent\">\n    <u class=\"amendmentInsertedText\">(7) POSITIVE AND NEGATIVE IMPACT POTENTIAL ON ACADEMIC GROWTH AND LEARNING.</u>\n   </p>\n   <p class=\"indent\">\n    <u class=\"amendmentInsertedText\">(B) (1) THE GUIDE SHALL BE WRITTEN IN PLAIN ENGLISH AND CLEARLY DISPLAY CONTACT INFORMATION FOR THE CENTER.</u>\n   </p>\n   <p class=\"indent\">\n    <u class=\"amendmentInsertedText\">(2) ON REQUEST, THE CENTER SHALL PROVIDE TRANSLATED COPIES OF THE GUIDE.</u>\n   </p>\n   <p class=\"indent\">\n    <u class=\"amendmentInsertedText\">7-2204.</u>\n   </p>\n   <p class=\"indent\">\n    <u class=\"amendmentInsertedText\">FOR THE 2027-2028, 2028-2029, AND 2029-2030 SCHOOL YEARS, ON OR BEFORE THE FIRST DAY OF EACH SCHOOL YEAR, THE GUIDE SHALL BE:</u>\n   </p>\n   <p class=\"indent\">\n    <u class=\"amendmentInsertedText\">(1) POSTED ON THE WEBSITES OF THE DEPARTMENT AND EACH COUNTY BOARD;</u>\n   </p>\n   <p class=\"indent\">\n    <u class=\"amendmentInsertedText\">(2) UPDATED EACH YEAR BEFORE THE BEGINNING OF THE SCHOOL YEAR; AND</u>\n   </p>\n   <p class=\"indent\">\n    <u class=\"amendmentInsertedText\">(3) DISTRIBUTED TO:</u>\n   </p>\n   <p class=\"indent\">\n    <u class=\"amendmentInsertedText\">(I) EACH PUBLIC SCHOOL; AND</u>\n   </p>\n   <p class=\"indent\">\n    <u class=\"amendmentInsertedText\">(II) THE PARENT TEACHER ORGANIZATION FOR EACH PUBLIC SCHOOL.</u>\n   </p>\n   <p class=\"indent\">\n    <u class=\"amendmentInsertedText\">7-2205.</u>\n   </p>\n   <p class=\"indent\">\n    <u class=\"amendmentInsertedText\">(A) THE GOVERNOR SHALL INCLUDE IN THE ANNUAL BUDGET BILL AN APPROPRIATION IN THE FOLLOWING AMOUNTS TO THE CENTER TO FUND THE RESEARCH AND DEVELOPMENT OF THE STUDENT TECHNOLOGY AND SOCIAL MEDIA RESOURCE GUIDE:</u>\n   </p>\n   <p class=\"indent\">\n    <u class=\"amendmentInsertedText\">(1) FOR FISCAL YEAR 2027, $100,000; AND</u>\n   </p>\n   <p class=\"indent\">\n    <u class=\"amendmentInsertedText\">(2) FOR EACH OF FISCAL YEARS 2028 AND 2029, $125,000.</u>\n   </p>\n   <p class=\"indent\">\n    <u class=\"amendmentInsertedText\">(B) ON OR BEFORE JULY 1, 2027, AND EACH YEAR THEREAFTER, THE CENTER SHALL SUBMIT A REPORT ON THE EXPENDITURE OF FUNDS USED TO CONDUCT RESEARCH ON, DEVELOP, AND UPDATE THE STUDENT TECHNOLOGY AND SOCIAL MEDIA RESOURCE GUIDE REQUIRED UNDER THIS SUBTITLE TO THE GENERAL ASSEMBLY IN ACCORDANCE WITH &sect; 2-1257 OF THE STATE GOVERNMENT ARTICLE.</u>\n   </p>\n   <p class=\"indent\">SECTION 2. AND BE IT FURTHER ENACTED, That this Act shall take effect July 1, 2025.</p>\n  </div>\n </div>\n    </div>\t\n<table cellpadding=0 cellspacing=0 width=\"100%\">\n   <tr>\n      <td>\n          Copyright &copy; 2025 State Net\n      </td>\n<BR>\n<!--???MOVED INTO resources.cgi      <td align=\"right\">\n          <img src=\"https://custom.statenet.com/network/poweredby.gif\" alt=\"Powered by State Net\">\n      </td>-->\n\n    </tr>\n</table>\n</body></html>\n",
      "markdown": "The following has special meaning: _green underline denotes added text_ ~~red struck out text denotes deleted text~~ | [![Powered by State Net](https://custom.statenet.com/network/poweredby.gif)](https://www.lexisnexis.com/statenet/)  \n---|---  \n  \n2025 MD S 897 | | Author: | Love  \n---|---  \nVersion: | Introduced  \nVersion Date: | 01/28/2025  \n  \n**SENATE BILL 897**\n\nBy: **Senator Love**\n\nIntroduced and read first time: January 28, 2025\n\nAssigned to: Education, Energy, and the Environment\n\nA BILL ENTITLED\n\nAN ACT concerning\n\n**Primary and Secondary Education - Student Technology and Social Media\nResource Guide**\n\nFOR the purpose of requiring the National Center for School Mental Health at\nthe University of Maryland School of Medicine, in consultation with the State\nDepartment of Education, to develop and publish a student technology and\nsocial media resource guide for public school students in a certain manner;\nrequiring the guide to be distributed for certain school years in a certain\nmanner and updated each year; and generally relating to a student technology\nand social media resource guide for public school students.\n\nBY adding to\n\nArticle - Education\n\nSection 7-2201 through 7-2205 to be under the new subtitle \"Subtitle 22.\nStudent Technology and Social Media Resource Guide\"\n\nAnnotated Code of Maryland\n\n(2022 Replacement Volume and 2024 Supplement)\n\nSECTION 1. BE IT ENACTED BY THE GENERAL ASSEMBLY OF MARYLAND, That the Laws of\nMaryland read as follows:\n\n**Article - Education SUBTITLE**\n\n_SUBTITLE 22. STUDENT TECHNOLOGY AND SOCIAL MEDIA RESOURCE GUIDE._\n\n_7-2201._\n\n_(A) IN THIS SUBTITLE THE FOLLOWING WORDS HAVE THE MEANINGS INDICATED._\n\n_(B) \"CENTER\" MEANS THE NATIONAL CENTER FOR SCHOOL MENTAL HEALTH AT THE\nUNIVERSITY OF MARYLAND SCHOOL OF MEDICINE._\n\n_(C) \"GUIDE\" MEANS THE STUDENT TECHNOLOGY AND SOCIAL MEDIA RESOURCE GUIDE._\n\n_7-2202._\n\n_(A) (1) BEGINNING IN THE 2027-2028 SCHOOL YEAR, THE NATIONAL CENTER FOR\nSCHOOL MENTAL HEALTH AT THE UNIVERSITY OF MARYLAND SCHOOL OF MEDICINE, IN\nCONSULTATION WITH THE DEPARTMENT, SHALL DEVELOP AND PUBLISH A STUDENT\nTECHNOLOGY AND SOCIAL MEDIA RESOURCE GUIDE THAT MEETS THE REQUIREMENTS UNDER\nSUBSECTION (C) OF THIS SECTION AND § 7-2203 OF THIS SUBTITLE._\n\n_(2) FOR THE 2027-2028 SCHOOL YEAR, THE GUIDE SHALL COVER COMMONLY USED\nTECHNOLOGY PRODUCTS FOR PERSONAL USE BY CHILDREN._\n\n_(3) FOR THE 2028-2029 SCHOOL YEAR, THE GUIDE SHALL COVER THE INFORMATION\nUNDER PARAGRAPH (2) OF THIS SUBSECTION AND COMMONLY USED TECHNOLOGY PRODUCTS\nUSED IN EDUCATION DELIVERY TO CHILDREN._\n\n_(4) FOR THE 2029-2030 SCHOOL YEAR, THE GUIDE SHALL BE PUBLISHED INTO A\nMULTIMEDIA PRODUCT COVERING THE INFORMATION UNDER PARAGRAPHS (2) AND (3) OF\nTHIS SUBSECTION._\n\n_(B) ON OR BEFORE SEPTEMBER 1, 2026, THE CENTER SHALL COMPLETE A NEEDS\nASSESSMENT TO IDENTIFY:_\n\n_(1) EXISTING STATE AND FEDERAL RESOURCES TO ASSIST IN DEVELOPING THE GUIDE;_\n\n_(2) EXISTING EFFORTS TO EDUCATE FAMILIES ON THE IMPACT OF TECHNOLOGY AND\nSOCIAL MEDIA ON THE MENTAL HEALTH OF YOUTH IN THE STATE; AND_\n\n_(3) GAPS IN THE EXISTING RESOURCES AND EDUCATION EFFORTS._\n\n_(C) THE GUIDE DEVELOPED UNDER THIS SECTION SHALL INCLUDE:_\n\n_(1) AGE-APPROPRIATE INFORMATION AND BEST PRACTICES THAT:_\n\n_(I) ENCOURAGE STUDENTS AND CAREGIVERS TO UNDERSTAND HOW TECHNOLOGY AND SOCIAL\nMEDIA CAN BE USED AND MISUSED BY DEVELOPERS AND USERS; AND_\n\n_(II) PROMOTE INFORMED DECISION MAKING WHEN USING TECHNOLOGY, SOCIAL MEDIA,\nAND THE INTERNET;_\n\n_(2) INFORMATION AND GUIDANCE ON SAFE INTERNET, TECHNOLOGY, AND SOCIAL MEDIA\nUSAGE BY STUDENTS IN PREKINDERGARTEN THROUGH GRADE 12, INCLUDING:_\n\n_(I) SOCIAL MEDIA PLATFORMS;_\n\n_(II) ONLINE GAMES;_\n\n_(III) ARTIFICIAL INTELLIGENCE PRODUCTS;_\n\n_(IV) NON-ALGORITHM-DRIVEN VIRTUAL COMMUNICATION PLATFORMS;_\n\n_(V) E-COMMERCE PLATFORMS;_\n\n_(VI) SMART PHONES;_\n\n_(VII) LAPTOPS; AND_\n\n_(VIII) ANY OTHER PRODUCT, SERVICE, OR DEVICE AN INDIVIDUAL CAN USE TO\nCOMMUNICATE WITH OTHER INDIVIDUALS THROUGH THE INTERNET; AND_\n\n_(3) IF THE CENTER FINDS A GAP IN AVAILABLE INFORMATION RELATING TO A SPECIFIC\nCATEGORY OF TECHNOLOGY OR SOCIAL MEDIA, A REFERENCE TO THE LACK OF AVAILABLE\nINFORMATION._\n\n_(D) THE GUIDE MAY INCLUDE OTHER STATE, FEDERAL, NONPROFIT, OR PUBLIC\nRESOURCES._\n\n_7-2203._\n\n_(A) THE GUIDE DEVELOPED UNDER § 7-2202 OF THIS SUBTITLE SHALL INCLUDE A\nSERVICE AND PRODUCT LANDSCAPE REVIEW THAT CONTAINS:_\n\n_(1) THE NAME OF A SPECIFIC PRODUCT OR SERVICE;_\n\n_(2) THE PURPORTED FUNCTION OF THE PRODUCT OR SERVICE;_\n\n_(3) ANY PRIVACY, SAFETY, OR SECURITY CONCERNS WITH REGARD TO WHETHER AND HOW\nDATA IS CAPTURED, STORED, OR SHARED BY THE PRODUCT OR SERVICE;_\n\n_(4) WHETHER THE PRODUCT OR SERVICE AFFECTS ADDICTIVE QUALITIES IN A USER AND,\nIF SO, HOW;_\n\n_(5) WAYS IN WHICH A STUDENT IN PREKINDERGARTEN THROUGH GRADE 12 COULD ACCESS\nA SPECIFIC PRODUCT OR SERVICE, INCLUDING WHETHER A SPECIFIC PRODUCT OR SERVICE\nIS AVAILABLE THROUGH A DEVICE PROVIDED BY A PUBLIC SCHOOL;_\n\n_(6) ANY INFORMATION ON THE POTENTIAL HARMFUL IMPACT ON A USER, INCLUDING\nEMOTIONAL, PSYCHOLOGICAL, AND PHYSICAL IMPACTS; AND_\n\n_(7) POSITIVE AND NEGATIVE IMPACT POTENTIAL ON ACADEMIC GROWTH AND LEARNING._\n\n_(B) (1) THE GUIDE SHALL BE WRITTEN IN PLAIN ENGLISH AND CLEARLY DISPLAY\nCONTACT INFORMATION FOR THE CENTER._\n\n_(2) ON REQUEST, THE CENTER SHALL PROVIDE TRANSLATED COPIES OF THE GUIDE._\n\n_7-2204._\n\n_FOR THE 2027-2028, 2028-2029, AND 2029-2030 SCHOOL YEARS, ON OR BEFORE THE\nFIRST DAY OF EACH SCHOOL YEAR, THE GUIDE SHALL BE:_\n\n_(1) POSTED ON THE WEBSITES OF THE DEPARTMENT AND EACH COUNTY BOARD;_\n\n_(2) UPDATED EACH YEAR BEFORE THE BEGINNING OF THE SCHOOL YEAR; AND_\n\n_(3) DISTRIBUTED TO:_\n\n_(I) EACH PUBLIC SCHOOL; AND_\n\n_(II) THE PARENT TEACHER ORGANIZATION FOR EACH PUBLIC SCHOOL._\n\n_7-2205._\n\n_(A) THE GOVERNOR SHALL INCLUDE IN THE ANNUAL BUDGET BILL AN APPROPRIATION IN\nTHE FOLLOWING AMOUNTS TO THE CENTER TO FUND THE RESEARCH AND DEVELOPMENT OF\nTHE STUDENT TECHNOLOGY AND SOCIAL MEDIA RESOURCE GUIDE:_\n\n_(1) FOR FISCAL YEAR 2027, $100,000; AND_\n\n_(2) FOR EACH OF FISCAL YEARS 2028 AND 2029, $125,000._\n\n_(B) ON OR BEFORE JULY 1, 2027, AND EACH YEAR THEREAFTER, THE CENTER SHALL\nSUBMIT A REPORT ON THE EXPENDITURE OF FUNDS USED TO CONDUCT RESEARCH ON,\nDEVELOP, AND UPDATE THE STUDENT TECHNOLOGY AND SOCIAL MEDIA RESOURCE GUIDE\nREQUIRED UNDER THIS SUBTITLE TO THE GENERAL ASSEMBLY IN ACCORDANCE WITH §\n2-1257 OF THE STATE GOVERNMENT ARTICLE._\n\nSECTION 2. AND BE IT FURTHER ENACTED, That this Act shall take effect July 1,\n2025.\n\nCopyright (C) 2025 State Net  \n  \n---\n\n",
      "latest_version": true
    }
  ]
}