{
  "bill_id": "MD2025000S609",
  "source_url": "http://custom.statenet.com/public/resources.cgi?id=ID:bill:MD2025000S609&cuiq=93d84396-c63b-526a-b152-38b7f79b4cfd&client_md=e4f6fea4-27b4-5d41-b7d3-766fe52569f0",
  "versions": [
    {
      "date": "01/24/2025",
      "label": "Introduced",
      "url": "https://custom.statenet.com/public/resources.cgi?mode=show_text&id=ID:bill:MD2025000S609&verid=MD2025000S609_20250124_0_I&",
      "raw_html": "<html>\n<head>\n<title>Bill Resource</title>\n\n<!--   <link href=\"https://custom.statenet.com/network/Common/css/extregtext.css\" rel=\"stylesheet\" type=\"text/css\" />-->\n   <link href=\"https://custom.statenet.com/network/Common/css/xmltext-2.0.css\" rel=\"stylesheet\" type=\"text/css\" />\n   <link href=\"https://custom.statenet.com/network/Common/css/additional-text.css\" rel=\"stylesheet\" type=\"text/css\" />\n\n\t<style type=\"text/css\">\n<!--\n\ntd, body {\n     background-color: white;\n\tfont-family: Verdana, Arial, Helvetica, sans-serif;\n\tfont-size: 12px;\n}\n\n.resourceContainer {\n   border: 1px solid black;\n}\n-->\n</style>\n</head>\n<body>\n\n    <div style=\"width: 750px; margin: auto\">\n       <div style=\"font-size: .8em;margin-bottom: 10px\"><table width=\"100%\"><tr><td align=\"left\" style=\"font-size: .8em;\"><div>The following has special meaning:</div>\n<div><u class=\"amendmentInsertedText\">green underline denotes added text</u></div>\n<div><strike class=\"amendmentDeletedText\">red struck out text denotes deleted text</strike></div></td> <td align=\"right\"><a href=\"https://www.lexisnexis.com/statenet/\"><img alt=\"Powered by State Net\" src=\"https://custom.statenet.com/network/poweredby.gif\" /></a></td></tr></table></div><table id=\"text-identifier\"><tr><td class=\"key\">2025 MD S 609</td> <td><table><tr><td class=\"label\">Author:</td> <td>Love</td></tr> <tr><td class=\"label\">Version:</td> <td>Introduced</td></tr> <tr><td class=\"label\">Version Date:</td> <td>01/24/2025</td></tr></table></td></tr></table><div class=\"documentBody\">\n  <a name=\"head_document_section\"></a><div class=\"head\">\n   <p class=\"center\">\n    <b>SENATE BILL 609</b>\n   </p>\n   <p class=\"indent\">By: <b>Senators Love and Hester</b>\n   </p>\n   <p class=\"indent\">Introduced and read first time: January 24, 2025</p>\n   <p class=\"indent\">Assigned to: Judicial Proceedings</p>\n  </div>\n  <a name=\"code_document_section\"></a><div class=\"code\">\n   <p class=\"center\">A BILL ENTITLED</p>\n   <p class=\"left\">AN ACT concerning</p>\n   <p class=\"center\">\n    <b>Residential Leases - Use of Algorithmic Device by Landlord to Determine Rent - Prohibition</b>\n   </p>\n   <p class=\"indent\">FOR the purpose of prohibiting a landlord from using certain algorithmic devices to determine the amount of rent to charge a residential tenant; making a violation of this Act an unfair, abusive, or deceptive trade practice under the Maryland Consumer Protection Act; and generally relating to a prohibition against the use of certain technology by landlords to determine rent prices.</p>\n   <p class=\"left\">BY repealing and reenacting, with amendments,</p>\n   <p class=\"indent\">Article - Commercial Law</p>\n   <p class=\"indent\">Section 13-301(14)(xlii)</p>\n   <p class=\"indent\">Annotated Code of Maryland</p>\n   <p class=\"indent\">(2013 Replacement Volume and 2024 Supplement)</p>\n   <p class=\"left\">BY repealing and reenacting, without amendments,</p>\n   <p class=\"indent\">Article - Commercial Law</p>\n   <p class=\"indent\">Section 13-301(14)(xliii)</p>\n   <p class=\"indent\">Annotated Code of Maryland</p>\n   <p class=\"indent\">(2013 Replacement Volume and 2024 Supplement)</p>\n   <p class=\"left\">BY adding to</p>\n   <p class=\"indent\">Article - Commercial Law</p>\n   <p class=\"indent\">Section 13-301(14)(xliv)</p>\n   <p class=\"indent\">Annotated Code of Maryland</p>\n   <p class=\"indent\">(2013 Replacement Volume and 2024 Supplement)</p>\n   <p class=\"left\">BY adding to</p>\n   <p class=\"indent\">Article - Real Property</p>\n   <p class=\"indent\">Section 8-220</p>\n   <p class=\"indent\">Annotated Code of Maryland</p>\n   <p class=\"indent\">(2023 Replacement Volume and 2024 Supplement)</p>\n  </div>\n  <a name=\"text_document_section\"></a><div class=\"text\">\n   <span>\n    <p class=\"indent\">SECTION 1. BE IT ENACTED BY THE GENERAL ASSEMBLY OF MARYLAND, That the Laws of Maryland read as follows:</p>\n   </span>\n   <p class=\"center\">\n    <b>Article - Commercial Law</b>\n   </p>\n   <p class=\"indent\">13-301.</p>\n   <p class=\"indent\">Unfair, abusive, or deceptive trade practices include any:</p>\n   <p class=\"indent\">(14) Violation of a provision of:</p>\n   <p class=\"indent\">(xlii) Section 12-6C-09.1 of the Health Occupations Article; <strike class=\"amendmentDeletedText\">or</strike>\n   </p>\n   <p class=\"indent\">(xliii) Title 14, Subtitle 48 of this article; or</p>\n   <p class=\"indent\">\n    <u class=\"amendmentInsertedText\">(XLIV) SECTION 8-220 OF THE REAL PROPERTY ARTICLE; OR</u>\n   </p>\n   <p class=\"center\">\n    <b>Article - Real Property</b>\n   </p>\n   <p class=\"indent\">\n    <u class=\"amendmentInsertedText\">8-220.</u>\n   </p>\n   <p class=\"indent\">\n    <u class=\"amendmentInsertedText\">(A) (1) IN THIS SECTION THE FOLLOWING WORDS HAVE THE MEANINGS INDICATED.</u>\n   </p>\n   <p class=\"indent\">\n    <u class=\"amendmentInsertedText\">(2) (I) &quot;ALGORITHMIC DEVICE&quot; MEANS A DEVICE THAT USES ONE OR MORE ALGORITHMS TO PERFORM CALCULATIONS OF DATA, INCLUDING DATA CONCERNING LOCAL OR STATEWIDE RENT AMOUNTS BEING CHARGED TO TENANTS BY LANDLORDS, TO ADVISE A LANDLORD ON THE AMOUNT OF RENT THAT THE LANDLORD MAY CONSIDER CHARGING A TENANT.</u>\n   </p>\n   <p class=\"indent\">\n    <u class=\"amendmentInsertedText\">(II) &quot;ALGORITHMIC DEVICE&quot; INCLUDES A PRODUCT THAT INCORPORATES AN ALGORITHMIC DEVICE.</u>\n   </p>\n   <p class=\"indent\">\n    <u class=\"amendmentInsertedText\">(III) &quot;ALGORITHMIC DEVICE&quot; DOES NOT INCLUDE:</u>\n   </p>\n   <p class=\"indent\">\n    <u class=\"amendmentInsertedText\">1. A PERIODIC REPORT PUBLISHED NOT MORE FREQUENTLY THAN ONCE PER MONTH BY A TRADE ASSOCIATION THAT RECEIVES RENTER DATA AND PUBLISHES IT IN AN AGGREGATED AND ANONYMOUS MANNER; OR</u>\n   </p>\n   <p class=\"indent\">\n    <u class=\"amendmentInsertedText\">2. A PRODUCT USED FOR THE PURPOSE OF ESTABLISHING RENT OR INCOME LIMITS IN ACCORDANCE WITH THE AFFORDABLE HOUSING PROGRAM GUIDELINES OF A LOCAL GOVERNMENT, THE STATE, THE FEDERAL GOVERNMENT, OR ANOTHER POLITICAL SUBDIVISION.</u>\n   </p>\n   <p class=\"indent\">\n    <u class=\"amendmentInsertedText\">(3) (I) &quot;NONPUBLIC COMPETITOR DATA&quot; MEANS INFORMATION THAT IS:</u>\n   </p>\n   <p class=\"indent\">\n    <u class=\"amendmentInsertedText\">1. NOT WIDELY AVAILABLE OR EASILY ACCESSIBLE TO THE PUBLIC REGARDLESS OF WHETHER THE INFORMATION IS ATTRIBUTABLE TO A SPECIFIC COMPETITOR OR ANONYMIZED; AND</u>\n   </p>\n   <p class=\"indent\">\n    <u class=\"amendmentInsertedText\">2. DERIVED FROM OR OTHERWISE PROVIDED TO A PERSON BY ANOTHER PERSON THAT COMPETES IN THE SAME MARKET AS THE PERSON, OR IN A RELATED MARKET.</u>\n   </p>\n   <p class=\"indent\">\n    <u class=\"amendmentInsertedText\">(II) &quot;NONPUBLIC COMPETITOR DATA&quot; INCLUDES INFORMATION REGARDING:</u>\n   </p>\n   <p class=\"indent\">\n    <u class=\"amendmentInsertedText\">1. ACTUAL RENT PRICES;</u>\n   </p>\n   <p class=\"indent\">\n    <u class=\"amendmentInsertedText\">2. OCCUPANCY RATES;</u>\n   </p>\n   <p class=\"indent\">\n    <u class=\"amendmentInsertedText\">3. LEASE START AND END DATES; AND</u>\n   </p>\n   <p class=\"indent\">\n    <u class=\"amendmentInsertedText\">4. OTHER SIMILAR INFORMATION.</u>\n   </p>\n   <p class=\"indent\">\n    <u class=\"amendmentInsertedText\">(4) &quot;RENT&quot; MEANS THE TOTAL AMOUNT OF RENT, INCLUDING ANY CONCESSIONS AND FEES, THAT A RESIDENTIAL TENANT IS REQUIRED TO PAY UNDER A LEASE AGREEMENT.</u>\n   </p>\n   <p class=\"indent\">\n    <u class=\"amendmentInsertedText\">(B) IN SETTING THE AMOUNT OF RENT TO BE CHARGED FOR THE LEASE OF RESIDENTIAL PROPERTY, INCLUDING DETERMINING ANY CHANGE IN RENT TO BE CHARGED FOR THE RENEWAL OF A LEASE, A LANDLORD MAY NOT EMPLOY, USE, OR RELY ON, OR CAUSE ANOTHER TO EMPLOY, USE, OR RELY ON, AN ALGORITHMIC DEVICE THAT USES, INCORPORATES, OR WAS TRAINED WITH NONPUBLIC COMPETITOR DATA.</u>\n   </p>\n   <p class=\"indent\">\n    <u class=\"amendmentInsertedText\">(C) A VIOLATION OF THIS SECTION IS:</u>\n   </p>\n   <p class=\"indent\">\n    <u class=\"amendmentInsertedText\">(1) AN UNFAIR, ABUSIVE, OR DECEPTIVE TRADE PRACTICE WITHIN THE MEANING OF TITLE 13 OF THE COMMERCIAL LAW ARTICLE; AND</u>\n   </p>\n   <p class=\"indent\">\n    <u class=\"amendmentInsertedText\">(2) SUBJECT TO THE ENFORCEMENT AND PENALTY PROVISIONS CONTAINED IN TITLE 13 OF THE COMMERCIAL LAW ARTICLE.</u>\n   </p>\n   <p class=\"indent\">SECTION 2. AND BE IT FURTHER ENACTED, That this Act shall be construed to apply only prospectively and may not be applied or interpreted to have any effect on or application to any landlord&#39;s calculation of the amount of rent that the landlord charges for the occupancy of a residential property under a rental agreement that is executed before the effective date of this Act.</p>\n   <p class=\"indent\">SECTION 3. AND BE IT FURTHER ENACTED, That this Act shall take effect October 1, 2025.</p>\n  </div>\n </div>\n    </div>\t\n<table cellpadding=0 cellspacing=0 width=\"100%\">\n   <tr>\n      <td>\n          Copyright &copy; 2025 State Net\n      </td>\n<BR>\n<!--???MOVED INTO resources.cgi      <td align=\"right\">\n          <img src=\"https://custom.statenet.com/network/poweredby.gif\" alt=\"Powered by State Net\">\n      </td>-->\n\n    </tr>\n</table>\n</body></html>\n",
      "markdown": "The following has special meaning: _green underline denotes added text_ ~~red struck out text denotes deleted text~~ | [![Powered by State Net](https://custom.statenet.com/network/poweredby.gif)](https://www.lexisnexis.com/statenet/)  \n---|---  \n  \n2025 MD S 609 | | Author: | Love  \n---|---  \nVersion: | Introduced  \nVersion Date: | 01/24/2025  \n  \n**SENATE BILL 609**\n\nBy: **Senators Love and Hester**\n\nIntroduced and read first time: January 24, 2025\n\nAssigned to: Judicial Proceedings\n\nA BILL ENTITLED\n\nAN ACT concerning\n\n**Residential Leases - Use of Algorithmic Device by Landlord to Determine Rent\n- Prohibition**\n\nFOR the purpose of prohibiting a landlord from using certain algorithmic\ndevices to determine the amount of rent to charge a residential tenant; making\na violation of this Act an unfair, abusive, or deceptive trade practice under\nthe Maryland Consumer Protection Act; and generally relating to a prohibition\nagainst the use of certain technology by landlords to determine rent prices.\n\nBY repealing and reenacting, with amendments,\n\nArticle - Commercial Law\n\nSection 13-301(14)(xlii)\n\nAnnotated Code of Maryland\n\n(2013 Replacement Volume and 2024 Supplement)\n\nBY repealing and reenacting, without amendments,\n\nArticle - Commercial Law\n\nSection 13-301(14)(xliii)\n\nAnnotated Code of Maryland\n\n(2013 Replacement Volume and 2024 Supplement)\n\nBY adding to\n\nArticle - Commercial Law\n\nSection 13-301(14)(xliv)\n\nAnnotated Code of Maryland\n\n(2013 Replacement Volume and 2024 Supplement)\n\nBY adding to\n\nArticle - Real Property\n\nSection 8-220\n\nAnnotated Code of Maryland\n\n(2023 Replacement Volume and 2024 Supplement)\n\nSECTION 1. BE IT ENACTED BY THE GENERAL ASSEMBLY OF MARYLAND, That the Laws of\nMaryland read as follows:\n\n**Article - Commercial Law**\n\n13-301.\n\nUnfair, abusive, or deceptive trade practices include any:\n\n(14) Violation of a provision of:\n\n(xlii) Section 12-6C-09.1 of the Health Occupations Article; ~~or~~\n\n(xliii) Title 14, Subtitle 48 of this article; or\n\n_(XLIV) SECTION 8-220 OF THE REAL PROPERTY ARTICLE; OR_\n\n**Article - Real Property**\n\n_8-220._\n\n_(A) (1) IN THIS SECTION THE FOLLOWING WORDS HAVE THE MEANINGS INDICATED._\n\n_(2) (I) \"ALGORITHMIC DEVICE\" MEANS A DEVICE THAT USES ONE OR MORE ALGORITHMS\nTO PERFORM CALCULATIONS OF DATA, INCLUDING DATA CONCERNING LOCAL OR STATEWIDE\nRENT AMOUNTS BEING CHARGED TO TENANTS BY LANDLORDS, TO ADVISE A LANDLORD ON\nTHE AMOUNT OF RENT THAT THE LANDLORD MAY CONSIDER CHARGING A TENANT._\n\n_(II) \"ALGORITHMIC DEVICE\" INCLUDES A PRODUCT THAT INCORPORATES AN ALGORITHMIC\nDEVICE._\n\n_(III) \"ALGORITHMIC DEVICE\" DOES NOT INCLUDE:_\n\n_1\\. A PERIODIC REPORT PUBLISHED NOT MORE FREQUENTLY THAN ONCE PER MONTH BY A\nTRADE ASSOCIATION THAT RECEIVES RENTER DATA AND PUBLISHES IT IN AN AGGREGATED\nAND ANONYMOUS MANNER; OR_\n\n_2\\. A PRODUCT USED FOR THE PURPOSE OF ESTABLISHING RENT OR INCOME LIMITS IN\nACCORDANCE WITH THE AFFORDABLE HOUSING PROGRAM GUIDELINES OF A LOCAL\nGOVERNMENT, THE STATE, THE FEDERAL GOVERNMENT, OR ANOTHER POLITICAL\nSUBDIVISION._\n\n_(3) (I) \"NONPUBLIC COMPETITOR DATA\" MEANS INFORMATION THAT IS:_\n\n_1\\. NOT WIDELY AVAILABLE OR EASILY ACCESSIBLE TO THE PUBLIC REGARDLESS OF\nWHETHER THE INFORMATION IS ATTRIBUTABLE TO A SPECIFIC COMPETITOR OR\nANONYMIZED; AND_\n\n_2\\. DERIVED FROM OR OTHERWISE PROVIDED TO A PERSON BY ANOTHER PERSON THAT\nCOMPETES IN THE SAME MARKET AS THE PERSON, OR IN A RELATED MARKET._\n\n_(II) \"NONPUBLIC COMPETITOR DATA\" INCLUDES INFORMATION REGARDING:_\n\n_1\\. ACTUAL RENT PRICES;_\n\n_2\\. OCCUPANCY RATES;_\n\n_3\\. LEASE START AND END DATES; AND_\n\n_4\\. OTHER SIMILAR INFORMATION._\n\n_(4) \"RENT\" MEANS THE TOTAL AMOUNT OF RENT, INCLUDING ANY CONCESSIONS AND\nFEES, THAT A RESIDENTIAL TENANT IS REQUIRED TO PAY UNDER A LEASE AGREEMENT._\n\n_(B) IN SETTING THE AMOUNT OF RENT TO BE CHARGED FOR THE LEASE OF RESIDENTIAL\nPROPERTY, INCLUDING DETERMINING ANY CHANGE IN RENT TO BE CHARGED FOR THE\nRENEWAL OF A LEASE, A LANDLORD MAY NOT EMPLOY, USE, OR RELY ON, OR CAUSE\nANOTHER TO EMPLOY, USE, OR RELY ON, AN ALGORITHMIC DEVICE THAT USES,\nINCORPORATES, OR WAS TRAINED WITH NONPUBLIC COMPETITOR DATA._\n\n_(C) A VIOLATION OF THIS SECTION IS:_\n\n_(1) AN UNFAIR, ABUSIVE, OR DECEPTIVE TRADE PRACTICE WITHIN THE MEANING OF\nTITLE 13 OF THE COMMERCIAL LAW ARTICLE; AND_\n\n_(2) SUBJECT TO THE ENFORCEMENT AND PENALTY PROVISIONS CONTAINED IN TITLE 13\nOF THE COMMERCIAL LAW ARTICLE._\n\nSECTION 2. AND BE IT FURTHER ENACTED, That this Act shall be construed to\napply only prospectively and may not be applied or interpreted to have any\neffect on or application to any landlord's calculation of the amount of rent\nthat the landlord charges for the occupancy of a residential property under a\nrental agreement that is executed before the effective date of this Act.\n\nSECTION 3. AND BE IT FURTHER ENACTED, That this Act shall take effect October\n1, 2025.\n\nCopyright (C) 2025 State Net  \n  \n---\n\n",
      "latest_version": true
    }
  ]
}