{
  "bill_id": "MD2025000S936",
  "source_url": "http://custom.statenet.com/public/resources.cgi?id=ID:bill:MD2025000S936&cuiq=93d84396-c63b-526a-b152-38b7f79b4cfd&client_md=e4f6fea4-27b4-5d41-b7d3-766fe52569f0",
  "versions": [
    {
      "date": "01/28/2025",
      "label": "Introduced",
      "url": "https://custom.statenet.com/public/resources.cgi?mode=show_text&id=ID:bill:MD2025000S936&verid=MD2025000S936_20250128_0_I&",
      "raw_html": "<html>\n<head>\n<title>Bill Resource</title>\n\n<!--   <link href=\"https://custom.statenet.com/network/Common/css/extregtext.css\" rel=\"stylesheet\" type=\"text/css\" />-->\n   <link href=\"https://custom.statenet.com/network/Common/css/xmltext-2.0.css\" rel=\"stylesheet\" type=\"text/css\" />\n   <link href=\"https://custom.statenet.com/network/Common/css/additional-text.css\" rel=\"stylesheet\" type=\"text/css\" />\n\n\t<style type=\"text/css\">\n<!--\n\ntd, body {\n     background-color: white;\n\tfont-family: Verdana, Arial, Helvetica, sans-serif;\n\tfont-size: 12px;\n}\n\n.resourceContainer {\n   border: 1px solid black;\n}\n-->\n</style>\n</head>\n<body>\n\n    <div style=\"width: 750px; margin: auto\">\n       <div style=\"font-size: .8em;margin-bottom: 10px\"><table width=\"100%\"><tr><td align=\"left\" style=\"font-size: .8em;\"><div>The following has special meaning:</div>\n<div><u class=\"amendmentInsertedText\">green underline denotes added text</u></div>\n<div><strike class=\"amendmentDeletedText\">red struck out text denotes deleted text</strike></div></td> <td align=\"right\"><a href=\"https://www.lexisnexis.com/statenet/\"><img alt=\"Powered by State Net\" src=\"https://custom.statenet.com/network/poweredby.gif\" /></a></td></tr></table></div><table id=\"text-identifier\"><tr><td class=\"key\">2025 MD S 936</td> <td><table><tr><td class=\"label\">Author:</td> <td>Hester</td></tr> <tr><td class=\"label\">Version:</td> <td>Introduced</td></tr> <tr><td class=\"label\">Version Date:</td> <td>01/28/2025</td></tr></table></td></tr></table><div class=\"documentBody\">\n  <a name=\"head_document_section\"></a><div class=\"head\">\n   <p class=\"center\">\n    <b>SENATE BILL 936</b>\n   </p>\n   <p class=\"indent\">By: <b>Senators Hester, Gile, and Love</b>\n   </p>\n   <p class=\"indent\">Introduced and read first time: January 28, 2025</p>\n   <p class=\"indent\">Assigned to: Finance</p>\n  </div>\n  <a name=\"code_document_section\"></a><div class=\"code\">\n   <p class=\"center\">A BILL ENTITLED</p>\n   <p class=\"left\">AN ACT concerning</p>\n   <p class=\"center\">\n    <b>Consumer Protection - High-Risk Artificial Intelligence - Developer and Deployer Requirements</b>\n   </p>\n   <p class=\"indent\">FOR the purpose of requiring a certain developer of and a certain deployer who uses a certain high-risk artificial intelligence system to use reasonable care to protect consumers from known and reasonably foreseeable risks of certain algorithmic discrimination; prohibiting a developer from providing to a certain deployer or other developer a high-risk artificial intelligence system unless certain disclosures are provided to the deployer or developer; requiring a developer to make certain documentation and information available to complete an impact assessment in a certain manner; requiring a deployer to design, implement, and maintain a risk management policy and program for the high-risk artificial intelligence system in use by the deployer; requiring a deployer to complete an impact assessment of its high-risk artificial intelligence system; requiring a deployer to provide certain information to a consumer regarding the deployment of and decisions made by a high-risk artificial intelligence system; requiring a deployer to provide consumers with an opportunity to correct certain information and appeal a certain consequential decision; authorizing the Attorney General to enforce this Act; authorizing a consumer to bring a civil action against a deployer under certain circumstances; and generally relating to the use of high-risk artificial intelligence systems in the State.</p>\n   <p class=\"left\">BY adding to</p>\n   <p class=\"indent\">Article - Commercial Law</p>\n   <p class=\"indent\">Section 14-47A-01 through 14-47A-08 to be under the new subtitle &quot;Subtitle 47A. High-Risk Artificial Intelligence Developer Act&quot;</p>\n   <p class=\"indent\">Annotated Code of Maryland</p>\n   <p class=\"indent\">(2013 Replacement Volume and 2024 Supplement)</p>\n  </div>\n  <a name=\"text_document_section\"></a><div class=\"text\">\n   <span>\n    <p class=\"indent\">SECTION 1. BE IT ENACTED BY THE GENERAL ASSEMBLY OF MARYLAND, That the Laws of Maryland read as follows:</p>\n   </span>\n   <p class=\"center\">\n    <b>Article - Commercial Law </b>\n   </p>\n   <p class=\"center\">\n    <u class=\"amendmentInsertedText\">SUBTITLE 47A. HIGH-RISK ARTIFICIAL INTELLIGENCE DEVELOPER ACT.</u>\n   </p>\n   <p class=\"indent\">\n    <u class=\"amendmentInsertedText\">14-47A-01.</u>\n   </p>\n   <p class=\"indent\">\n    <u class=\"amendmentInsertedText\">(A) IN THIS SUBTITLE THE FOLLOWING WORDS HAVE THE MEANINGS INDICATED.</u>\n   </p>\n   <p class=\"indent\">\n    <u class=\"amendmentInsertedText\">(B) (1) &quot;ALGORITHMIC DISCRIMINATION&quot; MEANS THE USE OF AN ARTIFICIAL INTELLIGENCE SYSTEM THAT RESULTS IN AN UNLAWFUL DIFFERENTIAL TREATMENT OR IMPACT THAT DISFAVORS AN INDIVIDUAL OR GROUP OF INDIVIDUALS ON THE BASIS OF THE INDIVIDUAL&#39;S OR GROUP&#39;S ACTUAL OR PERCEIVED:</u>\n   </p>\n   <p class=\"indent\">\n    <u class=\"amendmentInsertedText\">(I) AGE;</u>\n   </p>\n   <p class=\"indent\">\n    <u class=\"amendmentInsertedText\">(II) COLOR;</u>\n   </p>\n   <p class=\"indent\">\n    <u class=\"amendmentInsertedText\">(III) DISABILITY;</u>\n   </p>\n   <p class=\"indent\">\n    <u class=\"amendmentInsertedText\">(IV) ETHNICITY;</u>\n   </p>\n   <p class=\"indent\">\n    <u class=\"amendmentInsertedText\">(V) GENETIC INFORMATION;</u>\n   </p>\n   <p class=\"indent\">\n    <u class=\"amendmentInsertedText\">(VI) LIMITED PROFICIENCY IN THE ENGLISH LANGUAGE;</u>\n   </p>\n   <p class=\"indent\">\n    <u class=\"amendmentInsertedText\">(VII) NATIONAL ORIGIN;</u>\n   </p>\n   <p class=\"indent\">\n    <u class=\"amendmentInsertedText\">(VIII) RACE;</u>\n   </p>\n   <p class=\"indent\">\n    <u class=\"amendmentInsertedText\">(IX) RELIGION;</u>\n   </p>\n   <p class=\"indent\">\n    <u class=\"amendmentInsertedText\">(X) REPRODUCTIVE HEALTH;</u>\n   </p>\n   <p class=\"indent\">\n    <u class=\"amendmentInsertedText\">(XI) SEX;</u>\n   </p>\n   <p class=\"indent\">\n    <u class=\"amendmentInsertedText\">(XII) SEXUAL ORIENTATION;</u>\n   </p>\n   <p class=\"indent\">\n    <u class=\"amendmentInsertedText\">(XIII) VETERAN STATUS; OR</u>\n   </p>\n   <p class=\"indent\">\n    <u class=\"amendmentInsertedText\">(XIV) CLASSIFICATION OTHERWISE PROTECTED UNDER STATE OR FEDERAL LAW.</u>\n   </p>\n   <p class=\"indent\">\n    <u class=\"amendmentInsertedText\">(2) &quot;ALGORITHMIC DISCRIMINATION&quot; DOES NOT INCLUDE:</u>\n   </p>\n   <p class=\"indent\">\n    <u class=\"amendmentInsertedText\">(I) THE OFFER, LICENSE, OR USE OF A HIGH-RISK ARTIFICIAL INTELLIGENCE SYSTEM BY A DEVELOPER OR DEPLOYER FOR THE SOLE PURPOSE OF THE DEVELOPER&#39;S OR DEPLOYER&#39;S SELF-TESTING TO IDENTIFY, MITIGATE, OR PREVENT DISCRIMINATION OR OTHERWISE ENSURE COMPLIANCE WITH STATE AND FEDERAL LAW;</u>\n   </p>\n   <p class=\"indent\">\n    <u class=\"amendmentInsertedText\">(II) THE EXPANSION OF AN APPLICANT, A CUSTOMER, OR A PARTICIPANT POOL TO INCREASE DIVERSITY OR REDRESS HISTORICAL DISCRIMINATION; OR</u>\n   </p>\n   <p class=\"indent\">\n    <u class=\"amendmentInsertedText\">(III) AN ACT OR OMISSION BY OR ON BEHALF OF A PRIVATE CLUB OR OTHER ESTABLISHMENT NOT IN FACT OPEN TO THE PUBLIC, AS PROVIDED BY TITLE II OF THE CIVIL RIGHTS ACT OF 1964 UNDER 42 U.S.C. &sect; 2000 A(E).</u>\n   </p>\n   <p class=\"indent\">\n    <u class=\"amendmentInsertedText\">(C) (1) &quot;ARTIFICIAL INTELLIGENCE SYSTEM&quot; MEANS A MACHINE LEARNING-BASED SYSTEM THAT FOR ANY EXPLICIT OR IMPLICIT OBJECTIVE, INFERS FROM THE INPUTS THE SYSTEM RECEIVES HOW TO GENERATE OUTPUTS, INCLUDING CONTENT, DECISIONS, PREDICTIONS, OR RECOMMENDATIONS THAT CAN INFLUENCE PHYSICAL OR VIRTUAL ENVIRONMENTS.</u>\n   </p>\n   <p class=\"indent\">\n    <u class=\"amendmentInsertedText\">(2) &quot;ARTIFICIAL INTELLIGENCE SYSTEM&quot; DOES NOT INCLUDE AN ARTIFICIAL INTELLIGENCE SYSTEM OR A MODEL THAT IS USED FOR DEVELOPMENT, PROTOTYPING, AND RESEARCH ACTIVITIES BEFORE THE ARTIFICIAL INTELLIGENCE SYSTEM OR MODEL IS RELEASED ON THE MARKET.</u>\n   </p>\n   <p class=\"indent\">\n    <u class=\"amendmentInsertedText\">(D) &quot;CONSEQUENTIAL DECISION&quot; MEANS A DECISION THAT HAS A MATERIALLY LEGAL OR SIMILARLY SIGNIFICANT EFFECT ON THE PROVISION OR DENIAL TO A CONSUMER OF:</u>\n   </p>\n   <p class=\"indent\">\n    <u class=\"amendmentInsertedText\">(1) PAROLE, PROBATION, A PARDON, OR ANY OTHER RELEASE FROM INCARCERATION OR COURT SUPERVISION;</u>\n   </p>\n   <p class=\"indent\">\n    <u class=\"amendmentInsertedText\">(2) EDUCATION ENROLLMENT OR EDUCATION OPPORTUNITY;</u>\n   </p>\n   <p class=\"indent\">\n    <u class=\"amendmentInsertedText\">(3) ACCESS TO OR PROVISION OF EMPLOYMENT;</u>\n   </p>\n   <p class=\"indent\">\n    <u class=\"amendmentInsertedText\">(4) FINANCIAL OR LENDING SERVICES;</u>\n   </p>\n   <p class=\"indent\">\n    <u class=\"amendmentInsertedText\">(5) ACCESS TO OR THE PROVISION OF HEALTH CARE SERVICES;</u>\n   </p>\n   <p class=\"indent\">\n    <u class=\"amendmentInsertedText\">(6) HOUSING;</u>\n   </p>\n   <p class=\"indent\">\n    <u class=\"amendmentInsertedText\">(7) INSURANCE;</u>\n   </p>\n   <p class=\"indent\">\n    <u class=\"amendmentInsertedText\">(8) MARITAL STATUS; OR</u>\n   </p>\n   <p class=\"indent\">\n    <u class=\"amendmentInsertedText\">(9) LEGAL SERVICE.</u>\n   </p>\n   <p class=\"indent\">\n    <u class=\"amendmentInsertedText\">(E) (1) &quot;CONSUMER&quot; MEANS AN INDIVIDUAL WHO IS A RESIDENT OF THE STATE AND IS ACTING ONLY IN A PERSONAL OR HOUSEHOLD CONTEXT.</u>\n   </p>\n   <p class=\"indent\">\n    <u class=\"amendmentInsertedText\">(2) &quot;CONSUMER&quot; DOES NOT INCLUDE AN INDIVIDUAL ACTING IN A COMMERCIAL OR EMPLOYMENT CONTEXT.</u>\n   </p>\n   <p class=\"indent\">\n    <u class=\"amendmentInsertedText\">(F) &quot;DEPLOYER&quot; MEANS A PERSON DOING BUSINESS IN THE STATE THAT DEPLOYS OR USES A HIGH-RISK ARTIFICIAL INTELLIGENCE SYSTEM TO MAKE A CONSEQUENTIAL DECISION IN THE STATE.</u>\n   </p>\n   <p class=\"indent\">\n    <u class=\"amendmentInsertedText\">(G) &quot;DEVELOPER&quot; MEANS A PERSON DOING BUSINESS IN THE STATE THAT DEVELOPS OR INTENTIONALLY AND SUBSTANTIALLY MODIFIES A HIGH-RISK ARTIFICIAL INTELLIGENCE SYSTEM THAT IS OFFERED, SOLD, LEASED, GIVEN, OR OTHERWISE PROVIDED TO CONSUMERS IN THE STATE.</u>\n   </p>\n   <p class=\"indent\">\n    <u class=\"amendmentInsertedText\">(H) (1) &quot;GENERAL-PURPOSE ARTIFICIAL INTELLIGENCE MODEL&quot; MEANS A MODEL USED BY AN ARTIFICIAL INTELLIGENCE SYSTEM THAT:</u>\n   </p>\n   <p class=\"indent\">\n    <u class=\"amendmentInsertedText\">(I) DISPLAYS SIGNIFICANT GENERALITY;</u>\n   </p>\n   <p class=\"indent\">\n    <u class=\"amendmentInsertedText\">(II) IS CAPABLE OF COMPETENTLY PERFORMING A WIDE RANGE OF DISTINCT TASKS; AND</u>\n   </p>\n   <p class=\"indent\">\n    <u class=\"amendmentInsertedText\">(III) CAN BE INTEGRATED INTO A VARIETY OF DOWNSTREAM APPLICATIONS OR SYSTEMS.</u>\n   </p>\n   <p class=\"indent\">\n    <u class=\"amendmentInsertedText\">(2) &quot;GENERAL-PURPOSE ARTIFICIAL INTELLIGENCE MODEL&quot; DOES NOT INCLUDE AN ARTIFICIAL INTELLIGENCE MODEL THAT IS USED FOR DEVELOPMENT, PROTOTYPING, AND RESEARCH ACTIVITIES BEFORE THE ARTIFICIAL INTELLIGENCE MODEL IS RELEASED ON THE MARKET.</u>\n   </p>\n   <p class=\"indent\">\n    <u class=\"amendmentInsertedText\">(I) &quot;GENERATIVE ARTIFICIAL INTELLIGENCE&quot; MEANS ARTIFICIAL INTELLIGENCE THAT IS CAPABLE OF AND USED TO PRODUCE SYNTHETIC CONTENT, INCLUDING AUDIO, IMAGES, TEXT, AND VIDEOS.</u>\n   </p>\n   <p class=\"indent\">\n    <u class=\"amendmentInsertedText\">(J) &quot;GENERATIVE ARTIFICIAL INTELLIGENCE SYSTEM&quot; MEANS ANY ARTIFICIAL INTELLIGENCE SYSTEM OR SERVICE THAT INCORPORATES GENERATIVE ARTIFICIAL INTELLIGENCE.</u>\n   </p>\n   <p class=\"indent\">\n    <u class=\"amendmentInsertedText\">(K) (1) &quot;HIGH-RISK ARTIFICIAL INTELLIGENCE SYSTEM&quot; MEANS AN ARTIFICIAL INTELLIGENCE SYSTEM THAT IS SPECIFICALLY INTENDED TO AUTONOMOUSLY MAKE, OR BE A SUBSTANTIAL FACTOR IN MAKING, A CONSEQUENTIAL DECISION.</u>\n   </p>\n   <p class=\"indent\">\n    <u class=\"amendmentInsertedText\">(2) &quot;HIGH-RISK ARTIFICIAL INTELLIGENCE SYSTEM&quot; DOES NOT INCLUDE:</u>\n   </p>\n   <p class=\"indent\">\n    <u class=\"amendmentInsertedText\">(I) AN ARTIFICIAL INTELLIGENCE SYSTEM THAT IS INTENDED TO:</u>\n   </p>\n   <p class=\"indent\">\n    <u class=\"amendmentInsertedText\">1. PERFORM A NARROW PROCEDURAL TASK;</u>\n   </p>\n   <p class=\"indent\">\n    <u class=\"amendmentInsertedText\">2. IMPROVE THE RESULT OF A PREVIOUSLY COMPLETED HUMAN ACTIVITY;</u>\n   </p>\n   <p class=\"indent\">\n    <u class=\"amendmentInsertedText\">3. DETECT ANY DECISION-MAKING PATTERNS OR ANY DEVIATIONS FROM PREEXISTING DECISION-MAKING PATTERNS; OR</u>\n   </p>\n   <p class=\"indent\">\n    <u class=\"amendmentInsertedText\">4. PERFORM A PREPARATORY TASK TO AN ASSESSMENT RELEVANT TO A CONSEQUENTIAL DECISION; OR</u>\n   </p>\n   <p class=\"indent\">\n    <u class=\"amendmentInsertedText\">(II) THE FOLLOWING TECHNOLOGIES:</u>\n   </p>\n   <p class=\"indent\">\n    <u class=\"amendmentInsertedText\">1. ANTIFRAUD TECHNOLOGY THAT DOES NOT USE FACIAL RECOGNITION TECHNOLOGY;</u>\n   </p>\n   <p class=\"indent\">\n    <u class=\"amendmentInsertedText\">2. ARTIFICIAL INTELLIGENCE-ENABLED VIDEO GAME TECHNOLOGY;</u>\n   </p>\n   <p class=\"indent\">\n    <u class=\"amendmentInsertedText\">3. ANTIMALWARE AND ANTIVIRUS TECHNOLOGY;</u>\n   </p>\n   <p class=\"indent\">\n    <u class=\"amendmentInsertedText\">4. AUTONOMOUS VEHICLE TECHNOLOGY;</u>\n   </p>\n   <p class=\"indent\">\n    <u class=\"amendmentInsertedText\">5. CALCULATORS;</u>\n   </p>\n   <p class=\"indent\">\n    <u class=\"amendmentInsertedText\">6. CYBERSECURITY TECHNOLOGY;</u>\n   </p>\n   <p class=\"indent\">\n    <u class=\"amendmentInsertedText\">7. DATABASES AND DATA STORAGE;</u>\n   </p>\n   <p class=\"indent\">\n    <u class=\"amendmentInsertedText\">8. FIREWALL TECHNOLOGY;</u>\n   </p>\n   <p class=\"indent\">\n    <u class=\"amendmentInsertedText\">9. INTERNET DOMAIN REGISTRATION;</u>\n   </p>\n   <p class=\"indent\">\n    <u class=\"amendmentInsertedText\">10. INTERNET WEBSITE LOADING;</u>\n   </p>\n   <p class=\"indent\">\n    <u class=\"amendmentInsertedText\">11. NETWORKING;</u>\n   </p>\n   <p class=\"indent\">\n    <u class=\"amendmentInsertedText\">12. SPAM AND ROBOCALL FILTERING;</u>\n   </p>\n   <p class=\"indent\">\n    <u class=\"amendmentInsertedText\">13. SPELLCHECKING TECHNOLOGY;</u>\n   </p>\n   <p class=\"indent\">\n    <u class=\"amendmentInsertedText\">14. SPREADSHEETS; 15. WEB CACHING;</u>\n   </p>\n   <p class=\"indent\">\n    <u class=\"amendmentInsertedText\">16. WEB HOSTING OR SIMILAR TECHNOLOGY; OR</u>\n   </p>\n   <p class=\"indent\">\n    <u class=\"amendmentInsertedText\">17. TECHNOLOGY THAT COMMUNICATES WITH CONSUMERS IN NATURAL LANGUAGE FOR THE PURPOSE OF PROVIDING USERS WITH INFORMATION, MAKING REFERRALS OR RECOMMENDATIONS, AND ANSWERING QUESTIONS AND IS SUBJECT TO AN ACCEPTABLE USE POLICY THAT PROHIBITS GENERATING CONTENT THAT IS DISCRIMINATORY OR UNLAWFUL.</u>\n   </p>\n   <p class=\"indent\">\n    <u class=\"amendmentInsertedText\">(L) (1) &quot;INTENTIONAL AND SUBSTANTIAL MODIFICATION&quot; MEANS A DELIBERATE CHANGE MADE TO:</u>\n   </p>\n   <p class=\"indent\">\n    <u class=\"amendmentInsertedText\">(I) AN ARTIFICIAL INTELLIGENCE SYSTEM THAT RESULTS IN A NEW MATERIAL RISK OF ALGORITHMIC DISCRIMINATION; OR</u>\n   </p>\n   <p class=\"indent\">\n    <u class=\"amendmentInsertedText\">(II) A GENERAL-PURPOSE ARTIFICIAL INTELLIGENCE MODEL THAT:</u>\n   </p>\n   <p class=\"indent\">\n    <u class=\"amendmentInsertedText\">1. AFFECTS COMPLIANCE OF THE GENERAL-PURPOSE ARTIFICIAL INTELLIGENCE MODEL;</u>\n   </p>\n   <p class=\"indent\">\n    <u class=\"amendmentInsertedText\">2. MATERIALLY CHANGES THE PURPOSE OF THE GENERAL-PURPOSE ARTIFICIAL INTELLIGENCE MODEL; OR</u>\n   </p>\n   <p class=\"indent\">\n    <u class=\"amendmentInsertedText\">3. RESULTS IN ANY NEW REASONABLY FORESEEABLE RISK OF ALGORITHMIC DISCRIMINATION.</u>\n   </p>\n   <p class=\"indent\">\n    <u class=\"amendmentInsertedText\">(2) &quot;INTENTIONAL AND SUBSTANTIAL MODIFICATION&quot; DOES NOT INCLUDE A CHANGE MADE TO A HIGH-RISK ARTIFICIAL INTELLIGENCE SYSTEM, OR THE PERFORMANCE OF A HIGH-RISK ARTIFICIAL INTELLIGENCE SYSTEM, IF:</u>\n   </p>\n   <p class=\"indent\">\n    <u class=\"amendmentInsertedText\">(I) THE HIGH-RISK ARTIFICIAL INTELLIGENCE SYSTEM CONTINUES TO LEARN AFTER THE HIGH-RISK ARTIFICIAL INTELLIGENCE SYSTEM IS DEPLOYED OR OFFERED, SOLD, LEASED, LICENSED, GIVEN, OR OTHERWISE MADE AVAILABLE TO A DEPLOYER; AND</u>\n   </p>\n   <p class=\"indent\">\n    <u class=\"amendmentInsertedText\">(II) THE CHANGE:</u>\n   </p>\n   <p class=\"indent\">\n    <u class=\"amendmentInsertedText\">1. IS MADE TO THE HIGH-RISK ARTIFICIAL INTELLIGENCE SYSTEM AS A RESULT OF ANY LEARNING DESCRIBED IN ITEM (I) OF THIS PARAGRAPH;</u>\n   </p>\n   <p class=\"indent\">\n    <u class=\"amendmentInsertedText\">2. WAS PREDETERMINED BY THE DEPLOYER OR THE THIRD PARTY CONTRACTED BY THE DEPLOYER; AND</u>\n   </p>\n   <p class=\"indent\">\n    <u class=\"amendmentInsertedText\">3. INCLUDED AND CONCLUDED WITHIN THE INITIAL IMPACT ASSESSMENT OF THE HIGH-RISK ARTIFICIAL INTELLIGENCE SYSTEM UNDER &sect; 14-47A-04(C) OF THIS SUBTITLE.</u>\n   </p>\n   <p class=\"indent\">\n    <u class=\"amendmentInsertedText\">(M) (1) &quot;PERSON&quot; MEANS AN INDIVIDUAL, AN ASSOCIATION, A COOPERATIVE, A CORPORATION, A LIMITED LIABILITY COMPANY, A PARTNERSHIP, A TRUST, A JOINT VENTURE, OR ANY OTHER LEGAL OR COMMERCIAL ENTITY AND ANY SUCCESSOR, REPRESENTATIVE, AGENCY, OR INSTRUMENTALITY THEREOF.</u>\n   </p>\n   <p class=\"indent\">\n    <u class=\"amendmentInsertedText\">(2) &quot;PERSON&quot; DOES NOT INCLUDE A GOVERNMENTAL UNIT.</u>\n   </p>\n   <p class=\"indent\">\n    <u class=\"amendmentInsertedText\">(N) &quot;PRINCIPAL BASIS&quot; MEANS THE USE OF AN OUTPUT OF A HIGH-RISK ARTIFICIAL INTELLIGENCE SYSTEM TO MAKE A DECISION WITHOUT:</u>\n   </p>\n   <p class=\"indent\">\n    <u class=\"amendmentInsertedText\">(1) HUMAN REVIEW, OVERSIGHT, INVOLVEMENT, OR INTERVENTION; OR</u>\n   </p>\n   <p class=\"indent\">\n    <u class=\"amendmentInsertedText\">(2) MEANINGFUL CONSIDERATION BY A HUMAN.</u>\n   </p>\n   <p class=\"indent\">\n    <u class=\"amendmentInsertedText\">(O) (1) &quot;SUBSTANTIAL FACTOR&quot; MEANS A FACTOR GENERATED BY AN ARTIFICIAL INTELLIGENCE SYSTEM THAT IS:</u>\n   </p>\n   <p class=\"indent\">\n    <u class=\"amendmentInsertedText\">(I) THE PRINCIPAL BASIS FOR MAKING A CONSEQUENTIAL DECISION; OR</u>\n   </p>\n   <p class=\"indent\">\n    <u class=\"amendmentInsertedText\">(II) CAPABLE OF ALTERING THE OUTCOME OF A CONSEQUENTIAL DECISION.</u>\n   </p>\n   <p class=\"indent\">\n    <u class=\"amendmentInsertedText\">(2) &quot;SUBSTANTIAL FACTOR&quot; INCLUDES ANY USE OF AN ARTIFICIAL INTELLIGENCE SYSTEM TO GENERATE ANY CONTENT, DECISION, PREDICTION, OR RECOMMENDATION CONCERNING A CONSUMER THAT IS USED AS THE PRINCIPAL BASIS TO MAKE A CONSEQUENTIAL DECISION CONCERNING THE CONSUMER.</u>\n   </p>\n   <p class=\"indent\">\n    <u class=\"amendmentInsertedText\">(P) &quot;SYNTHETIC CONTENT&quot; MEANS INFORMATION, SUCH AS AUDIO CLIPS, IMAGES, TEXT, AND VIDEO, THAT IS PRODUCED OR SIGNIFICANTLY MODIFIED OR GENERATED BY ALGORITHMS, INCLUDING BY AN ARTIFICIAL INTELLIGENCE SYSTEM.</u>\n   </p>\n   <p class=\"indent\">\n    <u class=\"amendmentInsertedText\">14-47A-02.</u>\n   </p>\n   <p class=\"indent\">\n    <u class=\"amendmentInsertedText\">THIS SUBTITLE DOES NOT APPLY TO:</u>\n   </p>\n   <p class=\"indent\">\n    <u class=\"amendmentInsertedText\">(1) EXCEPT IN A SITUATION WHERE A HIGH-RISK ARTIFICIAL INTELLIGENCE SYSTEM IS USED TO MAKE, OR IS A SUBSTANTIAL FACTOR IN MAKING, A DECISION CONCERNING EMPLOYMENT OR HOUSING, A DEVELOPER OR DEPLOYER THAT USES AN ARTIFICIAL INTELLIGENCE SYSTEM ACQUIRED BY OR FOR THE FEDERAL GOVERNMENT OR ANY FEDERAL AGENCY OR DEPARTMENT, INCLUDING:</u>\n   </p>\n   <p class=\"indent\">\n    <u class=\"amendmentInsertedText\">(I) THE U.S. DEPARTMENT OF COMMERCE;</u>\n   </p>\n   <p class=\"indent\">\n    <u class=\"amendmentInsertedText\">(II) THE U.S. DEPARTMENT OF DEFENSE; AND</u>\n   </p>\n   <p class=\"indent\">\n    <u class=\"amendmentInsertedText\">(III) THE NATIONAL AERONAUTICS AND SPACE ADMINISTRATION;</u>\n   </p>\n   <p class=\"indent\">\n    <u class=\"amendmentInsertedText\">(2) AN INSURER, OR A HIGH-RISK ARTIFICIAL INTELLIGENCE SYSTEM DEVELOPED OR DEPLOYED BY AN INSURER FOR USE IN THE BUSINESS OF INSURANCE, IF THE INSURER IS REGULATED AND SUPERVISED BY THE INSURANCE ADMINISTRATION AND SUBJECT TO THE PROVISIONS UNDER TITLE 13 OF THIS ARTICLE; OR</u>\n   </p>\n   <p class=\"indent\">\n    <u class=\"amendmentInsertedText\">(3) A DEVELOPER, A DEPLOYER, OR ANY OTHER PERSON WHO:</u>\n   </p>\n   <p class=\"indent\">\n    <u class=\"amendmentInsertedText\">(I) IS A COVERED ENTITY UNDER THE FEDERAL HEALTH INSURANCE PORTABILITY AND ACCOUNTABILITY ACT OF 1996 UNDER 42 U.S.C. &sect; 1320 D THROUGH 1320 D-9, AND THE CORRESPONDING FEDERAL REGULATIONS; AND</u>\n   </p>\n   <p class=\"indent\">\n    <u class=\"amendmentInsertedText\">(II) PROVIDES:</u>\n   </p>\n   <p class=\"indent\">\n    <u class=\"amendmentInsertedText\">1. HEALTH CARE RECOMMENDATIONS GENERATED BY AN ARTIFICIAL INTELLIGENCE SYSTEM IN WHICH A HEALTH CARE PROVIDER IS REQUIRED TO TAKE ACTION TO IMPLEMENT THE HEALTH CARE RECOMMENDATIONS; OR</u>\n   </p>\n   <p class=\"indent\">\n    <u class=\"amendmentInsertedText\">2. SERVICES USING AN ARTIFICIAL INTELLIGENCE SYSTEM FOR AN ADMINISTRATIVE, FINANCIAL, QUALITY MEASUREMENT, SECURITY, OR PERFORMANCE IMPROVEMENT FUNCTION.</u>\n   </p>\n   <p class=\"indent\">\n    <u class=\"amendmentInsertedText\">14-47A-03.</u>\n   </p>\n   <p class=\"indent\">\n    <u class=\"amendmentInsertedText\">(A) (1) BEGINNING FEBRUARY 1, 2026, A DEVELOPER OF A HIGH-RISK ARTIFICIAL INTELLIGENCE SYSTEM SHALL USE REASONABLE CARE TO PROTECT CONSUMERS FROM ANY KNOWN OR REASONABLY FORESEEABLE RISKS OF ALGORITHMIC DISCRIMINATION.</u>\n   </p>\n   <p class=\"indent\">\n    <u class=\"amendmentInsertedText\">(2) IN AN ENFORCEMENT ACTION BROUGHT BY THE ATTORNEY GENERAL UNDER THIS SUBTITLE, THERE SHALL BE A REBUTTABLE PRESUMPTION THAT A DEVELOPER USED REASONABLE CARE AS REQUIRED UNDER THIS SUBSECTION IF THE DEVELOPER COMPLIED WITH THE PROVISIONS OF THIS SECTION.</u>\n   </p>\n   <p class=\"indent\">\n    <u class=\"amendmentInsertedText\">(B) BEGINNING FEBRUARY 1, 2026, AND SUBJECT TO SUBSECTION (D) OF THIS SECTION, A DEVELOPER OF A HIGH-RISK ARTIFICIAL INTELLIGENCE SYSTEM MAY NOT OFFER, SELL, LEASE, GIVE, OR OTHERWISE PROVIDE TO A DEPLOYER, OR OTHER DEVELOPER, A HIGH-RISK ARTIFICIAL INTELLIGENCE SYSTEM, UNLESS THE DEVELOPER MAKES AVAILABLE TO THE DEPLOYER OR OTHER DEVELOPER:</u>\n   </p>\n   <p class=\"indent\">\n    <u class=\"amendmentInsertedText\">(1) A STATEMENT DISCLOSING THE INTENDED USES OF THE HIGH-RISK ARTIFICIAL INTELLIGENCE SYSTEM;</u>\n   </p>\n   <p class=\"indent\">\n    <u class=\"amendmentInsertedText\">(2) DOCUMENTATION DISCLOSING:</u>\n   </p>\n   <p class=\"indent\">\n    <u class=\"amendmentInsertedText\">(I) THE KNOWN OR REASONABLY FORESEEABLE LIMITATIONS OF THE HIGH-RISK ARTIFICIAL INTELLIGENCE SYSTEM, INCLUDING THE KNOWN OR REASONABLY FORESEEABLE RISKS OF ALGORITHMIC DISCRIMINATION ARISING FROM THE INTENDED USES OF THE HIGH-RISK ARTIFICIAL INTELLIGENCE SYSTEM;</u>\n   </p>\n   <p class=\"indent\">\n    <u class=\"amendmentInsertedText\">(II) THE PURPOSE OF THE HIGH-RISK ARTIFICIAL INTELLIGENCE SYSTEM AND THE INTENDED BENEFITS AND USES OF THE HIGH-RISK ARTIFICIAL INTELLIGENCE SYSTEM;</u>\n   </p>\n   <p class=\"indent\">\n    <u class=\"amendmentInsertedText\">(III) A SUMMARY DESCRIBING THE MANNER IN WHICH THE HIGH-RISK ARTIFICIAL INTELLIGENCE SYSTEM WAS EVALUATED FOR PERFORMANCE BEFORE THE HIGH-RISK ARTIFICIAL INTELLIGENCE SYSTEM WAS LICENSED, SOLD, LEASED, GIVEN, OR OTHERWISE MADE AVAILABLE TO A DEPLOYER;</u>\n   </p>\n   <p class=\"indent\">\n    <u class=\"amendmentInsertedText\">(IV) THE MEASURES THE DEVELOPER HAS TAKEN TO MITIGATE REASONABLY FORESEEABLE RISKS OF ALGORITHMIC DISCRIMINATION THAT THE DEVELOPER KNOWS ARISES FROM DEPLOYMENT OR USE OF THE HIGH-RISK ARTIFICIAL INTELLIGENCE SYSTEM; AND</u>\n   </p>\n   <p class=\"indent\">\n    <u class=\"amendmentInsertedText\">(V) THE MANNER IN WHICH AN INDIVIDUAL CAN USE THE HIGH-RISK ARTIFICIAL INTELLIGENCE SYSTEM AND MONITOR THE PERFORMANCE OF THE HIGH-RISK ARTIFICIAL INTELLIGENCE SYSTEM FOR RISK OF ALGORITHMIC DISCRIMINATION;</u>\n   </p>\n   <p class=\"indent\">\n    <u class=\"amendmentInsertedText\">(3) DOCUMENTATION DESCRIBING:</u>\n   </p>\n   <p class=\"indent\">\n    <u class=\"amendmentInsertedText\">(I) THE MANNER IN WHICH THE HIGH-RISK ARTIFICIAL INTELLIGENCE SYSTEM WAS EVALUATED FOR PERFORMANCE, AND MITIGATION OF ALGORITHMIC DISCRIMINATION BEFORE THE HIGH-RISK ARTIFICIAL INTELLIGENCE SYSTEM WAS OFFERED, SOLD, LEASED, LICENSED, GIVEN, OR OTHERWISE MADE AVAILABLE TO THE DEPLOYER OR OTHER DEVELOPER;</u>\n   </p>\n   <p class=\"indent\">\n    <u class=\"amendmentInsertedText\">(II) A HIGH-LEVEL SUMMARY OF THE MANNER IN WHICH DATA SOURCES WERE EVALUATED FOR POTENTIAL BIAS AND APPROPRIATE MITIGATIONS WERE APPLIED;</u>\n   </p>\n   <p class=\"indent\">\n    <u class=\"amendmentInsertedText\">(III) THE INTENDED OUTPUTS OF THE HIGH-RISK ARTIFICIAL INTELLIGENCE SYSTEM;</u>\n   </p>\n   <p class=\"indent\">\n    <u class=\"amendmentInsertedText\">(IV) THE MEASURES THE DEVELOPER HAS TAKEN TO MITIGATE ANY KNOWN OR REASONABLY FORESEEABLE RISKS OF ALGORITHMIC DISCRIMINATION THAT MAY ARISE FROM REASONABLY FORESEEABLE DEPLOYMENT OF THE HIGH-RISK ARTIFICIAL INTELLIGENCE SYSTEM; AND</u>\n   </p>\n   <p class=\"indent\">\n    <u class=\"amendmentInsertedText\">(V) THE MANNER IN WHICH THE HIGH-RISK ARTIFICIAL INTELLIGENCE SYSTEM SHOULD BE USED, NOT USED, AND MONITORED BY AN INDIVIDUAL WHEN BEING USED; AND</u>\n   </p>\n   <p class=\"indent\">\n    <u class=\"amendmentInsertedText\">(4) ANY ADDITIONAL DOCUMENTATION THAT IS REASONABLY NECESSARY TO ASSIST A DEPLOYER TO:</u>\n   </p>\n   <p class=\"indent\">\n    <u class=\"amendmentInsertedText\">(I) UNDERSTAND THE OUTPUTS OF THE HIGH-RISK ARTIFICIAL INTELLIGENCE SYSTEM; AND</u>\n   </p>\n   <p class=\"indent\">\n    <u class=\"amendmentInsertedText\">(II) MONITOR THE PERFORMANCE OF THE HIGH-RISK ARTIFICIAL INTELLIGENCE SYSTEM FOR RISKS OF ALGORITHMIC DISCRIMINATION.</u>\n   </p>\n   <p class=\"indent\">\n    <u class=\"amendmentInsertedText\">(C) (1) SUBJECT TO SUBSECTION (D) OF THIS SECTION, A DEVELOPER THAT, ON OR AFTER FEBRUARY 1, 2026, OFFERS, SELLS, LEASES, LICENSES, GIVES, OR OTHERWISE MAKES AVAILABLE TO A DEPLOYER OR OTHER DEVELOPER A HIGH-RISK ARTIFICIAL INTELLIGENCE SYSTEM, TO THE EXTENT PRACTICABLE, SHALL MAKE AVAILABLE TO DEPLOYERS AND OTHER DEVELOPERS THE DOCUMENTATION AND INFORMATION NECESSARY FOR A DEPLOYER OR THIRD PARTY CONTRACTED BY A DEPLOYER TO COMPLETE AN IMPACT ASSESSMENT UNDER &sect; 14-47A-04(C) OF THIS SUBTITLE.</u>\n   </p>\n   <p class=\"indent\">\n    <u class=\"amendmentInsertedText\">(2) THE DEVELOPER SHALL MAKE DOCUMENTATION AND INFORMATION AVAILABLE AS REQUIRED UNDER PARAGRAPH (1) OF THIS SUBSECTION THROUGH:</u>\n   </p>\n   <p class=\"indent\">\n    <u class=\"amendmentInsertedText\">(I) ARTIFACTS, INCLUDING MODEL CARD FILES THAT ACCOMPANY THE MODEL AND PROVIDE INFORMATION ABOUT DISCOVERABILITY, REPRODUCIBILITY, AND SHARING;</u>\n   </p>\n   <p class=\"indent\">\n    <u class=\"amendmentInsertedText\">(II) DATASET CARD FILES THAT:</u>\n   </p>\n   <p class=\"indent\">\n    <u class=\"amendmentInsertedText\">1. ARE USED TO INFORM USERS ABOUT HOW TO RESPONSIBLY USE THE DATA IN A DATASET; AND</u>\n   </p>\n   <p class=\"indent\">\n    <u class=\"amendmentInsertedText\">2. CONTAIN INFORMATION ABOUT POTENTIAL BIASES OF THE DATA; OR</u>\n   </p>\n   <p class=\"indent\">\n    <u class=\"amendmentInsertedText\">(III) OTHER IMPACT ASSESSMENTS.</u>\n   </p>\n   <p class=\"indent\">\n    <u class=\"amendmentInsertedText\">(D) (1) FOR ANY DISCLOSURE REQUIRED UNDER THIS SECTION, A DEVELOPER, NOT LATER THAN 90 DAYS AFTER THE DEVELOPER PERFORMS AN INTENTIONAL AND SUBSTANTIAL MODIFICATION TO A HIGH-RISK ARTIFICIAL INTELLIGENCE SYSTEM, SHALL UPDATE THE DISCLOSURE TO ENSURE ACCURACY.</u>\n   </p>\n   <p class=\"indent\">\n    <u class=\"amendmentInsertedText\">(2) A DEVELOPER THAT ALSO SERVES AS A DEPLOYER FOR ANY HIGH-RISK ARTIFICIAL INTELLIGENCE SYSTEM IS NOT REQUIRED TO GENERATE THE DOCUMENTATION REQUIRED UNDER THIS SECTION UNLESS THE HIGH-RISK ARTIFICIAL INTELLIGENCE SYSTEM IS PROVIDED TO AN UNAFFILIATED ENTITY ACTING AS A DEPLOYER OR AS OTHERWISE REQUIRED BY LAW.</u>\n   </p>\n   <p class=\"indent\">\n    <u class=\"amendmentInsertedText\">(E) A HIGH-RISK ARTIFICIAL INTELLIGENCE SYSTEM SHALL BE PRESUMED TO SATISFY THE APPLICABLE REQUIREMENTS UNDER THIS SECTION AND ANY REGULATIONS ADOPTED IN ACCORDANCE WITH THIS SUBTITLE IF THE HIGH-RISK ARTIFICIAL INTELLIGENCE SYSTEM IS IN CONFORMITY WITH THE LATEST VERSION OF:</u>\n   </p>\n   <p class=\"indent\">\n    <u class=\"amendmentInsertedText\">(1) THE ARTIFICIAL INTELLIGENCE RISK MANAGEMENT FRAMEWORK PUBLISHED BY THE NATIONAL INSTITUTE OF STANDARDS AND TECHNOLOGY;</u>\n   </p>\n   <p class=\"indent\">\n    <u class=\"amendmentInsertedText\">(2) STANDARD ISO/IEC 42001 OF THE INTERNATIONAL ORGANIZATION FOR STANDARDIZATION; OR</u>\n   </p>\n   <p class=\"indent\">\n    <u class=\"amendmentInsertedText\">(3) ANOTHER NATIONALLY OR INTERNATIONALLY RECOGNIZED RISK MANAGEMENT FRAMEWORK FOR ARTIFICIAL INTELLIGENCE SYSTEMS THAT IS SUBSTANTIALLY EQUIVALENT TO, AND AT LEAST AS STRINGENT AS, THE REQUIREMENTS ESTABLISHED UNDER THIS SECTION.</u>\n   </p>\n   <p class=\"indent\">\n    <u class=\"amendmentInsertedText\">(F) THIS SECTION MAY NOT BE CONSTRUED TO REQUIRE A DEVELOPER TO DISCLOSE ANY INFORMATION:</u>\n   </p>\n   <p class=\"indent\">\n    <u class=\"amendmentInsertedText\">(1) THAT IS A TRADE SECRET, AS DEFINED IN &sect; 11-1201 OF THIS ARTICLE, OR OTHERWISE PROTECTED FROM DISCLOSURE UNDER STATE OR FEDERAL LAW; OR</u>\n   </p>\n   <p class=\"indent\">\n    <u class=\"amendmentInsertedText\">(2) THE DISCLOSURE OF WHICH WOULD:</u>\n   </p>\n   <p class=\"indent\">\n    <u class=\"amendmentInsertedText\">(I) PRESENT A SECURITY RISK TO THE DEVELOPER; OR</u>\n   </p>\n   <p class=\"indent\">\n    <u class=\"amendmentInsertedText\">(II) REQUIRE THE DEVELOPER TO DISCLOSE CONFIDENTIAL OR PROPRIETARY INFORMATION.</u>\n   </p>\n   <p class=\"indent\">\n    <u class=\"amendmentInsertedText\">(G) (1) EACH DEVELOPER OF A GENERATIVE ARTIFICIAL INTELLIGENCE SYSTEM THAT GENERATES OR MODIFIES SYNTHETIC CONTENT SHALL ENSURE THAT THE OUTPUTS OF THE HIGH-RISK ARTIFICIAL INTELLIGENCE SYSTEM:</u>\n   </p>\n   <p class=\"indent\">\n    <u class=\"amendmentInsertedText\">(I) ARE MARKED AT THE TIME THE OUTPUT IS GENERATED AND IN A MANNER THAT IS DETECTABLE BY CONSUMERS; AND</u>\n   </p>\n   <p class=\"indent\">\n    <u class=\"amendmentInsertedText\">(II) COMPLY WITH ANY ACCESSIBILITY REQUIREMENTS.</u>\n   </p>\n   <p class=\"indent\">\n    <u class=\"amendmentInsertedText\">(2) FOR SYNTHETIC CONTENT THAT IS AN AUDIO, IMAGE, OR VIDEO FORMED AS PART OF AN ARTISTIC, CREATIVE, SATIRICAL, FICTIONAL ANALOGOUS WORK OR PROGRAM, A MARKING OF HIGH-RISK ARTIFICIAL INTELLIGENCE SYSTEMS UNDER PARAGRAPH (1) OF THIS SUBSECTION SHALL BE LIMITED IN A MANNER NOT TO HINDER THE DISPLAY OR ENJOYMENT OF THE WORK OR PROGRAM.</u>\n   </p>\n   <p class=\"indent\">\n    <u class=\"amendmentInsertedText\">(3) THE MARKING OF OUTPUTS REQUIRED UNDER PARAGRAPH (1) OF THIS SUBSECTION DOES NOT APPLY TO:</u>\n   </p>\n   <p class=\"indent\">\n    <u class=\"amendmentInsertedText\">(I) SYNTHETIC CONTENT THAT:</u>\n   </p>\n   <p class=\"indent\">\n    <u class=\"amendmentInsertedText\">1. CONSISTS EXCLUSIVELY OF TEXT;</u>\n   </p>\n   <p class=\"indent\">\n    <u class=\"amendmentInsertedText\">2. IS PUBLISHED TO INFORM THE PUBLIC ON ANY MATTER OF PUBLIC INTEREST; OR</u>\n   </p>\n   <p class=\"indent\">\n    <u class=\"amendmentInsertedText\">3. IS UNLIKELY TO MISLEAD A REASONABLE PERSON CONSUMING THE SYNTHETIC CONTENT; OR</u>\n   </p>\n   <p class=\"indent\">\n    <u class=\"amendmentInsertedText\">(II) THE OUTPUTS OF A HIGH-RISK ARTIFICIAL INTELLIGENCE SYSTEM THAT:</u>\n   </p>\n   <p class=\"indent\">\n    <u class=\"amendmentInsertedText\">1. PERFORMS AN ASSISTIVE FUNCTION FOR STANDARD EDITING;</u>\n   </p>\n   <p class=\"indent\">\n    <u class=\"amendmentInsertedText\">2. DOES NOT SUBSTANTIALLY ALTER THE INPUT DATA PROVIDED BY THE DEVELOPER, OR IS USED TO DETECT, PREVENT, OR INVESTIGATE; OR</u>\n   </p>\n   <p class=\"indent\">\n    <u class=\"amendmentInsertedText\">3. PROSECUTES A CRIME AS AUTHORIZED BY LAW.</u>\n   </p>\n   <p class=\"indent\">\n    <u class=\"amendmentInsertedText\">14-47A-04.</u>\n   </p>\n   <p class=\"indent\">\n    <u class=\"amendmentInsertedText\">(A) (1) BEGINNING FEBRUARY 1,2026, EACH DEPLOYER SHALL USE REASONABLE CARE TO PROTECT CONSUMERS FROM ANY KNOWN OR REASONABLY FORESEEABLE RISKS OF ALGORITHMIC DISCRIMINATION.</u>\n   </p>\n   <p class=\"indent\">\n    <u class=\"amendmentInsertedText\">(2) IN AN ENFORCEMENT ACTION BROUGHT BY THE ATTORNEY GENERAL UNDER THIS SUBTITLE, THERE SHALL BE A REBUTTABLE PRESUMPTION THAT A DEPLOYER USED REASONABLE CARE AS REQUIRED UNDER THIS SUBSECTION IF THE DEPLOYER COMPLIED WITH THE REQUIREMENTS OF THIS SECTION.</u>\n   </p>\n   <p class=\"indent\">\n    <u class=\"amendmentInsertedText\">(B) (1) BEGINNING FEBRUARY 1, 2026, AND SUBJECT TO PARAGRAPH (2) OF THIS SUBSECTION, A DEPLOYER OF A HIGH-RISK ARTIFICIAL INTELLIGENCE SYSTEM SHALL DESIGN, IMPLEMENT, AND MAINTAIN A RISK MANAGEMENT POLICY AND PROGRAM FOR THE HIGH-RISK ARTIFICIAL INTELLIGENCE SYSTEM.</u>\n   </p>\n   <p class=\"indent\">\n    <u class=\"amendmentInsertedText\">(2) EACH RISK MANAGEMENT POLICY DESIGNED, IMPLEMENTED, AND MAINTAINED IN ACCORDANCE WITH PARAGRAPH (1) OF THIS SUBSECTION SHALL:</u>\n   </p>\n   <p class=\"indent\">\n    <u class=\"amendmentInsertedText\">(I) SPECIFY THE PRINCIPLES, PROCESSES, AND PERSONNEL THAT THE DEPLOYER USES TO IDENTIFY, MITIGATE, AND DOCUMENT ANY RISK OF ALGORITHMIC DISCRIMINATION THAT IS A REASONABLY FORESEEABLE CONSEQUENCE OF DEPLOYING OR USING THE HIGH-RISK ARTIFICIAL INTELLIGENCE SYSTEM;</u>\n   </p>\n   <p class=\"indent\">\n    <u class=\"amendmentInsertedText\">(II) BE REGULARLY REVIEWED AND UPDATED OVER THE LIFE CYCLE OF THE HIGH-RISK ARTIFICIAL INTELLIGENCE SYSTEM; AND</u>\n   </p>\n   <p class=\"indent\">\n    <u class=\"amendmentInsertedText\">(III) BE REASONABLE AND IN CONSIDERATION OF THE GUIDANCE AND STANDARDS PROVIDED IN THE LATEST VERSION OF:</u>\n   </p>\n   <p class=\"indent\">\n    <u class=\"amendmentInsertedText\">1. THE ARTIFICIAL INTELLIGENCE RISK MANAGEMENT FRAMEWORK PUBLISHED BY THE NATIONAL INSTITUTE OF STANDARDS AND TECHNOLOGY;</u>\n   </p>\n   <p class=\"indent\">\n    <u class=\"amendmentInsertedText\">2. STANDARD ISO/IEC 42001 OF THE INTERNATIONAL ORGANIZATION FOR STANDARDIZATION;</u>\n   </p>\n   <p class=\"indent\">\n    <u class=\"amendmentInsertedText\">3. ANOTHER NATIONALLY OR INTERNATIONALLY RECOGNIZED RISK MANAGEMENT FRAMEWORK FOR ARTIFICIAL INTELLIGENCE SYSTEMS WITH REQUIREMENTS THAT ARE SUBSTANTIALLY EQUIVALENT TO, AND AT LEAST AS STRINGENT AS, THE REQUIREMENTS ESTABLISHED UNDER THIS SECTION; OR</u>\n   </p>\n   <p class=\"indent\">\n    <u class=\"amendmentInsertedText\">4. ANY RISK MANAGEMENT FRAMEWORK FOR ARTIFICIAL INTELLIGENCE SYSTEMS THAT THE ATTORNEY GENERAL MAY DESIGNATE AND IS SUBSTANTIALLY EQUIVALENT TO, AND AT LEAST AS STRINGENT AS, THE GUIDANCE AND STANDARDS OF THE FRAMEWORK DESCRIBED IN ITEM 1 OF THIS ITEM.</u>\n   </p>\n   <p class=\"indent\">\n    <u class=\"amendmentInsertedText\">(3) A HIGH-RISK ARTIFICIAL INTELLIGENCE SYSTEM SHALL BE PRESUMED TO SATISFY THE REQUIREMENTS UNDER THIS SECTION AND ANY REGULATIONS ADOPTED IN ACCORDANCE WITH THIS SUBTITLE IF THE HIGH-RISK ARTIFICIAL INTELLIGENCE SYSTEM IS IN CONFORMITY WITH THE LATEST VERSION OF:</u>\n   </p>\n   <p class=\"indent\">\n    <u class=\"amendmentInsertedText\">(I) THE ARTIFICIAL INTELLIGENCE RISK MANAGEMENT FRAMEWORK PUBLISHED BY THE NATIONAL INSTITUTE OF STANDARDS AND TECHNOLOGY;</u>\n   </p>\n   <p class=\"indent\">\n    <u class=\"amendmentInsertedText\">(II) STANDARD ISO/IEC 42001 OF THE INTERNATIONAL ORGANIZATION FOR STANDARDIZATION; OR</u>\n   </p>\n   <p class=\"indent\">\n    <u class=\"amendmentInsertedText\">(III) ANOTHER NATIONALLY OR INTERNATIONALLY RECOGNIZED RISK MANAGEMENT FRAMEWORK FOR ARTIFICIAL INTELLIGENCE SYSTEMS THAT ARE SUBSTANTIALLY EQUIVALENT TO, AND AT LEAST AS STRINGENT AS, THE REQUIREMENTS ESTABLISHED UNDER THIS SECTION.</u>\n   </p>\n   <p class=\"indent\">\n    <u class=\"amendmentInsertedText\">(C) (1) SUBJECT TO PARAGRAPHS (2) AND (3) OF THIS SUBSECTION AND EXCEPT AS PROVIDED IN PARAGRAPH (4) OF THIS SUBSECTION:</u>\n   </p>\n   <p class=\"indent\">\n    <u class=\"amendmentInsertedText\">(I) ON OR AFTER FEBRUARY 1, 2026, BEFORE INITIAL DEPLOYMENT OF A HIGH-RISK ARTIFICIAL INTELLIGENCE SYSTEM OR USE OF A HIGH-RISK ARTIFICIAL INTELLIGENCE SYSTEM, A DEPLOYER SHALL COMPLETE AN IMPACT ASSESSMENT OF THE HIGH-RISK ARTIFICIAL INTELLIGENCE SYSTEM; AND</u>\n   </p>\n   <p class=\"indent\">\n    <u class=\"amendmentInsertedText\">(II) AT LEAST 90 DAYS BEFORE A SIGNIFICANT UPDATE TO A HIGH-RISK ARTIFICIAL INTELLIGENCE SYSTEM IS MADE AVAILABLE, A DEPLOYER SHALL COMPLETE AN IMPACT ASSESSMENT OF THE HIGH-RISK ARTIFICIAL INTELLIGENCE SYSTEM IF THE UPDATE PRODUCES A NEW VERSION OR RELEASE OR SIMILAR CHANGE TO THE HIGH-RISK ARTIFICIAL INTELLIGENCE SYSTEM THAT:</u>\n   </p>\n   <p class=\"indent\">\n    <u class=\"amendmentInsertedText\">1. INTRODUCES SIGNIFICANT CHANGES TO THE USE CASE OR KEY FUNCTIONALITY OF THE HIGH-RISK ARTIFICIAL INTELLIGENCE SYSTEM; AND</u>\n   </p>\n   <p class=\"indent\">\n    <u class=\"amendmentInsertedText\">2. RESULTS IN A NEW OR REASONABLY FORESEEABLE RISK OF ALGORITHMIC DISCRIMINATION.</u>\n   </p>\n   <p class=\"indent\">\n    <u class=\"amendmentInsertedText\">(2) EACH IMPACT ASSESSMENT COMPLETED UNDER PARAGRAPH (1) OF THIS SUBSECTION SHALL INCLUDE:</u>\n   </p>\n   <p class=\"indent\">\n    <u class=\"amendmentInsertedText\">(I) A STATEMENT BY THE DEPLOYER DISCLOSING THE PURPOSE AND INTENDED USE CASES AND DEPLOYMENT CONTEXT OF, AND BENEFITS AFFORDED BY, THE HIGH-RISK ARTIFICIAL INTELLIGENCE SYSTEM;</u>\n   </p>\n   <p class=\"indent\">\n    <u class=\"amendmentInsertedText\">(II) AN ANALYSIS OF WHETHER THE DEPLOYMENT OF THE HIGH-RISK ARTIFICIAL INTELLIGENCE SYSTEM:</u>\n   </p>\n   <p class=\"indent\">\n    <u class=\"amendmentInsertedText\">1. POSES ANY KNOWN OR REASONABLY FORESEEABLE RISKS OF ALGORITHMIC DISCRIMINATION;</u>\n   </p>\n   <p class=\"indent\">\n    <u class=\"amendmentInsertedText\">2. THE NATURE OF ANY ALGORITHMIC DISCRIMINATION; AND</u>\n   </p>\n   <p class=\"indent\">\n    <u class=\"amendmentInsertedText\">3. THE STEPS THAT HAVE BEEN TAKEN TO MITIGATE RISKS;</u>\n   </p>\n   <p class=\"indent\">\n    <u class=\"amendmentInsertedText\">(III) FOR A POSTDEPLOYMENT IMPACT ASSESSMENT COMPLETED UNDER THIS SUBSECTION, AN ANALYSIS OF WHETHER THE INTENDED USE CASES OF THE HIGH-RISK ARTIFICIAL INTELLIGENCE SYSTEM, AS UPDATED, WERE CONSISTENT WITH, OR VARIED FROM, THE DEVELOPER&#39;S INTENDED USES OF THE HIGH-RISK ARTIFICIAL INTELLIGENCE SYSTEM;</u>\n   </p>\n   <p class=\"indent\">\n    <u class=\"amendmentInsertedText\">(IV) A DESCRIPTION OF THE CATEGORIES OF DATA THE HIGH-RISK ARTIFICIAL INTELLIGENCE SYSTEM PROCESSES AS INPUTS AND THE OUTPUTS THE HIGH-RISK ARTIFICIAL INTELLIGENCE SYSTEM PRODUCES;</u>\n   </p>\n   <p class=\"indent\">\n    <u class=\"amendmentInsertedText\">(V) IF THE DEPLOYER USED DATA TO CUSTOMIZE THE HIGH-RISK ARTIFICIAL INTELLIGENCE SYSTEM, AN OVERVIEW OF THE CATEGORIES OF DATA THE DEPLOYER USED TO CUSTOMIZE THE HIGH-RISK ARTIFICIAL INTELLIGENCE SYSTEM;</u>\n   </p>\n   <p class=\"indent\">\n    <u class=\"amendmentInsertedText\">(VI) A LIST OF METRICS USED TO EVALUATE THE PERFORMANCE AND KNOWN LIMITATIONS OF THE HIGH-RISK ARTIFICIAL INTELLIGENCE SYSTEM;</u>\n   </p>\n   <p class=\"indent\">\n    <u class=\"amendmentInsertedText\">(VII) A DESCRIPTION OF TRANSPARENCY MEASURES TAKEN CONCERNING THE HIGH-RISK ARTIFICIAL INTELLIGENCE SYSTEM, INCLUDING ANY MEASURES TAKEN TO DISCLOSE TO A CONSUMER THAT A HIGH-RISK ARTIFICIAL INTELLIGENCE SYSTEM IS IN USE WHEN THE CONSUMER IS ENGAGING OR INTERACTING WITH A SYSTEM OR PRODUCT IN WHICH A HIGH-RISK ARTIFICIAL INTELLIGENCE SYSTEM IS IN USE;</u>\n   </p>\n   <p class=\"indent\">\n    <u class=\"amendmentInsertedText\">(VIII) A DESCRIPTION OF POSTDEPLOYMENT MONITORING AND USER SAFEGUARDS RELATED TO THE HIGH-RISK ARTIFICIAL INTELLIGENCE SYSTEM, INCLUDING THE OVERSIGHT PROCESS ESTABLISHED BY THE DEPLOYER TO ADDRESS ISSUES ARISING FROM DEPLOYMENT OR USE OF A HIGH-RISK ARTIFICIAL INTELLIGENCE SYSTEM; AND</u>\n   </p>\n   <p class=\"indent\">\n    <u class=\"amendmentInsertedText\">(IX) AN ANALYSIS OF THE VALIDITY AND RELIABILITY OF THE HIGH-RISK ARTIFICIAL INTELLIGENCE SYSTEM, IN ACCORDANCE WITH CONTEMPORARY SOCIAL SCIENCE STANDARDS AND A DESCRIPTION OF METRICS TO EVALUATE PERFORMANCE AND KNOWN LIMITATIONS OF THE HIGH-RISK ARTIFICIAL INTELLIGENCE SYSTEM.</u>\n   </p>\n   <p class=\"indent\">\n    <u class=\"amendmentInsertedText\">(3) A DEPLOYER SHALL MAINTAIN A COMPLETED IMPACT ASSESSMENT OF A HIGH-RISK ARTIFICIAL INTELLIGENCE SYSTEM REQUIRED UNDER THIS SECTION AND ALL RECORDS CONCERNING THE IMPACT ASSESSMENT FOR AT LEAST 3 YEARS.</u>\n   </p>\n   <p class=\"indent\">\n    <u class=\"amendmentInsertedText\">(4) A SINGLE IMPACT ASSESSMENT MAY ADDRESS A COMPARABLE SET OF HIGH-RISK ARTIFICIAL INTELLIGENCE SYSTEMS DEPLOYED BY A DEPLOYER.</u>\n   </p>\n   <p class=\"indent\">\n    <u class=\"amendmentInsertedText\">(D) BEGINNING FEBRUARY 1, 2026, BEFORE A DEPLOYER DEPLOYS A HIGH-RISK ARTIFICIAL INTELLIGENCE SYSTEM, THE DEPLOYER SHALL:</u>\n   </p>\n   <p class=\"indent\">\n    <u class=\"amendmentInsertedText\">(1) NOTIFY THE CONSUMER THAT THE DEPLOYER HAS DEPLOYED A HIGH-RISK ARTIFICIAL INTELLIGENCE SYSTEM TO MAKE, OR BE A SUBSTANTIAL FACTOR IN MAKING, A CONSEQUENTIAL DECISION ABOUT THE CONSUMER; AND</u>\n   </p>\n   <p class=\"indent\">\n    <u class=\"amendmentInsertedText\">(2) PROVIDE TO THE CONSUMER:</u>\n   </p>\n   <p class=\"indent\">\n    <u class=\"amendmentInsertedText\">(I) A STATEMENT DISCLOSING THE PURPOSE OF THE HIGH-RISK ARTIFICIAL INTELLIGENCE SYSTEM AND THE NATURE OF THE CONSEQUENTIAL DECISION;</u>\n   </p>\n   <p class=\"indent\">\n    <u class=\"amendmentInsertedText\">(II) IF APPLICABLE, INFORMATION CONCERNING THE CONSUMER&#39;S RIGHT TO OPT OUT OF THE PROCESSING OF THE CONSUMER&#39;S PERSONAL DATA IN ACCORDANCE WITH STATE OR FEDERAL LAW;</u>\n   </p>\n   <p class=\"indent\">\n    <u class=\"amendmentInsertedText\">(III) CONTACT INFORMATION FOR THE DEPLOYER; AND</u>\n   </p>\n   <p class=\"indent\">\n    <u class=\"amendmentInsertedText\">(IV) A DESCRIPTION, IN PLAIN LANGUAGE, OF THE HIGH-RISK ARTIFICIAL INTELLIGENCE SYSTEM, INCLUDING:</u>\n   </p>\n   <p class=\"indent\">\n    <u class=\"amendmentInsertedText\">1. THE PERSONAL CHARACTERISTICS OR ATTRIBUTES THE ARTIFICIAL INTELLIGENCE SYSTEM WILL MEASURE OR ASSESS AND THE METHOD BY WHICH THE SYSTEM MEASURES OR ASSESSES PERSONAL CHARACTERISTICS OR ATTRIBUTES;</u>\n   </p>\n   <p class=\"indent\">\n    <u class=\"amendmentInsertedText\">2. THE RELEVANCE OF PERSONAL CHARACTERISTICS OR ATTRIBUTES TO CONSEQUENTIAL DECISIONS RELATED TO THE ARTIFICIAL INTELLIGENCE SYSTEM;</u>\n   </p>\n   <p class=\"indent\">\n    <u class=\"amendmentInsertedText\">3. ANY HUMAN COMPONENTS OF THE ARTIFICIAL INTELLIGENCE SYSTEM;</u>\n   </p>\n   <p class=\"indent\">\n    <u class=\"amendmentInsertedText\">4. THE MANNER IN WHICH AUTOMATED COMPONENTS OF THE ARTIFICIAL INTELLIGENCE SYSTEM ARE USED TO INFORM CONSEQUENTIAL DECISIONS RELATED TO THE SYSTEM; AND</u>\n   </p>\n   <p class=\"indent\">\n    <u class=\"amendmentInsertedText\">5. A DIRECT LINK TO A PUBLICLY ACCESSIBLE WEBPAGE ON THE DEPLOYER&#39;S WEBSITE THAT CONTAINS A DESCRIPTION IN PLAIN LANGUAGE OF THE LOGIC USED IN THE ARTIFICIAL INTELLIGENCE SYSTEM, INCLUDING:</u>\n   </p>\n   <p class=\"indent\">\n    <u class=\"amendmentInsertedText\">A. KEY PARAMETERS THAT AFFECT THE OUTPUT OF THE SYSTEM;</u>\n   </p>\n   <p class=\"indent\">\n    <u class=\"amendmentInsertedText\">B. THE TYPE AND SOURCE OF DATA COLLECTED FROM INDIVIDUALS AND PROCESSED BY THE SYSTEM IN MAKING OR ASSISTING IN MAKING A CONSEQUENTIAL DECISION; AND</u>\n   </p>\n   <p class=\"indent\">\n    <u class=\"amendmentInsertedText\">C. THE RESULTS OF THE MOST RECENT IMPACT ASSESSMENT REQUIRED UNDER THIS SECTION.</u>\n   </p>\n   <p class=\"indent\">\n    <u class=\"amendmentInsertedText\">(E) BEGINNING FEBRUARY 1, 2026, AND SUBJECT TO SUBSECTION (F) OF THIS SECTION, A DEPLOYER THAT HAS DEPLOYED A HIGH-RISK ARTIFICIAL INTELLIGENCE SYSTEM SHALL, IF A CONSEQUENTIAL DECISION IS ADVERSE TO THE CONSUMER, PROVIDE TO THE CONSUMER:</u>\n   </p>\n   <p class=\"indent\">\n    <u class=\"amendmentInsertedText\">(1) A STATEMENT DISCLOSING THE PRINCIPAL REASON OR REASONS FOR THE ADVERSE CONSEQUENTIAL DECISION, INCLUDING:</u>\n   </p>\n   <p class=\"indent\">\n    <u class=\"amendmentInsertedText\">(I) THE DEGREE TO WHICH, AND MANNER IN WHICH, THE HIGH-RISK ARTIFICIAL INTELLIGENCE SYSTEM CONTRIBUTED TO THE ADVERSE CONSEQUENTIAL DECISION;</u>\n   </p>\n   <p class=\"indent\">\n    <u class=\"amendmentInsertedText\">(II) THE TYPE OF DATA THAT WERE PROCESSED BY THE HIGH-RISK ARTIFICIAL INTELLIGENCE SYSTEM IN MAKING THE ADVERSE CONSEQUENTIAL DECISION; AND</u>\n   </p>\n   <p class=\"indent\">\n    <u class=\"amendmentInsertedText\">(III) THE SOURCE OF THE DATA DESCRIBED IN ITEM (II) OF THIS ITEM; AND</u>\n   </p>\n   <p class=\"indent\">\n    <u class=\"amendmentInsertedText\">(2) AN OPPORTUNITY TO:</u>\n   </p>\n   <p class=\"indent\">\n    <u class=\"amendmentInsertedText\">(I) CORRECT ANY INCORRECT PERSONAL DATA THAT THE HIGH-RISK ARTIFICIAL INTELLIGENCE SYSTEM PROCESSED IN MAKING, OR USED AS A SUBSTANTIAL FACTOR IN MAKING, THE ADVERSE CONSEQUENTIAL DECISION; AND</u>\n   </p>\n   <p class=\"indent\">\n    <u class=\"amendmentInsertedText\">(II) APPEAL THE ADVERSE CONSEQUENTIAL DECISION, ALLOWING FOR HUMAN REVIEW UNLESS PROVIDING THIS OPPORTUNITY:</u>\n   </p>\n   <p class=\"indent\">\n    <u class=\"amendmentInsertedText\">1. IS NOT IN THE BEST INTEREST OF THE CONSUMER; OR</u>\n   </p>\n   <p class=\"indent\">\n    <u class=\"amendmentInsertedText\">2. MAY CAUSE A DELAY THAT POSES A RISK TO THE LIFE OR SAFETY OF THE CONSUMER.</u>\n   </p>\n   <p class=\"indent\">\n    <u class=\"amendmentInsertedText\">(F) THE DEPLOYER SHALL PROVIDE THE INFORMATION REQUIRED UNDER SUBSECTION (E) OF THIS SUBSECTION:</u>\n   </p>\n   <p class=\"indent\">\n    <u class=\"amendmentInsertedText\">(1) DIRECTLY TO THE CONSUMER;</u>\n   </p>\n   <p class=\"indent\">\n    <u class=\"amendmentInsertedText\">(2) IN PLAIN LANGUAGE THAT IS TRANSLATED TO ANY LANGUAGES IN WHICH THE DEPLOYER, IN THE ORDINARY COURSE OF SUCH DEPLOYER&#39;S BUSINESS, PROVIDES CONTRACTS, DISCLAIMERS, SALE ANNOUNCEMENTS, AND ANY OTHER INFORMATION TO CONSUMERS; AND</u>\n   </p>\n   <p class=\"indent\">\n    <u class=\"amendmentInsertedText\">(3) IN A FORMAT THAT IS ACCESSIBLE TO CONSUMERS WITH DISABILITIES.</u>\n   </p>\n   <p class=\"indent\">\n    <u class=\"amendmentInsertedText\">14-47A-05.</u>\n   </p>\n   <p class=\"indent\">\n    <u class=\"amendmentInsertedText\">(A) THE REQUIREMENTS OF THIS SUBTITLE MAY NOT BE CONSTRUED TO RESTRICT A DEVELOPER&#39;S, A DEPLOYER&#39;S, OR ANOTHER PERSON&#39;S ABILITY TO:</u>\n   </p>\n   <p class=\"indent\">\n    <u class=\"amendmentInsertedText\">(1) COMPLY WITH FEDERAL, STATE, OR LOCAL LAW;</u>\n   </p>\n   <p class=\"indent\">\n    <u class=\"amendmentInsertedText\">(2) COMPLY WITH A CIVIL, CRIMINAL, OR REGULATORY INQUIRY, AN INVESTIGATION, OR A SUBPOENA OR SUMMONS BY A FEDERAL, STATE, LOCAL, OR OTHER GOVERNMENTAL AUTHORITY;</u>\n   </p>\n   <p class=\"indent\">\n    <u class=\"amendmentInsertedText\">(3) COOPERATE WITH A LAW ENFORCEMENT AGENCY CONCERNING CONDUCT OR ACTIVITY THAT THE DEVELOPER, DEPLOYER, OR OTHER PERSON REASONABLY AND IN GOOD FAITH BELIEVES MAY VIOLATE FEDERAL, STATE, OR LOCAL LAW;</u>\n   </p>\n   <p class=\"indent\">\n    <u class=\"amendmentInsertedText\">(4) INVESTIGATE, ESTABLISH, EXERCISE, PREPARE FOR, OR DEFEND A LEGAL CLAIM;</u>\n   </p>\n   <p class=\"indent\">\n    <u class=\"amendmentInsertedText\">(5) TAKE IMMEDIATE STEPS TO PROTECT AN INTEREST THAT IS ESSENTIAL FOR THE LIFE OR PHYSICAL SAFETY OF A CONSUMER OR ANOTHER INDIVIDUAL;</u>\n   </p>\n   <p class=\"indent\">\n    <u class=\"amendmentInsertedText\">(6) (I) BY ANY MEANS OTHER THAN FACIAL RECOGNITION TECHNOLOGY, PREVENT, DETECT, PROTECT AGAINST, OR RESPOND TO:</u>\n   </p>\n   <p class=\"indent\">\n    <u class=\"amendmentInsertedText\">1. A SECURITY INCIDENT;</u>\n   </p>\n   <p class=\"indent\">\n    <u class=\"amendmentInsertedText\">2. A MALICIOUS OR DECEPTIVE ACTIVITY; OR</u>\n   </p>\n   <p class=\"indent\">\n    <u class=\"amendmentInsertedText\">3. IDENTITY THEFT, FRAUD, HARASSMENT, OR ANY OTHER ILLEGAL ACTIVITY;</u>\n   </p>\n   <p class=\"indent\">\n    <u class=\"amendmentInsertedText\">(II) INVESTIGATE, REPORT, OR PROSECUTE THE PERSONS RESPONSIBLE FOR ANY ACTION DESCRIBED IN ITEM (I) OF THIS ITEM; OR</u>\n   </p>\n   <p class=\"indent\">\n    <u class=\"amendmentInsertedText\">(III) PRESERVE THE INTEGRITY OR SECURITY OF SYSTEMS;</u>\n   </p>\n   <p class=\"indent\">\n    <u class=\"amendmentInsertedText\">(7) ENGAGE IN PUBLIC OR PEER-REVIEWED SCIENTIFIC OR STATISTICAL RESEARCH IN THE PUBLIC INTEREST THAT:</u>\n   </p>\n   <p class=\"indent\">\n    <u class=\"amendmentInsertedText\">(I) ADHERES TO ALL OTHER APPLICABLE ETHICS AND PRIVACY LAWS; AND</u>\n   </p>\n   <p class=\"indent\">\n    <u class=\"amendmentInsertedText\">(II) IS APPROVED, MONITORED, AND GOVERNED BY AN INSTITUTIONAL REVIEW BOARD OR SIMILAR INDEPENDENT OVERSIGHT ENTITY THAT DETERMINES:</u>\n   </p>\n   <p class=\"indent\">\n    <u class=\"amendmentInsertedText\">1. WHETHER THE EXPECTED BENEFITS OF THE RESEARCH OUTWEIGH THE RISKS ASSOCIATED WITH THE RESEARCH; AND</u>\n   </p>\n   <p class=\"indent\">\n    <u class=\"amendmentInsertedText\">2. WHETHER THE DEVELOPER OR DEPLOYER HAS IMPLEMENTED REASONABLE SAFEGUARDS TO MITIGATE THE RISKS ASSOCIATED WITH THE RESEARCH;</u>\n   </p>\n   <p class=\"indent\">\n    <u class=\"amendmentInsertedText\">(8) CONDUCT RESEARCH, TESTING, AND DEVELOPMENT ACTIVITIES REGARDING AN ARTIFICIAL INTELLIGENCE SYSTEM OR MODEL, OTHER THAN TESTING CONDUCTED UNDER REAL-WORLD CONDITIONS, BEFORE AN ARTIFICIAL INTELLIGENCE SYSTEM OR MODEL IS PLACED ON THE MARKET, DEPLOYED OR PUT INTO SERVICE, AS APPLICABLE;</u>\n   </p>\n   <p class=\"indent\">\n    <u class=\"amendmentInsertedText\">(9) EFFECTUATE A PRODUCT RECALL;</u>\n   </p>\n   <p class=\"indent\">\n    <u class=\"amendmentInsertedText\">(10) IDENTIFY AND REPAIR TECHNICAL ERRORS THAT IMPAIR EXISTING OR INTENDED FUNCTIONALITY; OR</u>\n   </p>\n   <p class=\"indent\">\n    <u class=\"amendmentInsertedText\">(11) ASSIST ANOTHER DEVELOPER, DEPLOYER, OR PERSON WITH ANY OF THE OBLIGATIONS IMPOSED UNDER THIS SUBTITLE.</u>\n   </p>\n   <p class=\"indent\">\n    <u class=\"amendmentInsertedText\">(B) THE OBLIGATIONS IMPOSED ON DEVELOPERS, DEPLOYERS, OR OTHER PERSONS UNDER THIS SUBTITLE MAY NOT APPLY WHEN COMPLIANCE BY THE DEVELOPER, DEPLOYER, OR OTHER PERSON WOULD VIOLATE AN EVIDENTIARY PRIVILEGE UNDER THE LAWS OF THE STATE.</u>\n   </p>\n   <p class=\"indent\">\n    <u class=\"amendmentInsertedText\">14-47A-06.</u>\n   </p>\n   <p class=\"indent\">\n    <u class=\"amendmentInsertedText\">(A) A PERSON WHO VIOLATES THIS SUBTITLE IS SUBJECT TO A FINE NOT EXCEEDING $1,000 AND, AS APPLICABLE, REASONABLE ATTORNEY&#39;S FEES, EXPENSES, AND COSTS, AS DETERMINED BY THE COURT.</u>\n   </p>\n   <p class=\"indent\">\n    <u class=\"amendmentInsertedText\">(B) A PERSON WHO WILLFULLY VIOLATES THIS SUBTITLE IS SUBJECT TO A FINE OF AT LEAST $1,000 AND NOT EXCEEDING $10,000 AND, AS APPLICABLE, REASONABLE ATTORNEY&#39;S FEES, EXPENSES, AND COSTS, AS DETERMINED BY THE COURT.</u>\n   </p>\n   <p class=\"indent\">\n    <u class=\"amendmentInsertedText\">(C) EACH VIOLATION OF THIS SUBTITLE IS A SEPARATE VIOLATION SUBJECT TO THE CIVIL PENALTIES IMPOSED UNDER THIS SECTION.</u>\n   </p>\n   <p class=\"indent\">\n    <u class=\"amendmentInsertedText\">14-47A-07.</u>\n   </p>\n   <p class=\"indent\">\n    <u class=\"amendmentInsertedText\">(A) THE ATTORNEY GENERAL MAY ENFORCE THIS SUBTITLE.</u>\n   </p>\n   <p class=\"indent\">\n    <u class=\"amendmentInsertedText\">(B) TO CARRY OUT THE REQUIREMENTS OF THIS SUBTITLE, THE ATTORNEY GENERAL MAY:</u>\n   </p>\n   <p class=\"indent\">\n    <u class=\"amendmentInsertedText\">(1) REQUIRE THAT A DEVELOPER DISCLOSE TO THE ATTORNEY GENERAL:</u>\n   </p>\n   <p class=\"indent\">\n    <u class=\"amendmentInsertedText\">(I) A STATEMENT OR DOCUMENTATION DESCRIBED IN THIS SUBTITLE RELEVANT TO AN INVESTIGATION CONDUCTED BY THE ATTORNEY GENERAL; AND</u>\n   </p>\n   <p class=\"indent\">\n    <u class=\"amendmentInsertedText\">(II) ARISK MANAGEMENT POLICY DESIGNED AND IMPLEMENTED, AN IMPACT ASSESSMENT COMPLETED, OR A RECORD MAINTAINED UNDER THIS SUBTITLE RELEVANT TO AN INVESTIGATION CONDUCTED BY THE ATTORNEY GENERAL;</u>\n   </p>\n   <p class=\"indent\">\n    <u class=\"amendmentInsertedText\">(2) SUBJECT TO SUBSECTION (C) OF THIS SECTION, INITIATE A CIVIL ACTION AGAINST A PERSON THAT VIOLATES THIS SUBTITLE; AND</u>\n   </p>\n   <p class=\"indent\">\n    <u class=\"amendmentInsertedText\">(3) ADOPT REGULATIONS.</u>\n   </p>\n   <p class=\"indent\">\n    <u class=\"amendmentInsertedText\">(C) (1) BEFORE BRINGING AN ACTION AGAINST A DEVELOPER OR DEPLOYER FOR A VIOLATION OF THIS SUBTITLE, THE ATTORNEY GENERAL, IN CONSULTATION WITH THE DEVELOPER OR DEPLOYER, SHALL DETERMINE IF IT IS POSSIBLE TO CURE THE VIOLATION.</u>\n   </p>\n   <p class=\"indent\">\n    <u class=\"amendmentInsertedText\">(2) IF IT IS POSSIBLE TO CURE THE VIOLATION, THE ATTORNEY GENERAL MAY ISSUE A NOTICE OF VIOLATION TO THE DEVELOPER OR DEPLOYER AND AFFORD THE DEVELOPER OR DEPLOYER THE OPPORTUNITY TO CURE THE VIOLATION WITHIN 45 DAYS AFTER THE RECEIPT OF THE NOTICE OF VIOLATION.</u>\n   </p>\n   <p class=\"indent\">\n    <u class=\"amendmentInsertedText\">(3) IN DETERMINING WHETHER TO GRANT A DEVELOPER OR DEPLOYER AN OPPORTUNITY TO CURE A VIOLATION, THE ATTORNEY GENERAL SHALL CONSIDER:</u>\n   </p>\n   <p class=\"indent\">\n    <u class=\"amendmentInsertedText\">(I) THE NUMBER OF VIOLATIONS;</u>\n   </p>\n   <p class=\"indent\">\n    <u class=\"amendmentInsertedText\">(II) THE SIZE AND COMPLEXITY OF THE DEVELOPER OR DEPLOYER;</u>\n   </p>\n   <p class=\"indent\">\n    <u class=\"amendmentInsertedText\">(III) THE NATURE AND EXTENT OF THE DEVELOPER&#39;S OR DEPLOYER&#39;S BUSINESS;</u>\n   </p>\n   <p class=\"indent\">\n    <u class=\"amendmentInsertedText\">(IV) WHETHER THERE IS A SUBSTANTIAL LIKELIHOOD OF INJURY TO THE PUBLIC;</u>\n   </p>\n   <p class=\"indent\">\n    <u class=\"amendmentInsertedText\">(V) THE SAFETY OF PERSONS OR PROPERTY; AND</u>\n   </p>\n   <p class=\"indent\">\n    <u class=\"amendmentInsertedText\">(VI) WHETHER A VIOLATION WAS LIKELY CAUSED BY A HUMAN OR TECHNICAL ERROR.</u>\n   </p>\n   <p class=\"indent\">\n    <u class=\"amendmentInsertedText\">(4) IF A DEVELOPER OR DEPLOYER FAILS TO CURE A VIOLATION WITHIN 45 DAYS AFTER THE RECEIPT OF A NOTICE OF VIOLATION UNDER PARAGRAPH (3) OF THIS SUBSECTION, THE ATTORNEY GENERAL MAY PROCEED WITH THE ACTION.</u>\n   </p>\n   <p class=\"indent\">\n    <u class=\"amendmentInsertedText\">(D) IN AN ACTION BROUGHT BY THE ATTORNEY GENERAL UNDER THIS SECTION, IT IS AN AFFIRMATIVE DEFENSE IF:</u>\n   </p>\n   <p class=\"indent\">\n    <u class=\"amendmentInsertedText\">(1) A VIOLATION OF ANY PROVISION OF THIS SUBTITLE IS DISCOVERED THROUGH RED-TEAMING, WHICH IS ADVERSARIAL TESTING CONDUCTED FOR THE PURPOSE OF:</u>\n   </p>\n   <p class=\"indent\">\n    <u class=\"amendmentInsertedText\">(I) IDENTIFYING THE POTENTIAL ADVERSE BEHAVIORS OR OUTCOMES OF AN ARTIFICIAL INTELLIGENCE SYSTEM;</u>\n   </p>\n   <p class=\"indent\">\n    <u class=\"amendmentInsertedText\">(II) IDENTIFYING HOW THE BEHAVIORS OR OUTCOMES OCCUR; AND</u>\n   </p>\n   <p class=\"indent\">\n    <u class=\"amendmentInsertedText\">(III) STRESS TESTING THE SAFEGUARDS AGAINST THE BEHAVIORS OR OUTCOMES; AND</u>\n   </p>\n   <p class=\"indent\">\n    <u class=\"amendmentInsertedText\">(2) NOT LATER THAN 45 DAYS AFTER DISCOVERING A VIOLATION UNDER ITEM (1) OF THIS SUBSECTION, THE DEVELOPER OR DEPLOYER:</u>\n   </p>\n   <p class=\"indent\">\n    <u class=\"amendmentInsertedText\">(I) CURES THE VIOLATION;</u>\n   </p>\n   <p class=\"indent\">\n    <u class=\"amendmentInsertedText\">(II) PROVIDES NOTICE TO THE ATTORNEY GENERAL IN A FORM AND MANNER PRESCRIBED BY THE ATTORNEY GENERAL THAT THE VIOLATION HAS BEEN CURED AND EVIDENCE THAT ANY HARM CAUSED BY SUCH VIOLATION HAS BEEN MITIGATED; AND</u>\n   </p>\n   <p class=\"indent\">\n    <u class=\"amendmentInsertedText\">(III) IS OTHERWISE IN COMPLIANCE WITH THE REQUIREMENTS OF THIS SUBTITLE.</u>\n   </p>\n   <p class=\"indent\">\n    <u class=\"amendmentInsertedText\">14-47A-08.</u>\n   </p>\n   <p class=\"indent\">\n    <u class=\"amendmentInsertedText\">A CONSUMER MAY BRING A CIVIL ACTION AGAINST A DEPLOYER IF:</u>\n   </p>\n   <p class=\"indent\">\n    <u class=\"amendmentInsertedText\">(1) THE CONSUMER INITIALLY FILED A TIMELY ADMINISTRATIVE CHARGE OR COMPLAINT UNDER FEDERAL, STATE, OR LOCAL LAW ALLEGING A DISCRIMINATORY ACT BY THE DEPLOYER AS A RESULT OF A CONSEQUENTIAL DECISION ABOUT THE CONSUMER THAT IS MADE BY A HIGH-RISK ARTIFICIAL INTELLIGENCE SYSTEM OF THE DEPLOYER;</u>\n   </p>\n   <p class=\"indent\">\n    <u class=\"amendmentInsertedText\">(2) AT LEAST 180 DAYS HAVE ELAPSED SINCE THE DATE OF FILING OF THE ADMINISTRATIVE COMPLAINT; AND</u>\n   </p>\n   <p class=\"indent\">\n    <u class=\"amendmentInsertedText\">(3) THE CIVIL ACTION IS FILED NOT MORE THAN 2 YEARS AFTER THE OCCURRENCE OF THE ALLEGED DISCRIMINATORY ACT.</u>\n   </p>\n   <p class=\"indent\">SECTION 2. AND BE IT FURTHER ENACTED, That, if any provision of this Act or the application of any provision of this Act to any person or circumstance is held invalid for any reason in a court of competent jurisdiction, the invalidity does not affect other provisions or any other application of this Act that can be given effect without the invalid provision or application, and for this purpose the provisions of this Act are declared severable.</p>\n   <p class=\"indent\">SECTION 3. AND BE IT FURTHER ENACTED, That this Act shall take effect October 1, 2025.</p>\n  </div>\n </div>\n    </div>\t\n<table cellpadding=0 cellspacing=0 width=\"100%\">\n   <tr>\n      <td>\n          Copyright &copy; 2025 State Net\n      </td>\n<BR>\n<!--???MOVED INTO resources.cgi      <td align=\"right\">\n          <img src=\"https://custom.statenet.com/network/poweredby.gif\" alt=\"Powered by State Net\">\n      </td>-->\n\n    </tr>\n</table>\n</body></html>\n",
      "markdown": "The following has special meaning: _green underline denotes added text_ ~~red struck out text denotes deleted text~~ | [![Powered by State Net](https://custom.statenet.com/network/poweredby.gif)](https://www.lexisnexis.com/statenet/)  \n---|---  \n  \n2025 MD S 936 | | Author: | Hester  \n---|---  \nVersion: | Introduced  \nVersion Date: | 01/28/2025  \n  \n**SENATE BILL 936**\n\nBy: **Senators Hester, Gile, and Love**\n\nIntroduced and read first time: January 28, 2025\n\nAssigned to: Finance\n\nA BILL ENTITLED\n\nAN ACT concerning\n\n**Consumer Protection - High-Risk Artificial Intelligence - Developer and\nDeployer Requirements**\n\nFOR the purpose of requiring a certain developer of and a certain deployer who\nuses a certain high-risk artificial intelligence system to use reasonable care\nto protect consumers from known and reasonably foreseeable risks of certain\nalgorithmic discrimination; prohibiting a developer from providing to a\ncertain deployer or other developer a high-risk artificial intelligence system\nunless certain disclosures are provided to the deployer or developer;\nrequiring a developer to make certain documentation and information available\nto complete an impact assessment in a certain manner; requiring a deployer to\ndesign, implement, and maintain a risk management policy and program for the\nhigh-risk artificial intelligence system in use by the deployer; requiring a\ndeployer to complete an impact assessment of its high-risk artificial\nintelligence system; requiring a deployer to provide certain information to a\nconsumer regarding the deployment of and decisions made by a high-risk\nartificial intelligence system; requiring a deployer to provide consumers with\nan opportunity to correct certain information and appeal a certain\nconsequential decision; authorizing the Attorney General to enforce this Act;\nauthorizing a consumer to bring a civil action against a deployer under\ncertain circumstances; and generally relating to the use of high-risk\nartificial intelligence systems in the State.\n\nBY adding to\n\nArticle - Commercial Law\n\nSection 14-47A-01 through 14-47A-08 to be under the new subtitle \"Subtitle\n47A. High-Risk Artificial Intelligence Developer Act\"\n\nAnnotated Code of Maryland\n\n(2013 Replacement Volume and 2024 Supplement)\n\nSECTION 1. BE IT ENACTED BY THE GENERAL ASSEMBLY OF MARYLAND, That the Laws of\nMaryland read as follows:\n\n**Article - Commercial Law**\n\n_SUBTITLE 47A. HIGH-RISK ARTIFICIAL INTELLIGENCE DEVELOPER ACT._\n\n_14-47A-01._\n\n_(A) IN THIS SUBTITLE THE FOLLOWING WORDS HAVE THE MEANINGS INDICATED._\n\n_(B) (1) \"ALGORITHMIC DISCRIMINATION\" MEANS THE USE OF AN ARTIFICIAL\nINTELLIGENCE SYSTEM THAT RESULTS IN AN UNLAWFUL DIFFERENTIAL TREATMENT OR\nIMPACT THAT DISFAVORS AN INDIVIDUAL OR GROUP OF INDIVIDUALS ON THE BASIS OF\nTHE INDIVIDUAL'S OR GROUP'S ACTUAL OR PERCEIVED:_\n\n_(I) AGE;_\n\n_(II) COLOR;_\n\n_(III) DISABILITY;_\n\n_(IV) ETHNICITY;_\n\n_(V) GENETIC INFORMATION;_\n\n_(VI) LIMITED PROFICIENCY IN THE ENGLISH LANGUAGE;_\n\n_(VII) NATIONAL ORIGIN;_\n\n_(VIII) RACE;_\n\n_(IX) RELIGION;_\n\n_(X) REPRODUCTIVE HEALTH;_\n\n_(XI) SEX;_\n\n_(XII) SEXUAL ORIENTATION;_\n\n_(XIII) VETERAN STATUS; OR_\n\n_(XIV) CLASSIFICATION OTHERWISE PROTECTED UNDER STATE OR FEDERAL LAW._\n\n_(2) \"ALGORITHMIC DISCRIMINATION\" DOES NOT INCLUDE:_\n\n_(I) THE OFFER, LICENSE, OR USE OF A HIGH-RISK ARTIFICIAL INTELLIGENCE SYSTEM\nBY A DEVELOPER OR DEPLOYER FOR THE SOLE PURPOSE OF THE DEVELOPER 'S OR\nDEPLOYER'S SELF-TESTING TO IDENTIFY, MITIGATE, OR PREVENT DISCRIMINATION OR\nOTHERWISE ENSURE COMPLIANCE WITH STATE AND FEDERAL LAW;_\n\n_(II) THE EXPANSION OF AN APPLICANT, A CUSTOMER, OR A PARTICIPANT POOL TO\nINCREASE DIVERSITY OR REDRESS HISTORICAL DISCRIMINATION; OR_\n\n_(III) AN ACT OR OMISSION BY OR ON BEHALF OF A PRIVATE CLUB OR OTHER\nESTABLISHMENT NOT IN FACT OPEN TO THE PUBLIC, AS PROVIDED BY TITLE II OF THE\nCIVIL RIGHTS ACT OF 1964 UNDER 42 U.S.C. § 2000 A(E)._\n\n_(C) (1) \"ARTIFICIAL INTELLIGENCE SYSTEM\" MEANS A MACHINE LEARNING-BASED\nSYSTEM THAT FOR ANY EXPLICIT OR IMPLICIT OBJECTIVE, INFERS FROM THE INPUTS THE\nSYSTEM RECEIVES HOW TO GENERATE OUTPUTS, INCLUDING CONTENT, DECISIONS,\nPREDICTIONS, OR RECOMMENDATIONS THAT CAN INFLUENCE PHYSICAL OR VIRTUAL\nENVIRONMENTS._\n\n_(2) \"ARTIFICIAL INTELLIGENCE SYSTEM\" DOES NOT INCLUDE AN ARTIFICIAL\nINTELLIGENCE SYSTEM OR A MODEL THAT IS USED FOR DEVELOPMENT, PROTOTYPING, AND\nRESEARCH ACTIVITIES BEFORE THE ARTIFICIAL INTELLIGENCE SYSTEM OR MODEL IS\nRELEASED ON THE MARKET._\n\n_(D) \"CONSEQUENTIAL DECISION\" MEANS A DECISION THAT HAS A MATERIALLY LEGAL OR\nSIMILARLY SIGNIFICANT EFFECT ON THE PROVISION OR DENIAL TO A CONSUMER OF:_\n\n_(1) PAROLE, PROBATION, A PARDON, OR ANY OTHER RELEASE FROM INCARCERATION OR\nCOURT SUPERVISION;_\n\n_(2) EDUCATION ENROLLMENT OR EDUCATION OPPORTUNITY;_\n\n_(3) ACCESS TO OR PROVISION OF EMPLOYMENT;_\n\n_(4) FINANCIAL OR LENDING SERVICES;_\n\n_(5) ACCESS TO OR THE PROVISION OF HEALTH CARE SERVICES;_\n\n_(6) HOUSING;_\n\n_(7) INSURANCE;_\n\n_(8) MARITAL STATUS; OR_\n\n_(9) LEGAL SERVICE._\n\n_(E) (1) \"CONSUMER\" MEANS AN INDIVIDUAL WHO IS A RESIDENT OF THE STATE AND IS\nACTING ONLY IN A PERSONAL OR HOUSEHOLD CONTEXT._\n\n_(2) \"CONSUMER\" DOES NOT INCLUDE AN INDIVIDUAL ACTING IN A COMMERCIAL OR\nEMPLOYMENT CONTEXT._\n\n_(F) \"DEPLOYER\" MEANS A PERSON DOING BUSINESS IN THE STATE THAT DEPLOYS OR\nUSES A HIGH-RISK ARTIFICIAL INTELLIGENCE SYSTEM TO MAKE A CONSEQUENTIAL\nDECISION IN THE STATE._\n\n_(G) \"DEVELOPER\" MEANS A PERSON DOING BUSINESS IN THE STATE THAT DEVELOPS OR\nINTENTIONALLY AND SUBSTANTIALLY MODIFIES A HIGH-RISK ARTIFICIAL INTELLIGENCE\nSYSTEM THAT IS OFFERED, SOLD, LEASED, GIVEN, OR OTHERWISE PROVIDED TO\nCONSUMERS IN THE STATE._\n\n_(H) (1) \"GENERAL-PURPOSE ARTIFICIAL INTELLIGENCE MODEL\" MEANS A MODEL USED BY\nAN ARTIFICIAL INTELLIGENCE SYSTEM THAT:_\n\n_(I) DISPLAYS SIGNIFICANT GENERALITY;_\n\n_(II) IS CAPABLE OF COMPETENTLY PERFORMING A WIDE RANGE OF DISTINCT TASKS;\nAND_\n\n_(III) CAN BE INTEGRATED INTO A VARIETY OF DOWNSTREAM APPLICATIONS OR\nSYSTEMS._\n\n_(2) \"GENERAL-PURPOSE ARTIFICIAL INTELLIGENCE MODEL\" DOES NOT INCLUDE AN\nARTIFICIAL INTELLIGENCE MODEL THAT IS USED FOR DEVELOPMENT, PROTOTYPING, AND\nRESEARCH ACTIVITIES BEFORE THE ARTIFICIAL INTELLIGENCE MODEL IS RELEASED ON\nTHE MARKET._\n\n_(I) \"GENERATIVE ARTIFICIAL INTELLIGENCE\" MEANS ARTIFICIAL INTELLIGENCE THAT\nIS CAPABLE OF AND USED TO PRODUCE SYNTHETIC CONTENT, INCLUDING AUDIO, IMAGES,\nTEXT, AND VIDEOS._\n\n_(J) \"GENERATIVE ARTIFICIAL INTELLIGENCE SYSTEM\" MEANS ANY ARTIFICIAL\nINTELLIGENCE SYSTEM OR SERVICE THAT INCORPORATES GENERATIVE ARTIFICIAL\nINTELLIGENCE._\n\n_(K) (1) \"HIGH-RISK ARTIFICIAL INTELLIGENCE SYSTEM\" MEANS AN ARTIFICIAL\nINTELLIGENCE SYSTEM THAT IS SPECIFICALLY INTENDED TO AUTONOMOUSLY MAKE, OR BE\nA SUBSTANTIAL FACTOR IN MAKING, A CONSEQUENTIAL DECISION._\n\n_(2) \"HIGH-RISK ARTIFICIAL INTELLIGENCE SYSTEM\" DOES NOT INCLUDE:_\n\n_(I) AN ARTIFICIAL INTELLIGENCE SYSTEM THAT IS INTENDED TO:_\n\n_1\\. PERFORM A NARROW PROCEDURAL TASK;_\n\n_2\\. IMPROVE THE RESULT OF A PREVIOUSLY COMPLETED HUMAN ACTIVITY;_\n\n_3\\. DETECT ANY DECISION-MAKING PATTERNS OR ANY DEVIATIONS FROM PREEXISTING\nDECISION-MAKING PATTERNS; OR_\n\n_4\\. PERFORM A PREPARATORY TASK TO AN ASSESSMENT RELEVANT TO A CONSEQUENTIAL\nDECISION; OR_\n\n_(II) THE FOLLOWING TECHNOLOGIES:_\n\n_1\\. ANTIFRAUD TECHNOLOGY THAT DOES NOT USE FACIAL RECOGNITION TECHNOLOGY;_\n\n_2\\. ARTIFICIAL INTELLIGENCE-ENABLED VIDEO GAME TECHNOLOGY;_\n\n_3\\. ANTIMALWARE AND ANTIVIRUS TECHNOLOGY;_\n\n_4\\. AUTONOMOUS VEHICLE TECHNOLOGY;_\n\n_5\\. CALCULATORS;_\n\n_6\\. CYBERSECURITY TECHNOLOGY;_\n\n_7\\. DATABASES AND DATA STORAGE;_\n\n_8\\. FIREWALL TECHNOLOGY;_\n\n_9\\. INTERNET DOMAIN REGISTRATION;_\n\n_10\\. INTERNET WEBSITE LOADING;_\n\n_11\\. NETWORKING;_\n\n_12\\. SPAM AND ROBOCALL FILTERING;_\n\n_13\\. SPELLCHECKING TECHNOLOGY;_\n\n_14\\. SPREADSHEETS; 15. WEB CACHING;_\n\n_16\\. WEB HOSTING OR SIMILAR TECHNOLOGY; OR_\n\n_17\\. TECHNOLOGY THAT COMMUNICATES WITH CONSUMERS IN NATURAL LANGUAGE FOR THE\nPURPOSE OF PROVIDING USERS WITH INFORMATION, MAKING REFERRALS OR\nRECOMMENDATIONS, AND ANSWERING QUESTIONS AND IS SUBJECT TO AN ACCEPTABLE USE\nPOLICY THAT PROHIBITS GENERATING CONTENT THAT IS DISCRIMINATORY OR UNLAWFUL._\n\n_(L) (1) \"INTENTIONAL AND SUBSTANTIAL MODIFICATION\" MEANS A DELIBERATE CHANGE\nMADE TO:_\n\n_(I) AN ARTIFICIAL INTELLIGENCE SYSTEM THAT RESULTS IN A NEW MATERIAL RISK OF\nALGORITHMIC DISCRIMINATION; OR_\n\n_(II) A GENERAL-PURPOSE ARTIFICIAL INTELLIGENCE MODEL THAT:_\n\n_1\\. AFFECTS COMPLIANCE OF THE GENERAL-PURPOSE ARTIFICIAL INTELLIGENCE MODEL;_\n\n_2\\. MATERIALLY CHANGES THE PURPOSE OF THE GENERAL-PURPOSE ARTIFICIAL\nINTELLIGENCE MODEL; OR_\n\n_3\\. RESULTS IN ANY NEW REASONABLY FORESEEABLE RISK OF ALGORITHMIC\nDISCRIMINATION._\n\n_(2) \"INTENTIONAL AND SUBSTANTIAL MODIFICATION\" DOES NOT INCLUDE A CHANGE MADE\nTO A HIGH-RISK ARTIFICIAL INTELLIGENCE SYSTEM, OR THE PERFORMANCE OF A HIGH-\nRISK ARTIFICIAL INTELLIGENCE SYSTEM, IF:_\n\n_(I) THE HIGH-RISK ARTIFICIAL INTELLIGENCE SYSTEM CONTINUES TO LEARN AFTER THE\nHIGH-RISK ARTIFICIAL INTELLIGENCE SYSTEM IS DEPLOYED OR OFFERED, SOLD, LEASED,\nLICENSED, GIVEN, OR OTHERWISE MADE AVAILABLE TO A DEPLOYER; AND_\n\n_(II) THE CHANGE:_\n\n_1\\. IS MADE TO THE HIGH-RISK ARTIFICIAL INTELLIGENCE SYSTEM AS A RESULT OF\nANY LEARNING DESCRIBED IN ITEM (I) OF THIS PARAGRAPH;_\n\n_2\\. WAS PREDETERMINED BY THE DEPLOYER OR THE THIRD PARTY CONTRACTED BY THE\nDEPLOYER; AND_\n\n_3\\. INCLUDED AND CONCLUDED WITHIN THE INITIAL IMPACT ASSESSMENT OF THE HIGH-\nRISK ARTIFICIAL INTELLIGENCE SYSTEM UNDER § 14-47A-04(C) OF THIS SUBTITLE._\n\n_(M) (1) \"PERSON\" MEANS AN INDIVIDUAL, AN ASSOCIATION, A COOPERATIVE, A\nCORPORATION, A LIMITED LIABILITY COMPANY, A PARTNERSHIP, A TRUST, A JOINT\nVENTURE, OR ANY OTHER LEGAL OR COMMERCIAL ENTITY AND ANY SUCCESSOR,\nREPRESENTATIVE, AGENCY, OR INSTRUMENTALITY THEREOF._\n\n_(2) \"PERSON\" DOES NOT INCLUDE A GOVERNMENTAL UNIT._\n\n_(N) \"PRINCIPAL BASIS\" MEANS THE USE OF AN OUTPUT OF A HIGH-RISK ARTIFICIAL\nINTELLIGENCE SYSTEM TO MAKE A DECISION WITHOUT:_\n\n_(1) HUMAN REVIEW, OVERSIGHT, INVOLVEMENT, OR INTERVENTION; OR_\n\n_(2) MEANINGFUL CONSIDERATION BY A HUMAN._\n\n_(O) (1) \"SUBSTANTIAL FACTOR\" MEANS A FACTOR GENERATED BY AN ARTIFICIAL\nINTELLIGENCE SYSTEM THAT IS:_\n\n_(I) THE PRINCIPAL BASIS FOR MAKING A CONSEQUENTIAL DECISION; OR_\n\n_(II) CAPABLE OF ALTERING THE OUTCOME OF A CONSEQUENTIAL DECISION._\n\n_(2) \"SUBSTANTIAL FACTOR\" INCLUDES ANY USE OF AN ARTIFICIAL INTELLIGENCE\nSYSTEM TO GENERATE ANY CONTENT, DECISION, PREDICTION, OR RECOMMENDATION\nCONCERNING A CONSUMER THAT IS USED AS THE PRINCIPAL BASIS TO MAKE A\nCONSEQUENTIAL DECISION CONCERNING THE CONSUMER._\n\n_(P) \"SYNTHETIC CONTENT\" MEANS INFORMATION, SUCH AS AUDIO CLIPS, IMAGES, TEXT,\nAND VIDEO, THAT IS PRODUCED OR SIGNIFICANTLY MODIFIED OR GENERATED BY\nALGORITHMS, INCLUDING BY AN ARTIFICIAL INTELLIGENCE SYSTEM._\n\n_14-47A-02._\n\n_THIS SUBTITLE DOES NOT APPLY TO:_\n\n_(1) EXCEPT IN A SITUATION WHERE A HIGH-RISK ARTIFICIAL INTELLIGENCE SYSTEM IS\nUSED TO MAKE, OR IS A SUBSTANTIAL FACTOR IN MAKING, A DECISION CONCERNING\nEMPLOYMENT OR HOUSING, A DEVELOPER OR DEPLOYER THAT USES AN ARTIFICIAL\nINTELLIGENCE SYSTEM ACQUIRED BY OR FOR THE FEDERAL GOVERNMENT OR ANY FEDERAL\nAGENCY OR DEPARTMENT, INCLUDING:_\n\n_(I) THE U.S. DEPARTMENT OF COMMERCE;_\n\n_(II) THE U.S. DEPARTMENT OF DEFENSE; AND_\n\n_(III) THE NATIONAL AERONAUTICS AND SPACE ADMINISTRATION;_\n\n_(2) AN INSURER, OR A HIGH-RISK ARTIFICIAL INTELLIGENCE SYSTEM DEVELOPED OR\nDEPLOYED BY AN INSURER FOR USE IN THE BUSINESS OF INSURANCE, IF THE INSURER IS\nREGULATED AND SUPERVISED BY THE INSURANCE ADMINISTRATION AND SUBJECT TO THE\nPROVISIONS UNDER TITLE 13 OF THIS ARTICLE; OR_\n\n_(3) A DEVELOPER, A DEPLOYER, OR ANY OTHER PERSON WHO:_\n\n_(I) IS A COVERED ENTITY UNDER THE FEDERAL HEALTH INSURANCE PORTABILITY AND\nACCOUNTABILITY ACT OF 1996 UNDER 42 U.S.C. § 1320 D THROUGH 1320 D-9, AND THE\nCORRESPONDING FEDERAL REGULATIONS; AND_\n\n_(II) PROVIDES:_\n\n_1\\. HEALTH CARE RECOMMENDATIONS GENERATED BY AN ARTIFICIAL INTELLIGENCE\nSYSTEM IN WHICH A HEALTH CARE PROVIDER IS REQUIRED TO TAKE ACTION TO IMPLEMENT\nTHE HEALTH CARE RECOMMENDATIONS; OR_\n\n_2\\. SERVICES USING AN ARTIFICIAL INTELLIGENCE SYSTEM FOR AN ADMINISTRATIVE,\nFINANCIAL, QUALITY MEASUREMENT, SECURITY, OR PERFORMANCE IMPROVEMENT\nFUNCTION._\n\n_14-47A-03._\n\n_(A) (1) BEGINNING FEBRUARY 1, 2026, A DEVELOPER OF A HIGH-RISK ARTIFICIAL\nINTELLIGENCE SYSTEM SHALL USE REASONABLE CARE TO PROTECT CONSUMERS FROM ANY\nKNOWN OR REASONABLY FORESEEABLE RISKS OF ALGORITHMIC DISCRIMINATION._\n\n_(2) IN AN ENFORCEMENT ACTION BROUGHT BY THE ATTORNEY GENERAL UNDER THIS\nSUBTITLE, THERE SHALL BE A REBUTTABLE PRESUMPTION THAT A DEVELOPER USED\nREASONABLE CARE AS REQUIRED UNDER THIS SUBSECTION IF THE DEVELOPER COMPLIED\nWITH THE PROVISIONS OF THIS SECTION._\n\n_(B) BEGINNING FEBRUARY 1, 2026, AND SUBJECT TO SUBSECTION (D) OF THIS\nSECTION, A DEVELOPER OF A HIGH-RISK ARTIFICIAL INTELLIGENCE SYSTEM MAY NOT\nOFFER, SELL, LEASE, GIVE, OR OTHERWISE PROVIDE TO A DEPLOYER, OR OTHER\nDEVELOPER, A HIGH-RISK ARTIFICIAL INTELLIGENCE SYSTEM, UNLESS THE DEVELOPER\nMAKES AVAILABLE TO THE DEPLOYER OR OTHER DEVELOPER:_\n\n_(1) A STATEMENT DISCLOSING THE INTENDED USES OF THE HIGH-RISK ARTIFICIAL\nINTELLIGENCE SYSTEM;_\n\n_(2) DOCUMENTATION DISCLOSING:_\n\n_(I) THE KNOWN OR REASONABLY FORESEEABLE LIMITATIONS OF THE HIGH-RISK\nARTIFICIAL INTELLIGENCE SYSTEM, INCLUDING THE KNOWN OR REASONABLY FORESEEABLE\nRISKS OF ALGORITHMIC DISCRIMINATION ARISING FROM THE INTENDED USES OF THE\nHIGH-RISK ARTIFICIAL INTELLIGENCE SYSTEM;_\n\n_(II) THE PURPOSE OF THE HIGH-RISK ARTIFICIAL INTELLIGENCE SYSTEM AND THE\nINTENDED BENEFITS AND USES OF THE HIGH-RISK ARTIFICIAL INTELLIGENCE SYSTEM;_\n\n_(III) A SUMMARY DESCRIBING THE MANNER IN WHICH THE HIGH-RISK ARTIFICIAL\nINTELLIGENCE SYSTEM WAS EVALUATED FOR PERFORMANCE BEFORE THE HIGH-RISK\nARTIFICIAL INTELLIGENCE SYSTEM WAS LICENSED, SOLD, LEASED, GIVEN, OR OTHERWISE\nMADE AVAILABLE TO A DEPLOYER;_\n\n_(IV) THE MEASURES THE DEVELOPER HAS TAKEN TO MITIGATE REASONABLY FORESEEABLE\nRISKS OF ALGORITHMIC DISCRIMINATION THAT THE DEVELOPER KNOWS ARISES FROM\nDEPLOYMENT OR USE OF THE HIGH-RISK ARTIFICIAL INTELLIGENCE SYSTEM; AND_\n\n_(V) THE MANNER IN WHICH AN INDIVIDUAL CAN USE THE HIGH-RISK ARTIFICIAL\nINTELLIGENCE SYSTEM AND MONITOR THE PERFORMANCE OF THE HIGH-RISK ARTIFICIAL\nINTELLIGENCE SYSTEM FOR RISK OF ALGORITHMIC DISCRIMINATION;_\n\n_(3) DOCUMENTATION DESCRIBING:_\n\n_(I) THE MANNER IN WHICH THE HIGH-RISK ARTIFICIAL INTELLIGENCE SYSTEM WAS\nEVALUATED FOR PERFORMANCE, AND MITIGATION OF ALGORITHMIC DISCRIMINATION BEFORE\nTHE HIGH-RISK ARTIFICIAL INTELLIGENCE SYSTEM WAS OFFERED, SOLD, LEASED,\nLICENSED, GIVEN, OR OTHERWISE MADE AVAILABLE TO THE DEPLOYER OR OTHER\nDEVELOPER;_\n\n_(II) A HIGH-LEVEL SUMMARY OF THE MANNER IN WHICH DATA SOURCES WERE EVALUATED\nFOR POTENTIAL BIAS AND APPROPRIATE MITIGATIONS WERE APPLIED;_\n\n_(III) THE INTENDED OUTPUTS OF THE HIGH-RISK ARTIFICIAL INTELLIGENCE SYSTEM;_\n\n_(IV) THE MEASURES THE DEVELOPER HAS TAKEN TO MITIGATE ANY KNOWN OR REASONABLY\nFORESEEABLE RISKS OF ALGORITHMIC DISCRIMINATION THAT MAY ARISE FROM REASONABLY\nFORESEEABLE DEPLOYMENT OF THE HIGH-RISK ARTIFICIAL INTELLIGENCE SYSTEM; AND_\n\n_(V) THE MANNER IN WHICH THE HIGH-RISK ARTIFICIAL INTELLIGENCE SYSTEM SHOULD\nBE USED, NOT USED, AND MONITORED BY AN INDIVIDUAL WHEN BEING USED; AND_\n\n_(4) ANY ADDITIONAL DOCUMENTATION THAT IS REASONABLY NECESSARY TO ASSIST A\nDEPLOYER TO:_\n\n_(I) UNDERSTAND THE OUTPUTS OF THE HIGH-RISK ARTIFICIAL INTELLIGENCE SYSTEM;\nAND_\n\n_(II) MONITOR THE PERFORMANCE OF THE HIGH-RISK ARTIFICIAL INTELLIGENCE SYSTEM\nFOR RISKS OF ALGORITHMIC DISCRIMINATION._\n\n_(C) (1) SUBJECT TO SUBSECTION (D) OF THIS SECTION, A DEVELOPER THAT, ON OR\nAFTER FEBRUARY 1, 2026, OFFERS, SELLS, LEASES, LICENSES, GIVES, OR OTHERWISE\nMAKES AVAILABLE TO A DEPLOYER OR OTHER DEVELOPER A HIGH-RISK ARTIFICIAL\nINTELLIGENCE SYSTEM, TO THE EXTENT PRACTICABLE, SHALL MAKE AVAILABLE TO\nDEPLOYERS AND OTHER DEVELOPERS THE DOCUMENTATION AND INFORMATION NECESSARY FOR\nA DEPLOYER OR THIRD PARTY CONTRACTED BY A DEPLOYER TO COMPLETE AN IMPACT\nASSESSMENT UNDER § 14-47A-04(C) OF THIS SUBTITLE._\n\n_(2) THE DEVELOPER SHALL MAKE DOCUMENTATION AND INFORMATION AVAILABLE AS\nREQUIRED UNDER PARAGRAPH (1) OF THIS SUBSECTION THROUGH:_\n\n_(I) ARTIFACTS, INCLUDING MODEL CARD FILES THAT ACCOMPANY THE MODEL AND\nPROVIDE INFORMATION ABOUT DISCOVERABILITY, REPRODUCIBILITY, AND SHARING;_\n\n_(II) DATASET CARD FILES THAT:_\n\n_1\\. ARE USED TO INFORM USERS ABOUT HOW TO RESPONSIBLY USE THE DATA IN A\nDATASET; AND_\n\n_2\\. CONTAIN INFORMATION ABOUT POTENTIAL BIASES OF THE DATA; OR_\n\n_(III) OTHER IMPACT ASSESSMENTS._\n\n_(D) (1) FOR ANY DISCLOSURE REQUIRED UNDER THIS SECTION, A DEVELOPER, NOT\nLATER THAN 90 DAYS AFTER THE DEVELOPER PERFORMS AN INTENTIONAL AND SUBSTANTIAL\nMODIFICATION TO A HIGH-RISK ARTIFICIAL INTELLIGENCE SYSTEM, SHALL UPDATE THE\nDISCLOSURE TO ENSURE ACCURACY._\n\n_(2) A DEVELOPER THAT ALSO SERVES AS A DEPLOYER FOR ANY HIGH-RISK ARTIFICIAL\nINTELLIGENCE SYSTEM IS NOT REQUIRED TO GENERATE THE DOCUMENTATION REQUIRED\nUNDER THIS SECTION UNLESS THE HIGH-RISK ARTIFICIAL INTELLIGENCE SYSTEM IS\nPROVIDED TO AN UNAFFILIATED ENTITY ACTING AS A DEPLOYER OR AS OTHERWISE\nREQUIRED BY LAW._\n\n_(E) A HIGH-RISK ARTIFICIAL INTELLIGENCE SYSTEM SHALL BE PRESUMED TO SATISFY\nTHE APPLICABLE REQUIREMENTS UNDER THIS SECTION AND ANY REGULATIONS ADOPTED IN\nACCORDANCE WITH THIS SUBTITLE IF THE HIGH-RISK ARTIFICIAL INTELLIGENCE SYSTEM\nIS IN CONFORMITY WITH THE LATEST VERSION OF:_\n\n_(1) THE ARTIFICIAL INTELLIGENCE RISK MANAGEMENT FRAMEWORK PUBLISHED BY THE\nNATIONAL INSTITUTE OF STANDARDS AND TECHNOLOGY;_\n\n_(2) STANDARD ISO/IEC 42001 OF THE INTERNATIONAL ORGANIZATION FOR\nSTANDARDIZATION; OR_\n\n_(3) ANOTHER NATIONALLY OR INTERNATIONALLY RECOGNIZED RISK MANAGEMENT\nFRAMEWORK FOR ARTIFICIAL INTELLIGENCE SYSTEMS THAT IS SUBSTANTIALLY EQUIVALENT\nTO, AND AT LEAST AS STRINGENT AS, THE REQUIREMENTS ESTABLISHED UNDER THIS\nSECTION._\n\n_(F) THIS SECTION MAY NOT BE CONSTRUED TO REQUIRE A DEVELOPER TO DISCLOSE ANY\nINFORMATION:_\n\n_(1) THAT IS A TRADE SECRET, AS DEFINED IN § 11-1201 OF THIS ARTICLE, OR\nOTHERWISE PROTECTED FROM DISCLOSURE UNDER STATE OR FEDERAL LAW; OR_\n\n_(2) THE DISCLOSURE OF WHICH WOULD:_\n\n_(I) PRESENT A SECURITY RISK TO THE DEVELOPER; OR_\n\n_(II) REQUIRE THE DEVELOPER TO DISCLOSE CONFIDENTIAL OR PROPRIETARY\nINFORMATION._\n\n_(G) (1) EACH DEVELOPER OF A GENERATIVE ARTIFICIAL INTELLIGENCE SYSTEM THAT\nGENERATES OR MODIFIES SYNTHETIC CONTENT SHALL ENSURE THAT THE OUTPUTS OF THE\nHIGH-RISK ARTIFICIAL INTELLIGENCE SYSTEM:_\n\n_(I) ARE MARKED AT THE TIME THE OUTPUT IS GENERATED AND IN A MANNER THAT IS\nDETECTABLE BY CONSUMERS; AND_\n\n_(II) COMPLY WITH ANY ACCESSIBILITY REQUIREMENTS._\n\n_(2) FOR SYNTHETIC CONTENT THAT IS AN AUDIO, IMAGE, OR VIDEO FORMED AS PART OF\nAN ARTISTIC, CREATIVE, SATIRICAL, FICTIONAL ANALOGOUS WORK OR PROGRAM, A\nMARKING OF HIGH-RISK ARTIFICIAL INTELLIGENCE SYSTEMS UNDER PARAGRAPH (1) OF\nTHIS SUBSECTION SHALL BE LIMITED IN A MANNER NOT TO HINDER THE DISPLAY OR\nENJOYMENT OF THE WORK OR PROGRAM._\n\n_(3) THE MARKING OF OUTPUTS REQUIRED UNDER PARAGRAPH (1) OF THIS SUBSECTION\nDOES NOT APPLY TO:_\n\n_(I) SYNTHETIC CONTENT THAT:_\n\n_1\\. CONSISTS EXCLUSIVELY OF TEXT;_\n\n_2\\. IS PUBLISHED TO INFORM THE PUBLIC ON ANY MATTER OF PUBLIC INTEREST; OR_\n\n_3\\. IS UNLIKELY TO MISLEAD A REASONABLE PERSON CONSUMING THE SYNTHETIC\nCONTENT; OR_\n\n_(II) THE OUTPUTS OF A HIGH-RISK ARTIFICIAL INTELLIGENCE SYSTEM THAT:_\n\n_1\\. PERFORMS AN ASSISTIVE FUNCTION FOR STANDARD EDITING;_\n\n_2\\. DOES NOT SUBSTANTIALLY ALTER THE INPUT DATA PROVIDED BY THE DEVELOPER, OR\nIS USED TO DETECT, PREVENT, OR INVESTIGATE; OR_\n\n_3\\. PROSECUTES A CRIME AS AUTHORIZED BY LAW._\n\n_14-47A-04._\n\n_(A) (1) BEGINNING FEBRUARY 1,2026, EACH DEPLOYER SHALL USE REASONABLE CARE TO\nPROTECT CONSUMERS FROM ANY KNOWN OR REASONABLY FORESEEABLE RISKS OF\nALGORITHMIC DISCRIMINATION._\n\n_(2) IN AN ENFORCEMENT ACTION BROUGHT BY THE ATTORNEY GENERAL UNDER THIS\nSUBTITLE, THERE SHALL BE A REBUTTABLE PRESUMPTION THAT A DEPLOYER USED\nREASONABLE CARE AS REQUIRED UNDER THIS SUBSECTION IF THE DEPLOYER COMPLIED\nWITH THE REQUIREMENTS OF THIS SECTION._\n\n_(B) (1) BEGINNING FEBRUARY 1, 2026, AND SUBJECT TO PARAGRAPH (2) OF THIS\nSUBSECTION, A DEPLOYER OF A HIGH-RISK ARTIFICIAL INTELLIGENCE SYSTEM SHALL\nDESIGN, IMPLEMENT, AND MAINTAIN A RISK MANAGEMENT POLICY AND PROGRAM FOR THE\nHIGH-RISK ARTIFICIAL INTELLIGENCE SYSTEM._\n\n_(2) EACH RISK MANAGEMENT POLICY DESIGNED, IMPLEMENTED, AND MAINTAINED IN\nACCORDANCE WITH PARAGRAPH (1) OF THIS SUBSECTION SHALL:_\n\n_(I) SPECIFY THE PRINCIPLES, PROCESSES, AND PERSONNEL THAT THE DEPLOYER USES\nTO IDENTIFY, MITIGATE, AND DOCUMENT ANY RISK OF ALGORITHMIC DISCRIMINATION\nTHAT IS A REASONABLY FORESEEABLE CONSEQUENCE OF DEPLOYING OR USING THE HIGH-\nRISK ARTIFICIAL INTELLIGENCE SYSTEM;_\n\n_(II) BE REGULARLY REVIEWED AND UPDATED OVER THE LIFE CYCLE OF THE HIGH-RISK\nARTIFICIAL INTELLIGENCE SYSTEM; AND_\n\n_(III) BE REASONABLE AND IN CONSIDERATION OF THE GUIDANCE AND STANDARDS\nPROVIDED IN THE LATEST VERSION OF:_\n\n_1\\. THE ARTIFICIAL INTELLIGENCE RISK MANAGEMENT FRAMEWORK PUBLISHED BY THE\nNATIONAL INSTITUTE OF STANDARDS AND TECHNOLOGY;_\n\n_2\\. STANDARD ISO/IEC 42001 OF THE INTERNATIONAL ORGANIZATION FOR\nSTANDARDIZATION;_\n\n_3\\. ANOTHER NATIONALLY OR INTERNATIONALLY RECOGNIZED RISK MANAGEMENT\nFRAMEWORK FOR ARTIFICIAL INTELLIGENCE SYSTEMS WITH REQUIREMENTS THAT ARE\nSUBSTANTIALLY EQUIVALENT TO, AND AT LEAST AS STRINGENT AS, THE REQUIREMENTS\nESTABLISHED UNDER THIS SECTION; OR_\n\n_4\\. ANY RISK MANAGEMENT FRAMEWORK FOR ARTIFICIAL INTELLIGENCE SYSTEMS THAT\nTHE ATTORNEY GENERAL MAY DESIGNATE AND IS SUBSTANTIALLY EQUIVALENT TO, AND AT\nLEAST AS STRINGENT AS, THE GUIDANCE AND STANDARDS OF THE FRAMEWORK DESCRIBED\nIN ITEM 1 OF THIS ITEM._\n\n_(3) A HIGH-RISK ARTIFICIAL INTELLIGENCE SYSTEM SHALL BE PRESUMED TO SATISFY\nTHE REQUIREMENTS UNDER THIS SECTION AND ANY REGULATIONS ADOPTED IN ACCORDANCE\nWITH THIS SUBTITLE IF THE HIGH-RISK ARTIFICIAL INTELLIGENCE SYSTEM IS IN\nCONFORMITY WITH THE LATEST VERSION OF:_\n\n_(I) THE ARTIFICIAL INTELLIGENCE RISK MANAGEMENT FRAMEWORK PUBLISHED BY THE\nNATIONAL INSTITUTE OF STANDARDS AND TECHNOLOGY;_\n\n_(II) STANDARD ISO/IEC 42001 OF THE INTERNATIONAL ORGANIZATION FOR\nSTANDARDIZATION; OR_\n\n_(III) ANOTHER NATIONALLY OR INTERNATIONALLY RECOGNIZED RISK MANAGEMENT\nFRAMEWORK FOR ARTIFICIAL INTELLIGENCE SYSTEMS THAT ARE SUBSTANTIALLY\nEQUIVALENT TO, AND AT LEAST AS STRINGENT AS, THE REQUIREMENTS ESTABLISHED\nUNDER THIS SECTION._\n\n_(C) (1) SUBJECT TO PARAGRAPHS (2) AND (3) OF THIS SUBSECTION AND EXCEPT AS\nPROVIDED IN PARAGRAPH (4) OF THIS SUBSECTION:_\n\n_(I) ON OR AFTER FEBRUARY 1, 2026, BEFORE INITIAL DEPLOYMENT OF A HIGH-RISK\nARTIFICIAL INTELLIGENCE SYSTEM OR USE OF A HIGH-RISK ARTIFICIAL INTELLIGENCE\nSYSTEM, A DEPLOYER SHALL COMPLETE AN IMPACT ASSESSMENT OF THE HIGH-RISK\nARTIFICIAL INTELLIGENCE SYSTEM; AND_\n\n_(II) AT LEAST 90 DAYS BEFORE A SIGNIFICANT UPDATE TO A HIGH-RISK ARTIFICIAL\nINTELLIGENCE SYSTEM IS MADE AVAILABLE, A DEPLOYER SHALL COMPLETE AN IMPACT\nASSESSMENT OF THE HIGH-RISK ARTIFICIAL INTELLIGENCE SYSTEM IF THE UPDATE\nPRODUCES A NEW VERSION OR RELEASE OR SIMILAR CHANGE TO THE HIGH-RISK\nARTIFICIAL INTELLIGENCE SYSTEM THAT:_\n\n_1\\. INTRODUCES SIGNIFICANT CHANGES TO THE USE CASE OR KEY FUNCTIONALITY OF\nTHE HIGH-RISK ARTIFICIAL INTELLIGENCE SYSTEM; AND_\n\n_2\\. RESULTS IN A NEW OR REASONABLY FORESEEABLE RISK OF ALGORITHMIC\nDISCRIMINATION._\n\n_(2) EACH IMPACT ASSESSMENT COMPLETED UNDER PARAGRAPH (1) OF THIS SUBSECTION\nSHALL INCLUDE:_\n\n_(I) A STATEMENT BY THE DEPLOYER DISCLOSING THE PURPOSE AND INTENDED USE CASES\nAND DEPLOYMENT CONTEXT OF, AND BENEFITS AFFORDED BY, THE HIGH-RISK ARTIFICIAL\nINTELLIGENCE SYSTEM;_\n\n_(II) AN ANALYSIS OF WHETHER THE DEPLOYMENT OF THE HIGH-RISK ARTIFICIAL\nINTELLIGENCE SYSTEM:_\n\n_1\\. POSES ANY KNOWN OR REASONABLY FORESEEABLE RISKS OF ALGORITHMIC\nDISCRIMINATION;_\n\n_2\\. THE NATURE OF ANY ALGORITHMIC DISCRIMINATION; AND_\n\n_3\\. THE STEPS THAT HAVE BEEN TAKEN TO MITIGATE RISKS;_\n\n_(III) FOR A POSTDEPLOYMENT IMPACT ASSESSMENT COMPLETED UNDER THIS SUBSECTION,\nAN ANALYSIS OF WHETHER THE INTENDED USE CASES OF THE HIGH-RISK ARTIFICIAL\nINTELLIGENCE SYSTEM, AS UPDATED, WERE CONSISTENT WITH, OR VARIED FROM, THE\nDEVELOPER 'S INTENDED USES OF THE HIGH-RISK ARTIFICIAL INTELLIGENCE SYSTEM;_\n\n_(IV) A DESCRIPTION OF THE CATEGORIES OF DATA THE HIGH-RISK ARTIFICIAL\nINTELLIGENCE SYSTEM PROCESSES AS INPUTS AND THE OUTPUTS THE HIGH-RISK\nARTIFICIAL INTELLIGENCE SYSTEM PRODUCES;_\n\n_(V) IF THE DEPLOYER USED DATA TO CUSTOMIZE THE HIGH-RISK ARTIFICIAL\nINTELLIGENCE SYSTEM, AN OVERVIEW OF THE CATEGORIES OF DATA THE DEPLOYER USED\nTO CUSTOMIZE THE HIGH-RISK ARTIFICIAL INTELLIGENCE SYSTEM;_\n\n_(VI) A LIST OF METRICS USED TO EVALUATE THE PERFORMANCE AND KNOWN LIMITATIONS\nOF THE HIGH-RISK ARTIFICIAL INTELLIGENCE SYSTEM;_\n\n_(VII) A DESCRIPTION OF TRANSPARENCY MEASURES TAKEN CONCERNING THE HIGH-RISK\nARTIFICIAL INTELLIGENCE SYSTEM, INCLUDING ANY MEASURES TAKEN TO DISCLOSE TO A\nCONSUMER THAT A HIGH-RISK ARTIFICIAL INTELLIGENCE SYSTEM IS IN USE WHEN THE\nCONSUMER IS ENGAGING OR INTERACTING WITH A SYSTEM OR PRODUCT IN WHICH A HIGH-\nRISK ARTIFICIAL INTELLIGENCE SYSTEM IS IN USE;_\n\n_(VIII) A DESCRIPTION OF POSTDEPLOYMENT MONITORING AND USER SAFEGUARDS RELATED\nTO THE HIGH-RISK ARTIFICIAL INTELLIGENCE SYSTEM, INCLUDING THE OVERSIGHT\nPROCESS ESTABLISHED BY THE DEPLOYER TO ADDRESS ISSUES ARISING FROM DEPLOYMENT\nOR USE OF A HIGH-RISK ARTIFICIAL INTELLIGENCE SYSTEM; AND_\n\n_(IX) AN ANALYSIS OF THE VALIDITY AND RELIABILITY OF THE HIGH-RISK ARTIFICIAL\nINTELLIGENCE SYSTEM, IN ACCORDANCE WITH CONTEMPORARY SOCIAL SCIENCE STANDARDS\nAND A DESCRIPTION OF METRICS TO EVALUATE PERFORMANCE AND KNOWN LIMITATIONS OF\nTHE HIGH-RISK ARTIFICIAL INTELLIGENCE SYSTEM._\n\n_(3) A DEPLOYER SHALL MAINTAIN A COMPLETED IMPACT ASSESSMENT OF A HIGH-RISK\nARTIFICIAL INTELLIGENCE SYSTEM REQUIRED UNDER THIS SECTION AND ALL RECORDS\nCONCERNING THE IMPACT ASSESSMENT FOR AT LEAST 3 YEARS._\n\n_(4) A SINGLE IMPACT ASSESSMENT MAY ADDRESS A COMPARABLE SET OF HIGH-RISK\nARTIFICIAL INTELLIGENCE SYSTEMS DEPLOYED BY A DEPLOYER._\n\n_(D) BEGINNING FEBRUARY 1, 2026, BEFORE A DEPLOYER DEPLOYS A HIGH-RISK\nARTIFICIAL INTELLIGENCE SYSTEM, THE DEPLOYER SHALL:_\n\n_(1) NOTIFY THE CONSUMER THAT THE DEPLOYER HAS DEPLOYED A HIGH-RISK ARTIFICIAL\nINTELLIGENCE SYSTEM TO MAKE, OR BE A SUBSTANTIAL FACTOR IN MAKING, A\nCONSEQUENTIAL DECISION ABOUT THE CONSUMER; AND_\n\n_(2) PROVIDE TO THE CONSUMER:_\n\n_(I) A STATEMENT DISCLOSING THE PURPOSE OF THE HIGH-RISK ARTIFICIAL\nINTELLIGENCE SYSTEM AND THE NATURE OF THE CONSEQUENTIAL DECISION;_\n\n_(II) IF APPLICABLE, INFORMATION CONCERNING THE CONSUMER 'S RIGHT TO OPT OUT\nOF THE PROCESSING OF THE CONSUMER'S PERSONAL DATA IN ACCORDANCE WITH STATE OR\nFEDERAL LAW;_\n\n_(III) CONTACT INFORMATION FOR THE DEPLOYER; AND_\n\n_(IV) A DESCRIPTION, IN PLAIN LANGUAGE, OF THE HIGH-RISK ARTIFICIAL\nINTELLIGENCE SYSTEM, INCLUDING:_\n\n_1\\. THE PERSONAL CHARACTERISTICS OR ATTRIBUTES THE ARTIFICIAL INTELLIGENCE\nSYSTEM WILL MEASURE OR ASSESS AND THE METHOD BY WHICH THE SYSTEM MEASURES OR\nASSESSES PERSONAL CHARACTERISTICS OR ATTRIBUTES;_\n\n_2\\. THE RELEVANCE OF PERSONAL CHARACTERISTICS OR ATTRIBUTES TO CONSEQUENTIAL\nDECISIONS RELATED TO THE ARTIFICIAL INTELLIGENCE SYSTEM;_\n\n_3\\. ANY HUMAN COMPONENTS OF THE ARTIFICIAL INTELLIGENCE SYSTEM;_\n\n_4\\. THE MANNER IN WHICH AUTOMATED COMPONENTS OF THE ARTIFICIAL INTELLIGENCE\nSYSTEM ARE USED TO INFORM CONSEQUENTIAL DECISIONS RELATED TO THE SYSTEM; AND_\n\n_5\\. A DIRECT LINK TO A PUBLICLY ACCESSIBLE WEBPAGE ON THE DEPLOYER 'S WEBSITE\nTHAT CONTAINS A DESCRIPTION IN PLAIN LANGUAGE OF THE LOGIC USED IN THE\nARTIFICIAL INTELLIGENCE SYSTEM, INCLUDING:_\n\n_A. KEY PARAMETERS THAT AFFECT THE OUTPUT OF THE SYSTEM;_\n\n_B. THE TYPE AND SOURCE OF DATA COLLECTED FROM INDIVIDUALS AND PROCESSED BY\nTHE SYSTEM IN MAKING OR ASSISTING IN MAKING A CONSEQUENTIAL DECISION; AND_\n\n_C. THE RESULTS OF THE MOST RECENT IMPACT ASSESSMENT REQUIRED UNDER THIS\nSECTION._\n\n_(E) BEGINNING FEBRUARY 1, 2026, AND SUBJECT TO SUBSECTION (F) OF THIS\nSECTION, A DEPLOYER THAT HAS DEPLOYED A HIGH-RISK ARTIFICIAL INTELLIGENCE\nSYSTEM SHALL, IF A CONSEQUENTIAL DECISION IS ADVERSE TO THE CONSUMER, PROVIDE\nTO THE CONSUMER:_\n\n_(1) A STATEMENT DISCLOSING THE PRINCIPAL REASON OR REASONS FOR THE ADVERSE\nCONSEQUENTIAL DECISION, INCLUDING:_\n\n_(I) THE DEGREE TO WHICH, AND MANNER IN WHICH, THE HIGH-RISK ARTIFICIAL\nINTELLIGENCE SYSTEM CONTRIBUTED TO THE ADVERSE CONSEQUENTIAL DECISION;_\n\n_(II) THE TYPE OF DATA THAT WERE PROCESSED BY THE HIGH-RISK ARTIFICIAL\nINTELLIGENCE SYSTEM IN MAKING THE ADVERSE CONSEQUENTIAL DECISION; AND_\n\n_(III) THE SOURCE OF THE DATA DESCRIBED IN ITEM (II) OF THIS ITEM; AND_\n\n_(2) AN OPPORTUNITY TO:_\n\n_(I) CORRECT ANY INCORRECT PERSONAL DATA THAT THE HIGH-RISK ARTIFICIAL\nINTELLIGENCE SYSTEM PROCESSED IN MAKING, OR USED AS A SUBSTANTIAL FACTOR IN\nMAKING, THE ADVERSE CONSEQUENTIAL DECISION; AND_\n\n_(II) APPEAL THE ADVERSE CONSEQUENTIAL DECISION, ALLOWING FOR HUMAN REVIEW\nUNLESS PROVIDING THIS OPPORTUNITY:_\n\n_1\\. IS NOT IN THE BEST INTEREST OF THE CONSUMER; OR_\n\n_2\\. MAY CAUSE A DELAY THAT POSES A RISK TO THE LIFE OR SAFETY OF THE\nCONSUMER._\n\n_(F) THE DEPLOYER SHALL PROVIDE THE INFORMATION REQUIRED UNDER SUBSECTION (E)\nOF THIS SUBSECTION:_\n\n_(1) DIRECTLY TO THE CONSUMER;_\n\n_(2) IN PLAIN LANGUAGE THAT IS TRANSLATED TO ANY LANGUAGES IN WHICH THE\nDEPLOYER, IN THE ORDINARY COURSE OF SUCH DEPLOYER 'S BUSINESS, PROVIDES\nCONTRACTS, DISCLAIMERS, SALE ANNOUNCEMENTS, AND ANY OTHER INFORMATION TO\nCONSUMERS; AND_\n\n_(3) IN A FORMAT THAT IS ACCESSIBLE TO CONSUMERS WITH DISABILITIES._\n\n_14-47A-05._\n\n_(A) THE REQUIREMENTS OF THIS SUBTITLE MAY NOT BE CONSTRUED TO RESTRICT A\nDEVELOPER 'S, A DEPLOYER'S, OR ANOTHER PERSON'S ABILITY TO:_\n\n_(1) COMPLY WITH FEDERAL, STATE, OR LOCAL LAW;_\n\n_(2) COMPLY WITH A CIVIL, CRIMINAL, OR REGULATORY INQUIRY, AN INVESTIGATION,\nOR A SUBPOENA OR SUMMONS BY A FEDERAL, STATE, LOCAL, OR OTHER GOVERNMENTAL\nAUTHORITY;_\n\n_(3) COOPERATE WITH A LAW ENFORCEMENT AGENCY CONCERNING CONDUCT OR ACTIVITY\nTHAT THE DEVELOPER, DEPLOYER, OR OTHER PERSON REASONABLY AND IN GOOD FAITH\nBELIEVES MAY VIOLATE FEDERAL, STATE, OR LOCAL LAW;_\n\n_(4) INVESTIGATE, ESTABLISH, EXERCISE, PREPARE FOR, OR DEFEND A LEGAL CLAIM;_\n\n_(5) TAKE IMMEDIATE STEPS TO PROTECT AN INTEREST THAT IS ESSENTIAL FOR THE\nLIFE OR PHYSICAL SAFETY OF A CONSUMER OR ANOTHER INDIVIDUAL;_\n\n_(6) (I) BY ANY MEANS OTHER THAN FACIAL RECOGNITION TECHNOLOGY, PREVENT,\nDETECT, PROTECT AGAINST, OR RESPOND TO:_\n\n_1\\. A SECURITY INCIDENT;_\n\n_2\\. A MALICIOUS OR DECEPTIVE ACTIVITY; OR_\n\n_3\\. IDENTITY THEFT, FRAUD, HARASSMENT, OR ANY OTHER ILLEGAL ACTIVITY;_\n\n_(II) INVESTIGATE, REPORT, OR PROSECUTE THE PERSONS RESPONSIBLE FOR ANY ACTION\nDESCRIBED IN ITEM (I) OF THIS ITEM; OR_\n\n_(III) PRESERVE THE INTEGRITY OR SECURITY OF SYSTEMS;_\n\n_(7) ENGAGE IN PUBLIC OR PEER-REVIEWED SCIENTIFIC OR STATISTICAL RESEARCH IN\nTHE PUBLIC INTEREST THAT:_\n\n_(I) ADHERES TO ALL OTHER APPLICABLE ETHICS AND PRIVACY LAWS; AND_\n\n_(II) IS APPROVED, MONITORED, AND GOVERNED BY AN INSTITUTIONAL REVIEW BOARD OR\nSIMILAR INDEPENDENT OVERSIGHT ENTITY THAT DETERMINES:_\n\n_1\\. WHETHER THE EXPECTED BENEFITS OF THE RESEARCH OUTWEIGH THE RISKS\nASSOCIATED WITH THE RESEARCH; AND_\n\n_2\\. WHETHER THE DEVELOPER OR DEPLOYER HAS IMPLEMENTED REASONABLE SAFEGUARDS\nTO MITIGATE THE RISKS ASSOCIATED WITH THE RESEARCH;_\n\n_(8) CONDUCT RESEARCH, TESTING, AND DEVELOPMENT ACTIVITIES REGARDING AN\nARTIFICIAL INTELLIGENCE SYSTEM OR MODEL, OTHER THAN TESTING CONDUCTED UNDER\nREAL-WORLD CONDITIONS, BEFORE AN ARTIFICIAL INTELLIGENCE SYSTEM OR MODEL IS\nPLACED ON THE MARKET, DEPLOYED OR PUT INTO SERVICE, AS APPLICABLE;_\n\n_(9) EFFECTUATE A PRODUCT RECALL;_\n\n_(10) IDENTIFY AND REPAIR TECHNICAL ERRORS THAT IMPAIR EXISTING OR INTENDED\nFUNCTIONALITY; OR_\n\n_(11) ASSIST ANOTHER DEVELOPER, DEPLOYER, OR PERSON WITH ANY OF THE\nOBLIGATIONS IMPOSED UNDER THIS SUBTITLE._\n\n_(B) THE OBLIGATIONS IMPOSED ON DEVELOPERS, DEPLOYERS, OR OTHER PERSONS UNDER\nTHIS SUBTITLE MAY NOT APPLY WHEN COMPLIANCE BY THE DEVELOPER, DEPLOYER, OR\nOTHER PERSON WOULD VIOLATE AN EVIDENTIARY PRIVILEGE UNDER THE LAWS OF THE\nSTATE._\n\n_14-47A-06._\n\n_(A) A PERSON WHO VIOLATES THIS SUBTITLE IS SUBJECT TO A FINE NOT EXCEEDING\n$1,000 AND, AS APPLICABLE, REASONABLE ATTORNEY 'S FEES, EXPENSES, AND COSTS,\nAS DETERMINED BY THE COURT._\n\n_(B) A PERSON WHO WILLFULLY VIOLATES THIS SUBTITLE IS SUBJECT TO A FINE OF AT\nLEAST $1,000 AND NOT EXCEEDING $10,000 AND, AS APPLICABLE, REASONABLE ATTORNEY\n'S FEES, EXPENSES, AND COSTS, AS DETERMINED BY THE COURT._\n\n_(C) EACH VIOLATION OF THIS SUBTITLE IS A SEPARATE VIOLATION SUBJECT TO THE\nCIVIL PENALTIES IMPOSED UNDER THIS SECTION._\n\n_14-47A-07._\n\n_(A) THE ATTORNEY GENERAL MAY ENFORCE THIS SUBTITLE._\n\n_(B) TO CARRY OUT THE REQUIREMENTS OF THIS SUBTITLE, THE ATTORNEY GENERAL\nMAY:_\n\n_(1) REQUIRE THAT A DEVELOPER DISCLOSE TO THE ATTORNEY GENERAL:_\n\n_(I) A STATEMENT OR DOCUMENTATION DESCRIBED IN THIS SUBTITLE RELEVANT TO AN\nINVESTIGATION CONDUCTED BY THE ATTORNEY GENERAL; AND_\n\n_(II) ARISK MANAGEMENT POLICY DESIGNED AND IMPLEMENTED, AN IMPACT ASSESSMENT\nCOMPLETED, OR A RECORD MAINTAINED UNDER THIS SUBTITLE RELEVANT TO AN\nINVESTIGATION CONDUCTED BY THE ATTORNEY GENERAL;_\n\n_(2) SUBJECT TO SUBSECTION (C) OF THIS SECTION, INITIATE A CIVIL ACTION\nAGAINST A PERSON THAT VIOLATES THIS SUBTITLE; AND_\n\n_(3) ADOPT REGULATIONS._\n\n_(C) (1) BEFORE BRINGING AN ACTION AGAINST A DEVELOPER OR DEPLOYER FOR A\nVIOLATION OF THIS SUBTITLE, THE ATTORNEY GENERAL, IN CONSULTATION WITH THE\nDEVELOPER OR DEPLOYER, SHALL DETERMINE IF IT IS POSSIBLE TO CURE THE\nVIOLATION._\n\n_(2) IF IT IS POSSIBLE TO CURE THE VIOLATION, THE ATTORNEY GENERAL MAY ISSUE A\nNOTICE OF VIOLATION TO THE DEVELOPER OR DEPLOYER AND AFFORD THE DEVELOPER OR\nDEPLOYER THE OPPORTUNITY TO CURE THE VIOLATION WITHIN 45 DAYS AFTER THE\nRECEIPT OF THE NOTICE OF VIOLATION._\n\n_(3) IN DETERMINING WHETHER TO GRANT A DEVELOPER OR DEPLOYER AN OPPORTUNITY TO\nCURE A VIOLATION, THE ATTORNEY GENERAL SHALL CONSIDER:_\n\n_(I) THE NUMBER OF VIOLATIONS;_\n\n_(II) THE SIZE AND COMPLEXITY OF THE DEVELOPER OR DEPLOYER;_\n\n_(III) THE NATURE AND EXTENT OF THE DEVELOPER 'S OR DEPLOYER'S BUSINESS;_\n\n_(IV) WHETHER THERE IS A SUBSTANTIAL LIKELIHOOD OF INJURY TO THE PUBLIC;_\n\n_(V) THE SAFETY OF PERSONS OR PROPERTY; AND_\n\n_(VI) WHETHER A VIOLATION WAS LIKELY CAUSED BY A HUMAN OR TECHNICAL ERROR._\n\n_(4) IF A DEVELOPER OR DEPLOYER FAILS TO CURE A VIOLATION WITHIN 45 DAYS AFTER\nTHE RECEIPT OF A NOTICE OF VIOLATION UNDER PARAGRAPH (3) OF THIS SUBSECTION,\nTHE ATTORNEY GENERAL MAY PROCEED WITH THE ACTION._\n\n_(D) IN AN ACTION BROUGHT BY THE ATTORNEY GENERAL UNDER THIS SECTION, IT IS AN\nAFFIRMATIVE DEFENSE IF:_\n\n_(1) A VIOLATION OF ANY PROVISION OF THIS SUBTITLE IS DISCOVERED THROUGH RED-\nTEAMING, WHICH IS ADVERSARIAL TESTING CONDUCTED FOR THE PURPOSE OF:_\n\n_(I) IDENTIFYING THE POTENTIAL ADVERSE BEHAVIORS OR OUTCOMES OF AN ARTIFICIAL\nINTELLIGENCE SYSTEM;_\n\n_(II) IDENTIFYING HOW THE BEHAVIORS OR OUTCOMES OCCUR; AND_\n\n_(III) STRESS TESTING THE SAFEGUARDS AGAINST THE BEHAVIORS OR OUTCOMES; AND_\n\n_(2) NOT LATER THAN 45 DAYS AFTER DISCOVERING A VIOLATION UNDER ITEM (1) OF\nTHIS SUBSECTION, THE DEVELOPER OR DEPLOYER:_\n\n_(I) CURES THE VIOLATION;_\n\n_(II) PROVIDES NOTICE TO THE ATTORNEY GENERAL IN A FORM AND MANNER PRESCRIBED\nBY THE ATTORNEY GENERAL THAT THE VIOLATION HAS BEEN CURED AND EVIDENCE THAT\nANY HARM CAUSED BY SUCH VIOLATION HAS BEEN MITIGATED; AND_\n\n_(III) IS OTHERWISE IN COMPLIANCE WITH THE REQUIREMENTS OF THIS SUBTITLE._\n\n_14-47A-08._\n\n_A CONSUMER MAY BRING A CIVIL ACTION AGAINST A DEPLOYER IF:_\n\n_(1) THE CONSUMER INITIALLY FILED A TIMELY ADMINISTRATIVE CHARGE OR COMPLAINT\nUNDER FEDERAL, STATE, OR LOCAL LAW ALLEGING A DISCRIMINATORY ACT BY THE\nDEPLOYER AS A RESULT OF A CONSEQUENTIAL DECISION ABOUT THE CONSUMER THAT IS\nMADE BY A HIGH-RISK ARTIFICIAL INTELLIGENCE SYSTEM OF THE DEPLOYER;_\n\n_(2) AT LEAST 180 DAYS HAVE ELAPSED SINCE THE DATE OF FILING OF THE\nADMINISTRATIVE COMPLAINT; AND_\n\n_(3) THE CIVIL ACTION IS FILED NOT MORE THAN 2 YEARS AFTER THE OCCURRENCE OF\nTHE ALLEGED DISCRIMINATORY ACT._\n\nSECTION 2. AND BE IT FURTHER ENACTED, That, if any provision of this Act or\nthe application of any provision of this Act to any person or circumstance is\nheld invalid for any reason in a court of competent jurisdiction, the\ninvalidity does not affect other provisions or any other application of this\nAct that can be given effect without the invalid provision or application, and\nfor this purpose the provisions of this Act are declared severable.\n\nSECTION 3. AND BE IT FURTHER ENACTED, That this Act shall take effect October\n1, 2025.\n\nCopyright (C) 2025 State Net  \n  \n---\n\n",
      "latest_version": true
    }
  ]
}