{
  "bill_id": "MD2025000S361",
  "source_url": "http://custom.statenet.com/public/resources.cgi?id=ID:bill:MD2025000S361&cuiq=93d84396-c63b-526a-b152-38b7f79b4cfd&client_md=e4f6fea4-27b4-5d41-b7d3-766fe52569f0",
  "versions": [
    {
      "date": "01/17/2025",
      "label": "Introduced",
      "url": "https://custom.statenet.com/public/resources.cgi?mode=show_text&id=ID:bill:MD2025000S361&verid=MD2025000S361_20250117_0_I&",
      "raw_html": "<html>\n<head>\n<title>Bill Resource</title>\n\n<!--   <link href=\"https://custom.statenet.com/network/Common/css/extregtext.css\" rel=\"stylesheet\" type=\"text/css\" />-->\n   <link href=\"https://custom.statenet.com/network/Common/css/xmltext-2.0.css\" rel=\"stylesheet\" type=\"text/css\" />\n   <link href=\"https://custom.statenet.com/network/Common/css/additional-text.css\" rel=\"stylesheet\" type=\"text/css\" />\n\n\t<style type=\"text/css\">\n<!--\n\ntd, body {\n     background-color: white;\n\tfont-family: Verdana, Arial, Helvetica, sans-serif;\n\tfont-size: 12px;\n}\n\n.resourceContainer {\n   border: 1px solid black;\n}\n-->\n</style>\n</head>\n<body>\n\n    <div style=\"width: 750px; margin: auto\">\n       <div style=\"font-size: .8em;margin-bottom: 10px\"><table width=\"100%\"><tr><td align=\"left\" style=\"font-size: .8em;\"><div>The following has special meaning:</div>\n<div><u class=\"amendmentInsertedText\">green underline denotes added text</u></div>\n<div><strike class=\"amendmentDeletedText\">red struck out text denotes deleted text</strike></div></td> <td align=\"right\"><a href=\"https://www.lexisnexis.com/statenet/\"><img alt=\"Powered by State Net\" src=\"https://custom.statenet.com/network/poweredby.gif\" /></a></td></tr></table></div><table id=\"text-identifier\"><tr><td class=\"key\">2025 MD S 361</td> <td><table><tr><td class=\"label\">Author:</td> <td>Hester</td></tr> <tr><td class=\"label\">Version:</td> <td>Introduced</td></tr> <tr><td class=\"label\">Version Date:</td> <td>01/17/2025</td></tr></table></td></tr></table><div class=\"documentBody\">\n  <a name=\"head_document_section\"></a><div class=\"head\">\n   <p class=\"center\">\n    <b>SENATE BILL 361</b>\n   </p>\n   <p class=\"indent\">By: <b>Senator Hester</b>\n   </p>\n   <p class=\"indent\">Introduced and read first time: January 17, 2025</p>\n   <p class=\"indent\">Assigned to: Education, Energy, and the Environment</p>\n  </div>\n  <a name=\"code_document_section\"></a><div class=\"code\">\n   <p class=\"center\">A BILL ENTITLED</p>\n   <p class=\"left\">AN ACT concerning</p>\n   <p class=\"center\">\n    <b>Election Law - Influence on a Voter&#39;s Voting Decision By Use of Fraud - Prohibition</b>\n   </p>\n   <p class=\"indent\">FOR the purpose of prohibiting a person from using fraud to influence or attempt to influence a voter&#39;s voting decision; defining &quot;fraud&quot; to include the use of synthetic media; and generally relating to the use of fraud to influence a voter&#39;s voting decision.</p>\n   <p class=\"left\">BY repealing and reenacting, with amendments,</p>\n   <p class=\"indent\">Article - Election Law</p>\n   <p class=\"indent\">Section 16-201</p>\n   <p class=\"indent\">Annotated Code of Maryland</p>\n   <p class=\"indent\">(2022 Replacement Volume and 2024 Supplement)</p>\n  </div>\n  <a name=\"text_document_section\"></a><div class=\"text\">\n   <span>\n    <p class=\"indent\">SECTION 1. BE IT ENACTED BY THE GENERAL ASSEMBLY OF MARYLAND, That the Laws of Maryland read as follows:</p>\n   </span>\n   <p class=\"center\">\n    <b>Article - Election Law</b>\n   </p>\n   <p class=\"indent\">16-201.</p>\n   <p class=\"indent\">(a) <u class=\"amendmentInsertedText\">(1)</u> In this section<strike class=\"amendmentDeletedText\">, &quot;influence&quot;</strike>\n    <u class=\"amendmentInsertedText\">THE FOLLOWING WORDS HAVE THE MEANINGS INDICATED.</u>\n   </p>\n   <p class=\"indent\">\n    <u class=\"amendmentInsertedText\">(2) &quot;FRAUD&quot; INCLUDES THE USE OF SYNTHETIC MEDIA.</u>\n   </p>\n   <p class=\"indent\">\n    <u class=\"amendmentInsertedText\">(3) &quot;INFLUENCE&quot;</u> includes the use of pressure, deception, trickery, or direct or indirect authority to induce action or to change the decision or act of another, regardless of the medium used.</p>\n   <p class=\"indent\">\n    <u class=\"amendmentInsertedText\">(4) &quot;SYNTHETIC MEDIA&quot; MEANS AN IMAGE, AN AUDIO RECORDING, OR A VIDEO RECORDING THAT HAS BEEN INTENTIONALLY CREATED OR MANIPULATED WITH THE USE OF GENERATIVE ARTIFICIAL INTELLIGENCE OR OTHER DIGITAL TECHNOLOGY TO CREATE A REALISTIC BUT FALSE IMAGE, AUDIO RECORDING, OR VIDEO RECORDING:</u>\n   </p>\n   <p class=\"indent\">\n    <u class=\"amendmentInsertedText\">(I) PURPORTING TO DEPICT A REAL, CLEARLY IDENTIFIED CANDIDATE OR THE SPEECH OR CONDUCT OF THE CANDIDATE; OR</u>\n   </p>\n   <p class=\"indent\">\n    <u class=\"amendmentInsertedText\">(II) PRODUCING A FUNDAMENTALLY DIFFERENT UNDERSTANDING OR IMPRESSION OF AN INDIVIDUAL&#39;S APPEARANCE, SPEECH, OR CONDUCT THAN A REASONABLE INDIVIDUAL WOULD HAVE FROM THE UNALTERED, ORIGINAL VERSION OF THE IMAGE, AUDIO RECORDING, OR VIDEO RECORDING.</u>\n   </p>\n   <p class=\"indent\">(b) A person may not willfully and knowingly:</p>\n   <p class=\"indent\">(1) (i) impersonate another person in order to vote or attempt to vote; or</p>\n   <p class=\"indent\">(ii) vote or attempt to vote under a false name;</p>\n   <p class=\"indent\">(2) vote more than once for a candidate for the same office or for the same ballot question;</p>\n   <p class=\"indent\">(3) vote or attempt to vote more than once in the same election, or vote in more than one election district or precinct;</p>\n   <p class=\"indent\">(4) vote in an election district or precinct without the legal authority to vote in that election district or precinct;</p>\n   <p class=\"indent\">(5) influence or attempt to influence a voter&#39;s voting decision through the use of force, <u class=\"amendmentInsertedText\">FRAUD,</u> threat, menace, intimidation, bribery, reward, or offer of reward;</p>\n   <p class=\"indent\">(6) influence or attempt to influence a voter&#39;s decision, through the use of force, fraud, threat, menace, intimidation, bribery, reward, or offer of reward, whether to:</p>\n   <p class=\"indent\">(i) go to the polls to cast a vote; or</p>\n   <p class=\"indent\">(ii) vote by other lawful means; or</p>\n   <p class=\"indent\">(7) engage in conduct that results or has the intent to result in the denial or abridgement of the right of any citizen of the United States to vote on account of race, color, or disability.</p>\n   <p class=\"indent\">(c) Except as provided in &sect; 16-1002 of this title, a person who violates this section is guilty of a misdemeanor and on conviction is subject to a fine of not more than $5,000 or imprisonment for not more than 5 years or both.</p>\n   <p class=\"indent\">(d) A person who violates this section is subject to &sect; 5-106(b) of the Courts Article.</p>\n   <p class=\"indent\">SECTION 2. AND BE IT FURTHER ENACTED, That this Act shall take effect June 1, 2025.</p>\n  </div>\n </div>\n    </div>\t\n<table cellpadding=0 cellspacing=0 width=\"100%\">\n   <tr>\n      <td>\n          Copyright &copy; 2025 State Net\n      </td>\n<BR>\n<!--???MOVED INTO resources.cgi      <td align=\"right\">\n          <img src=\"https://custom.statenet.com/network/poweredby.gif\" alt=\"Powered by State Net\">\n      </td>-->\n\n    </tr>\n</table>\n</body></html>\n",
      "markdown": "The following has special meaning: _green underline denotes added text_ ~~red struck out text denotes deleted text~~ | [![Powered by State Net](https://custom.statenet.com/network/poweredby.gif)](https://www.lexisnexis.com/statenet/)  \n---|---  \n  \n2025 MD S 361 | | Author: | Hester  \n---|---  \nVersion: | Introduced  \nVersion Date: | 01/17/2025  \n  \n**SENATE BILL 361**\n\nBy: **Senator Hester**\n\nIntroduced and read first time: January 17, 2025\n\nAssigned to: Education, Energy, and the Environment\n\nA BILL ENTITLED\n\nAN ACT concerning\n\n**Election Law - Influence on a Voter 's Voting Decision By Use of Fraud -\nProhibition**\n\nFOR the purpose of prohibiting a person from using fraud to influence or\nattempt to influence a voter's voting decision; defining \"fraud\" to include\nthe use of synthetic media; and generally relating to the use of fraud to\ninfluence a voter's voting decision.\n\nBY repealing and reenacting, with amendments,\n\nArticle - Election Law\n\nSection 16-201\n\nAnnotated Code of Maryland\n\n(2022 Replacement Volume and 2024 Supplement)\n\nSECTION 1. BE IT ENACTED BY THE GENERAL ASSEMBLY OF MARYLAND, That the Laws of\nMaryland read as follows:\n\n**Article - Election Law**\n\n16-201.\n\n(a) _(1)_ In this section~~, \"influence\"~~ _THE FOLLOWING WORDS HAVE THE\nMEANINGS INDICATED._\n\n_(2) \"FRAUD\" INCLUDES THE USE OF SYNTHETIC MEDIA._\n\n_(3) \"INFLUENCE\"_ includes the use of pressure, deception, trickery, or direct\nor indirect authority to induce action or to change the decision or act of\nanother, regardless of the medium used.\n\n_(4) \"SYNTHETIC MEDIA\" MEANS AN IMAGE, AN AUDIO RECORDING, OR A VIDEO\nRECORDING THAT HAS BEEN INTENTIONALLY CREATED OR MANIPULATED WITH THE USE OF\nGENERATIVE ARTIFICIAL INTELLIGENCE OR OTHER DIGITAL TECHNOLOGY TO CREATE A\nREALISTIC BUT FALSE IMAGE, AUDIO RECORDING, OR VIDEO RECORDING:_\n\n_(I) PURPORTING TO DEPICT A REAL, CLEARLY IDENTIFIED CANDIDATE OR THE SPEECH\nOR CONDUCT OF THE CANDIDATE; OR_\n\n_(II) PRODUCING A FUNDAMENTALLY DIFFERENT UNDERSTANDING OR IMPRESSION OF AN\nINDIVIDUAL 'S APPEARANCE, SPEECH, OR CONDUCT THAN A REASONABLE INDIVIDUAL\nWOULD HAVE FROM THE UNALTERED, ORIGINAL VERSION OF THE IMAGE, AUDIO RECORDING,\nOR VIDEO RECORDING._\n\n(b) A person may not willfully and knowingly:\n\n(1) (i) impersonate another person in order to vote or attempt to vote; or\n\n(ii) vote or attempt to vote under a false name;\n\n(2) vote more than once for a candidate for the same office or for the same\nballot question;\n\n(3) vote or attempt to vote more than once in the same election, or vote in\nmore than one election district or precinct;\n\n(4) vote in an election district or precinct without the legal authority to\nvote in that election district or precinct;\n\n(5) influence or attempt to influence a voter's voting decision through the\nuse of force, _FRAUD,_ threat, menace, intimidation, bribery, reward, or offer\nof reward;\n\n(6) influence or attempt to influence a voter's decision, through the use of\nforce, fraud, threat, menace, intimidation, bribery, reward, or offer of\nreward, whether to:\n\n(i) go to the polls to cast a vote; or\n\n(ii) vote by other lawful means; or\n\n(7) engage in conduct that results or has the intent to result in the denial\nor abridgement of the right of any citizen of the United States to vote on\naccount of race, color, or disability.\n\n(c) Except as provided in § 16-1002 of this title, a person who violates this\nsection is guilty of a misdemeanor and on conviction is subject to a fine of\nnot more than $5,000 or imprisonment for not more than 5 years or both.\n\n(d) A person who violates this section is subject to § 5-106(b) of the Courts\nArticle.\n\nSECTION 2. AND BE IT FURTHER ENACTED, That this Act shall take effect June 1,\n2025.\n\nCopyright (C) 2025 State Net  \n  \n---\n\n",
      "latest_version": false
    },
    {
      "date": "03/12/2025",
      "label": "Third Reading",
      "url": "https://custom.statenet.com/public/resources.cgi?mode=show_text&id=ID:bill:MD2025000S361&verid=MD2025000S361_20250312_0_TR&",
      "raw_html": "<html>\n<head>\n<title>Bill Resource</title>\n\n<!--   <link href=\"https://custom.statenet.com/network/Common/css/extregtext.css\" rel=\"stylesheet\" type=\"text/css\" />-->\n   <link href=\"https://custom.statenet.com/network/Common/css/xmltext-2.0.css\" rel=\"stylesheet\" type=\"text/css\" />\n   <link href=\"https://custom.statenet.com/network/Common/css/additional-text.css\" rel=\"stylesheet\" type=\"text/css\" />\n\n\t<style type=\"text/css\">\n<!--\n\ntd, body {\n     background-color: white;\n\tfont-family: Verdana, Arial, Helvetica, sans-serif;\n\tfont-size: 12px;\n}\n\n.resourceContainer {\n   border: 1px solid black;\n}\n-->\n</style>\n</head>\n<body>\n\n    <div style=\"width: 750px; margin: auto\">\n       <div style=\"font-size: .8em;margin-bottom: 10px\"><table width=\"100%\"><tr><td align=\"left\" style=\"font-size: .8em;\"><div>The following has special meaning:</div>\n<div><u class=\"amendmentInsertedText\">green underline denotes added text</u></div>\n<div><strike class=\"amendmentDeletedText\">red struck out text denotes deleted text</strike></div></td> <td align=\"right\"><a href=\"https://www.lexisnexis.com/statenet/\"><img alt=\"Powered by State Net\" src=\"https://custom.statenet.com/network/poweredby.gif\" /></a></td></tr></table></div><table id=\"text-identifier\"><tr><td class=\"key\">2025 MD S 361</td> <td><table><tr><td class=\"label\">Author:</td> <td>Hester</td></tr> <tr><td class=\"label\">Version:</td> <td>Third Reading</td></tr> <tr><td class=\"label\">Version Date:</td> <td>03/12/2025</td></tr></table></td></tr></table><div class=\"documentBody\">\n  <a name=\"head_document_section\"></a><div class=\"head\">\n   <p class=\"center\">\n    <b>SENATE BILL 361</b>\n   </p>\n   <p class=\"indent\">By: <b>Senator Hester</b>\n   </p>\n   <p class=\"indent\">Introduced and read first time: January 17, 2025</p>\n   <p class=\"indent\">Assigned to: Education, Energy, and the Environment</p>\n   <p class=\"indent\">Committee Report: Favorable</p>\n   <p class=\"indent\">Senate action: Adopted</p>\n   <p class=\"indent\">Read second time: February 22, 2025</p>\n   <p class=\"center\">CHAPTER ______</p>\n  </div>\n  <a name=\"code_document_section\"></a><div class=\"code\">\n   <p class=\"left\">AN ACT concerning</p>\n   <p class=\"center\">\n    <b>Election Law - Influence on a Voter&#39;s Voting Decision By Use of Fraud - Prohibition</b>\n   </p>\n   <p class=\"indent\">FOR the purpose of prohibiting a person from using fraud to influence or attempt to influence a voter&#39;s voting decision; defining &quot;fraud&quot; to include the use of synthetic media; and generally relating to the use of fraud to influence a voter&#39;s voting decision.</p>\n   <p class=\"left\">BY repealing and reenacting, with amendments,</p>\n   <p class=\"indent\">Article - Election Law</p>\n   <p class=\"indent\">Section 16-201</p>\n   <p class=\"indent\">Annotated Code of Maryland</p>\n   <p class=\"indent\">(2022 Replacement Volume and 2024 Supplement)</p>\n  </div>\n  <a name=\"text_document_section\"></a><div class=\"text\">\n   <span>\n    <p class=\"indent\">SECTION 1. BE IT ENACTED BY THE GENERAL ASSEMBLY OF MARYLAND, That the Laws of Maryland read as follows:</p>\n   </span>\n   <p class=\"center\">\n    <b>Article - Election Law</b>\n   </p>\n   <p class=\"indent\">16-201.</p>\n   <p class=\"indent\">(a) <u class=\"amendmentInsertedText\">(1)</u> In this section<strike class=\"amendmentDeletedText\">, &quot;influence&quot;</strike>\n    <u class=\"amendmentInsertedText\">THE FOLLOWING WORDS HAVE THE MEANINGS INDICATED.</u>\n   </p>\n   <p class=\"indent\">\n    <u class=\"amendmentInsertedText\">(2) &quot;FRAUD&quot; INCLUDES THE USE OF SYNTHETIC MEDIA.</u>\n   </p>\n   <p class=\"indent\">\n    <u class=\"amendmentInsertedText\">(3) &quot;INFLUENCE&quot;</u> includes the use of pressure, deception, trickery, or direct or indirect authority to induce action or to change the decision or act of another, regardless of the medium used.</p>\n   <p class=\"indent\">\n    <u class=\"amendmentInsertedText\">(4) &quot;SYNTHETIC MEDIA&quot; MEANS AN IMAGE, AN AUDIO RECORDING, OR A VIDEO RECORDING THAT HAS BEEN INTENTIONALLY CREATED OR MANIPULATED WITH THE USE OF GENERATIVE ARTIFICIAL INTELLIGENCE OR OTHER DIGITAL TECHNOLOGY TO CREATE A REALISTIC BUT FALSE IMAGE, AUDIO RECORDING, OR VIDEO RECORDING:</u>\n   </p>\n   <p class=\"indent\">\n    <u class=\"amendmentInsertedText\">(I) PURPORTING TO DEPICT A REAL, CLEARLY IDENTIFIED CANDIDATE OR THE SPEECH OR CONDUCT OF THE CANDIDATE; OR</u>\n   </p>\n   <p class=\"indent\">\n    <u class=\"amendmentInsertedText\">(II) PRODUCING A FUNDAMENTALLY DIFFERENT UNDERSTANDING OR IMPRESSION OF AN INDIVIDUAL&#39;S APPEARANCE, SPEECH, OR CONDUCT THAN A REASONABLE INDIVIDUAL WOULD HAVE FROM THE UNALTERED, ORIGINAL VERSION OF THE IMAGE, AUDIO RECORDING, OR VIDEO RECORDING.</u>\n   </p>\n   <p class=\"indent\">(b) A person may not willfully and knowingly:</p>\n   <p class=\"indent\">(1) (i) impersonate another person in order to vote or attempt to vote; or</p>\n   <p class=\"indent\">(ii) vote or attempt to vote under a false name;</p>\n   <p class=\"indent\">(2) vote more than once for a candidate for the same office or for the same ballot question;</p>\n   <p class=\"indent\">(3) vote or attempt to vote more than once in the same election, or vote in more than one election district or precinct;</p>\n   <p class=\"indent\">(4) vote in an election district or precinct without the legal authority to vote in that election district or precinct;</p>\n   <p class=\"indent\">(5) influence or attempt to influence a voter&#39;s voting decision through the use of force, <u class=\"amendmentInsertedText\">FRAUD,</u> threat, menace, intimidation, bribery, reward, or offer of reward;</p>\n   <p class=\"indent\">(6) influence or attempt to influence a voter&#39;s decision, through the use of force, fraud, threat, menace, intimidation, bribery, reward, or offer of reward, whether to:</p>\n   <p class=\"indent\">(i) go to the polls to cast a vote; or</p>\n   <p class=\"indent\">(ii) vote by other lawful means; or</p>\n   <p class=\"indent\">(7) engage in conduct that results or has the intent to result in the denial or abridgement of the right of any citizen of the United States to vote on account of race, color, or disability.</p>\n   <p class=\"indent\">(c) Except as provided in &sect; 16-1002 of this title, a person who violates this section is guilty of a misdemeanor and on conviction is subject to a fine of not more than $5,000 or imprisonment for not more than 5 years or both.</p>\n   <p class=\"indent\">(d) A person who violates this section is subject to &sect; 5-106(b) of the Courts Article.</p>\n   <p class=\"indent\">SECTION 2. AND BE IT FURTHER ENACTED, That this Act shall take effect June 1, 2025.</p>\n  </div>\n </div>\n    </div>\t\n<table cellpadding=0 cellspacing=0 width=\"100%\">\n   <tr>\n      <td>\n          Copyright &copy; 2025 State Net\n      </td>\n<BR>\n<!--???MOVED INTO resources.cgi      <td align=\"right\">\n          <img src=\"https://custom.statenet.com/network/poweredby.gif\" alt=\"Powered by State Net\">\n      </td>-->\n\n    </tr>\n</table>\n</body></html>\n",
      "markdown": "The following has special meaning: _green underline denotes added text_ ~~red struck out text denotes deleted text~~ | [![Powered by State Net](https://custom.statenet.com/network/poweredby.gif)](https://www.lexisnexis.com/statenet/)  \n---|---  \n  \n2025 MD S 361 | | Author: | Hester  \n---|---  \nVersion: | Third Reading  \nVersion Date: | 03/12/2025  \n  \n**SENATE BILL 361**\n\nBy: **Senator Hester**\n\nIntroduced and read first time: January 17, 2025\n\nAssigned to: Education, Energy, and the Environment\n\nCommittee Report: Favorable\n\nSenate action: Adopted\n\nRead second time: February 22, 2025\n\nCHAPTER ______\n\nAN ACT concerning\n\n**Election Law - Influence on a Voter 's Voting Decision By Use of Fraud -\nProhibition**\n\nFOR the purpose of prohibiting a person from using fraud to influence or\nattempt to influence a voter's voting decision; defining \"fraud\" to include\nthe use of synthetic media; and generally relating to the use of fraud to\ninfluence a voter's voting decision.\n\nBY repealing and reenacting, with amendments,\n\nArticle - Election Law\n\nSection 16-201\n\nAnnotated Code of Maryland\n\n(2022 Replacement Volume and 2024 Supplement)\n\nSECTION 1. BE IT ENACTED BY THE GENERAL ASSEMBLY OF MARYLAND, That the Laws of\nMaryland read as follows:\n\n**Article - Election Law**\n\n16-201.\n\n(a) _(1)_ In this section~~, \"influence\"~~ _THE FOLLOWING WORDS HAVE THE\nMEANINGS INDICATED._\n\n_(2) \"FRAUD\" INCLUDES THE USE OF SYNTHETIC MEDIA._\n\n_(3) \"INFLUENCE\"_ includes the use of pressure, deception, trickery, or direct\nor indirect authority to induce action or to change the decision or act of\nanother, regardless of the medium used.\n\n_(4) \"SYNTHETIC MEDIA\" MEANS AN IMAGE, AN AUDIO RECORDING, OR A VIDEO\nRECORDING THAT HAS BEEN INTENTIONALLY CREATED OR MANIPULATED WITH THE USE OF\nGENERATIVE ARTIFICIAL INTELLIGENCE OR OTHER DIGITAL TECHNOLOGY TO CREATE A\nREALISTIC BUT FALSE IMAGE, AUDIO RECORDING, OR VIDEO RECORDING:_\n\n_(I) PURPORTING TO DEPICT A REAL, CLEARLY IDENTIFIED CANDIDATE OR THE SPEECH\nOR CONDUCT OF THE CANDIDATE; OR_\n\n_(II) PRODUCING A FUNDAMENTALLY DIFFERENT UNDERSTANDING OR IMPRESSION OF AN\nINDIVIDUAL 'S APPEARANCE, SPEECH, OR CONDUCT THAN A REASONABLE INDIVIDUAL\nWOULD HAVE FROM THE UNALTERED, ORIGINAL VERSION OF THE IMAGE, AUDIO RECORDING,\nOR VIDEO RECORDING._\n\n(b) A person may not willfully and knowingly:\n\n(1) (i) impersonate another person in order to vote or attempt to vote; or\n\n(ii) vote or attempt to vote under a false name;\n\n(2) vote more than once for a candidate for the same office or for the same\nballot question;\n\n(3) vote or attempt to vote more than once in the same election, or vote in\nmore than one election district or precinct;\n\n(4) vote in an election district or precinct without the legal authority to\nvote in that election district or precinct;\n\n(5) influence or attempt to influence a voter's voting decision through the\nuse of force, _FRAUD,_ threat, menace, intimidation, bribery, reward, or offer\nof reward;\n\n(6) influence or attempt to influence a voter's decision, through the use of\nforce, fraud, threat, menace, intimidation, bribery, reward, or offer of\nreward, whether to:\n\n(i) go to the polls to cast a vote; or\n\n(ii) vote by other lawful means; or\n\n(7) engage in conduct that results or has the intent to result in the denial\nor abridgement of the right of any citizen of the United States to vote on\naccount of race, color, or disability.\n\n(c) Except as provided in § 16-1002 of this title, a person who violates this\nsection is guilty of a misdemeanor and on conviction is subject to a fine of\nnot more than $5,000 or imprisonment for not more than 5 years or both.\n\n(d) A person who violates this section is subject to § 5-106(b) of the Courts\nArticle.\n\nSECTION 2. AND BE IT FURTHER ENACTED, That this Act shall take effect June 1,\n2025.\n\nCopyright (C) 2025 State Net  \n  \n---\n\n",
      "latest_version": true
    }
  ]
}