{
  "bill_id": "MD2025000H1384",
  "source_url": "http://custom.statenet.com/public/resources.cgi?id=ID:bill:MD2025000H1384&cuiq=93d84396-c63b-526a-b152-38b7f79b4cfd&client_md=e4f6fea4-27b4-5d41-b7d3-766fe52569f0",
  "versions": [
    {
      "date": "02/07/2025",
      "label": "Introduced",
      "url": "https://custom.statenet.com/public/resources.cgi?mode=show_text&id=ID:bill:MD2025000H1384&verid=MD2025000H1384_20250207_0_I&",
      "raw_html": "<html>\n<head>\n<title>Bill Resource</title>\n\n<!--   <link href=\"https://custom.statenet.com/network/Common/css/extregtext.css\" rel=\"stylesheet\" type=\"text/css\" />-->\n   <link href=\"https://custom.statenet.com/network/Common/css/xmltext-2.0.css\" rel=\"stylesheet\" type=\"text/css\" />\n   <link href=\"https://custom.statenet.com/network/Common/css/additional-text.css\" rel=\"stylesheet\" type=\"text/css\" />\n\n\t<style type=\"text/css\">\n<!--\n\ntd, body {\n     background-color: white;\n\tfont-family: Verdana, Arial, Helvetica, sans-serif;\n\tfont-size: 12px;\n}\n\n.resourceContainer {\n   border: 1px solid black;\n}\n-->\n</style>\n</head>\n<body>\n\n    <div style=\"width: 750px; margin: auto\">\n       <div style=\"font-size: .8em;margin-bottom: 10px\"><table width=\"100%\"><tr><td align=\"left\" style=\"font-size: .8em;\"><div>The following has special meaning:</div>\n<div><u class=\"amendmentInsertedText\">green underline denotes added text</u></div>\n<div><strike class=\"amendmentDeletedText\">red struck out text denotes deleted text</strike></div></td> <td align=\"right\"><a href=\"https://www.lexisnexis.com/statenet/\"><img alt=\"Powered by State Net\" src=\"https://custom.statenet.com/network/poweredby.gif\" /></a></td></tr></table></div><table id=\"text-identifier\"><tr><td class=\"key\">2025 MD H 1384</td> <td><table><tr><td class=\"label\">Author:</td> <td>Howard County Delegation</td></tr> <tr><td class=\"label\">Version:</td> <td>Introduced</td></tr> <tr><td class=\"label\">Version Date:</td> <td>02/07/2025</td></tr></table></td></tr></table><div class=\"documentBody\">\n  <a name=\"head_document_section\"></a><div class=\"head\">\n   <p class=\"center\">\n    <b>HOUSE BILL 1384 </b>\n   </p>\n   <p class=\"indent\">By: <b>Howard County Delegation</b>\n   </p>\n   <p class=\"indent\">Introduced and read first time: February 7, 2025</p>\n   <p class=\"indent\">Assigned to: Ways and Means</p>\n  </div>\n  <a name=\"code_document_section\"></a><div class=\"code\">\n   <p class=\"center\">A BILL ENTITLED</p>\n   <p class=\"left\">AN ACT concerning</p>\n   <p class=\"center\">\n    <b>Howard County - Study on Detecting Deadly Weapons in Public Middle and High Schools</b>\n   </p>\n   <p class=\"center\">\n    <b>Ho. Co. 15-25 </b>\n   </p>\n   <p class=\"indent\">FOR the purpose of requiring the Howard County Board of Education to study how best to detect deadly weapons in Howard County public middle and high schools and how best to rapidly report the detection of weapons to a law enforcement agency; and generally relating to a study on detecting deadly weapons in Howard County public middle and high schools.</p>\n  </div>\n  <a name=\"text_document_section\"></a><div class=\"text\">\n   <span>\n    <p class=\"indent\">SECTION 1. BE IT ENACTED BY THE GENERAL ASSEMBLY OF MARYLAND, That:</p>\n   </span>\n   <p class=\"indent\">(a) The Howard County Board of Education shall study how best to:</p>\n   <p class=\"indent\">(1) detect deadly weapons on Howard County public middle and high school properties; and</p>\n   <p class=\"indent\">(2) have schools rapidly report the detection of a deadly weapon to a law enforcement agency.</p>\n   <p class=\"indent\">(b) (1) The study required under this section shall include a comprehensive audit of the current security infrastructure used in the Howard County public school system.</p>\n   <p class=\"indent\">(2) The audit shall include an evaluation of:</p>\n   <p class=\"indent\">(i) physical and technological security measures currently in use; and</p>\n   <p class=\"indent\">(ii) any gaps or areas that require improvement within the current security system.</p>\n   <p class=\"indent\">(c) The study shall, at minimum, include an evaluation of:</p>\n   <p class=\"indent\">(1) any available methods not currently used by the Howard County Public School System, and the feasibility of using those methods, to help fill gaps or make improvements in the security system identified in the comprehensive audit;</p>\n   <p class=\"indent\">(2) how the current security system could best be adapted to achieve better detection of deadly weapons and quicker reporting to law enforcement agencies when deadly weapons have been detected;</p>\n   <p class=\"indent\">(3) software that uses artificial intelligence to identify deadly weapons, and the necessary steps to ensure that the software works effectively, including integration with security cameras and other currently used safety measures;</p>\n   <p class=\"indent\">(4) an increased use of security cameras in public middle and high schools and their ideal placement; and</p>\n   <p class=\"indent\">(5) an increased use of metal detectors, including handheld metal detectors, in public middle and high school entrances.</p>\n   <p class=\"indent\">(d) On or before October 1, 2025, in a manner that does not jeopardize school safety, the Howard County Board of Education shall report on the findings of its study to the State Superintendent of Schools and, in accordance with &sect; 2-1257 of the State Government Article, the Howard County Delegation to the General Assembly.</p>\n   <p class=\"indent\">SECTION 2. AND BE IT FURTHER ENACTED, That this Act shall take effect June 1, 2025. It shall remain in effect for a period of 1 year and 1 month and, at the end of June 30, 2026, this Act, with no further action required by the General Assembly, shall be abrogated and of no further force and effect.</p>\n  </div>\n </div>\n    </div>\t\n<table cellpadding=0 cellspacing=0 width=\"100%\">\n   <tr>\n      <td>\n          Copyright &copy; 2025 State Net\n      </td>\n<BR>\n<!--???MOVED INTO resources.cgi      <td align=\"right\">\n          <img src=\"https://custom.statenet.com/network/poweredby.gif\" alt=\"Powered by State Net\">\n      </td>-->\n\n    </tr>\n</table>\n</body></html>\n",
      "markdown": "The following has special meaning: _green underline denotes added text_ ~~red struck out text denotes deleted text~~ | [![Powered by State Net](https://custom.statenet.com/network/poweredby.gif)](https://www.lexisnexis.com/statenet/)  \n---|---  \n  \n2025 MD H 1384 | | Author: | Howard County Delegation  \n---|---  \nVersion: | Introduced  \nVersion Date: | 02/07/2025  \n  \n**HOUSE BILL 1384**\n\nBy: **Howard County Delegation**\n\nIntroduced and read first time: February 7, 2025\n\nAssigned to: Ways and Means\n\nA BILL ENTITLED\n\nAN ACT concerning\n\n**Howard County - Study on Detecting Deadly Weapons in Public Middle and High\nSchools**\n\n**Ho. Co. 15-25**\n\nFOR the purpose of requiring the Howard County Board of Education to study how\nbest to detect deadly weapons in Howard County public middle and high schools\nand how best to rapidly report the detection of weapons to a law enforcement\nagency; and generally relating to a study on detecting deadly weapons in\nHoward County public middle and high schools.\n\nSECTION 1. BE IT ENACTED BY THE GENERAL ASSEMBLY OF MARYLAND, That:\n\n(a) The Howard County Board of Education shall study how best to:\n\n(1) detect deadly weapons on Howard County public middle and high school\nproperties; and\n\n(2) have schools rapidly report the detection of a deadly weapon to a law\nenforcement agency.\n\n(b) (1) The study required under this section shall include a comprehensive\naudit of the current security infrastructure used in the Howard County public\nschool system.\n\n(2) The audit shall include an evaluation of:\n\n(i) physical and technological security measures currently in use; and\n\n(ii) any gaps or areas that require improvement within the current security\nsystem.\n\n(c) The study shall, at minimum, include an evaluation of:\n\n(1) any available methods not currently used by the Howard County Public\nSchool System, and the feasibility of using those methods, to help fill gaps\nor make improvements in the security system identified in the comprehensive\naudit;\n\n(2) how the current security system could best be adapted to achieve better\ndetection of deadly weapons and quicker reporting to law enforcement agencies\nwhen deadly weapons have been detected;\n\n(3) software that uses artificial intelligence to identify deadly weapons, and\nthe necessary steps to ensure that the software works effectively, including\nintegration with security cameras and other currently used safety measures;\n\n(4) an increased use of security cameras in public middle and high schools and\ntheir ideal placement; and\n\n(5) an increased use of metal detectors, including handheld metal detectors,\nin public middle and high school entrances.\n\n(d) On or before October 1, 2025, in a manner that does not jeopardize school\nsafety, the Howard County Board of Education shall report on the findings of\nits study to the State Superintendent of Schools and, in accordance with §\n2-1257 of the State Government Article, the Howard County Delegation to the\nGeneral Assembly.\n\nSECTION 2. AND BE IT FURTHER ENACTED, That this Act shall take effect June 1,\n2025. It shall remain in effect for a period of 1 year and 1 month and, at the\nend of June 30, 2026, this Act, with no further action required by the General\nAssembly, shall be abrogated and of no further force and effect.\n\nCopyright (C) 2025 State Net  \n  \n---\n\n",
      "latest_version": true
    }
  ]
}