{
  "bill_id": "MD2025000H1331",
  "source_url": "http://custom.statenet.com/public/resources.cgi?id=ID:bill:MD2025000H1331&cuiq=93d84396-c63b-526a-b152-38b7f79b4cfd&client_md=e4f6fea4-27b4-5d41-b7d3-766fe52569f0",
  "versions": [
    {
      "date": "02/07/2025",
      "label": "Introduced",
      "url": "https://custom.statenet.com/public/resources.cgi?mode=show_text&id=ID:bill:MD2025000H1331&verid=MD2025000H1331_20250207_0_I&",
      "raw_html": "<html>\n<head>\n<title>Bill Resource</title>\n\n<!--   <link href=\"https://custom.statenet.com/network/Common/css/extregtext.css\" rel=\"stylesheet\" type=\"text/css\" />-->\n   <link href=\"https://custom.statenet.com/network/Common/css/xmltext-2.0.css\" rel=\"stylesheet\" type=\"text/css\" />\n   <link href=\"https://custom.statenet.com/network/Common/css/additional-text.css\" rel=\"stylesheet\" type=\"text/css\" />\n\n\t<style type=\"text/css\">\n<!--\n\ntd, body {\n     background-color: white;\n\tfont-family: Verdana, Arial, Helvetica, sans-serif;\n\tfont-size: 12px;\n}\n\n.resourceContainer {\n   border: 1px solid black;\n}\n-->\n</style>\n</head>\n<body>\n\n    <div style=\"width: 750px; margin: auto\">\n       <div style=\"font-size: .8em;margin-bottom: 10px\"><table width=\"100%\"><tr><td align=\"left\" style=\"font-size: .8em;\"><div>The following has special meaning:</div>\n<div><u class=\"amendmentInsertedText\">green underline denotes added text</u></div>\n<div><strike class=\"amendmentDeletedText\">red struck out text denotes deleted text</strike></div></td> <td align=\"right\"><a href=\"https://www.lexisnexis.com/statenet/\"><img alt=\"Powered by State Net\" src=\"https://custom.statenet.com/network/poweredby.gif\" /></a></td></tr></table></div><table id=\"text-identifier\"><tr><td class=\"key\">2025 MD H 1331</td> <td><table><tr><td class=\"label\">Author:</td> <td>Qi</td></tr> <tr><td class=\"label\">Version:</td> <td>Introduced</td></tr> <tr><td class=\"label\">Version Date:</td> <td>02/07/2025</td></tr></table></td></tr></table><div class=\"documentBody\">\n  <a name=\"head_document_section\"></a><div class=\"head\">\n   <p class=\"center\">\n    <b>HOUSE BILL 1331</b>\n   </p>\n   <p class=\"indent\">By: <b>Delegate Qi</b>\n   </p>\n   <p class=\"indent\">Introduced and read first time: February 7, 2025</p>\n   <p class=\"indent\">Assigned to: Economic Matters</p>\n  </div>\n  <a name=\"code_document_section\"></a><div class=\"code\">\n   <p class=\"center\">A BILL ENTITLED</p>\n   <p class=\"left\">AN ACT concerning</p>\n   <p class=\"center\">\n    <b>Consumer Protection - Artificial Intelligence</b>\n   </p>\n   <p class=\"indent\">FOR the purpose of regulating the manner in which a developer or deployer of artificial intelligence must protect consumers from certain risks; requiring a developer that offers to sell a certain artificial intelligence system to provide certain information and make certain disclosures; requiring a deployer to implement a certain risk management policy and take certain precautions to protect consumers from certain risks; requiring a deployer to complete a certain impact assessment and make certain disclosures; authorizing a deployer to decline certain appeals; providing exceptions to certain requirements for a deployer; establishing a certain rebuttable presumption; making a certain violation an unfair, abusive, or deceptive trade practice that is subject to enforcement and penalties under the Maryland Consumer Protection Act; establishing requirements for certain agreements regarding voice and likeness clones; and generally relating to artificial intelligence.</p>\n   <p class=\"left\">BY repealing and reenacting, with amendments,</p>\n   <p class=\"indent\">Article - Commercial Law</p>\n   <p class=\"indent\">Section 13-301(14)(xlii)</p>\n   <p class=\"indent\">Annotated Code of Maryland</p>\n   <p class=\"indent\">(2013 Replacement Volume and 2024 Supplement)</p>\n   <p class=\"left\">BY repealing and reenacting, without amendments,</p>\n   <p class=\"indent\">Article - Commercial Law</p>\n   <p class=\"indent\">Section 13-301(14)(xliii)</p>\n   <p class=\"indent\">Annotated Code of Maryland</p>\n   <p class=\"indent\">(2013 Replacement Volume and 2024 Supplement)</p>\n   <p class=\"left\">BY adding to</p>\n   <p class=\"indent\">Article - Commercial Law</p>\n   <p class=\"indent\">Section 13-301(14)(xliv); 14-5001 through 14-5008 to be under the new subtitle &quot;Subtitle 50. Developers and Deployers of Artificial Intelligence Systems&quot;; and</p>\n   <p class=\"indent\">14-5101 and 14-5102 to be under the new subtitle &quot;Subtitle 51. Agreements Concerning Voice and Likeness Clones&quot;</p>\n   <p class=\"indent\">Annotated Code of Maryland</p>\n   <p class=\"indent\">(2013 Replacement Volume and 2024 Supplement)</p>\n   <p class=\"left\">BY repealing and reenacting, without amendments,</p>\n   <p class=\"indent\">Article - State Finance and Procurement</p>\n   <p class=\"indent\">Section 3.5-801(a) and (c)</p>\n   <p class=\"indent\">Annotated Code of Maryland</p>\n   <p class=\"indent\">(2021 Replacement Volume and 2024 Supplement)</p>\n  </div>\n  <a name=\"text_document_section\"></a><div class=\"text\">\n   <span>\n    <p class=\"indent\">SECTION 1. BE IT ENACTED BY THE GENERAL ASSEMBLY OF MARYLAND, That the Laws of Maryland read as follows:</p>\n   </span>\n   <p class=\"center\">\n    <b>Article - Commercial Law</b>\n   </p>\n   <p class=\"indent\">13-301.</p>\n   <p class=\"indent\">Unfair, abusive, or deceptive trade practices include any:</p>\n   <p class=\"indent\">(14) Violation of a provision of:</p>\n   <p class=\"indent\">(xlii) Section 12-6C-09.1 of the Health Occupations Article; <strike class=\"amendmentDeletedText\">or</strike>\n   </p>\n   <p class=\"indent\">(xliii) Title 14, Subtitle 48 of this article; or</p>\n   <p class=\"indent\">\n    <u class=\"amendmentInsertedText\">(XLIV) TITLE 14, SUBTITLE 50 OF THIS ARTICLE; OR</u>\n   </p>\n   <p class=\"center\">\n    <u class=\"amendmentInsertedText\">SUBTITLE 50. DEVELOPERS AND DEPLOYERS OF ARTIFICIAL INTELLIGENCE SYSTEMS.</u>\n   </p>\n   <p class=\"indent\">\n    <u class=\"amendmentInsertedText\">14-5001.</u>\n   </p>\n   <p class=\"indent\">\n    <u class=\"amendmentInsertedText\">(A) IN THIS SUBTITLE THE FOLLOWING WORDS HAVE THE MEANINGS INDICATED.</u>\n   </p>\n   <p class=\"indent\">\n    <u class=\"amendmentInsertedText\">(B) (1) &quot;ALGORITHMIC DISCRIMINATION&quot; MEANS DIFFERENTIAL TREATMENT AS A RESULT OF THE USE OF ARTIFICIAL INTELLIGENCE THAT NEGATIVELY IMPACTS A PERSON BASED ON THE PERSON&#39;S ACTUAL OR PERCEIVED AGE, COLOR, DISABILITY, ETHNICITY, GENETIC INFORMATION, PROFICIENCY IN THE ENGLISH LANGUAGE, NATIONAL ORIGIN, RACE, RELIGION, REPRODUCTIVE HEALTH, SEX, VETERAN STATUS, OR OTHER PROTECTED CLASS.</u>\n   </p>\n   <p class=\"indent\">\n    <u class=\"amendmentInsertedText\">(2) &quot;ALGORITHMIC DISCRIMINATION&quot; DOES NOT INCLUDE:</u>\n   </p>\n   <p class=\"indent\">\n    <u class=\"amendmentInsertedText\">(I) THE OFFER, LICENSE, OR USE OF A HIGH-RISK ARTIFICIAL INTELLIGENCE SYSTEM BY A DEVELOPER OR DEPLOYER FOR:</u>\n   </p>\n   <p class=\"indent\">\n    <u class=\"amendmentInsertedText\">1. TESTING TO IDENTIFY, MITIGATE, OR PREVENT DISCRIMINATION OR ENSURE COMPLIANCE WITH A STATE OR FEDERAL LAW; OR</u>\n   </p>\n   <p class=\"indent\">\n    <u class=\"amendmentInsertedText\">2. INCREASING DIVERSITY WITHIN AN APPLICANT, CUSTOMER, OR PARTICIPANT POOL; OR</u>\n   </p>\n   <p class=\"indent\">\n    <u class=\"amendmentInsertedText\">(II) AN ACTION THAT BENEFITS AN ESTABLISHMENT THAT:</u>\n   </p>\n   <p class=\"indent\">\n    <u class=\"amendmentInsertedText\">1. IS SUBJECT TO 42 U.S.C. &sect; 2000 A(E); AND</u>\n   </p>\n   <p class=\"indent\">\n    <u class=\"amendmentInsertedText\">2. IS NOT IN FACT OPEN TO THE PUBLIC.</u>\n   </p>\n   <p class=\"indent\">\n    <u class=\"amendmentInsertedText\">(C) &quot;ARTIFICIAL INTELLIGENCE&quot; HAS THE MEANING STATED IN &sect; 3.5-801 OF THE STATE FINANCE AND PROCUREMENT ARTICLE.</u>\n   </p>\n   <p class=\"indent\">\n    <u class=\"amendmentInsertedText\">(D) &quot;DATASET CARD&quot; MEANS A FILE THAT:</u>\n   </p>\n   <p class=\"indent\">\n    <u class=\"amendmentInsertedText\">(1) IS USED TO INFORM USERS ABOUT HOW TO RESPONSIBLY USE THE DATA IN A DATASET; AND</u>\n   </p>\n   <p class=\"indent\">\n    <u class=\"amendmentInsertedText\">(2) CONTAINS INFORMATION ABOUT POTENTIAL BIASES OF THE DATA.</u>\n   </p>\n   <p class=\"indent\">\n    <u class=\"amendmentInsertedText\">(E) &quot;DECISION THAT PRODUCES LEGAL OR SIMILARLY SIGNIFICANT EFFECTS CONCERNING THE CONSUMER&quot; HAS THE MEANING STATED IN &sect; 14-4701 OF THIS TITLE.</u>\n   </p>\n   <p class=\"indent\">\n    <u class=\"amendmentInsertedText\">(F) &quot;HIGH-RISK ARTIFICIAL INTELLIGENCE SYSTEM&quot; MEANS ANY ARTIFICIAL INTELLIGENCE SYSTEM THAT, WHEN DEPLOYED, MAKES, OR IS A SUBSTANTIAL FACTOR IN MAKING, A DECISION THAT PRODUCES LEGAL OR SIMILARLY SIGNIFICANT EFFECTS CONCERNING THE CONSUMER.</u>\n   </p>\n   <p class=\"indent\">\n    <u class=\"amendmentInsertedText\">(G) &quot;MODEL CARD&quot; MEANS A FILE THAT ACCOMPANIES THE MODEL AND PROVIDES INFORMATION ABOUT DISCOVERABILITY, REPRODUCIBILITY, AND SHARING.</u>\n   </p>\n   <p class=\"indent\">\n    <u class=\"amendmentInsertedText\">14-5002.</u>\n   </p>\n   <p class=\"indent\">\n    <u class=\"amendmentInsertedText\">(A) A DEVELOPER SHALL TAKE REASONABLE PRECAUTIONS TO PROTECT CONSUMERS FROM KNOWN OR REASONABLY FORESEEABLE RISKS OF ALGORITHMIC DISCRIMINATION FROM THE INTENDED USES OF A HIGH-RISK ARTIFICIAL INTELLIGENCE SYSTEM PRODUCED BY THE DEVELOPER.</u>\n   </p>\n   <p class=\"indent\">\n    <u class=\"amendmentInsertedText\">(B) A DEVELOPER THAT OFFERS TO SELL A HIGH-RISK ARTIFICIAL INTELLIGENCE SYSTEM SHALL:</u>\n   </p>\n   <p class=\"indent\">\n    <u class=\"amendmentInsertedText\">(1) PROVIDE TO A PURCHASER OF THE HIGH-RISK ARTIFICIAL INTELLIGENCE SYSTEM THE STANDARDIZED DISCLOSURE DOCUMENTATION PERTAINING TO THE USES OF THE HIGH-RISK ARTIFICIAL INTELLIGENCE SYSTEM AS DESCRIBED IN SUBSECTION (C) OF THIS SECTION;</u>\n   </p>\n   <p class=\"indent\">\n    <u class=\"amendmentInsertedText\">(2) PROVIDE TO A DEPLOYER INFORMATION NECESSARY FOR THE DEPLOYER TO COMPLETE AN IMPACT ASSESSMENT UNDER &sect; 14-5004 OF THIS SUBTITLE; AND</u>\n   </p>\n   <p class=\"indent\">\n    <u class=\"amendmentInsertedText\">(3) PUBLISH, ON THE DEVELOPER&#39;S WEBSITE OR IN A PUBLIC USE CASE INVENTORY, STANDARDIZED INFORMATION PERTAINING TO EACH HIGH-RISK ARTIFICIAL INTELLIGENCE SYSTEM THAT THE DEVELOPER OFFERS FOR PURCHASE.</u>\n   </p>\n   <p class=\"indent\">\n    <u class=\"amendmentInsertedText\">(C) THE STANDARDIZED DISCLOSURE DOCUMENTATION REQUIRED UNDER SUBSECTION (B)(1) OF THIS SECTION SHALL INCLUDE:</u>\n   </p>\n   <p class=\"indent\">\n    <u class=\"amendmentInsertedText\">(1) THE PURPOSE OF THE HIGH-RISK ARTIFICIAL INTELLIGENCE SYSTEM;</u>\n   </p>\n   <p class=\"indent\">\n    <u class=\"amendmentInsertedText\">(2) THE INTENDED USES, BENEFITS, AND OUTPUTS OF THE HIGH-RISK ARTIFICIAL INTELLIGENCE SYSTEM;</u>\n   </p>\n   <p class=\"indent\">\n    <u class=\"amendmentInsertedText\">(3) A DESCRIPTION OF THE KNOWN AND REASONABLY FORESEEABLE:</u>\n   </p>\n   <p class=\"indent\">\n    <u class=\"amendmentInsertedText\">(I) USES AND MISUSES OF THE HIGH-RISK ARTIFICIAL INTELLIGENCE SYSTEM, AND THE RISKS OF ALGORITHMIC DISCRIMINATION ARISING FROM THEM; AND</u>\n   </p>\n   <p class=\"indent\">\n    <u class=\"amendmentInsertedText\">(II) LIMITATIONS OF THE HIGH-RISK ARTIFICIAL INTELLIGENCE SYSTEM;</u>\n   </p>\n   <p class=\"indent\">\n    <u class=\"amendmentInsertedText\">(4) A DESCRIPTION OF THE STEPS TAKEN BY THE DEVELOPER PRIOR TO OFFERING A HIGH-RISK ARTIFICIAL INTELLIGENCE SYSTEM FOR PURCHASE TO:</u>\n   </p>\n   <p class=\"indent\">\n    <u class=\"amendmentInsertedText\">(I) EVALUATE THE PERFORMANCE OF THE HIGH-RISK ARTIFICIAL INTELLIGENCE SYSTEM; AND</u>\n   </p>\n   <p class=\"indent\">\n    <u class=\"amendmentInsertedText\">(II) MITIGATE KNOWN OR REASONABLY FORESEEABLE ALGORITHMIC DISCRIMINATION ARISING FROM THE USE OF THE HIGH-RISK ARTIFICIAL INTELLIGENCE SYSTEM;</u>\n   </p>\n   <p class=\"indent\">\n    <u class=\"amendmentInsertedText\">(5) A SUMMARY OF THE DATA USED TO TRAIN THE HIGH-RISK ARTIFICIAL INTELLIGENCE SYSTEM;</u>\n   </p>\n   <p class=\"indent\">\n    <u class=\"amendmentInsertedText\">(6) A DESCRIPTION OF THE DATA GOVERNANCE MEASURES THAT APPLIED TO THE DATA USED TO TRAIN THE HIGH-RISK ARTIFICIAL INTELLIGENCE SYSTEM;</u>\n   </p>\n   <p class=\"indent\">\n    <u class=\"amendmentInsertedText\">(7) THE MEASURES TAKEN TO EXAMINE:</u>\n   </p>\n   <p class=\"indent\">\n    <u class=\"amendmentInsertedText\">(I) THE SUITABILITY OF DATA SOURCES; AND</u>\n   </p>\n   <p class=\"indent\">\n    <u class=\"amendmentInsertedText\">(II) POSSIBLE BIASES AND APPROPRIATE MITIGATION;</u>\n   </p>\n   <p class=\"indent\">\n    <u class=\"amendmentInsertedText\">(8) BEST PRACTICES FOR THE INTENDED USE, PREVENTION OF MISUSE, AND MONITORING OF A HIGH-RISK ARTIFICIAL INTELLIGENCE SYSTEM;</u>\n   </p>\n   <p class=\"indent\">\n    <u class=\"amendmentInsertedText\">(9) ANY INFORMATION NECESSARY FOR THE PURCHASER TO COMPLY WITH THE REQUIREMENTS UNDER &sect; 14-5003 OF THIS SUBTITLE; AND</u>\n   </p>\n   <p class=\"indent\">\n    <u class=\"amendmentInsertedText\">(10) ANY INFORMATION REASONABLY NECESSARY TO ALLOW THE PURCHASER TO UNDERSTAND THE OUTPUTS OF AND MONITOR THE PERFORMANCE OF THE HIGH-RISK ARTIFICIAL INTELLIGENCE SYSTEM.</u>\n   </p>\n   <p class=\"indent\">\n    <u class=\"amendmentInsertedText\">(D) THE INFORMATION REQUIRED UNDER SUBSECTION (C)(2) OF THIS SECTION SHALL, TO THE EXTENT FEASIBLE, BE PROVIDED IN THE FORM OF MODEL CARDS, DATASET CARDS, OR PREEXISTING IMPACT ASSESSMENTS.</u>\n   </p>\n   <p class=\"indent\">\n    <u class=\"amendmentInsertedText\">(E) THE DOCUMENTATION REQUIRED TO BE PUBLISHED UNDER SUBSECTION (C)(3) OF THIS SECTION SHALL:</u>\n   </p>\n   <p class=\"indent\">\n    <u class=\"amendmentInsertedText\">(1) SUMMARIZE THE HIGH-RISK ARTIFICIAL INTELLIGENCE SYSTEMS THAT THE DEVELOPER OFFERS FOR SALE;</u>\n   </p>\n   <p class=\"indent\">\n    <u class=\"amendmentInsertedText\">(2) SUMMARIZE THE MEASURES TAKEN BY THE DEVELOPER TO MANAGE KNOWN AND REASONABLY FORESEEABLE RISKS OF ALGORITHMIC DISCRIMINATION THAT THE DEVELOPER OFFERS FOR SALE; AND</u>\n   </p>\n   <p class=\"indent\">\n    <u class=\"amendmentInsertedText\">(3) BE UPDATED:</u>\n   </p>\n   <p class=\"indent\">\n    <u class=\"amendmentInsertedText\">(I) AS NECESSARY TO ENSURE THAT THE DOCUMENTATION REMAINS ACCURATE; AND</u>\n   </p>\n   <p class=\"indent\">\n    <u class=\"amendmentInsertedText\">(II) NOT LATER THAN 90 DAYS AFTER ANY CHANGE IS MADE TO A HIGH-RISK ARTIFICIAL INTELLIGENCE SYSTEM THAT WOULD NECESSITATE UPDATING THE RELEVANT DOCUMENTATION UNDER SUBSECTION (C)(3) OF THIS SECTION.</u>\n   </p>\n   <p class=\"indent\">\n    <u class=\"amendmentInsertedText\">(F) A DEVELOPER THAT LEARNS THROUGH ONGOING INTERNAL TESTING, OR THROUGH A CREDIBLE REPORT, THAT A HIGH-RISK ARTIFICIAL INTELLIGENCE SYSTEM OFFERED FOR SALE BY THE DEVELOPER HAS CAUSED, OR IS LIKELY TO CAUSE, ALGORITHMIC DISCRIMINATION SHALL DISCLOSE THE POTENTIAL FOR ALGORITHMIC DISCRIMINATION TO:</u>\n   </p>\n   <p class=\"indent\">\n    <u class=\"amendmentInsertedText\">(1) THE ATTORNEY GENERAL IN A FORM AND MANNER DETERMINED BY THE ATTORNEY GENERAL; AND</u>\n   </p>\n   <p class=\"indent\">\n    <u class=\"amendmentInsertedText\">(2) ALL PURCHASERS OF THE HIGH-RISK ARTIFICIAL INTELLIGENCE SYSTEM.</u>\n   </p>\n   <p class=\"indent\">\n    <u class=\"amendmentInsertedText\">(G) NOTHING IN THIS SECTION MAY BE CONSTRUED TO REQUIRE A DEVELOPER TO DISCLOSE:</u>\n   </p>\n   <p class=\"indent\">\n    <u class=\"amendmentInsertedText\">(1) A TRADE SECRET;</u>\n   </p>\n   <p class=\"indent\">\n    <u class=\"amendmentInsertedText\">(2) INFORMATION PROTECTED FROM DISCLOSURE BY STATE OR FEDERAL LAW; OR</u>\n   </p>\n   <p class=\"indent\">\n    <u class=\"amendmentInsertedText\">(3) INFORMATION THAT WOULD OTHERWISE CREATE A SECURITY RISK TO THE DEVELOPER.</u>\n   </p>\n   <p class=\"indent\">\n    <u class=\"amendmentInsertedText\">(H) THE ATTORNEY GENERAL MAY REQUIRE A DEVELOPER TO DISCLOSE TO THE ATTORNEY GENERAL THE INFORMATION REQUIRED UNDER SUBSECTION (C) OF THIS SECTION.</u>\n   </p>\n   <p class=\"indent\">\n    <u class=\"amendmentInsertedText\">14-5003.</u>\n   </p>\n   <p class=\"indent\">\n    <u class=\"amendmentInsertedText\">(A) A DEPLOYER SHALL TAKE REASONABLE PRECAUTIONS TO PROTECT CONSUMERS FROM KNOWN OR REASONABLY FORESEEABLE RISKS OF ALGORITHMIC DISCRIMINATION POSED BY THE INTENDED USES OF A HIGH-RISK ARTIFICIAL INTELLIGENCE SYSTEM DEPLOYED BY THE DEPLOYER.</u>\n   </p>\n   <p class=\"indent\">\n    <u class=\"amendmentInsertedText\">(B) A DEPLOYER SHALL IMPLEMENT A RISK MANAGEMENT POLICY TO GOVERN THE DEPLOYMENT OF A HIGH-RISK ARTIFICIAL INTELLIGENCE SYSTEM.</u>\n   </p>\n   <p class=\"indent\">\n    <u class=\"amendmentInsertedText\">(C) A RISK MANAGEMENT POLICY UNDER SUBSECTION (B) OF THIS SECTION SHALL:</u>\n   </p>\n   <p class=\"indent\">\n    <u class=\"amendmentInsertedText\">(1) IDENTIFY, DOCUMENT, AND MITIGATE KNOWN AND REASONABLY FORESEEABLE RISKS OF ALGORITHMIC DISCRIMINATION;</u>\n   </p>\n   <p class=\"indent\">\n    <u class=\"amendmentInsertedText\">(2) SPECIFY AND INCORPORATE PRINCIPLES, PROCESSES, AND PERSONNEL USED TO COMPLY WITH ITEM (1) OF THIS SUBSECTION;</u>\n   </p>\n   <p class=\"indent\">\n    <u class=\"amendmentInsertedText\">(3) BE PLANNED TO SPAN, AND BE IMPLEMENTED FOR, THE ENTIRE PERIOD DURING WHICH THE HIGH-RISK ARTIFICIAL INTELLIGENCE SYSTEM IS TO BE DEPLOYED; AND</u>\n   </p>\n   <p class=\"indent\">\n    <u class=\"amendmentInsertedText\">(4) BE REGULARLY AND SYSTEMATICALLY REVIEWED AND UPDATED THROUGHOUT THE PERIOD DURING WHICH THE HIGH-RISK ARTIFICIAL INTELLIGENCE SYSTEM IS DEPLOYED.</u>\n   </p>\n   <p class=\"indent\">\n    <u class=\"amendmentInsertedText\">(D) A RISK MANAGEMENT POLICY UNDER SUBSECTION (B) OF THIS SECTION MAY APPLY TO MORE THAN ONE HIGH-RISK ARTIFICIAL INTELLIGENCE SYSTEM.</u>\n   </p>\n   <p class=\"indent\">\n    <u class=\"amendmentInsertedText\">(E) IN CREATING A RISK MANAGEMENT POLICY UNDER SUBSECTION (C) OF THIS SECTION, A DEPLOYER SHALL CONSIDER AND REASONABLY ADDRESS:</u>\n   </p>\n   <p class=\"indent\">\n    <u class=\"amendmentInsertedText\">(1) (I) GUIDANCE SET FORTH IN THE MOST UP-TO-DATE VERSION OF THE &quot;ARTIFICIAL INTELLIGENCE RISK MANAGEMENT FRAMEWORK&quot; PUBLISHED BY THE NATIONAL INSTITUTE OF STANDARDS AND TECHNOLOGY;</u>\n   </p>\n   <p class=\"indent\">\n    <u class=\"amendmentInsertedText\">(II) ISE/IEC 42001 OF THE INTERNATIONAL ORGANIZATION FOR STANDARDIZATION;</u>\n   </p>\n   <p class=\"indent\">\n    <u class=\"amendmentInsertedText\">(III) ANOTHER INTERNATIONALLY RECOGNIZED ARTIFICIAL INTELLIGENCE RISK MANAGEMENT FRAMEWORK THAT CONTAINS REQUIREMENTS AT LEAST AS STRINGENT AS THIS SUBTITLE; OR</u>\n   </p>\n   <p class=\"indent\">\n    <u class=\"amendmentInsertedText\">(IV) ANOTHER RISK MANAGEMENT FRAMEWORK DESIGNATED BY THE ATTORNEY GENERAL;</u>\n   </p>\n   <p class=\"indent\">\n    <u class=\"amendmentInsertedText\">(2) THE SIZE AND COMPLEXITY OF THE DEPLOYER;</u>\n   </p>\n   <p class=\"indent\">\n    <u class=\"amendmentInsertedText\">(3) THE NATURE, USES, AND SCOPE OF THE HIGH-RISK ARTIFICIAL INTELLIGENCE SYSTEM; AND</u>\n   </p>\n   <p class=\"indent\">\n    <u class=\"amendmentInsertedText\">(4) THE SENSITIVITY AND VOLUME OF DATA PROCESSED BY THE HIGH-RISK ARTIFICIAL INTELLIGENCE SYSTEM.</u>\n   </p>\n   <p class=\"indent\">\n    <u class=\"amendmentInsertedText\">14-5004.</u>\n   </p>\n   <p class=\"indent\">\n    <u class=\"amendmentInsertedText\">(A) EXCEPT AS OTHERWISE PROVIDED IN THIS SUBTITLE, A DEPLOYER SHALL:</u>\n   </p>\n   <p class=\"indent\">\n    <u class=\"amendmentInsertedText\">(1) COMPLETE AN IMPACT ASSESSMENT OF ANY DEPLOYED HIGH-RISK ARTIFICIAL INTELLIGENCE SYSTEM;</u>\n   </p>\n   <p class=\"indent\">\n    <u class=\"amendmentInsertedText\">(2) RETAIN ALL IMPACT ASSESSMENTS AND RECORDS RELATING TO AN IMPACT ASSESSMENT FOR AT LEAST 3 YEARS AFTER THE END OF THE DEPLOYMENT OF THE HIGH-RISK ARTIFICIAL INTELLIGENCE SYSTEM;</u>\n   </p>\n   <p class=\"indent\">\n    <u class=\"amendmentInsertedText\">(3) NOT LESS THAN ONCE EACH YEAR, ASSESS WHETHER A HIGH-RISK ARTIFICIAL INTELLIGENCE SYSTEM DEPLOYED BY THE DEPLOYER IS CAUSING ALGORITHMIC DISCRIMINATION;</u>\n   </p>\n   <p class=\"indent\">\n    <u class=\"amendmentInsertedText\">(4) MAKE AVAILABLE, AT THE TIME OF DEPLOYMENT, A STANDARDIZED DISCLOSURE THAT MEETS THE REQUIREMENTS OF &sect; 14-5005 OF THIS SUBTITLE;</u>\n   </p>\n   <p class=\"indent\">\n    <u class=\"amendmentInsertedText\">(5) PROVIDE A CONSUMER SUBJECT TO A HIGH-RISK ARTIFICIAL INTELLIGENCE SYSTEM DEPLOYED BY THE DEPLOYER AN OPPORTUNITY TO:</u>\n   </p>\n   <p class=\"indent\">\n    <u class=\"amendmentInsertedText\">(I) CORRECT ANY DATA PROCESSED BY THE HIGH-RISK ARTIFICIAL INTELLIGENCE SYSTEM IN MAKING A DECISION ABOUT THE CONSUMER; AND</u>\n   </p>\n   <p class=\"indent\">\n    <u class=\"amendmentInsertedText\">(II) APPEAL AN ADVERSE DECISION MADE USING A HIGH-RISK ARTIFICIAL INTELLIGENCE SYSTEM, INCLUDING HUMAN REVIEW OF THE DECISION; AND</u>\n   </p>\n   <p class=\"indent\">\n    <u class=\"amendmentInsertedText\">(6) MAKE A CLEAR AND PROMINENTLY DISPLAYED STATEMENT AVAILABLE ON THE DEPLOYER&#39;S WEBSITE THAT:</u>\n   </p>\n   <p class=\"indent\">\n    <u class=\"amendmentInsertedText\">(I) SUMMARIZES THE HIGH-RISK ARTIFICIAL INTELLIGENCE SYSTEMS CURRENTLY DEPLOYED BY THE DEPLOYER;</u>\n   </p>\n   <p class=\"indent\">\n    <u class=\"amendmentInsertedText\">(II) SUMMARIZES THE DEPLOYER&#39;S PRACTICES FOR MANAGING THE KNOWN OR REASONABLY FORESEEABLE RISKS OF ALGORITHMIC DISCRIMINATION APPLICABLE TO DEPLOYED HIGH-RISK ARTIFICIAL INTELLIGENCE SYSTEMS;</u>\n   </p>\n   <p class=\"indent\">\n    <u class=\"amendmentInsertedText\">(III) DETAILS THE NATURE, SOURCE, AND EXTENT OF PERSONAL INFORMATION COLLECTED OR USED BY THE DEPLOYER; AND</u>\n   </p>\n   <p class=\"indent\">\n    <u class=\"amendmentInsertedText\">(IV) IS UPDATED PERIODICALLY.</u>\n   </p>\n   <p class=\"indent\">\n    <u class=\"amendmentInsertedText\">(B) A DEPLOYER MAY DECLINE TO PROVIDE AN OPPORTUNITY FOR APPEAL IF THE APPEAL WOULD BE AGAINST THE BEST INTERESTS OF THE CONSUMER, INCLUDING SITUATIONS IN WHICH THE DELAY CAUSED BY THE APPEAL COULD POSE A RISK TO THE SAFETY OF THE CONSUMER.</u>\n   </p>\n   <p class=\"indent\">\n    <u class=\"amendmentInsertedText\">(C) A DEPLOYER NEED NOT PROVIDE A RISK MANAGEMENT POLICY, AN IMPACT ASSESSMENT, OR THE DISCLOSURES REQUIRED UNDER SUBSECTION (A)(6) OF THIS SECTION IF THE DEPLOYER:</u>\n   </p>\n   <p class=\"indent\">\n    <u class=\"amendmentInsertedText\">(1) EMPLOYS FEWER THAN 50 FULL-TIME EQUIVALENT EMPLOYEES;</u>\n   </p>\n   <p class=\"indent\">\n    <u class=\"amendmentInsertedText\">(2) TRAINS THE HIGH-RISK ARTIFICIAL INTELLIGENCE SYSTEM ON DATA OTHER THAN DATA COLLECTED BY THE DEPLOYER;</u>\n   </p>\n   <p class=\"indent\">\n    <u class=\"amendmentInsertedText\">(3) DOES NOT TRAIN THE HIGH-RISK ARTIFICIAL INTELLIGENCE SYSTEM ON DATA THAT THE DEPLOYER COLLECTS;</u>\n   </p>\n   <p class=\"indent\">\n    <u class=\"amendmentInsertedText\">(4) USES THE HIGH-RISK ARTIFICIAL INTELLIGENCE SYSTEM AS INTENDED BY ITS DEVELOPER, AS DISCLOSED UNDER &sect; 14-5002(C) OF THIS SUBTITLE; AND</u>\n   </p>\n   <p class=\"indent\">\n    <u class=\"amendmentInsertedText\">(5) MAKES AVAILABLE TO A CONSUMER AN IMPACT ASSESSMENT:</u>\n   </p>\n   <p class=\"indent\">\n    <u class=\"amendmentInsertedText\">(I) COMPLETED BY AND PROVIDED TO THE DEPLOYER BY THE DEVELOPER OF THE HIGH-RISK ARTIFICIAL INTELLIGENCE SYSTEM; AND</u>\n   </p>\n   <p class=\"indent\">\n    <u class=\"amendmentInsertedText\">(II) THAT IS SUBSTANTIALLY SIMILAR TO AN IMPACT ASSESSMENT OTHERWISE REQUIRED UNDER THIS SECTION.</u>\n   </p>\n   <p class=\"indent\">\n    <u class=\"amendmentInsertedText\">14-5005.</u>\n   </p>\n   <p class=\"indent\">\n    <u class=\"amendmentInsertedText\">A STANDARDIZED DISCLOSURE UNDER &sect; 14-5004(A)(4) OF THIS SUBTITLE SHALL:</u>\n   </p>\n   <p class=\"indent\">\n    <u class=\"amendmentInsertedText\">(1) NOTIFY A CONSUMER SUBJECT TO THE HIGH-RISK ARTIFICIAL INTELLIGENCE SYSTEM THAT A HIGH-RISK ARTIFICIAL INTELLIGENCE SYSTEM IS IN USE;</u>\n   </p>\n   <p class=\"indent\">\n    <u class=\"amendmentInsertedText\">(2) DISCLOSE THE PURPOSE OF THE HIGH-RISK ARTIFICIAL INTELLIGENCE SYSTEM IN USE, INCLUDING THE NATURE OF A DECISION ABOUT A CONSUMER THAT IS MADE BY THE HIGH-RISK ARTIFICIAL INTELLIGENCE SYSTEM;</u>\n   </p>\n   <p class=\"indent\">\n    <u class=\"amendmentInsertedText\">(3) PROVIDE THE CONTACT INFORMATION OF THE DEPLOYER;</u>\n   </p>\n   <p class=\"indent\">\n    <u class=\"amendmentInsertedText\">(4) PROVIDE A PLAIN LANGUAGE DESCRIPTION OF THE HIGH-RISK ARTIFICIAL INTELLIGENCE SYSTEM;</u>\n   </p>\n   <p class=\"indent\">\n    <u class=\"amendmentInsertedText\">(5) PROVIDE INSTRUCTIONS REGARDING HOW TO ACCESS THE STATEMENT REQUIRED UNDER &sect; 14-5004(C)(5) OF THIS SUBTITLE;</u>\n   </p>\n   <p class=\"indent\">\n    <u class=\"amendmentInsertedText\">(6) DISCLOSE THE DECISION THAT THE HIGH-RISK ARTIFICIAL INTELLIGENCE SYSTEM IS DEPLOYED TO MAKE OR CONTRIBUTE TO MAKING;</u>\n   </p>\n   <p class=\"indent\">\n    <u class=\"amendmentInsertedText\">(7) DISCLOSE THE REASON FOR THE DECISION THAT THE HIGH-RISK ARTIFICIAL INTELLIGENCE SYSTEM IS DEPLOYED TO MAKE OR CONTRIBUTE TO MAKING;</u>\n   </p>\n   <p class=\"indent\">\n    <u class=\"amendmentInsertedText\">(8) DISCLOSE THE DEGREE TO WHICH THE HIGH-RISK ARTIFICIAL INTELLIGENCE SYSTEM IS INVOLVED IN MAKING THE DECISION DISCLOSED UNDER ITEM (6) OF THIS SECTION;</u>\n   </p>\n   <p class=\"indent\">\n    <u class=\"amendmentInsertedText\">(9) DISCLOSE THE DATA THAT THE HIGH-RISK ARTIFICIAL INTELLIGENCE SYSTEM USES IN MAKING OR CONTRIBUTING TO MAKING THE DECISION AND ITS SOURCE;</u>\n   </p>\n   <p class=\"indent\">\n    <u class=\"amendmentInsertedText\">(10) BE PROVIDED DIRECTLY TO THE CONSUMER, OR IN A MANNER REASONABLY CALCULATED TO BE ACCESSIBLE BY THE CONSUMER IF PROVIDING THE DISCLOSURE DIRECTLY IS NOT POSSIBLE;</u>\n   </p>\n   <p class=\"indent\">\n    <u class=\"amendmentInsertedText\">(11) BE IN PLAIN LANGUAGE;</u>\n   </p>\n   <p class=\"indent\">\n    <u class=\"amendmentInsertedText\">(12) BE MADE AVAILABLE IN EACH LANGUAGE THAT THE DEPLOYER REGULARLY USES IN CONTRACTS, DISCLAIMERS, SALE ANNOUNCEMENTS, AND OTHER INFORMATION PROVIDED TO CONSUMERS; AND</u>\n   </p>\n   <p class=\"indent\">\n    <u class=\"amendmentInsertedText\">(13) BE MADE AVAILABLE IN A FORMAT THAT IS ACCESSIBLE TO CONSUMERS WITH DISABILITIES.</u>\n   </p>\n   <p class=\"indent\">\n    <u class=\"amendmentInsertedText\">14-5006.</u>\n   </p>\n   <p class=\"indent\">\n    <u class=\"amendmentInsertedText\">(A) AN IMPACT ASSESSMENT SHALL BE COMPLETED:</u>\n   </p>\n   <p class=\"indent\">\n    <u class=\"amendmentInsertedText\">(1) AT LEAST ONCE EACH YEAR; AND</u>\n   </p>\n   <p class=\"indent\">\n    <u class=\"amendmentInsertedText\">(2) WITHIN 90 DAYS AFTER AN INTENTIONAL AND SUBSTANTIAL MODIFICATION OF THE HIGH-RISK ARTIFICIAL INTELLIGENCE SYSTEM.</u>\n   </p>\n   <p class=\"indent\">\n    <u class=\"amendmentInsertedText\">(B) AN IMPACT ASSESSMENT UNDER THIS SECTION SHALL INCLUDE:</u>\n   </p>\n   <p class=\"indent\">\n    <u class=\"amendmentInsertedText\">(1) THE PURPOSE, INTENDED USE CASES, AND BENEFITS OF THE HIGH-RISK ARTIFICIAL INTELLIGENCE SYSTEM;</u>\n   </p>\n   <p class=\"indent\">\n    <u class=\"amendmentInsertedText\">(2) THE CONTEXT IN WHICH THE HIGH-RISK ARTIFICIAL INTELLIGENCE SYSTEM WAS DEPLOYED;</u>\n   </p>\n   <p class=\"indent\">\n    <u class=\"amendmentInsertedText\">(3) AN ANALYSIS OF KNOWN OR REASONABLY FORESEEABLE RISKS OF ALGORITHMIC DISCRIMINATION POSED BY THE HIGH-RISK ARTIFICIAL INTELLIGENCE SYSTEM;</u>\n   </p>\n   <p class=\"indent\">\n    <u class=\"amendmentInsertedText\">(4) A DESCRIPTION OF STEPS TAKEN TO MITIGATE KNOWN OR REASONABLY FORESEEABLE RISKS OF ALGORITHMIC DISCRIMINATION POSED BY THE HIGH-RISK ARTIFICIAL INTELLIGENCE SYSTEM;</u>\n   </p>\n   <p class=\"indent\">\n    <u class=\"amendmentInsertedText\">(5) A DESCRIPTION OF THE INPUTS AND OUTPUTS OF THE HIGH-RISK ARTIFICIAL INTELLIGENCE SYSTEM;</u>\n   </p>\n   <p class=\"indent\">\n    <u class=\"amendmentInsertedText\">(6) A DESCRIPTION OF ANY DATA USED BY A DEVELOPER TO CUSTOMIZE THE HIGH-RISK ARTIFICIAL INTELLIGENCE SYSTEM;</u>\n   </p>\n   <p class=\"indent\">\n    <u class=\"amendmentInsertedText\">(7) A DESCRIPTION OF ANY METRICS USED TO EVALUATE THE PERFORMANCE OF THE HIGH-RISK ARTIFICIAL INTELLIGENCE SYSTEM;</u>\n   </p>\n   <p class=\"indent\">\n    <u class=\"amendmentInsertedText\">(8) A DESCRIPTION OF KNOWN LIMITATIONS OF THE HIGH-RISK ARTIFICIAL INTELLIGENCE SYSTEM;</u>\n   </p>\n   <p class=\"indent\">\n    <u class=\"amendmentInsertedText\">(9) A DESCRIPTION OF TRANSPARENCY MEASURES IMPLEMENTED REGARDING THE HIGH-RISK ARTIFICIAL INTELLIGENCE SYSTEM, INCLUDING MEASURES TAKEN TO DISCLOSE THAT THE SYSTEM IS IN USE TO A CONSUMER WHEN THE SYSTEM IS IN USE;</u>\n   </p>\n   <p class=\"indent\">\n    <u class=\"amendmentInsertedText\">(10) A DESCRIPTION OF THE DEPLOYER&#39;S OVERSIGHT PROCESSES, INCLUDING:</u>\n   </p>\n   <p class=\"indent\">\n    <u class=\"amendmentInsertedText\">(I) USER SAFEGUARDS PROVIDED; AND</u>\n   </p>\n   <p class=\"indent\">\n    <u class=\"amendmentInsertedText\">(II) THE DEPLOYER&#39;S PROCESS FOR ADDRESSING ISSUES ARISING FROM THE DEPLOYMENT OF THE HIGH-RISK ARTIFICIAL INTELLIGENCE SYSTEM; AND</u>\n   </p>\n   <p class=\"indent\">\n    <u class=\"amendmentInsertedText\">(11) FOR ANY IMPACT ASSESSMENT FOLLOWING THE INITIAL IMPACT ASSESSMENT OF A HIGH-RISK ARTIFICIAL INTELLIGENCE SYSTEM, A DESCRIPTION OF THE EXTENT TO WHICH THE USE OF THE HIGH-RISK ARTIFICIAL INTELLIGENCE SYSTEM WAS CONSISTENT WITH THE DEVELOPER&#39;S INTENDED USES.</u>\n   </p>\n   <p class=\"indent\">\n    <u class=\"amendmentInsertedText\">(C) AN IMPACT ASSESSMENT UNDER SUBSECTION (B) OF THIS SECTION MAY:</u>\n   </p>\n   <p class=\"indent\">\n    <u class=\"amendmentInsertedText\">(1) ADDRESS MULTIPLE SUBSTANTIALLY SIMILAR HIGH-RISK ARTIFICIAL INTELLIGENCE SYSTEMS; AND</u>\n   </p>\n   <p class=\"indent\">\n    <u class=\"amendmentInsertedText\">(2) HAVE BEEN CREATED IN ORDER TO COMPLY WITH ANOTHER REQUIREMENT OTHER THAN THIS SUBTITLE IF THE IMPACT ASSESSMENT SATISFIES THE REQUIREMENTS OF THIS SUBTITLE.</u>\n   </p>\n   <p class=\"indent\">\n    <u class=\"amendmentInsertedText\">14-5007.</u>\n   </p>\n   <p class=\"indent\">\n    <u class=\"amendmentInsertedText\">(A) THERE IS A REBUTTABLE PRESUMPTION THAT A DEVELOPER TOOK REASONABLE PRECAUTIONS UNDER &sect; 14-5002(A) OF THIS SUBTITLE IF THE DEVELOPER COMPLIED WITH:</u>\n   </p>\n   <p class=\"indent\">\n    <u class=\"amendmentInsertedText\">(1) &sect; 14-5002 OF THIS SUBTITLE; AND</u>\n   </p>\n   <p class=\"indent\">\n    <u class=\"amendmentInsertedText\">(2) REGULATIONS ADOPTED BY THE ATTORNEY GENERAL.</u>\n   </p>\n   <p class=\"indent\">\n    <u class=\"amendmentInsertedText\">(B) THERE IS A REBUTTABLE PRESUMPTION THAT A DEPLOYER TOOK REASONABLE PRECAUTIONS UNDER &sect; 14-5003(A) OF THIS SUBTITLE IF THE DEPLOYER COMPLIED WITH:</u>\n   </p>\n   <p class=\"indent\">\n    <u class=\"amendmentInsertedText\">(1) &sect; 14-5003 OF THIS SUBTITLE; AND</u>\n   </p>\n   <p class=\"indent\">\n    <u class=\"amendmentInsertedText\">(2) REGULATIONS ADOPTED BY THE ATTORNEY GENERAL.</u>\n   </p>\n   <p class=\"indent\">\n    <u class=\"amendmentInsertedText\">(C) (1) THE ATTORNEY GENERAL MAY, IN A FORM AND MANNER PRESCRIBED BY THE ATTORNEY GENERAL, REQUIRE A DEVELOPER OR DEPLOYER TO PROVIDE DISCLOSURES OTHERWISE REQUIRED UNDER THIS SUBTITLE FOR PURPOSES OF EVALUATING THE DISCLOSURE&#39;S COMPLIANCE WITH THIS SUBTITLE.</u>\n   </p>\n   <p class=\"indent\">\n    <u class=\"amendmentInsertedText\">(2) A DEVELOPER OR DEPLOYER MAY DECLINE TO PROVIDE THE ATTORNEY GENERAL WITH INFORMATION THAT WOULD REQUIRE THE DISCLOSURE OF TRADE SECRETS OR INFORMATION OTHERWISE PROTECTED BY STATE OR FEDERAL LAW.</u>\n   </p>\n   <p class=\"indent\">\n    <u class=\"amendmentInsertedText\">(3) INFORMATION PROVIDED TO THE ATTORNEY GENERAL UNDER THIS SUBSECTION IS NOT SUBJECT TO DISCLOSURE UNDER THE MARYLAND PUBLIC INFORMATION ACT.</u>\n   </p>\n   <p class=\"indent\">\n    <u class=\"amendmentInsertedText\">(4) DISCLOSURE OF INFORMATION UNDER THIS SUBSECTION THAT IS SUBJECT TO ATTORNEY-CLIENT PRIVILEGE OR WORK-PRODUCT PROTECTION DOES NOT WAIVE THAT PRIVILEGE OR PROTECTION.</u>\n   </p>\n   <p class=\"indent\">\n    <u class=\"amendmentInsertedText\">14-5008.</u>\n   </p>\n   <p class=\"indent\">\n    <u class=\"amendmentInsertedText\">(A) EXCEPT AS PROVIDED IN SUBSECTION (B) OF THIS SECTION, A VIOLATION OF THIS SUBTITLE IS:</u>\n   </p>\n   <p class=\"indent\">\n    <u class=\"amendmentInsertedText\">(1) AN UNFAIR, ABUSIVE, OR DECEPTIVE TRADE PRACTICE WITHIN THE MEANING OF TITLE 13 OF THIS ARTICLE; AND</u>\n   </p>\n   <p class=\"indent\">\n    <u class=\"amendmentInsertedText\">(2) SUBJECT TO THE ENFORCEMENT AND PENALTY PROVISIONS CONTAINED IN TITLE 13 OF THIS ARTICLE, EXCEPT FOR &sect; 13-408 OF THIS ARTICLE.</u>\n   </p>\n   <p class=\"indent\">\n    <u class=\"amendmentInsertedText\">(B) THIS SECTION DOES NOT PREVENT A CONSUMER FROM PURSUING ANY OTHER REMEDY PROVIDED BY LAW.</u>\n   </p>\n   <p class=\"center\">\n    <u class=\"amendmentInsertedText\">SUBTITLE 51. AGREEMENTS CONCERNING VOICE AND LIKENESS CLONES.</u>\n   </p>\n   <p class=\"indent\">\n    <u class=\"amendmentInsertedText\">14-5101.</u>\n   </p>\n   <p class=\"indent\">\n    <u class=\"amendmentInsertedText\">(A) IN THIS SUBTITLE THE FOLLOWING WORDS HAVE THE MEANINGS INDICATED.</u>\n   </p>\n   <p class=\"indent\">\n    <u class=\"amendmentInsertedText\">(B) &quot;ARTIFICIAL INTELLIGENCE&quot; HAS THE MEANING STATED IN &sect; 3.5-801 OF THE STATE FINANCE AND PROCUREMENT ARTICLE.</u>\n   </p>\n   <p class=\"indent\">\n    <u class=\"amendmentInsertedText\">(C) &quot;DIGITAL COPY&quot; MEANS A NEWLY CREATED, ELECTRONIC REPRESENTATION OF THE IDENTITY OF AN ACTUAL INDIVIDUAL CREATED USING A COMPUTER, AN ALGORITHM, SOFTWARE, A TOOL, ARTIFICIAL INTELLIGENCE, OR ANY OTHER TECHNOLOGY THAT IS:</u>\n   </p>\n   <p class=\"indent\">\n    <u class=\"amendmentInsertedText\">(1) FIXED IN A SOUND RECORDING OR AUDIOVISUAL WORK IN WHICH THE INDIVIDUAL DID NOT ACTUALLY PERFORM OR APPEAR; AND</u>\n   </p>\n   <p class=\"indent\">\n    <u class=\"amendmentInsertedText\">(2) SO REALISTIC THAT A REASONABLE PERSON WOULD BELIEVE THE DIGITAL COPY IS A PERFORMANCE BY THE INDIVIDUAL BEING PORTRAYED AND NOT ANOTHER INDIVIDUAL.</u>\n   </p>\n   <p class=\"indent\">\n    <u class=\"amendmentInsertedText\">14-5102.</u>\n   </p>\n   <p class=\"indent\">\n    <u class=\"amendmentInsertedText\">AN AGREEMENT TO PERFORM PERSONAL OR PROFESSIONAL SERVICES IS UNENFORCEABLE IF:</u>\n   </p>\n   <p class=\"indent\">\n    <u class=\"amendmentInsertedText\">(1) THE AGREEMENT ALLOWS FOR THE CREATION OR USE OF A DIGITAL COPY OF A PERSON&#39;S VOICE OR IMAGE INSTEAD OF WORK PERFORMED LIVE BY THE PERSON;</u>\n   </p>\n   <p class=\"indent\">\n    <u class=\"amendmentInsertedText\">(2) THE AGREEMENT DOES NOT INCLUDE:</u>\n   </p>\n   <p class=\"indent\">\n    <u class=\"amendmentInsertedText\">(I) A DESCRIPTION OF THE INTENDED USES OF THE DIGITAL COPY THAT IS EASILY UNDERSTANDABLE; AND</u>\n   </p>\n   <p class=\"indent\">\n    <u class=\"amendmentInsertedText\">(II) THE LICENSING TERMS GOVERNING THE USE OF THE DIGITAL COPY; AND</u>\n   </p>\n   <p class=\"indent\">\n    <u class=\"amendmentInsertedText\">(3) THE PERSON WAS NOT REPRESENTED BY:</u>\n   </p>\n   <p class=\"indent\">\n    <u class=\"amendmentInsertedText\">(I) A LAWYER WHO NEGOTIATED ON BEHALF OF THE PERSON LICENSING THE RIGHTS TO A DIGITAL COPY; OR</u>\n   </p>\n   <p class=\"indent\">\n    <u class=\"amendmentInsertedText\">(II) A LABOR UNION REPRESENTING WORKERS WHO PERFORM SIMILAR WORK WITH A COLLECTIVE BARGAINING AGREEMENT THAT EXPRESSLY COVERS THE USE OF DIGITAL COPIES.</u>\n   </p>\n   <p class=\"center\">\n    <b>Article - State Finance and Procurement</b>\n   </p>\n   <p class=\"indent\">3.5-801.</p>\n   <p class=\"indent\">(a) In this subtitle the following words have the meanings indicated.</p>\n   <p class=\"indent\">(c) &quot;Artificial intelligence&quot; means a machine-based system that:</p>\n   <p class=\"indent\">(1) can, for a given set of human-defined objectives, make predictions, recommendations, or decisions influencing real or virtual environments;</p>\n   <p class=\"indent\">(2) uses machine and human-based inputs to perceive real and virtual environments and abstracts those perceptions into models through analysis in an automated manner; and</p>\n   <p class=\"indent\">(3) uses model inference to formulate options for information or action.</p>\n   <p class=\"indent\">SECTION 2. AND BE IT FURTHER ENACTED, That this Act shall take effect October 1, 2025.</p>\n  </div>\n </div>\n    </div>\t\n<table cellpadding=0 cellspacing=0 width=\"100%\">\n   <tr>\n      <td>\n          Copyright &copy; 2025 State Net\n      </td>\n<BR>\n<!--???MOVED INTO resources.cgi      <td align=\"right\">\n          <img src=\"https://custom.statenet.com/network/poweredby.gif\" alt=\"Powered by State Net\">\n      </td>-->\n\n    </tr>\n</table>\n</body></html>\n",
      "markdown": "The following has special meaning: _green underline denotes added text_ ~~red struck out text denotes deleted text~~ | [![Powered by State Net](https://custom.statenet.com/network/poweredby.gif)](https://www.lexisnexis.com/statenet/)  \n---|---  \n  \n2025 MD H 1331 | | Author: | Qi  \n---|---  \nVersion: | Introduced  \nVersion Date: | 02/07/2025  \n  \n**HOUSE BILL 1331**\n\nBy: **Delegate Qi**\n\nIntroduced and read first time: February 7, 2025\n\nAssigned to: Economic Matters\n\nA BILL ENTITLED\n\nAN ACT concerning\n\n**Consumer Protection - Artificial Intelligence**\n\nFOR the purpose of regulating the manner in which a developer or deployer of\nartificial intelligence must protect consumers from certain risks; requiring a\ndeveloper that offers to sell a certain artificial intelligence system to\nprovide certain information and make certain disclosures; requiring a deployer\nto implement a certain risk management policy and take certain precautions to\nprotect consumers from certain risks; requiring a deployer to complete a\ncertain impact assessment and make certain disclosures; authorizing a deployer\nto decline certain appeals; providing exceptions to certain requirements for a\ndeployer; establishing a certain rebuttable presumption; making a certain\nviolation an unfair, abusive, or deceptive trade practice that is subject to\nenforcement and penalties under the Maryland Consumer Protection Act;\nestablishing requirements for certain agreements regarding voice and likeness\nclones; and generally relating to artificial intelligence.\n\nBY repealing and reenacting, with amendments,\n\nArticle - Commercial Law\n\nSection 13-301(14)(xlii)\n\nAnnotated Code of Maryland\n\n(2013 Replacement Volume and 2024 Supplement)\n\nBY repealing and reenacting, without amendments,\n\nArticle - Commercial Law\n\nSection 13-301(14)(xliii)\n\nAnnotated Code of Maryland\n\n(2013 Replacement Volume and 2024 Supplement)\n\nBY adding to\n\nArticle - Commercial Law\n\nSection 13-301(14)(xliv); 14-5001 through 14-5008 to be under the new subtitle\n\"Subtitle 50. Developers and Deployers of Artificial Intelligence Systems\";\nand\n\n14-5101 and 14-5102 to be under the new subtitle \"Subtitle 51. Agreements\nConcerning Voice and Likeness Clones\"\n\nAnnotated Code of Maryland\n\n(2013 Replacement Volume and 2024 Supplement)\n\nBY repealing and reenacting, without amendments,\n\nArticle - State Finance and Procurement\n\nSection 3.5-801(a) and (c)\n\nAnnotated Code of Maryland\n\n(2021 Replacement Volume and 2024 Supplement)\n\nSECTION 1. BE IT ENACTED BY THE GENERAL ASSEMBLY OF MARYLAND, That the Laws of\nMaryland read as follows:\n\n**Article - Commercial Law**\n\n13-301.\n\nUnfair, abusive, or deceptive trade practices include any:\n\n(14) Violation of a provision of:\n\n(xlii) Section 12-6C-09.1 of the Health Occupations Article; ~~or~~\n\n(xliii) Title 14, Subtitle 48 of this article; or\n\n_(XLIV) TITLE 14, SUBTITLE 50 OF THIS ARTICLE; OR_\n\n_SUBTITLE 50. DEVELOPERS AND DEPLOYERS OF ARTIFICIAL INTELLIGENCE SYSTEMS._\n\n_14-5001._\n\n_(A) IN THIS SUBTITLE THE FOLLOWING WORDS HAVE THE MEANINGS INDICATED._\n\n_(B) (1) \"ALGORITHMIC DISCRIMINATION\" MEANS DIFFERENTIAL TREATMENT AS A RESULT\nOF THE USE OF ARTIFICIAL INTELLIGENCE THAT NEGATIVELY IMPACTS A PERSON BASED\nON THE PERSON'S ACTUAL OR PERCEIVED AGE, COLOR, DISABILITY, ETHNICITY, GENETIC\nINFORMATION, PROFICIENCY IN THE ENGLISH LANGUAGE, NATIONAL ORIGIN, RACE,\nRELIGION, REPRODUCTIVE HEALTH, SEX, VETERAN STATUS, OR OTHER PROTECTED CLASS._\n\n_(2) \"ALGORITHMIC DISCRIMINATION\" DOES NOT INCLUDE:_\n\n_(I) THE OFFER, LICENSE, OR USE OF A HIGH-RISK ARTIFICIAL INTELLIGENCE SYSTEM\nBY A DEVELOPER OR DEPLOYER FOR:_\n\n_1\\. TESTING TO IDENTIFY, MITIGATE, OR PREVENT DISCRIMINATION OR ENSURE\nCOMPLIANCE WITH A STATE OR FEDERAL LAW; OR_\n\n_2\\. INCREASING DIVERSITY WITHIN AN APPLICANT, CUSTOMER, OR PARTICIPANT POOL;\nOR_\n\n_(II) AN ACTION THAT BENEFITS AN ESTABLISHMENT THAT:_\n\n_1\\. IS SUBJECT TO 42 U.S.C. § 2000 A(E); AND_\n\n_2\\. IS NOT IN FACT OPEN TO THE PUBLIC._\n\n_(C) \"ARTIFICIAL INTELLIGENCE\" HAS THE MEANING STATED IN § 3.5-801 OF THE\nSTATE FINANCE AND PROCUREMENT ARTICLE._\n\n_(D) \"DATASET CARD\" MEANS A FILE THAT:_\n\n_(1) IS USED TO INFORM USERS ABOUT HOW TO RESPONSIBLY USE THE DATA IN A\nDATASET; AND_\n\n_(2) CONTAINS INFORMATION ABOUT POTENTIAL BIASES OF THE DATA._\n\n_(E) \"DECISION THAT PRODUCES LEGAL OR SIMILARLY SIGNIFICANT EFFECTS CONCERNING\nTHE CONSUMER\" HAS THE MEANING STATED IN § 14-4701 OF THIS TITLE._\n\n_(F) \"HIGH-RISK ARTIFICIAL INTELLIGENCE SYSTEM\" MEANS ANY ARTIFICIAL\nINTELLIGENCE SYSTEM THAT, WHEN DEPLOYED, MAKES, OR IS A SUBSTANTIAL FACTOR IN\nMAKING, A DECISION THAT PRODUCES LEGAL OR SIMILARLY SIGNIFICANT EFFECTS\nCONCERNING THE CONSUMER._\n\n_(G) \"MODEL CARD\" MEANS A FILE THAT ACCOMPANIES THE MODEL AND PROVIDES\nINFORMATION ABOUT DISCOVERABILITY, REPRODUCIBILITY, AND SHARING._\n\n_14-5002._\n\n_(A) A DEVELOPER SHALL TAKE REASONABLE PRECAUTIONS TO PROTECT CONSUMERS FROM\nKNOWN OR REASONABLY FORESEEABLE RISKS OF ALGORITHMIC DISCRIMINATION FROM THE\nINTENDED USES OF A HIGH-RISK ARTIFICIAL INTELLIGENCE SYSTEM PRODUCED BY THE\nDEVELOPER._\n\n_(B) A DEVELOPER THAT OFFERS TO SELL A HIGH-RISK ARTIFICIAL INTELLIGENCE\nSYSTEM SHALL:_\n\n_(1) PROVIDE TO A PURCHASER OF THE HIGH-RISK ARTIFICIAL INTELLIGENCE SYSTEM\nTHE STANDARDIZED DISCLOSURE DOCUMENTATION PERTAINING TO THE USES OF THE HIGH-\nRISK ARTIFICIAL INTELLIGENCE SYSTEM AS DESCRIBED IN SUBSECTION (C) OF THIS\nSECTION;_\n\n_(2) PROVIDE TO A DEPLOYER INFORMATION NECESSARY FOR THE DEPLOYER TO COMPLETE\nAN IMPACT ASSESSMENT UNDER § 14-5004 OF THIS SUBTITLE; AND_\n\n_(3) PUBLISH, ON THE DEVELOPER 'S WEBSITE OR IN A PUBLIC USE CASE INVENTORY,\nSTANDARDIZED INFORMATION PERTAINING TO EACH HIGH-RISK ARTIFICIAL INTELLIGENCE\nSYSTEM THAT THE DEVELOPER OFFERS FOR PURCHASE._\n\n_(C) THE STANDARDIZED DISCLOSURE DOCUMENTATION REQUIRED UNDER SUBSECTION\n(B)(1) OF THIS SECTION SHALL INCLUDE:_\n\n_(1) THE PURPOSE OF THE HIGH-RISK ARTIFICIAL INTELLIGENCE SYSTEM;_\n\n_(2) THE INTENDED USES, BENEFITS, AND OUTPUTS OF THE HIGH-RISK ARTIFICIAL\nINTELLIGENCE SYSTEM;_\n\n_(3) A DESCRIPTION OF THE KNOWN AND REASONABLY FORESEEABLE:_\n\n_(I) USES AND MISUSES OF THE HIGH-RISK ARTIFICIAL INTELLIGENCE SYSTEM, AND THE\nRISKS OF ALGORITHMIC DISCRIMINATION ARISING FROM THEM; AND_\n\n_(II) LIMITATIONS OF THE HIGH-RISK ARTIFICIAL INTELLIGENCE SYSTEM;_\n\n_(4) A DESCRIPTION OF THE STEPS TAKEN BY THE DEVELOPER PRIOR TO OFFERING A\nHIGH-RISK ARTIFICIAL INTELLIGENCE SYSTEM FOR PURCHASE TO:_\n\n_(I) EVALUATE THE PERFORMANCE OF THE HIGH-RISK ARTIFICIAL INTELLIGENCE SYSTEM;\nAND_\n\n_(II) MITIGATE KNOWN OR REASONABLY FORESEEABLE ALGORITHMIC DISCRIMINATION\nARISING FROM THE USE OF THE HIGH-RISK ARTIFICIAL INTELLIGENCE SYSTEM;_\n\n_(5) A SUMMARY OF THE DATA USED TO TRAIN THE HIGH-RISK ARTIFICIAL INTELLIGENCE\nSYSTEM;_\n\n_(6) A DESCRIPTION OF THE DATA GOVERNANCE MEASURES THAT APPLIED TO THE DATA\nUSED TO TRAIN THE HIGH-RISK ARTIFICIAL INTELLIGENCE SYSTEM;_\n\n_(7) THE MEASURES TAKEN TO EXAMINE:_\n\n_(I) THE SUITABILITY OF DATA SOURCES; AND_\n\n_(II) POSSIBLE BIASES AND APPROPRIATE MITIGATION;_\n\n_(8) BEST PRACTICES FOR THE INTENDED USE, PREVENTION OF MISUSE, AND MONITORING\nOF A HIGH-RISK ARTIFICIAL INTELLIGENCE SYSTEM;_\n\n_(9) ANY INFORMATION NECESSARY FOR THE PURCHASER TO COMPLY WITH THE\nREQUIREMENTS UNDER § 14-5003 OF THIS SUBTITLE; AND_\n\n_(10) ANY INFORMATION REASONABLY NECESSARY TO ALLOW THE PURCHASER TO\nUNDERSTAND THE OUTPUTS OF AND MONITOR THE PERFORMANCE OF THE HIGH-RISK\nARTIFICIAL INTELLIGENCE SYSTEM._\n\n_(D) THE INFORMATION REQUIRED UNDER SUBSECTION (C)(2) OF THIS SECTION SHALL,\nTO THE EXTENT FEASIBLE, BE PROVIDED IN THE FORM OF MODEL CARDS, DATASET CARDS,\nOR PREEXISTING IMPACT ASSESSMENTS._\n\n_(E) THE DOCUMENTATION REQUIRED TO BE PUBLISHED UNDER SUBSECTION (C)(3) OF\nTHIS SECTION SHALL:_\n\n_(1) SUMMARIZE THE HIGH-RISK ARTIFICIAL INTELLIGENCE SYSTEMS THAT THE\nDEVELOPER OFFERS FOR SALE;_\n\n_(2) SUMMARIZE THE MEASURES TAKEN BY THE DEVELOPER TO MANAGE KNOWN AND\nREASONABLY FORESEEABLE RISKS OF ALGORITHMIC DISCRIMINATION THAT THE DEVELOPER\nOFFERS FOR SALE; AND_\n\n_(3) BE UPDATED:_\n\n_(I) AS NECESSARY TO ENSURE THAT THE DOCUMENTATION REMAINS ACCURATE; AND_\n\n_(II) NOT LATER THAN 90 DAYS AFTER ANY CHANGE IS MADE TO A HIGH-RISK\nARTIFICIAL INTELLIGENCE SYSTEM THAT WOULD NECESSITATE UPDATING THE RELEVANT\nDOCUMENTATION UNDER SUBSECTION (C)(3) OF THIS SECTION._\n\n_(F) A DEVELOPER THAT LEARNS THROUGH ONGOING INTERNAL TESTING, OR THROUGH A\nCREDIBLE REPORT, THAT A HIGH-RISK ARTIFICIAL INTELLIGENCE SYSTEM OFFERED FOR\nSALE BY THE DEVELOPER HAS CAUSED, OR IS LIKELY TO CAUSE, ALGORITHMIC\nDISCRIMINATION SHALL DISCLOSE THE POTENTIAL FOR ALGORITHMIC DISCRIMINATION\nTO:_\n\n_(1) THE ATTORNEY GENERAL IN A FORM AND MANNER DETERMINED BY THE ATTORNEY\nGENERAL; AND_\n\n_(2) ALL PURCHASERS OF THE HIGH-RISK ARTIFICIAL INTELLIGENCE SYSTEM._\n\n_(G) NOTHING IN THIS SECTION MAY BE CONSTRUED TO REQUIRE A DEVELOPER TO\nDISCLOSE:_\n\n_(1) A TRADE SECRET;_\n\n_(2) INFORMATION PROTECTED FROM DISCLOSURE BY STATE OR FEDERAL LAW; OR_\n\n_(3) INFORMATION THAT WOULD OTHERWISE CREATE A SECURITY RISK TO THE\nDEVELOPER._\n\n_(H) THE ATTORNEY GENERAL MAY REQUIRE A DEVELOPER TO DISCLOSE TO THE ATTORNEY\nGENERAL THE INFORMATION REQUIRED UNDER SUBSECTION (C) OF THIS SECTION._\n\n_14-5003._\n\n_(A) A DEPLOYER SHALL TAKE REASONABLE PRECAUTIONS TO PROTECT CONSUMERS FROM\nKNOWN OR REASONABLY FORESEEABLE RISKS OF ALGORITHMIC DISCRIMINATION POSED BY\nTHE INTENDED USES OF A HIGH-RISK ARTIFICIAL INTELLIGENCE SYSTEM DEPLOYED BY\nTHE DEPLOYER._\n\n_(B) A DEPLOYER SHALL IMPLEMENT A RISK MANAGEMENT POLICY TO GOVERN THE\nDEPLOYMENT OF A HIGH-RISK ARTIFICIAL INTELLIGENCE SYSTEM._\n\n_(C) A RISK MANAGEMENT POLICY UNDER SUBSECTION (B) OF THIS SECTION SHALL:_\n\n_(1) IDENTIFY, DOCUMENT, AND MITIGATE KNOWN AND REASONABLY FORESEEABLE RISKS\nOF ALGORITHMIC DISCRIMINATION;_\n\n_(2) SPECIFY AND INCORPORATE PRINCIPLES, PROCESSES, AND PERSONNEL USED TO\nCOMPLY WITH ITEM (1) OF THIS SUBSECTION;_\n\n_(3) BE PLANNED TO SPAN, AND BE IMPLEMENTED FOR, THE ENTIRE PERIOD DURING\nWHICH THE HIGH-RISK ARTIFICIAL INTELLIGENCE SYSTEM IS TO BE DEPLOYED; AND_\n\n_(4) BE REGULARLY AND SYSTEMATICALLY REVIEWED AND UPDATED THROUGHOUT THE\nPERIOD DURING WHICH THE HIGH-RISK ARTIFICIAL INTELLIGENCE SYSTEM IS DEPLOYED._\n\n_(D) A RISK MANAGEMENT POLICY UNDER SUBSECTION (B) OF THIS SECTION MAY APPLY\nTO MORE THAN ONE HIGH-RISK ARTIFICIAL INTELLIGENCE SYSTEM._\n\n_(E) IN CREATING A RISK MANAGEMENT POLICY UNDER SUBSECTION (C) OF THIS\nSECTION, A DEPLOYER SHALL CONSIDER AND REASONABLY ADDRESS:_\n\n_(1) (I) GUIDANCE SET FORTH IN THE MOST UP-TO-DATE VERSION OF THE \"ARTIFICIAL\nINTELLIGENCE RISK MANAGEMENT FRAMEWORK\" PUBLISHED BY THE NATIONAL INSTITUTE OF\nSTANDARDS AND TECHNOLOGY;_\n\n_(II) ISE/IEC 42001 OF THE INTERNATIONAL ORGANIZATION FOR STANDARDIZATION;_\n\n_(III) ANOTHER INTERNATIONALLY RECOGNIZED ARTIFICIAL INTELLIGENCE RISK\nMANAGEMENT FRAMEWORK THAT CONTAINS REQUIREMENTS AT LEAST AS STRINGENT AS THIS\nSUBTITLE; OR_\n\n_(IV) ANOTHER RISK MANAGEMENT FRAMEWORK DESIGNATED BY THE ATTORNEY GENERAL;_\n\n_(2) THE SIZE AND COMPLEXITY OF THE DEPLOYER;_\n\n_(3) THE NATURE, USES, AND SCOPE OF THE HIGH-RISK ARTIFICIAL INTELLIGENCE\nSYSTEM; AND_\n\n_(4) THE SENSITIVITY AND VOLUME OF DATA PROCESSED BY THE HIGH-RISK ARTIFICIAL\nINTELLIGENCE SYSTEM._\n\n_14-5004._\n\n_(A) EXCEPT AS OTHERWISE PROVIDED IN THIS SUBTITLE, A DEPLOYER SHALL:_\n\n_(1) COMPLETE AN IMPACT ASSESSMENT OF ANY DEPLOYED HIGH-RISK ARTIFICIAL\nINTELLIGENCE SYSTEM;_\n\n_(2) RETAIN ALL IMPACT ASSESSMENTS AND RECORDS RELATING TO AN IMPACT\nASSESSMENT FOR AT LEAST 3 YEARS AFTER THE END OF THE DEPLOYMENT OF THE HIGH-\nRISK ARTIFICIAL INTELLIGENCE SYSTEM;_\n\n_(3) NOT LESS THAN ONCE EACH YEAR, ASSESS WHETHER A HIGH-RISK ARTIFICIAL\nINTELLIGENCE SYSTEM DEPLOYED BY THE DEPLOYER IS CAUSING ALGORITHMIC\nDISCRIMINATION;_\n\n_(4) MAKE AVAILABLE, AT THE TIME OF DEPLOYMENT, A STANDARDIZED DISCLOSURE THAT\nMEETS THE REQUIREMENTS OF § 14-5005 OF THIS SUBTITLE;_\n\n_(5) PROVIDE A CONSUMER SUBJECT TO A HIGH-RISK ARTIFICIAL INTELLIGENCE SYSTEM\nDEPLOYED BY THE DEPLOYER AN OPPORTUNITY TO:_\n\n_(I) CORRECT ANY DATA PROCESSED BY THE HIGH-RISK ARTIFICIAL INTELLIGENCE\nSYSTEM IN MAKING A DECISION ABOUT THE CONSUMER; AND_\n\n_(II) APPEAL AN ADVERSE DECISION MADE USING A HIGH-RISK ARTIFICIAL\nINTELLIGENCE SYSTEM, INCLUDING HUMAN REVIEW OF THE DECISION; AND_\n\n_(6) MAKE A CLEAR AND PROMINENTLY DISPLAYED STATEMENT AVAILABLE ON THE\nDEPLOYER 'S WEBSITE THAT:_\n\n_(I) SUMMARIZES THE HIGH-RISK ARTIFICIAL INTELLIGENCE SYSTEMS CURRENTLY\nDEPLOYED BY THE DEPLOYER;_\n\n_(II) SUMMARIZES THE DEPLOYER 'S PRACTICES FOR MANAGING THE KNOWN OR\nREASONABLY FORESEEABLE RISKS OF ALGORITHMIC DISCRIMINATION APPLICABLE TO\nDEPLOYED HIGH-RISK ARTIFICIAL INTELLIGENCE SYSTEMS;_\n\n_(III) DETAILS THE NATURE, SOURCE, AND EXTENT OF PERSONAL INFORMATION\nCOLLECTED OR USED BY THE DEPLOYER; AND_\n\n_(IV) IS UPDATED PERIODICALLY._\n\n_(B) A DEPLOYER MAY DECLINE TO PROVIDE AN OPPORTUNITY FOR APPEAL IF THE APPEAL\nWOULD BE AGAINST THE BEST INTERESTS OF THE CONSUMER, INCLUDING SITUATIONS IN\nWHICH THE DELAY CAUSED BY THE APPEAL COULD POSE A RISK TO THE SAFETY OF THE\nCONSUMER._\n\n_(C) A DEPLOYER NEED NOT PROVIDE A RISK MANAGEMENT POLICY, AN IMPACT\nASSESSMENT, OR THE DISCLOSURES REQUIRED UNDER SUBSECTION (A)(6) OF THIS\nSECTION IF THE DEPLOYER:_\n\n_(1) EMPLOYS FEWER THAN 50 FULL-TIME EQUIVALENT EMPLOYEES;_\n\n_(2) TRAINS THE HIGH-RISK ARTIFICIAL INTELLIGENCE SYSTEM ON DATA OTHER THAN\nDATA COLLECTED BY THE DEPLOYER;_\n\n_(3) DOES NOT TRAIN THE HIGH-RISK ARTIFICIAL INTELLIGENCE SYSTEM ON DATA THAT\nTHE DEPLOYER COLLECTS;_\n\n_(4) USES THE HIGH-RISK ARTIFICIAL INTELLIGENCE SYSTEM AS INTENDED BY ITS\nDEVELOPER, AS DISCLOSED UNDER § 14-5002(C) OF THIS SUBTITLE; AND_\n\n_(5) MAKES AVAILABLE TO A CONSUMER AN IMPACT ASSESSMENT:_\n\n_(I) COMPLETED BY AND PROVIDED TO THE DEPLOYER BY THE DEVELOPER OF THE HIGH-\nRISK ARTIFICIAL INTELLIGENCE SYSTEM; AND_\n\n_(II) THAT IS SUBSTANTIALLY SIMILAR TO AN IMPACT ASSESSMENT OTHERWISE REQUIRED\nUNDER THIS SECTION._\n\n_14-5005._\n\n_A STANDARDIZED DISCLOSURE UNDER § 14-5004(A)(4) OF THIS SUBTITLE SHALL:_\n\n_(1) NOTIFY A CONSUMER SUBJECT TO THE HIGH-RISK ARTIFICIAL INTELLIGENCE SYSTEM\nTHAT A HIGH-RISK ARTIFICIAL INTELLIGENCE SYSTEM IS IN USE;_\n\n_(2) DISCLOSE THE PURPOSE OF THE HIGH-RISK ARTIFICIAL INTELLIGENCE SYSTEM IN\nUSE, INCLUDING THE NATURE OF A DECISION ABOUT A CONSUMER THAT IS MADE BY THE\nHIGH-RISK ARTIFICIAL INTELLIGENCE SYSTEM;_\n\n_(3) PROVIDE THE CONTACT INFORMATION OF THE DEPLOYER;_\n\n_(4) PROVIDE A PLAIN LANGUAGE DESCRIPTION OF THE HIGH-RISK ARTIFICIAL\nINTELLIGENCE SYSTEM;_\n\n_(5) PROVIDE INSTRUCTIONS REGARDING HOW TO ACCESS THE STATEMENT REQUIRED UNDER\n§ 14-5004(C)(5) OF THIS SUBTITLE;_\n\n_(6) DISCLOSE THE DECISION THAT THE HIGH-RISK ARTIFICIAL INTELLIGENCE SYSTEM\nIS DEPLOYED TO MAKE OR CONTRIBUTE TO MAKING;_\n\n_(7) DISCLOSE THE REASON FOR THE DECISION THAT THE HIGH-RISK ARTIFICIAL\nINTELLIGENCE SYSTEM IS DEPLOYED TO MAKE OR CONTRIBUTE TO MAKING;_\n\n_(8) DISCLOSE THE DEGREE TO WHICH THE HIGH-RISK ARTIFICIAL INTELLIGENCE SYSTEM\nIS INVOLVED IN MAKING THE DECISION DISCLOSED UNDER ITEM (6) OF THIS SECTION;_\n\n_(9) DISCLOSE THE DATA THAT THE HIGH-RISK ARTIFICIAL INTELLIGENCE SYSTEM USES\nIN MAKING OR CONTRIBUTING TO MAKING THE DECISION AND ITS SOURCE;_\n\n_(10) BE PROVIDED DIRECTLY TO THE CONSUMER, OR IN A MANNER REASONABLY\nCALCULATED TO BE ACCESSIBLE BY THE CONSUMER IF PROVIDING THE DISCLOSURE\nDIRECTLY IS NOT POSSIBLE;_\n\n_(11) BE IN PLAIN LANGUAGE;_\n\n_(12) BE MADE AVAILABLE IN EACH LANGUAGE THAT THE DEPLOYER REGULARLY USES IN\nCONTRACTS, DISCLAIMERS, SALE ANNOUNCEMENTS, AND OTHER INFORMATION PROVIDED TO\nCONSUMERS; AND_\n\n_(13) BE MADE AVAILABLE IN A FORMAT THAT IS ACCESSIBLE TO CONSUMERS WITH\nDISABILITIES._\n\n_14-5006._\n\n_(A) AN IMPACT ASSESSMENT SHALL BE COMPLETED:_\n\n_(1) AT LEAST ONCE EACH YEAR; AND_\n\n_(2) WITHIN 90 DAYS AFTER AN INTENTIONAL AND SUBSTANTIAL MODIFICATION OF THE\nHIGH-RISK ARTIFICIAL INTELLIGENCE SYSTEM._\n\n_(B) AN IMPACT ASSESSMENT UNDER THIS SECTION SHALL INCLUDE:_\n\n_(1) THE PURPOSE, INTENDED USE CASES, AND BENEFITS OF THE HIGH-RISK ARTIFICIAL\nINTELLIGENCE SYSTEM;_\n\n_(2) THE CONTEXT IN WHICH THE HIGH-RISK ARTIFICIAL INTELLIGENCE SYSTEM WAS\nDEPLOYED;_\n\n_(3) AN ANALYSIS OF KNOWN OR REASONABLY FORESEEABLE RISKS OF ALGORITHMIC\nDISCRIMINATION POSED BY THE HIGH-RISK ARTIFICIAL INTELLIGENCE SYSTEM;_\n\n_(4) A DESCRIPTION OF STEPS TAKEN TO MITIGATE KNOWN OR REASONABLY FORESEEABLE\nRISKS OF ALGORITHMIC DISCRIMINATION POSED BY THE HIGH-RISK ARTIFICIAL\nINTELLIGENCE SYSTEM;_\n\n_(5) A DESCRIPTION OF THE INPUTS AND OUTPUTS OF THE HIGH-RISK ARTIFICIAL\nINTELLIGENCE SYSTEM;_\n\n_(6) A DESCRIPTION OF ANY DATA USED BY A DEVELOPER TO CUSTOMIZE THE HIGH-RISK\nARTIFICIAL INTELLIGENCE SYSTEM;_\n\n_(7) A DESCRIPTION OF ANY METRICS USED TO EVALUATE THE PERFORMANCE OF THE\nHIGH-RISK ARTIFICIAL INTELLIGENCE SYSTEM;_\n\n_(8) A DESCRIPTION OF KNOWN LIMITATIONS OF THE HIGH-RISK ARTIFICIAL\nINTELLIGENCE SYSTEM;_\n\n_(9) A DESCRIPTION OF TRANSPARENCY MEASURES IMPLEMENTED REGARDING THE HIGH-\nRISK ARTIFICIAL INTELLIGENCE SYSTEM, INCLUDING MEASURES TAKEN TO DISCLOSE THAT\nTHE SYSTEM IS IN USE TO A CONSUMER WHEN THE SYSTEM IS IN USE;_\n\n_(10) A DESCRIPTION OF THE DEPLOYER 'S OVERSIGHT PROCESSES, INCLUDING:_\n\n_(I) USER SAFEGUARDS PROVIDED; AND_\n\n_(II) THE DEPLOYER 'S PROCESS FOR ADDRESSING ISSUES ARISING FROM THE\nDEPLOYMENT OF THE HIGH-RISK ARTIFICIAL INTELLIGENCE SYSTEM; AND_\n\n_(11) FOR ANY IMPACT ASSESSMENT FOLLOWING THE INITIAL IMPACT ASSESSMENT OF A\nHIGH-RISK ARTIFICIAL INTELLIGENCE SYSTEM, A DESCRIPTION OF THE EXTENT TO WHICH\nTHE USE OF THE HIGH-RISK ARTIFICIAL INTELLIGENCE SYSTEM WAS CONSISTENT WITH\nTHE DEVELOPER 'S INTENDED USES._\n\n_(C) AN IMPACT ASSESSMENT UNDER SUBSECTION (B) OF THIS SECTION MAY:_\n\n_(1) ADDRESS MULTIPLE SUBSTANTIALLY SIMILAR HIGH-RISK ARTIFICIAL INTELLIGENCE\nSYSTEMS; AND_\n\n_(2) HAVE BEEN CREATED IN ORDER TO COMPLY WITH ANOTHER REQUIREMENT OTHER THAN\nTHIS SUBTITLE IF THE IMPACT ASSESSMENT SATISFIES THE REQUIREMENTS OF THIS\nSUBTITLE._\n\n_14-5007._\n\n_(A) THERE IS A REBUTTABLE PRESUMPTION THAT A DEVELOPER TOOK REASONABLE\nPRECAUTIONS UNDER § 14-5002(A) OF THIS SUBTITLE IF THE DEVELOPER COMPLIED\nWITH:_\n\n_(1) § 14-5002 OF THIS SUBTITLE; AND_\n\n_(2) REGULATIONS ADOPTED BY THE ATTORNEY GENERAL._\n\n_(B) THERE IS A REBUTTABLE PRESUMPTION THAT A DEPLOYER TOOK REASONABLE\nPRECAUTIONS UNDER § 14-5003(A) OF THIS SUBTITLE IF THE DEPLOYER COMPLIED\nWITH:_\n\n_(1) § 14-5003 OF THIS SUBTITLE; AND_\n\n_(2) REGULATIONS ADOPTED BY THE ATTORNEY GENERAL._\n\n_(C) (1) THE ATTORNEY GENERAL MAY, IN A FORM AND MANNER PRESCRIBED BY THE\nATTORNEY GENERAL, REQUIRE A DEVELOPER OR DEPLOYER TO PROVIDE DISCLOSURES\nOTHERWISE REQUIRED UNDER THIS SUBTITLE FOR PURPOSES OF EVALUATING THE\nDISCLOSURE 'S COMPLIANCE WITH THIS SUBTITLE._\n\n_(2) A DEVELOPER OR DEPLOYER MAY DECLINE TO PROVIDE THE ATTORNEY GENERAL WITH\nINFORMATION THAT WOULD REQUIRE THE DISCLOSURE OF TRADE SECRETS OR INFORMATION\nOTHERWISE PROTECTED BY STATE OR FEDERAL LAW._\n\n_(3) INFORMATION PROVIDED TO THE ATTORNEY GENERAL UNDER THIS SUBSECTION IS NOT\nSUBJECT TO DISCLOSURE UNDER THE MARYLAND PUBLIC INFORMATION ACT._\n\n_(4) DISCLOSURE OF INFORMATION UNDER THIS SUBSECTION THAT IS SUBJECT TO\nATTORNEY-CLIENT PRIVILEGE OR WORK-PRODUCT PROTECTION DOES NOT WAIVE THAT\nPRIVILEGE OR PROTECTION._\n\n_14-5008._\n\n_(A) EXCEPT AS PROVIDED IN SUBSECTION (B) OF THIS SECTION, A VIOLATION OF THIS\nSUBTITLE IS:_\n\n_(1) AN UNFAIR, ABUSIVE, OR DECEPTIVE TRADE PRACTICE WITHIN THE MEANING OF\nTITLE 13 OF THIS ARTICLE; AND_\n\n_(2) SUBJECT TO THE ENFORCEMENT AND PENALTY PROVISIONS CONTAINED IN TITLE 13\nOF THIS ARTICLE, EXCEPT FOR § 13-408 OF THIS ARTICLE._\n\n_(B) THIS SECTION DOES NOT PREVENT A CONSUMER FROM PURSUING ANY OTHER REMEDY\nPROVIDED BY LAW._\n\n_SUBTITLE 51. AGREEMENTS CONCERNING VOICE AND LIKENESS CLONES._\n\n_14-5101._\n\n_(A) IN THIS SUBTITLE THE FOLLOWING WORDS HAVE THE MEANINGS INDICATED._\n\n_(B) \"ARTIFICIAL INTELLIGENCE\" HAS THE MEANING STATED IN § 3.5-801 OF THE\nSTATE FINANCE AND PROCUREMENT ARTICLE._\n\n_(C) \"DIGITAL COPY\" MEANS A NEWLY CREATED, ELECTRONIC REPRESENTATION OF THE\nIDENTITY OF AN ACTUAL INDIVIDUAL CREATED USING A COMPUTER, AN ALGORITHM,\nSOFTWARE, A TOOL, ARTIFICIAL INTELLIGENCE, OR ANY OTHER TECHNOLOGY THAT IS:_\n\n_(1) FIXED IN A SOUND RECORDING OR AUDIOVISUAL WORK IN WHICH THE INDIVIDUAL\nDID NOT ACTUALLY PERFORM OR APPEAR; AND_\n\n_(2) SO REALISTIC THAT A REASONABLE PERSON WOULD BELIEVE THE DIGITAL COPY IS A\nPERFORMANCE BY THE INDIVIDUAL BEING PORTRAYED AND NOT ANOTHER INDIVIDUAL._\n\n_14-5102._\n\n_AN AGREEMENT TO PERFORM PERSONAL OR PROFESSIONAL SERVICES IS UNENFORCEABLE\nIF:_\n\n_(1) THE AGREEMENT ALLOWS FOR THE CREATION OR USE OF A DIGITAL COPY OF A\nPERSON 'S VOICE OR IMAGE INSTEAD OF WORK PERFORMED LIVE BY THE PERSON;_\n\n_(2) THE AGREEMENT DOES NOT INCLUDE:_\n\n_(I) A DESCRIPTION OF THE INTENDED USES OF THE DIGITAL COPY THAT IS EASILY\nUNDERSTANDABLE; AND_\n\n_(II) THE LICENSING TERMS GOVERNING THE USE OF THE DIGITAL COPY; AND_\n\n_(3) THE PERSON WAS NOT REPRESENTED BY:_\n\n_(I) A LAWYER WHO NEGOTIATED ON BEHALF OF THE PERSON LICENSING THE RIGHTS TO A\nDIGITAL COPY; OR_\n\n_(II) A LABOR UNION REPRESENTING WORKERS WHO PERFORM SIMILAR WORK WITH A\nCOLLECTIVE BARGAINING AGREEMENT THAT EXPRESSLY COVERS THE USE OF DIGITAL\nCOPIES._\n\n**Article - State Finance and Procurement**\n\n3.5-801.\n\n(a) In this subtitle the following words have the meanings indicated.\n\n(c) \"Artificial intelligence\" means a machine-based system that:\n\n(1) can, for a given set of human-defined objectives, make predictions,\nrecommendations, or decisions influencing real or virtual environments;\n\n(2) uses machine and human-based inputs to perceive real and virtual\nenvironments and abstracts those perceptions into models through analysis in\nan automated manner; and\n\n(3) uses model inference to formulate options for information or action.\n\nSECTION 2. AND BE IT FURTHER ENACTED, That this Act shall take effect October\n1, 2025.\n\nCopyright (C) 2025 State Net  \n  \n---\n\n",
      "latest_version": true
    }
  ]
}