{
  "bill_id": "ME2025010H1125",
  "source_url": "http://custom.statenet.com/public/resources.cgi?id=ID:bill:ME2025010H1125&cuiq=93d84396-c63b-526a-b152-38b7f79b4cfd&client_md=e4f6fea4-27b4-5d41-b7d3-766fe52569f0",
  "versions": [
    {
      "date": "04/16/2025",
      "label": "Introduced",
      "url": "https://custom.statenet.com/public/resources.cgi?mode=show_text&id=ID:bill:ME2025010H1125&verid=ME2025010H1125_20250416_0_I&",
      "raw_html": "<html>\n<head>\n<title>Bill Resource</title>\n\n<!--   <link href=\"https://custom.statenet.com/network/Common/css/extregtext.css\" rel=\"stylesheet\" type=\"text/css\" />-->\n   <link href=\"https://custom.statenet.com/network/Common/css/xmltext-2.0.css\" rel=\"stylesheet\" type=\"text/css\" />\n   <link href=\"https://custom.statenet.com/network/Common/css/additional-text.css\" rel=\"stylesheet\" type=\"text/css\" />\n\n\t<style type=\"text/css\">\n<!--\n\ntd, body {\n     background-color: white;\n\tfont-family: Verdana, Arial, Helvetica, sans-serif;\n\tfont-size: 12px;\n}\n\n.resourceContainer {\n   border: 1px solid black;\n}\n-->\n</style>\n</head>\n<body>\n\n    <div style=\"width: 750px; margin: auto\">\n       <div style=\"font-size: .8em;margin-bottom: 10px\"><table width=\"100%\"><tr><td align=\"left\" style=\"font-size: .8em;\"><div>The following has special meaning:</div>\n<div><u class=\"amendmentInsertedText\">green underline denotes added text</u></div>\n<div><strike class=\"amendmentDeletedText\">red struck out text denotes deleted text</strike></div></td> <td align=\"right\"><a href=\"https://www.lexisnexis.com/statenet/\"><img alt=\"Powered by State Net\" src=\"https://custom.statenet.com/network/poweredby.gif\" /></a></td></tr></table></div><table id=\"text-identifier\"><tr><td class=\"key\">2025 ME H 1125 a</td> <td><table><tr><td class=\"label\">Author:</td> <td>Kuhn</td></tr> <tr><td class=\"label\">Version:</td> <td>Introduced</td></tr> <tr><td class=\"label\">Version Date:</td> <td>04/16/2025</td></tr></table></td></tr></table><div class=\"documentBody\">\n  <a name=\"head_document_section\"></a><div class=\"head\">\n   <p class=\"center\">\n    <b>132nd MAINE LEGISLATURE</b>\n   </p>\n   <p class=\"center\">\n    <b>FIRST SPECIAL SESSION-2025</b>\n   </p>\n   <p class=\"indent\">\n    <b>Legislative Document</b>\n   </p>\n   <p class=\"right\">\n    <b>No. 1690</b>\n   </p>\n   <p class=\"indent\">H.P. 1125</p>\n   <p class=\"right\">House of Representatives, April 17, 2025</p>\n  </div>\n  <a name=\"title_document_section\"></a><div class=\"title\">\n   <p class=\"indent\">\n    <b>An Act Regarding Artificial Intelligence in Campaign Advertising</b>\n   </p>\n  </div>\n  <a name=\"text_document_section\"></a><div class=\"text\">\n   <span>\n    <p class=\"indent\">\n     <b>Be it enacted by the People of the State of Maine as follows:</b>\n    </p>\n   </span>\n   <p class=\"indent\">\n    <b>Sec. 1. 21-A MRSA &sect;1014, sub-&sect;4,</b> as amended by IB 2015, c. 1, &sect;4, is further amended to read:</p>\n   <p class=\"indent\">\n    <b>4. Enforcement.</b> A violation of this section may result in a civil penalty of no more than 100% of the amount of the expenditure in violation, <u class=\"amendmentInsertedText\">except that a violation of subsection 5-B may result in a penalty of no more than 500% of the amount of the expenditure in violation and</u> except that an expenditure for yard signs lacking the required information may result in a maximum civil penalty of $200. In assessing a civil penalty, the commission shall consider, among other things, how widely the communication was disseminated, whether the violation was intentional, whether the violation occurred as the result of an error by a printer or other paid vendor and whether the communication conceals or misrepresents the identity of the person who financed it. If the person who financed the communication or who committed the violation corrects the violation within 10 days after receiving notification of the violation from the commission by adding the missing information to the communication, the commission may decide to assess no civil penalty<u class=\"amendmentInsertedText\">, except for violations of subsection 5-B</u>.</p>\n   <p class=\"indent\">\n    <b>Sec. 2. 21-A MRSA &sect;1014, sub-&sect;5-B</b> is enacted to read:</p>\n   <p class=\"indent\">\n    <u class=\"amendmentInsertedText\">\n     <b>5-B. Use of synthetic media in political communications.</b> A person or an entity required to provide a disclosure under this section shall disclose, as part of the required disclosure, when an image, audio or video used in a communication has been materially manipulated or altered and the communication contains synthetic media. The disclosure must include the words &quot;THIS COMMUNICATION CONTAINS AUDIO, VIDEO AND/OR IMAGES THAT HAVE BEEN MANIPULATED OR ALTERED.&quot;</u>\n   </p>\n   <p class=\"indent\">\n    <u class=\"amendmentInsertedText\">The commission shall establish by routine technical rule, adopted in accordance with Title 5, chapter 375, subchapter 2-A, criteria regarding size and placement of the disclosure required under this subsection.</u>\n   </p>\n   <p class=\"indent\">\n    <u class=\"amendmentInsertedText\">A. For purposes of this subsection, &quot;deceptive or fraudulent political communication&quot; means synthetic media that depicts a candidate or political party with the intent to injure the reputation of the candidate or political party or otherwise deceive a voter and that:</u>\n   </p>\n   <p class=\"indent\">\n    <u class=\"amendmentInsertedText\">(1) Appears to a reasonable person to depict a real individual saying or doing something that did not actually occur; or</u>\n   </p>\n   <p class=\"indent\">\n    <u class=\"amendmentInsertedText\">(2) Provides a reasonable person a materially different understanding or impression of the appearance, action or speech than a reasonable person would have from an unaltered, original version of an image, audio recording or video recording.</u>\n   </p>\n   <p class=\"indent\">\n    <u class=\"amendmentInsertedText\">B. For purposes of this subsection, &quot;synthetic media&quot; means an image, an audio recording or a video recording of an individual&#39;s appearance, speech or conduct that has been created or intentionally manipulated with the use of digital technology or in any other manner to create a materially deceptive or fraudulent political communication.</u>\n   </p>\n   <p class=\"indent\">\n    <u class=\"amendmentInsertedText\">C. This subsection does not apply to:</u>\n   </p>\n   <p class=\"indent\">\n    <u class=\"amendmentInsertedText\">(1) A radio or television broadcasting station, including a cable or satellite television operator, programmer or producer, that broadcasts synthetic media as part of a bona fide newscast, news interview, news documentary or on-the-spot coverage of a bona fide news event, if the broadcast clearly acknowledges through content or a disclosure, in a manner that can be easily heard or read by the average listener or viewer, that there are questions about the authenticity of the synthetic media or in cases where federal law requires broadcasters to air advertisements from legally qualified candidates as defined by 47 Code of Federal Regulations, Section 73.1940 (2022);</u>\n   </p>\n   <p class=\"indent\">\n    <u class=\"amendmentInsertedText\">(2) A radio or television broadcasting station, including a cable or satellite television operator, programmer or producer, when it is paid to broadcast synthetic media and has made a good faith effort to establish the depiction is not a deceptive or fraudulent political communication or in cases where federal law requires broadcasters to air advertisements from legally qualified candidates as defined by 47 Code of Federal Regulations, Section 73.1940 (2022);</u>\n   </p>\n   <p class=\"indent\">\n    <u class=\"amendmentInsertedText\">(3) A website or a regularly published newspaper, magazine or other periodical of general circulation, including an Internet or electronic publication, that routinely carries news and commentary of general interest and that publishes a deceptive or fraudulent political communication, if the publication clearly states that the deceptive or fraudulent political communication does not accurately represent the speech or conduct of the candidate; and</u>\n   </p>\n   <p class=\"indent\">\n    <u class=\"amendmentInsertedText\">(4) Materially deceptive audio or visual media that constitutes satire or parody.</u>\n   </p>\n   <p class=\"indent\">\n    <u class=\"amendmentInsertedText\">D. In addition to any other remedy that may be available, the commission may bring a civil action in the Superior Court for injunctive or other appropriate equitable relief in order to prohibit the dissemination of synthetic media in violation of this subsection. If the court finds a violation of this subsection, the court may award to the commission the costs of the action together with reasonable attorney&#39;s fees as determined by the court.</u>\n   </p>\n  </div>\n  <a name=\"digest_document_section\"></a><div class=\"digest\">\n   <p class=\"center\">\n    <b>SUMMARY</b>\n   </p>\n   <p class=\"indent\">This bill requires a person or an entity to disclose when an image, audio recording or video recording used in a political communication has been materially manipulated by artificial intelligence or by other means. The bill establishes that a violation of the requirement may result in a penalty of no more than 500% of the amount of the expenditure in violation and provides exemptions for certain categories of political communications.</p>\n  </div>\n </div>\n    </div>\t\n<table cellpadding=0 cellspacing=0 width=\"100%\">\n   <tr>\n      <td>\n          Copyright &copy; 2025 State Net\n      </td>\n<BR>\n<!--???MOVED INTO resources.cgi      <td align=\"right\">\n          <img src=\"https://custom.statenet.com/network/poweredby.gif\" alt=\"Powered by State Net\">\n      </td>-->\n\n    </tr>\n</table>\n</body></html>\n",
      "markdown": "The following has special meaning: _green underline denotes added text_ ~~red struck out text denotes deleted text~~ | [![Powered by State Net](https://custom.statenet.com/network/poweredby.gif)](https://www.lexisnexis.com/statenet/)  \n---|---  \n  \n2025 ME H 1125 a | | Author: | Kuhn  \n---|---  \nVersion: | Introduced  \nVersion Date: | 04/16/2025  \n  \n**132nd MAINE LEGISLATURE**\n\n**FIRST SPECIAL SESSION-2025**\n\n**Legislative Document**\n\n**No. 1690**\n\nH.P. 1125\n\nHouse of Representatives, April 17, 2025\n\n**An Act Regarding Artificial Intelligence in Campaign Advertising**\n\n**Be it enacted by the People of the State of Maine as follows:**\n\n**Sec. 1. 21-A MRSA §1014, sub-§4,** as amended by IB 2015, c. 1, §4, is\nfurther amended to read:\n\n**4\\. Enforcement.** A violation of this section may result in a civil penalty\nof no more than 100% of the amount of the expenditure in violation, _except\nthat a violation of subsection 5-B may result in a penalty of no more than\n500% of the amount of the expenditure in violation and_ except that an\nexpenditure for yard signs lacking the required information may result in a\nmaximum civil penalty of $200. In assessing a civil penalty, the commission\nshall consider, among other things, how widely the communication was\ndisseminated, whether the violation was intentional, whether the violation\noccurred as the result of an error by a printer or other paid vendor and\nwhether the communication conceals or misrepresents the identity of the person\nwho financed it. If the person who financed the communication or who committed\nthe violation corrects the violation within 10 days after receiving\nnotification of the violation from the commission by adding the missing\ninformation to the communication, the commission may decide to assess no civil\npenalty _, except for violations of subsection 5-B_.\n\n**Sec. 2. 21-A MRSA §1014, sub-§5-B** is enacted to read:\n\n_**5-B. Use of synthetic media in political communications.** A person or an\nentity required to provide a disclosure under this section shall disclose, as\npart of the required disclosure, when an image, audio or video used in a\ncommunication has been materially manipulated or altered and the communication\ncontains synthetic media. The disclosure must include the words \"THIS\nCOMMUNICATION CONTAINS AUDIO, VIDEO AND/OR IMAGES THAT HAVE BEEN MANIPULATED\nOR ALTERED.\"_\n\n_The commission shall establish by routine technical rule, adopted in\naccordance with Title 5, chapter 375, subchapter 2-A, criteria regarding size\nand placement of the disclosure required under this subsection._\n\n_A. For purposes of this subsection, \"deceptive or fraudulent political\ncommunication\" means synthetic media that depicts a candidate or political\nparty with the intent to injure the reputation of the candidate or political\nparty or otherwise deceive a voter and that:_\n\n_(1) Appears to a reasonable person to depict a real individual saying or\ndoing something that did not actually occur; or_\n\n_(2) Provides a reasonable person a materially different understanding or\nimpression of the appearance, action or speech than a reasonable person would\nhave from an unaltered, original version of an image, audio recording or video\nrecording._\n\n_B. For purposes of this subsection, \"synthetic media\" means an image, an\naudio recording or a video recording of an individual's appearance, speech or\nconduct that has been created or intentionally manipulated with the use of\ndigital technology or in any other manner to create a materially deceptive or\nfraudulent political communication._\n\n_C. This subsection does not apply to:_\n\n_(1) A radio or television broadcasting station, including a cable or\nsatellite television operator, programmer or producer, that broadcasts\nsynthetic media as part of a bona fide newscast, news interview, news\ndocumentary or on-the-spot coverage of a bona fide news event, if the\nbroadcast clearly acknowledges through content or a disclosure, in a manner\nthat can be easily heard or read by the average listener or viewer, that there\nare questions about the authenticity of the synthetic media or in cases where\nfederal law requires broadcasters to air advertisements from legally qualified\ncandidates as defined by 47 Code of Federal Regulations, Section 73.1940\n(2022);_\n\n_(2) A radio or television broadcasting station, including a cable or\nsatellite television operator, programmer or producer, when it is paid to\nbroadcast synthetic media and has made a good faith effort to establish the\ndepiction is not a deceptive or fraudulent political communication or in cases\nwhere federal law requires broadcasters to air advertisements from legally\nqualified candidates as defined by 47 Code of Federal Regulations, Section\n73.1940 (2022);_\n\n_(3) A website or a regularly published newspaper, magazine or other\nperiodical of general circulation, including an Internet or electronic\npublication, that routinely carries news and commentary of general interest\nand that publishes a deceptive or fraudulent political communication, if the\npublication clearly states that the deceptive or fraudulent political\ncommunication does not accurately represent the speech or conduct of the\ncandidate; and_\n\n_(4) Materially deceptive audio or visual media that constitutes satire or\nparody._\n\n_D. In addition to any other remedy that may be available, the commission may\nbring a civil action in the Superior Court for injunctive or other appropriate\nequitable relief in order to prohibit the dissemination of synthetic media in\nviolation of this subsection. If the court finds a violation of this\nsubsection, the court may award to the commission the costs of the action\ntogether with reasonable attorney 's fees as determined by the court._\n\n**SUMMARY**\n\nThis bill requires a person or an entity to disclose when an image, audio\nrecording or video recording used in a political communication has been\nmaterially manipulated by artificial intelligence or by other means. The bill\nestablishes that a violation of the requirement may result in a penalty of no\nmore than 500% of the amount of the expenditure in violation and provides\nexemptions for certain categories of political communications.\n\nCopyright (C) 2025 State Net  \n  \n---\n\n",
      "latest_version": true
    }
  ]
}