{
  "bill_id": "ME2025000H411",
  "source_url": "http://custom.statenet.com/public/resources.cgi?id=ID:bill:ME2025000H411&cuiq=93d84396-c63b-526a-b152-38b7f79b4cfd&client_md=e4f6fea4-27b4-5d41-b7d3-766fe52569f0",
  "versions": [
    {
      "date": "02/20/2025",
      "label": "Introduced",
      "url": "https://custom.statenet.com/public/resources.cgi?mode=show_text&id=ID:bill:ME2025000H411&verid=ME2025000H411_20250220_0_I&",
      "raw_html": "<html>\n<head>\n<title>Bill Resource</title>\n\n<!--   <link href=\"https://custom.statenet.com/network/Common/css/extregtext.css\" rel=\"stylesheet\" type=\"text/css\" />-->\n   <link href=\"https://custom.statenet.com/network/Common/css/xmltext-2.0.css\" rel=\"stylesheet\" type=\"text/css\" />\n   <link href=\"https://custom.statenet.com/network/Common/css/additional-text.css\" rel=\"stylesheet\" type=\"text/css\" />\n\n\t<style type=\"text/css\">\n<!--\n\ntd, body {\n     background-color: white;\n\tfont-family: Verdana, Arial, Helvetica, sans-serif;\n\tfont-size: 12px;\n}\n\n.resourceContainer {\n   border: 1px solid black;\n}\n-->\n</style>\n</head>\n<body>\n\n    <div style=\"width: 750px; margin: auto\">\n       <div style=\"font-size: .8em;margin-bottom: 10px\"><table width=\"100%\"><tr><td align=\"left\" style=\"font-size: .8em;\"><div>The following has special meaning:</div>\n<div><u class=\"amendmentInsertedText\">green underline denotes added text</u></div>\n<div><strike class=\"amendmentDeletedText\">red struck out text denotes deleted text</strike></div></td> <td align=\"right\"><a href=\"https://www.lexisnexis.com/statenet/\"><img alt=\"Powered by State Net\" src=\"https://custom.statenet.com/network/poweredby.gif\" /></a></td></tr></table></div><table id=\"text-identifier\"><tr><td class=\"key\">2025 ME H 411</td> <td><table><tr><td class=\"label\">Author:</td> <td>Brennan</td></tr> <tr><td class=\"label\">Version:</td> <td>Introduced</td></tr> <tr><td class=\"label\">Version Date:</td> <td>02/20/2025</td></tr></table></td></tr></table><div class=\"documentBody\">\n  <a name=\"head_document_section\"></a><div class=\"head\">\n   <p class=\"center\">\n    <b>132nd MAINE LEGISLATURE</b>\n   </p>\n   <p class=\"center\">\n    <b>FIRST REGULAR SESSION-2025</b>\n   </p>\n   <p class=\"indent\">\n    <b>Legislative Document</b>\n   </p>\n   <p class=\"right\">\n    <b>No. 643</b>\n   </p>\n   <p class=\"indent\">H.P. 411</p>\n   <p class=\"right\">House of Representatives, February 25, 2025</p>\n  </div>\n  <a name=\"title_document_section\"></a><div class=\"title\">\n   <p class=\"indent\">\n    <b>Resolve, to Study the Effects of Artificial Intelligence, Cellular Telephones and Social Media on Public Education</b>\n   </p>\n  </div>\n  <a name=\"text_document_section\"></a><div class=\"text\">\n   <p class=\"indent\">\n    <b>Sec. 1.Department of Education to study the impacts of artificial intelligence, cellular telephones and social media on public education. Resolved:</b> That the Department of Education shall establish a working group to study and make recommendations regarding the use of artificial intelligence, cellular telephones and social media within public school settings. The Commissioner of Education shall select members of the working group and include relevant stakeholders. No later than December 3, 2025, the working group shall submit a report that includes its findings and recommendations, including suggested legislation, for presentation to the Joint Standing Committee on Education and Cultural Affairs. The joint standing committee may report out a bill related to the report to the Second Regular Session of the 132nd Legislature.</p>\n  </div>\n  <a name=\"digest_document_section\"></a><div class=\"digest\">\n   <p class=\"center\">\n    <b>SUMMARY</b>\n   </p>\n   <p class=\"indent\">This resolve directs the Department of Education to establish a working group to study and make recommendations regarding the use of artificial intelligence, cellular telephones and social media within public school settings. The Commissioner of Education is directed to select members of the working group and include relevant stakeholders. The working group is required, no later than December 3, 2025, to submit a report that includes its findings and recommendations, including suggested legislation, for presentation to the Joint Standing Committee on Education and Cultural Affairs. The joint standing committee is authorized to report out a bill related to the report to the Second Regular Session of the 132nd Legislature.</p>\n  </div>\n </div>\n    </div>\t\n<table cellpadding=0 cellspacing=0 width=\"100%\">\n   <tr>\n      <td>\n          Copyright &copy; 2025 State Net\n      </td>\n<BR>\n<!--???MOVED INTO resources.cgi      <td align=\"right\">\n          <img src=\"https://custom.statenet.com/network/poweredby.gif\" alt=\"Powered by State Net\">\n      </td>-->\n\n    </tr>\n</table>\n</body></html>\n",
      "markdown": "The following has special meaning: _green underline denotes added text_ ~~red struck out text denotes deleted text~~ | [![Powered by State Net](https://custom.statenet.com/network/poweredby.gif)](https://www.lexisnexis.com/statenet/)  \n---|---  \n  \n2025 ME H 411 | | Author: | Brennan  \n---|---  \nVersion: | Introduced  \nVersion Date: | 02/20/2025  \n  \n**132nd MAINE LEGISLATURE**\n\n**FIRST REGULAR SESSION-2025**\n\n**Legislative Document**\n\n**No. 643**\n\nH.P. 411\n\nHouse of Representatives, February 25, 2025\n\n**Resolve, to Study the Effects of Artificial Intelligence, Cellular\nTelephones and Social Media on Public Education**\n\n**Sec. 1.Department of Education to study the impacts of artificial\nintelligence, cellular telephones and social media on public education.\nResolved:** That the Department of Education shall establish a working group\nto study and make recommendations regarding the use of artificial\nintelligence, cellular telephones and social media within public school\nsettings. The Commissioner of Education shall select members of the working\ngroup and include relevant stakeholders. No later than December 3, 2025, the\nworking group shall submit a report that includes its findings and\nrecommendations, including suggested legislation, for presentation to the\nJoint Standing Committee on Education and Cultural Affairs. The joint standing\ncommittee may report out a bill related to the report to the Second Regular\nSession of the 132nd Legislature.\n\n**SUMMARY**\n\nThis resolve directs the Department of Education to establish a working group\nto study and make recommendations regarding the use of artificial\nintelligence, cellular telephones and social media within public school\nsettings. The Commissioner of Education is directed to select members of the\nworking group and include relevant stakeholders. The working group is\nrequired, no later than December 3, 2025, to submit a report that includes its\nfindings and recommendations, including suggested legislation, for\npresentation to the Joint Standing Committee on Education and Cultural\nAffairs. The joint standing committee is authorized to report out a bill\nrelated to the report to the Second Regular Session of the 132nd Legislature.\n\nCopyright (C) 2025 State Net  \n  \n---\n\n",
      "latest_version": true
    }
  ]
}