{
  "bill_id": "ME2025010S531",
  "source_url": "http://custom.statenet.com/public/resources.cgi?id=ID:bill:ME2025010S531&cuiq=93d84396-c63b-526a-b152-38b7f79b4cfd&client_md=e4f6fea4-27b4-5d41-b7d3-766fe52569f0",
  "versions": [
    {
      "date": "03/25/2025",
      "label": "Introduced",
      "url": "https://custom.statenet.com/public/resources.cgi?mode=show_text&id=ID:bill:ME2025010S531&verid=ME2025010S531_20250325_0_I&",
      "raw_html": "<html>\n<head>\n<title>Bill Resource</title>\n\n<!--   <link href=\"https://custom.statenet.com/network/Common/css/extregtext.css\" rel=\"stylesheet\" type=\"text/css\" />-->\n   <link href=\"https://custom.statenet.com/network/Common/css/xmltext-2.0.css\" rel=\"stylesheet\" type=\"text/css\" />\n   <link href=\"https://custom.statenet.com/network/Common/css/additional-text.css\" rel=\"stylesheet\" type=\"text/css\" />\n\n\t<style type=\"text/css\">\n<!--\n\ntd, body {\n     background-color: white;\n\tfont-family: Verdana, Arial, Helvetica, sans-serif;\n\tfont-size: 12px;\n}\n\n.resourceContainer {\n   border: 1px solid black;\n}\n-->\n</style>\n</head>\n<body>\n\n    <div style=\"width: 750px; margin: auto\">\n       <div style=\"font-size: .8em;margin-bottom: 10px\"><table width=\"100%\"><tr><td align=\"left\" style=\"font-size: .8em;\"><div>The following has special meaning:</div>\n<div><u class=\"amendmentInsertedText\">green underline denotes added text</u></div>\n<div><strike class=\"amendmentDeletedText\">red struck out text denotes deleted text</strike></div></td> <td align=\"right\"><a href=\"https://www.lexisnexis.com/statenet/\"><img alt=\"Powered by State Net\" src=\"https://custom.statenet.com/network/poweredby.gif\" /></a></td></tr></table></div><table id=\"text-identifier\"><tr><td class=\"key\">2025 ME S 531 a</td> <td><table><tr><td class=\"label\">Author:</td> <td>Senator Tipping</td></tr> <tr><td class=\"label\">Version:</td> <td>Introduced</td></tr> <tr><td class=\"label\">Version Date:</td> <td>03/25/2025</td></tr></table></td></tr></table><div class=\"documentBody\">\n  <a name=\"head_document_section\"></a><div class=\"head\">\n   <p class=\"center\">\n    <b>132nd MAINE LEGISLATURE</b>\n   </p>\n   <p class=\"indent\">\n    <b>FIRST SPECIAL SESSION-2025</b>\n   </p>\n   <p class=\"indent\">\n    <b>Legislative Document No. 1301</b>\n   </p>\n   <p class=\"indent\">S.P. 531</p>\n   <p class=\"right\">In Senate, March 25, 2025</p>\n  </div>\n  <a name=\"title_document_section\"></a><div class=\"title\">\n   <p class=\"indent\">\n    <b>An Act to Prohibit the Use of Artificial Intelligence in the Denial of Health Insurance Claims</b>\n   </p>\n  </div>\n  <a name=\"text_document_section\"></a><div class=\"text\">\n   <span>\n    <p class=\"indent\">\n     <b>Be it enacted by the People of the State of Maine as follows:</b>\n    </p>\n   </span>\n   <p class=\"indent\">\n    <b>Sec. 1. 24-A MRSA &sect;4304, sub-&sect;8</b> is enacted to read:</p>\n   <p class=\"indent\">\n    <u class=\"amendmentInsertedText\">\n     <b>8. Use of artificial intelligence.</b> Beginning January 1, 2026, the use of artificial intelligence by a carrier, or by any 3rd party contracted by a carrier, to make medical review or utilization review determinations relating to the approval, denial, delay, modification or adjustment of coverage for services under a health plan is governed by this subsection.</u>\n   </p>\n   <p class=\"indent\">\n    <u class=\"amendmentInsertedText\">A. Determinations derived from the use of artificial intelligence, including algorithms and other software tools, must:</u>\n   </p>\n   <p class=\"indent\">\n    <u class=\"amendmentInsertedText\">(1) Be based upon an enrollee&#39;s medical history, as applicable, and individual clinical circumstances as presented by the requesting provider, as well as other relevant clinical information contained in the enrollee&#39;s medical record, and not supplant provider decision making;</u>\n   </p>\n   <p class=\"indent\">\n    <u class=\"amendmentInsertedText\">(2) Not directly or indirectly discriminate against an enrollee on the basis of race, color, religion, national origin, ancestry, age, sex, gender, gender identity, gender expression, sexual orientation, present or predicted disability, expected length of life, degree of medical dependency, quality of life or other health conditions;</u>\n   </p>\n   <p class=\"indent\">\n    <u class=\"amendmentInsertedText\">(3) Be fairly and equitably applied; and</u>\n   </p>\n   <p class=\"indent\">\n    <u class=\"amendmentInsertedText\">(4) Be open to inspection, and the use of artificial intelligence must be disclosed in the written policies and procedures to an enrollee.</u>\n   </p>\n   <p class=\"indent\">\n    <u class=\"amendmentInsertedText\">Use of artificial intelligence pursuant to this paragraph must be governed by policies that establish accountability for performance, use and outcomes that are reviewed and revised for accuracy and reliability. Data under this paragraph may not be used beyond its intended and stated purpose. Data under this paragraph must be protected from risk that may directly or indirectly cause harm to the enrollee.</u>\n   </p>\n   <p class=\"indent\">\n    <u class=\"amendmentInsertedText\">B. A denial, delay, modification or adjustment of health care services based on medical necessity must be made by a clinical peer competent to evaluate the specific clinical issues involved in the health care services requested by the enrollee&#39;s provider. The clinical peer making the medical review or utilization review determination shall consider the enrollee&#39;s provider&#39;s recommendation and the enrollee&#39;s medical history, as applicable, and individual clinical circumstances.</u>\n   </p>\n   <p class=\"indent\">\n    <u class=\"amendmentInsertedText\">For purposes of this subsection, &quot;artificial intelligence&quot; means an engineered or machine-based system that varies in its level of autonomy and that can, for explicit or implicit objectives, infer from the input it receives how to generate outputs that can influence physical or virtual environments.</u>\n   </p>\n  </div>\n  <a name=\"digest_document_section\"></a><div class=\"digest\">\n   <p class=\"center\">\n    <b>SUMMARY</b>\n   </p>\n   <p class=\"indent\">This bill establishes requirements, beginning January 1, 2026, for health insurance carriers that use artificial intelligence to make medical review or utilization review determinations relating to the approval, denial, delay, modification or adjustment of coverage for services under a health plan. The bill requires that any denial, delay, modification or adjustment of health care services based on medical necessity be made by a clinical peer.</p>\n  </div>\n </div>\n    </div>\t\n<table cellpadding=0 cellspacing=0 width=\"100%\">\n   <tr>\n      <td>\n          Copyright &copy; 2025 State Net\n      </td>\n<BR>\n<!--???MOVED INTO resources.cgi      <td align=\"right\">\n          <img src=\"https://custom.statenet.com/network/poweredby.gif\" alt=\"Powered by State Net\">\n      </td>-->\n\n    </tr>\n</table>\n</body></html>\n",
      "markdown": "The following has special meaning: _green underline denotes added text_ ~~red struck out text denotes deleted text~~ | [![Powered by State Net](https://custom.statenet.com/network/poweredby.gif)](https://www.lexisnexis.com/statenet/)  \n---|---  \n  \n2025 ME S 531 a | | Author: | Senator Tipping  \n---|---  \nVersion: | Introduced  \nVersion Date: | 03/25/2025  \n  \n**132nd MAINE LEGISLATURE**\n\n**FIRST SPECIAL SESSION-2025**\n\n**Legislative Document No. 1301**\n\nS.P. 531\n\nIn Senate, March 25, 2025\n\n**An Act to Prohibit the Use of Artificial Intelligence in the Denial of\nHealth Insurance Claims**\n\n**Be it enacted by the People of the State of Maine as follows:**\n\n**Sec. 1. 24-A MRSA §4304, sub-§8** is enacted to read:\n\n_**8\\. Use of artificial intelligence.** Beginning January 1, 2026, the use of\nartificial intelligence by a carrier, or by any 3rd party contracted by a\ncarrier, to make medical review or utilization review determinations relating\nto the approval, denial, delay, modification or adjustment of coverage for\nservices under a health plan is governed by this subsection._\n\n_A. Determinations derived from the use of artificial intelligence, including\nalgorithms and other software tools, must:_\n\n_(1) Be based upon an enrollee 's medical history, as applicable, and\nindividual clinical circumstances as presented by the requesting provider, as\nwell as other relevant clinical information contained in the enrollee's\nmedical record, and not supplant provider decision making;_\n\n_(2) Not directly or indirectly discriminate against an enrollee on the basis\nof race, color, religion, national origin, ancestry, age, sex, gender, gender\nidentity, gender expression, sexual orientation, present or predicted\ndisability, expected length of life, degree of medical dependency, quality of\nlife or other health conditions;_\n\n_(3) Be fairly and equitably applied; and_\n\n_(4) Be open to inspection, and the use of artificial intelligence must be\ndisclosed in the written policies and procedures to an enrollee._\n\n_Use of artificial intelligence pursuant to this paragraph must be governed by\npolicies that establish accountability for performance, use and outcomes that\nare reviewed and revised for accuracy and reliability. Data under this\nparagraph may not be used beyond its intended and stated purpose. Data under\nthis paragraph must be protected from risk that may directly or indirectly\ncause harm to the enrollee._\n\n_B. A denial, delay, modification or adjustment of health care services based\non medical necessity must be made by a clinical peer competent to evaluate the\nspecific clinical issues involved in the health care services requested by the\nenrollee 's provider. The clinical peer making the medical review or\nutilization review determination shall consider the enrollee's provider's\nrecommendation and the enrollee's medical history, as applicable, and\nindividual clinical circumstances._\n\n_For purposes of this subsection, \"artificial intelligence\" means an\nengineered or machine-based system that varies in its level of autonomy and\nthat can, for explicit or implicit objectives, infer from the input it\nreceives how to generate outputs that can influence physical or virtual\nenvironments._\n\n**SUMMARY**\n\nThis bill establishes requirements, beginning January 1, 2026, for health\ninsurance carriers that use artificial intelligence to make medical review or\nutilization review determinations relating to the approval, denial, delay,\nmodification or adjustment of coverage for services under a health plan. The\nbill requires that any denial, delay, modification or adjustment of health\ncare services based on medical necessity be made by a clinical peer.\n\nCopyright (C) 2025 State Net  \n  \n---\n\n",
      "latest_version": true
    }
  ]
}