{
  "bill_id": "ME2025000H558",
  "source_url": "http://custom.statenet.com/public/resources.cgi?id=ID:bill:ME2025000H558&cuiq=93d84396-c63b-526a-b152-38b7f79b4cfd&client_md=e4f6fea4-27b4-5d41-b7d3-766fe52569f0",
  "versions": [
    {
      "date": "03/03/2025",
      "label": "Introduced",
      "url": "https://custom.statenet.com/public/resources.cgi?mode=show_text&id=ID:bill:ME2025000H558&verid=ME2025000H558_20250303_0_I&",
      "raw_html": "<html>\n<head>\n<title>Bill Resource</title>\n\n<!--   <link href=\"https://custom.statenet.com/network/Common/css/extregtext.css\" rel=\"stylesheet\" type=\"text/css\" />-->\n   <link href=\"https://custom.statenet.com/network/Common/css/xmltext-2.0.css\" rel=\"stylesheet\" type=\"text/css\" />\n   <link href=\"https://custom.statenet.com/network/Common/css/additional-text.css\" rel=\"stylesheet\" type=\"text/css\" />\n\n\t<style type=\"text/css\">\n<!--\n\ntd, body {\n     background-color: white;\n\tfont-family: Verdana, Arial, Helvetica, sans-serif;\n\tfont-size: 12px;\n}\n\n.resourceContainer {\n   border: 1px solid black;\n}\n-->\n</style>\n</head>\n<body>\n\n    <div style=\"width: 750px; margin: auto\">\n       <div style=\"font-size: .8em;margin-bottom: 10px\"><table width=\"100%\"><tr><td align=\"left\" style=\"font-size: .8em;\"><div>The following has special meaning:</div>\n<div><u class=\"amendmentInsertedText\">green underline denotes added text</u></div>\n<div><strike class=\"amendmentDeletedText\">red struck out text denotes deleted text</strike></div></td> <td align=\"right\"><a href=\"https://www.lexisnexis.com/statenet/\"><img alt=\"Powered by State Net\" src=\"https://custom.statenet.com/network/poweredby.gif\" /></a></td></tr></table></div><table id=\"text-identifier\"><tr><td class=\"key\">2025 ME H 558</td> <td><table><tr><td class=\"label\">Author:</td> <td>Friedmann</td></tr> <tr><td class=\"label\">Version:</td> <td>Introduced</td></tr> <tr><td class=\"label\">Version Date:</td> <td>03/03/2025</td></tr></table></td></tr></table><div class=\"documentBody\">\n  <a name=\"head_document_section\"></a><div class=\"head\">\n   <p class=\"center\">\n    <b>132nd MAINE LEGISLATURE</b>\n   </p>\n   <p class=\"center\">\n    <b>FIRST REGULAR SESSION-2025</b>\n   </p>\n   <p class=\"indent\">\n    <b>Legislative Document No. 872</b>\n   </p>\n   <p class=\"indent\">H.P. 558</p>\n   <p class=\"right\">House of Representatives, March 4, 2025</p>\n  </div>\n  <a name=\"title_document_section\"></a><div class=\"title\">\n   <p class=\"indent\">\n    <b>An Act to Ensure Determinations Made by the State Are Free from Unethical, Unsafe or Illegal Interference by Artificial Intelligence</b>\n   </p>\n  </div>\n  <a name=\"text_document_section\"></a><div class=\"text\">\n   <span>\n    <p class=\"indent\">\n     <b>Be it enacted by the People of the State of Maine as follows:</b>\n    </p>\n   </span>\n   <p class=\"indent\">\n    <b>Sec. 1. 5 MRSA &sect;1977</b> is enacted to read:</p>\n   <p class=\"indent\">\n    <u class=\"amendmentInsertedText\">\n     <b>&sect;1977. Artificial intelligence software</b>\n    </u>\n   </p>\n   <p class=\"indent\">\n    <u class=\"amendmentInsertedText\">\n     <b>1. Office responsible for artificial intelligence software.</b> The office shall create, maintain and ensure the use of a list of approved artificial intelligence software or systems for procurement and use by an agency, administrator, agent, employee or subcontractor of the State.</u>\n   </p>\n   <p class=\"indent\">\n    <u class=\"amendmentInsertedText\">\n     <b>2. Purchase and use of software employing artificial intelligence.</b> The State, including an agency, administrator, agent, employee or subcontractor of the State, may not purchase or use software employing artificial intelligence unless the software:</u>\n   </p>\n   <p class=\"indent\">\n    <u class=\"amendmentInsertedText\">A. Demonstrably conforms to ethical, legal and safety standards that ensure the software can provide explicable and transparent decision making that guarantees that the State maintains the sovereign, intentional control of the behavior of the software to enable the State to fully comply with constitutional and legal mandates; and</u>\n   </p>\n   <p class=\"indent\">\n    <u class=\"amendmentInsertedText\">B. Guarantees that a resident affected by a decision made by the State with the assistance of the software is afforded the ability to secure due process and has an accessible and affordable way to understand, review and appeal the decision.</u>\n   </p>\n   <p class=\"indent\">\n    <u class=\"amendmentInsertedText\">\n     <b>3. Office to seek collaboration on use of artificial intelligence.</b> The office shall remain current on the status and advancement of artificial intelligence, in collaboration with the Federal Government, other states, municipalities, other national governments and other public and private organizations, to maintain access to ethical, legal, safe and affordable forms of artificial intelligence to allow the State and residents of the State to:</u>\n   </p>\n   <p class=\"indent\">\n    <u class=\"amendmentInsertedText\">A. Effectively fulfill governmental and civic obligations;</u>\n   </p>\n   <p class=\"indent\">\n    <u class=\"amendmentInsertedText\">B. Guarantee rights under the United States Constitution and the Constitution of Maine and state and federal laws, rules and regulations; and</u>\n   </p>\n   <p class=\"indent\">\n    <u class=\"amendmentInsertedText\">C. Advance economic, cultural and environmental well-being.</u>\n   </p>\n   <p class=\"indent\">\n    <u class=\"amendmentInsertedText\">\n     <b>4. Ethical, legal and safety standards.</b> The Chief Information Officer shall establish ethical, legal and safety standards under this section by rule pursuant to section 1982, subsection 8.</u>\n   </p>\n  </div>\n  <a name=\"digest_document_section\"></a><div class=\"digest\">\n   <p class=\"center\">\n    <b>SUMMARY</b>\n   </p>\n   <p class=\"indent\">This bill requires the Office of Information Technology within the Department of Administrative and Financial Services to be responsible for creating, maintaining and ensuring the use of a list of approved artificial intelligence software or systems for procurement and use by the State. The bill also prohibits the purchase and use of artificial intelligence software by the State unless the State maintains the sovereign, intentional control of the behavior of the software to enable the State to fully comply with constitutional and legal mandates and secures the right to due process by guaranteeing that residents affected by a decision made by the State with the assistance of the software have an accessible and affordable way to understand, review and appeal the decision.</p>\n  </div>\n </div>\n    </div>\t\n<table cellpadding=0 cellspacing=0 width=\"100%\">\n   <tr>\n      <td>\n          Copyright &copy; 2025 State Net\n      </td>\n<BR>\n<!--???MOVED INTO resources.cgi      <td align=\"right\">\n          <img src=\"https://custom.statenet.com/network/poweredby.gif\" alt=\"Powered by State Net\">\n      </td>-->\n\n    </tr>\n</table>\n</body></html>\n",
      "markdown": "The following has special meaning: _green underline denotes added text_ ~~red struck out text denotes deleted text~~ | [![Powered by State Net](https://custom.statenet.com/network/poweredby.gif)](https://www.lexisnexis.com/statenet/)  \n---|---  \n  \n2025 ME H 558 | | Author: | Friedmann  \n---|---  \nVersion: | Introduced  \nVersion Date: | 03/03/2025  \n  \n**132nd MAINE LEGISLATURE**\n\n**FIRST REGULAR SESSION-2025**\n\n**Legislative Document No. 872**\n\nH.P. 558\n\nHouse of Representatives, March 4, 2025\n\n**An Act to Ensure Determinations Made by the State Are Free from Unethical,\nUnsafe or Illegal Interference by Artificial Intelligence**\n\n**Be it enacted by the People of the State of Maine as follows:**\n\n**Sec. 1. 5 MRSA §1977** is enacted to read:\n\n_**§ 1977\\. Artificial intelligence software** _\n\n_**1\\. Office responsible for artificial intelligence software.** The office\nshall create, maintain and ensure the use of a list of approved artificial\nintelligence software or systems for procurement and use by an agency,\nadministrator, agent, employee or subcontractor of the State._\n\n_**2\\. Purchase and use of software employing artificial intelligence.** The\nState, including an agency, administrator, agent, employee or subcontractor of\nthe State, may not purchase or use software employing artificial intelligence\nunless the software:_\n\n_A. Demonstrably conforms to ethical, legal and safety standards that ensure\nthe software can provide explicable and transparent decision making that\nguarantees that the State maintains the sovereign, intentional control of the\nbehavior of the software to enable the State to fully comply with\nconstitutional and legal mandates; and_\n\n_B. Guarantees that a resident affected by a decision made by the State with\nthe assistance of the software is afforded the ability to secure due process\nand has an accessible and affordable way to understand, review and appeal the\ndecision._\n\n_**3\\. Office to seek collaboration on use of artificial intelligence.** The\noffice shall remain current on the status and advancement of artificial\nintelligence, in collaboration with the Federal Government, other states,\nmunicipalities, other national governments and other public and private\norganizations, to maintain access to ethical, legal, safe and affordable forms\nof artificial intelligence to allow the State and residents of the State to:_\n\n_A. Effectively fulfill governmental and civic obligations;_\n\n_B. Guarantee rights under the United States Constitution and the Constitution\nof Maine and state and federal laws, rules and regulations; and_\n\n_C. Advance economic, cultural and environmental well-being._\n\n_**4\\. Ethical, legal and safety standards.** The Chief Information Officer\nshall establish ethical, legal and safety standards under this section by rule\npursuant to section 1982, subsection 8._\n\n**SUMMARY**\n\nThis bill requires the Office of Information Technology within the Department\nof Administrative and Financial Services to be responsible for creating,\nmaintaining and ensuring the use of a list of approved artificial intelligence\nsoftware or systems for procurement and use by the State. The bill also\nprohibits the purchase and use of artificial intelligence software by the\nState unless the State maintains the sovereign, intentional control of the\nbehavior of the software to enable the State to fully comply with\nconstitutional and legal mandates and secures the right to due process by\nguaranteeing that residents affected by a decision made by the State with the\nassistance of the software have an accessible and affordable way to\nunderstand, review and appeal the decision.\n\nCopyright (C) 2025 State Net  \n  \n---\n\n",
      "latest_version": true
    }
  ]
}