{
  "bill_id": "MN2025000S3098",
  "source_url": "http://custom.statenet.com/public/resources.cgi?id=ID:bill:MN2025000S3098&cuiq=93d84396-c63b-526a-b152-38b7f79b4cfd&client_md=e4f6fea4-27b4-5d41-b7d3-766fe52569f0",
  "versions": [
    {
      "date": "03/26/2025",
      "label": "Introduced",
      "url": "https://custom.statenet.com/public/resources.cgi?mode=show_text&id=ID:bill:MN2025000S3098&verid=MN2025000S3098_20250326_0_I&",
      "raw_html": "<html>\n<head>\n<title>Bill Resource</title>\n\n<!--   <link href=\"https://custom.statenet.com/network/Common/css/extregtext.css\" rel=\"stylesheet\" type=\"text/css\" />-->\n   <link href=\"https://custom.statenet.com/network/Common/css/xmltext-2.0.css\" rel=\"stylesheet\" type=\"text/css\" />\n   <link href=\"https://custom.statenet.com/network/Common/css/additional-text.css\" rel=\"stylesheet\" type=\"text/css\" />\n\n\t<style type=\"text/css\">\n<!--\n\ntd, body {\n     background-color: white;\n\tfont-family: Verdana, Arial, Helvetica, sans-serif;\n\tfont-size: 12px;\n}\n\n.resourceContainer {\n   border: 1px solid black;\n}\n-->\n</style>\n</head>\n<body>\n\n    <div style=\"width: 750px; margin: auto\">\n       <div style=\"font-size: .8em;margin-bottom: 10px\"><table width=\"100%\"><tr><td align=\"left\" style=\"font-size: .8em;\"><div>The following has special meaning:</div>\n<div><u class=\"amendmentInsertedText\">green underline denotes added text</u></div>\n<div><strike class=\"amendmentDeletedText\">red struck out text denotes deleted text</strike></div></td> <td align=\"right\"><a href=\"https://www.lexisnexis.com/statenet/\"><img alt=\"Powered by State Net\" src=\"https://custom.statenet.com/network/poweredby.gif\" /></a></td></tr></table></div><table id=\"text-identifier\"><tr><td class=\"key\">2025 MN S 3098</td> <td><table><tr><td class=\"label\">Author:</td> <td>Maye Quade</td></tr> <tr><td class=\"label\">Version:</td> <td>Introduced</td></tr> <tr><td class=\"label\">Version Date:</td> <td>03/26/2025</td></tr></table></td></tr></table><div class=\"documentBody\">\n  <a name=\"head_document_section\"></a><div class=\"head\">\n   <p class=\"indent\">SF 3098 </p>\n   <p class=\"indent\">as introduced - 94th Legislature (2025 - 2026) Posted on 03/26/2025</p>\n  </div>\n  <a name=\"code_document_section\"></a><div class=\"code\">\n   <p class=\"indent\">A bill for an act relating to consumer protection; prohibiting a person from using artificial intelligence to dynamically set product prices; proposing coding for new law in Minnesota Statutes, chapter 325F.</p>\n  </div>\n  <a name=\"text_document_section\"></a><div class=\"text\">\n   <span>\n    <p class=\"indent\">BE IT ENACTED BY THE LEGISLATURE OF THE STATE OF MINNESOTA:</p>\n   </span>\n   <p class=\"indent\">Section 1. <u class=\"amendmentInsertedText\">\n     <b>[325F.997] ARTIFICIAL INTELLIGENCE AND DYNAMIC PRICING; PROHIBITION.</b>\n    </u>\n   </p>\n   <p class=\"indent\">\n    <u class=\"amendmentInsertedText\">(a) For the purposes of this section, &quot;artificial intelligence&quot; means a machine-based system that, for an explicit or implicit objective, infers from the inputs the system receives how to generate outputs, including content, decisions, predictions, or recommendations, that are capable of influencing physical or virtual environments.</u>\n   </p>\n   <p class=\"indent\">\n    <u class=\"amendmentInsertedText\">(b) A person is prohibited from using artificial intelligence to adjust, fix, or control product prices in real time based on market demands, competitor prices, inventory levels, customer behavior, or other factors a person may use to determine or set prices for a product.</u>\n   </p>\n   <p class=\"indent\">\n    <u class=\"amendmentInsertedText\">(c) The attorney general may enforce this section under section 8.31.</u>\n   </p>\n  </div>\n </div>\n    </div>\t\n<table cellpadding=0 cellspacing=0 width=\"100%\">\n   <tr>\n      <td>\n          Copyright &copy; 2025 State Net\n      </td>\n<BR>\n<!--???MOVED INTO resources.cgi      <td align=\"right\">\n          <img src=\"https://custom.statenet.com/network/poweredby.gif\" alt=\"Powered by State Net\">\n      </td>-->\n\n    </tr>\n</table>\n</body></html>\n",
      "markdown": "The following has special meaning: _green underline denotes added text_ ~~red struck out text denotes deleted text~~ | [![Powered by State Net](https://custom.statenet.com/network/poweredby.gif)](https://www.lexisnexis.com/statenet/)  \n---|---  \n  \n2025 MN S 3098 | | Author: | Maye Quade  \n---|---  \nVersion: | Introduced  \nVersion Date: | 03/26/2025  \n  \nSF 3098\n\nas introduced - 94th Legislature (2025 - 2026) Posted on 03/26/2025\n\nA bill for an act relating to consumer protection; prohibiting a person from\nusing artificial intelligence to dynamically set product prices; proposing\ncoding for new law in Minnesota Statutes, chapter 325F.\n\nBE IT ENACTED BY THE LEGISLATURE OF THE STATE OF MINNESOTA:\n\nSection 1. _**[325F.997] ARTIFICIAL INTELLIGENCE AND DYNAMIC PRICING;\nPROHIBITION.** _\n\n_(a) For the purposes of this section, \"artificial intelligence\" means a\nmachine-based system that, for an explicit or implicit objective, infers from\nthe inputs the system receives how to generate outputs, including content,\ndecisions, predictions, or recommendations, that are capable of influencing\nphysical or virtual environments._\n\n_(b) A person is prohibited from using artificial intelligence to adjust, fix,\nor control product prices in real time based on market demands, competitor\nprices, inventory levels, customer behavior, or other factors a person may use\nto determine or set prices for a product._\n\n_(c) The attorney general may enforce this section under section 8.31._\n\nCopyright (C) 2025 State Net  \n  \n---\n\n",
      "latest_version": true
    }
  ]
}