{
  "bill_id": "MN2025000H1150",
  "source_url": "http://custom.statenet.com/public/resources.cgi?id=ID:bill:MN2025000H1150&cuiq=93d84396-c63b-526a-b152-38b7f79b4cfd&client_md=e4f6fea4-27b4-5d41-b7d3-766fe52569f0",
  "versions": [
    {
      "date": "02/19/2025",
      "label": "Introduced",
      "url": "https://custom.statenet.com/public/resources.cgi?mode=show_text&id=ID:bill:MN2025000H1150&verid=MN2025000H1150_20250219_0_I&",
      "raw_html": "<html>\n<head>\n<title>Bill Resource</title>\n\n<!--   <link href=\"https://custom.statenet.com/network/Common/css/extregtext.css\" rel=\"stylesheet\" type=\"text/css\" />-->\n   <link href=\"https://custom.statenet.com/network/Common/css/xmltext-2.0.css\" rel=\"stylesheet\" type=\"text/css\" />\n   <link href=\"https://custom.statenet.com/network/Common/css/additional-text.css\" rel=\"stylesheet\" type=\"text/css\" />\n\n\t<style type=\"text/css\">\n<!--\n\ntd, body {\n     background-color: white;\n\tfont-family: Verdana, Arial, Helvetica, sans-serif;\n\tfont-size: 12px;\n}\n\n.resourceContainer {\n   border: 1px solid black;\n}\n-->\n</style>\n</head>\n<body>\n\n    <div style=\"width: 750px; margin: auto\">\n       <div style=\"font-size: .8em;margin-bottom: 10px\"><table width=\"100%\"><tr><td align=\"left\" style=\"font-size: .8em;\"><div>The following has special meaning:</div>\n<div><u class=\"amendmentInsertedText\">green underline denotes added text</u></div>\n<div><strike class=\"amendmentDeletedText\">red struck out text denotes deleted text</strike></div></td> <td align=\"right\"><a href=\"https://www.lexisnexis.com/statenet/\"><img alt=\"Powered by State Net\" src=\"https://custom.statenet.com/network/poweredby.gif\" /></a></td></tr></table></div><table id=\"text-identifier\"><tr><td class=\"key\">2025 MN H 1150</td> <td><table><tr><td class=\"label\">Author:</td> <td>Pursell</td></tr> <tr><td class=\"label\">Version:</td> <td>Introduced</td></tr> <tr><td class=\"label\">Version Date:</td> <td>02/19/2025</td></tr></table></td></tr></table><div class=\"documentBody\">\n  <a name=\"head_document_section\"></a><div class=\"head\">\n   <p class=\"indent\">HF 1150 </p>\n   <p class=\"indent\">as introduced - 94th Legislature (2025 - 2026) Posted on 02/19/2025</p>\n  </div>\n  <a name=\"code_document_section\"></a><div class=\"code\">\n   <p class=\"indent\">A bill for an act relating to environment; requiring study of environmental impacts of artificial intelligence; requiring a report; appropriating money.</p>\n  </div>\n  <a name=\"text_document_section\"></a><div class=\"text\">\n   <span>\n    <p class=\"indent\">BE IT ENACTED BY THE LEGISLATURE OF THE STATE OF MINNESOTA:</p>\n   </span>\n   <p class=\"indent\">Section 1. <u class=\"amendmentInsertedText\">\n     <b>STUDY ON ENVIRONMENTAL IMPACTS TO MINNESOTA OF ARTIFICIAL INTELLIGENCE.</b>\n    </u>\n   </p>\n   <p class=\"indent\">\n    <u class=\"amendmentInsertedText\">(a) By January 1, 2027, the commissioner of the Pollution Control Agency must submit a report on the environmental impacts of artificial intelligence to the chairs and ranking minority members of the legislative committees with jurisdiction over environment policy and energy policy. The report must include:</u>\n   </p>\n   <p class=\"indent\">\n    <u class=\"amendmentInsertedText\">(1) an assessment of the energy consumption and pollution associated with the full lifecycle of artificial intelligence models, including the design, development, deployment, and use of those models;</u>\n   </p>\n   <p class=\"indent\">\n    <u class=\"amendmentInsertedText\">(2) an assessment of the energy consumption and pollution associated with the full lifecycle of artificial intelligence hardware, including the extraction of raw materials, manufacturing, and electronic waste associated with that hardware;</u>\n   </p>\n   <p class=\"indent\">\n    <u class=\"amendmentInsertedText\">(3) an assessment of the energy and water consumption for cooling the data centers used in the design, development, deployment, and use of artificial intelligence models;</u>\n   </p>\n   <p class=\"indent\">\n    <u class=\"amendmentInsertedText\">(4) an assessment of how choices made during the design, development, deployment, and use of artificial intelligence models, including the efficiency of the artificial intelligence models used; the location, power source, and design of data centers used; and the type of hardware used, affect the resulting environmental impacts;</u>\n   </p>\n   <p class=\"indent\">\n    <u class=\"amendmentInsertedText\">(5) identification of potential environmental impacts that could be acute at local scales, which may include added power loads that create grid stress, water withdrawals that create water stress, or local noise impacts;</u>\n   </p>\n   <p class=\"indent\">\n    <u class=\"amendmentInsertedText\">(6) identification of the positive environmental impacts associated with applications of artificial intelligence, which may include optimizing systems for energy efficiency, developing renewable energy, advancing planetary systems research, enabling discovery of new materials, and automatically monitoring environmental changes;</u>\n   </p>\n   <p class=\"indent\">\n    <u class=\"amendmentInsertedText\">(7) identification of the negative environmental impacts associated with applications of artificial intelligence, which may include rebound effects, behavioral impacts, and accelerating high-pollution activities;</u>\n   </p>\n   <p class=\"indent\">\n    <u class=\"amendmentInsertedText\">(8) identification of disparate impacts in the negative environmental impacts of artificial intelligence;</u>\n   </p>\n   <p class=\"indent\">\n    <u class=\"amendmentInsertedText\">(9) an estimate of the likely impact to Minnesota of the various factors identified in the report under various artificial intelligence deployment scenarios; and</u>\n   </p>\n   <p class=\"indent\">\n    <u class=\"amendmentInsertedText\">(10) any other environmental impacts determined to be relevant by the commissioner.</u>\n   </p>\n   <p class=\"indent\">\n    <u class=\"amendmentInsertedText\">(b) In conducting the study required by this section, the commissioner must provide opportunities for engagement with stakeholders, including those with knowledge or expertise in subjects relevant to the study and report required by this section, and with interested members of the general public.</u>\n   </p>\n   <p class=\"indent\">Sec. 2. <u class=\"amendmentInsertedText\">\n     <b>APPROPRIATION; STUDY ON THE ENVIRONMENTAL IMPACTS TO MINNESOTA OF ARTIFICIAL INTELLIGENCE.</b>\n    </u>\n   </p>\n   <p class=\"indent\">\n    <u class=\"amendmentInsertedText\">$....... in fiscal year 2026 is appropriated from the general fund to the commissioner of the Pollution Control Agency to conduct the study and prepare the report required by section 1.</u>\n   </p>\n  </div>\n </div>\n    </div>\t\n<table cellpadding=0 cellspacing=0 width=\"100%\">\n   <tr>\n      <td>\n          Copyright &copy; 2025 State Net\n      </td>\n<BR>\n<!--???MOVED INTO resources.cgi      <td align=\"right\">\n          <img src=\"https://custom.statenet.com/network/poweredby.gif\" alt=\"Powered by State Net\">\n      </td>-->\n\n    </tr>\n</table>\n</body></html>\n",
      "markdown": "The following has special meaning: _green underline denotes added text_ ~~red struck out text denotes deleted text~~ | [![Powered by State Net](https://custom.statenet.com/network/poweredby.gif)](https://www.lexisnexis.com/statenet/)  \n---|---  \n  \n2025 MN H 1150 | | Author: | Pursell  \n---|---  \nVersion: | Introduced  \nVersion Date: | 02/19/2025  \n  \nHF 1150\n\nas introduced - 94th Legislature (2025 - 2026) Posted on 02/19/2025\n\nA bill for an act relating to environment; requiring study of environmental\nimpacts of artificial intelligence; requiring a report; appropriating money.\n\nBE IT ENACTED BY THE LEGISLATURE OF THE STATE OF MINNESOTA:\n\nSection 1. _**STUDY ON ENVIRONMENTAL IMPACTS TO MINNESOTA OF ARTIFICIAL\nINTELLIGENCE.** _\n\n_(a) By January 1, 2027, the commissioner of the Pollution Control Agency must\nsubmit a report on the environmental impacts of artificial intelligence to the\nchairs and ranking minority members of the legislative committees with\njurisdiction over environment policy and energy policy. The report must\ninclude:_\n\n_(1) an assessment of the energy consumption and pollution associated with the\nfull lifecycle of artificial intelligence models, including the design,\ndevelopment, deployment, and use of those models;_\n\n_(2) an assessment of the energy consumption and pollution associated with the\nfull lifecycle of artificial intelligence hardware, including the extraction\nof raw materials, manufacturing, and electronic waste associated with that\nhardware;_\n\n_(3) an assessment of the energy and water consumption for cooling the data\ncenters used in the design, development, deployment, and use of artificial\nintelligence models;_\n\n_(4) an assessment of how choices made during the design, development,\ndeployment, and use of artificial intelligence models, including the\nefficiency of the artificial intelligence models used; the location, power\nsource, and design of data centers used; and the type of hardware used, affect\nthe resulting environmental impacts;_\n\n_(5) identification of potential environmental impacts that could be acute at\nlocal scales, which may include added power loads that create grid stress,\nwater withdrawals that create water stress, or local noise impacts;_\n\n_(6) identification of the positive environmental impacts associated with\napplications of artificial intelligence, which may include optimizing systems\nfor energy efficiency, developing renewable energy, advancing planetary\nsystems research, enabling discovery of new materials, and automatically\nmonitoring environmental changes;_\n\n_(7) identification of the negative environmental impacts associated with\napplications of artificial intelligence, which may include rebound effects,\nbehavioral impacts, and accelerating high-pollution activities;_\n\n_(8) identification of disparate impacts in the negative environmental impacts\nof artificial intelligence;_\n\n_(9) an estimate of the likely impact to Minnesota of the various factors\nidentified in the report under various artificial intelligence deployment\nscenarios; and_\n\n_(10) any other environmental impacts determined to be relevant by the\ncommissioner._\n\n_(b) In conducting the study required by this section, the commissioner must\nprovide opportunities for engagement with stakeholders, including those with\nknowledge or expertise in subjects relevant to the study and report required\nby this section, and with interested members of the general public._\n\nSec. 2. _**APPROPRIATION; STUDY ON THE ENVIRONMENTAL IMPACTS TO MINNESOTA OF\nARTIFICIAL INTELLIGENCE.** _\n\n_$....... in fiscal year 2026 is appropriated from the general fund to the\ncommissioner of the Pollution Control Agency to conduct the study and prepare\nthe report required by section 1._\n\nCopyright (C) 2025 State Net  \n  \n---\n\n",
      "latest_version": true
    }
  ]
}