{
  "bill_id": "MN2025000H2700",
  "source_url": "http://custom.statenet.com/public/resources.cgi?id=ID:bill:MN2025000H2700&cuiq=93d84396-c63b-526a-b152-38b7f79b4cfd&client_md=e4f6fea4-27b4-5d41-b7d3-766fe52569f0",
  "versions": [
    {
      "date": "03/24/2025",
      "label": "Introduced",
      "url": "https://custom.statenet.com/public/resources.cgi?mode=show_text&id=ID:bill:MN2025000H2700&verid=MN2025000H2700_20250324_0_I&",
      "raw_html": "<html>\n<head>\n<title>Bill Resource</title>\n\n<!--   <link href=\"https://custom.statenet.com/network/Common/css/extregtext.css\" rel=\"stylesheet\" type=\"text/css\" />-->\n   <link href=\"https://custom.statenet.com/network/Common/css/xmltext-2.0.css\" rel=\"stylesheet\" type=\"text/css\" />\n   <link href=\"https://custom.statenet.com/network/Common/css/additional-text.css\" rel=\"stylesheet\" type=\"text/css\" />\n\n\t<style type=\"text/css\">\n<!--\n\ntd, body {\n     background-color: white;\n\tfont-family: Verdana, Arial, Helvetica, sans-serif;\n\tfont-size: 12px;\n}\n\n.resourceContainer {\n   border: 1px solid black;\n}\n-->\n</style>\n</head>\n<body>\n\n    <div style=\"width: 750px; margin: auto\">\n       <div style=\"font-size: .8em;margin-bottom: 10px\"><table width=\"100%\"><tr><td align=\"left\" style=\"font-size: .8em;\"><div>The following has special meaning:</div>\n<div><u class=\"amendmentInsertedText\">green underline denotes added text</u></div>\n<div><strike class=\"amendmentDeletedText\">red struck out text denotes deleted text</strike></div></td> <td align=\"right\"><a href=\"https://www.lexisnexis.com/statenet/\"><img alt=\"Powered by State Net\" src=\"https://custom.statenet.com/network/poweredby.gif\" /></a></td></tr></table></div><table id=\"text-identifier\"><tr><td class=\"key\">2025 MN H 2700</td> <td><table><tr><td class=\"label\">Author:</td> <td>Elkins</td></tr> <tr><td class=\"label\">Version:</td> <td>Introduced</td></tr> <tr><td class=\"label\">Version Date:</td> <td>03/24/2025</td></tr></table></td></tr></table><div class=\"documentBody\">\n  <a name=\"head_document_section\"></a><div class=\"head\">\n   <p class=\"indent\">\n    <b>HF 2700</b>\n   </p>\n   <p class=\"indent\">as introduced - 94th Legislature (2025 - 2026) Posted on 03/24/2025</p>\n  </div>\n  <a name=\"code_document_section\"></a><div class=\"code\">\n   <p class=\"indent\">A bill for an act relating to consumer protection; modifying the Minnesota Consumer Data Privacy Act to make consumer health data a form of sensitive data; adding additional protections for sensitive data; amending Minnesota Statutes 2024, sections 325M.11; 325M.12; 325M.16, subdivision 2; 325M.18; 325M.20; proposing coding for new law in Minnesota Statutes, chapter 325M; repealing Minnesota Statutes 2024, section 325M.17.</p>\n  </div>\n  <a name=\"text_document_section\"></a><div class=\"text\">\n   <span>\n    <p class=\"indent\">BE IT ENACTED BY THE LEGISLATURE OF THE STATE OF MINNESOTA:</p>\n   </span>\n   <p class=\"indent\">Section 1. Minnesota Statutes 2024, section 325M.11, is amended to read:</p>\n   <p class=\"indent\">\n    <b>325M.11 DEFINITIONS.</b>\n   </p>\n   <p class=\"indent\">(a) For purposes of sections 325M.10 to 325M.21, the following terms have the meanings given.</p>\n   <p class=\"indent\">(b) &quot;Affiliate&quot; means a legal entity that controls, is controlled by, or is under common control with another legal entity. For purposes of this paragraph, &quot;control&quot; or &quot;controlled&quot; means: ownership of or the power to vote more than 50 percent of the outstanding shares of any class of voting security of a company; control in any manner over the election of a majority of the directors or of individuals exercising similar functions; or the power to exercise a controlling influence over the management of a company.</p>\n   <p class=\"indent\">(c) &quot;Authenticate&quot; means to use reasonable means to determine that a request to exercise any of the rights under section 325M.14, subdivision 1, paragraphs (b) to (h), is being made by or rightfully on behalf of the consumer who is entitled to exercise the rights with respect to the personal data at issue.</p>\n   <p class=\"indent\">(d) &quot;Biometric data&quot; means data generated by automatic measurements of an individual&#39;s biological characteristics, including a fingerprint, a voiceprint, eye retinas, irises, or other unique biological patterns or characteristics that are used to identify a specific individual. Biometric data does not include:</p>\n   <p class=\"indent\">(1) a digital or physical photograph;</p>\n   <p class=\"indent\">(2) an audio or video recording; or</p>\n   <p class=\"indent\">(3) any data generated from a digital or physical photograph, or an audio or video recording, unless the data is generated to identify a specific individual.</p>\n   <p class=\"indent\">(e) &quot;Child&quot; has the meaning given in United States Code, title 15, section 6501.</p>\n   <p class=\"indent\">(f) &quot;Consent&quot; means any freely given, specific, informed, and unambiguous indication of the consumer&#39;s wishes by which the consumer signifies agreement to the processing of personal data relating to the consumer. Acceptance of a general or broad terms of use or similar document that contains descriptions of personal data processing along with other, unrelated information does not constitute consent. Hovering over, muting, pausing, or closing a given piece of content does not constitute consent. A consent is not valid when the consumer&#39;s indication has been obtained by a dark pattern. A consumer may revoke consent previously given, consistent with sections 325M.10 to 325M.21.</p>\n   <p class=\"indent\">(g) &quot;Consumer&quot; means a natural person who is a Minnesota resident acting only in an individual or household context. Consumer does not include a natural person acting in a commercial or employment context.</p>\n   <p class=\"indent\">(h) &quot;Controller&quot; means the natural or legal person who, alone or jointly with others, determines the purposes and means of the processing of personal data.</p>\n   <p class=\"indent\">(i) &quot;Decisions that produce legal or similarly significant effects concerning the consumer&quot; means decisions made by the controller that result in the provision or denial by the controller of financial or lending services, housing, insurance, education enrollment or opportunity, criminal justice, employment opportunities, health care services, or access to essential goods or services.</p>\n   <p class=\"indent\">(j) &quot;Dark pattern&quot; means a user interface designed or manipulated with the substantial effect of subverting or impairing user autonomy, decision making, or choice.</p>\n   <p class=\"indent\">(k) &quot;Deidentified data&quot; means data that cannot reasonably be used to infer information about or otherwise be linked to an identified or identifiable natural person or a device linked to an identified or identifiable natural person, provided that the controller that possesses the data:</p>\n   <p class=\"indent\">(1) takes reasonable measures to ensure that the data cannot be associated with a natural person;</p>\n   <p class=\"indent\">(2) publicly commits to process the data only in a deidentified fashion and not attempt to reidentify the data; and</p>\n   <p class=\"indent\">(3) contractually obligates any recipients of the information to comply with all provisions of this paragraph.</p>\n   <p class=\"indent\">(l) &quot;Delete&quot; means to remove or destroy information so that it is not maintained in human- or machine-readable form and cannot be retrieved or utilized in the ordinary course of business.</p>\n   <p class=\"indent\">(m) &quot;Genetic information&quot; has the meaning given in section 13.386, subdivision 1.</p>\n   <p class=\"indent\">\n    <u class=\"amendmentInsertedText\">(n) &quot;Geofence&quot; means technology that uses global positioning coordinates, cell tower connectivity, cellular data, radio frequency identification, Wi-Fi data, or any other form of spatial or location detection to establish a virtual boundary, with an accuracy of more than three decimal degrees of latitude and longitude or the equivalent in an alternative geographic coordinate system, around the perimeter of a specific physical location or to locate a consumer within the virtual boundary.</u>\n   </p>\n   <p class=\"indent\">\n    <u class=\"amendmentInsertedText\">(o) &quot;Health care services or supplies&quot; means any service, surgery, procedure, treatment, or product, including medication or medical devices, that a person may use to assess, measure, improve, or learn about a person&#39;s past, present, or future mental or physical health.</u>\n   </p>\n   <p class=\"indent\">\n    <u class=\"amendmentInsertedText\">(p) &quot;Health data&quot; means personal data that identifies a consumer&#39;s past, present, or future mental or physical health status. For purposes of this definition, mental or physical health status includes but is not limited to:</u>\n   </p>\n   <p class=\"indent\">\n    <u class=\"amendmentInsertedText\">(1) individual health conditions, treatments, diseases, or diagnoses;</u>\n   </p>\n   <p class=\"indent\">\n    <u class=\"amendmentInsertedText\">(2) social, psychological, behavioral, and medical interventions;</u>\n   </p>\n   <p class=\"indent\">\n    <u class=\"amendmentInsertedText\">(3) health-related surgeries or procedures;</u>\n   </p>\n   <p class=\"indent\">\n    <u class=\"amendmentInsertedText\">(4) use or purchase of medication;</u>\n   </p>\n   <p class=\"indent\">\n    <u class=\"amendmentInsertedText\">(5) bodily functions, vital signs, symptoms, or measurements of the information described in this paragraph;</u>\n   </p>\n   <p class=\"indent\">\n    <u class=\"amendmentInsertedText\">(6) diagnoses or diagnostic testing, treatment, or medication;</u>\n   </p>\n   <p class=\"indent\">\n    <u class=\"amendmentInsertedText\">(7) biometric data;</u>\n   </p>\n   <p class=\"indent\">\n    <u class=\"amendmentInsertedText\">(8) genetic information;</u>\n   </p>\n   <p class=\"indent\">\n    <u class=\"amendmentInsertedText\">(9) specific geolocation data that could reasonably indicate a consumer&#39;s seeking or obtaining past, present, or future health care services or supplies;</u>\n   </p>\n   <p class=\"indent\">\n    <u class=\"amendmentInsertedText\">(10) data that identifies a consumer&#39;s seeking or obtaining health care services or supplies in the past, present, or future;</u>\n   </p>\n   <p class=\"indent\">\n    <u class=\"amendmentInsertedText\">(11) data that identifies a consumer&#39;s seeking or obtaining information about health care services or supplies in the past, present, or future; or</u>\n   </p>\n   <p class=\"indent\">\n    <u class=\"amendmentInsertedText\">(12) any information that is derived or extrapolated from personal data but that is not itself health data that a controller or processor uses by any means, including algorithms, machine learning, or profiling, to associate or identify a consumer with the data described in clauses (1) to (11), such as proxy, derivative, inferred, or emergent data.</u>\n   </p>\n   <p class=\"indent\">\n    <strike class=\"amendmentDeletedText\">(n)</strike>\n    <u class=\"amendmentInsertedText\">(q)</u> &quot;Identified or identifiable natural person&quot; means a person who can be readily identified, directly or indirectly.</p>\n   <p class=\"indent\">\n    <strike class=\"amendmentDeletedText\">(o)</strike>\n    <u class=\"amendmentInsertedText\">(r)</u> &quot;Known child&quot; means a person under circumstances where a controller has actual knowledge of, or willfully disregards, that the person is under 13 years of age.</p>\n   <p class=\"indent\">\n    <strike class=\"amendmentDeletedText\">(p)</strike>\n    <u class=\"amendmentInsertedText\">(s)</u> &quot;Personal data&quot; means any information that is linked or reasonably linkable to an identified or identifiable natural person. Personal data does not include deidentified data or publicly available information. For purposes of this paragraph, &quot;publicly available information&quot; means information that (1) is lawfully made available from federal, state, or local government records or widely distributed media, or (2) a controller has a reasonable basis to believe has lawfully been made available to the general public.</p>\n   <p class=\"indent\">\n    <strike class=\"amendmentDeletedText\">(q)</strike>\n    <u class=\"amendmentInsertedText\">(t)</u> &quot;Process&quot; or &quot;processing&quot; means any operation or set of operations that are performed on personal data or on sets of personal data, whether or not by automated means, including but not limited to the collection, use, storage, disclosure, analysis, deletion, or modification of personal data.</p>\n   <p class=\"indent\">\n    <strike class=\"amendmentDeletedText\">(r)</strike>\n    <u class=\"amendmentInsertedText\">(u)</u> &quot;Processor&quot; means a natural or legal person who processes personal data on behalf of a controller.</p>\n   <p class=\"indent\">\n    <strike class=\"amendmentDeletedText\">(s)</strike>\n    <u class=\"amendmentInsertedText\">(v)</u> &quot;Profiling&quot; means any form of automated processing of personal data to evaluate, analyze, or predict personal aspects related to an identified or identifiable natural person&#39;s economic situation, health, personal preferences, interests, reliability, behavior, location, or movements.</p>\n   <p class=\"indent\">\n    <strike class=\"amendmentDeletedText\">(t)</strike>\n    <u class=\"amendmentInsertedText\">(w)</u> &quot;Pseudonymous data&quot; means personal data that cannot be attributed to a specific natural person without the use of additional information, provided that the additional information is kept separately and is subject to appropriate technical and organizational measures to ensure that the personal data are not attributed to an identified or identifiable natural person.</p>\n   <p class=\"indent\">\n    <strike class=\"amendmentDeletedText\">(u)</strike>\n    <u class=\"amendmentInsertedText\">(x)</u> &quot;Sale,&quot; &quot;sell,&quot; or &quot;sold&quot; means the exchange of personal data for monetary or other valuable consideration by the controller to a third party. <u class=\"amendmentInsertedText\">Sale does not include sharing as defined in this section.</u> Sale does not include the following:</p>\n   <p class=\"indent\">(1) the disclosure of personal data to a processor who processes the personal data on behalf of the controller;</p>\n   <p class=\"indent\">(2) the disclosure of personal data to a third party for purposes of providing a product or service requested by the consumer;</p>\n   <p class=\"indent\">(3) the disclosure or transfer of personal data to an affiliate of the controller;</p>\n   <p class=\"indent\">(4) the disclosure of information that the consumer intentionally made available to the general public via a channel of mass media and did not restrict to a specific audience;</p>\n   <p class=\"indent\">(5) the disclosure or transfer of personal data to a third party as an asset that is part of a completed or proposed merger, acquisition, bankruptcy, or other transaction in which the third party assumes control of all or part of the controller&#39;s assets; or</p>\n   <p class=\"indent\">(6) the exchange of personal data between the producer of a good or service and authorized agents of the producer who sell and service the goods and services, to enable the cooperative provisioning of goods and services by both the producer and the producer&#39;s agents.</p>\n   <p class=\"indent\">\n    <strike class=\"amendmentDeletedText\">(v)</strike>\n    <u class=\"amendmentInsertedText\">(y)</u> Sensitive data is a form of personal data. &quot;Sensitive data&quot; means:</p>\n   <p class=\"indent\">(1) personal data revealing racial or ethnic origin, religious beliefs, mental or physical health condition or diagnosis, sexual orientation, or citizenship or immigration status;</p>\n   <p class=\"indent\">(2) the processing of biometric data or genetic information for the purpose of uniquely identifying an individual;</p>\n   <p class=\"indent\">(3) the personal data of a known child; <strike class=\"amendmentDeletedText\">or</strike>\n   </p>\n   <p class=\"indent\">(4) specific geolocation data <u class=\"amendmentInsertedText\">; or</u>\n   </p>\n   <p class=\"indent\">\n    <u class=\"amendmentInsertedText\">(5) health data</u> .</p>\n   <p class=\"indent\">\n    <u class=\"amendmentInsertedText\">(z) &quot;Share&quot; or &quot;sharing&quot; means to release, disclose, disseminate, divulge, make available, provide access to, license, or otherwise communicate orally, in writing, or by electronic or other means, personal data. Share includes selling as defined in this section. Sharing does not include:</u>\n   </p>\n   <p class=\"indent\">\n    <u class=\"amendmentInsertedText\">(1) the disclosure of personal data by a controller to a processor when the sharing is to provide goods or services in a manner consistent with the purpose for which the health data was collected and that was disclosed to the consumer;</u>\n   </p>\n   <p class=\"indent\">\n    <u class=\"amendmentInsertedText\">(2) the disclosure of personal data to a third party with whom the consumer has a direct relationship when:</u>\n   </p>\n   <p class=\"indent\">\n    <u class=\"amendmentInsertedText\">(i) the disclosure is for purposes of providing a product or service requested by the consumer;</u>\n   </p>\n   <p class=\"indent\">\n    <u class=\"amendmentInsertedText\">(ii) the controller or processor maintains control and ownership of the data; and</u>\n   </p>\n   <p class=\"indent\">\n    <u class=\"amendmentInsertedText\">(iii) the third party uses the personal data only as directed by the controller or processor and consistent with the purpose consented to by the consumer; or</u>\n   </p>\n   <p class=\"indent\">\n    <u class=\"amendmentInsertedText\">(3) the disclosure or transfer of personal data to a third party as an asset that is part of a merger, acquisition, bankruptcy, or other transaction in which the third party assumes control of all or part of the controller&#39;s or processor&#39;s assets and complies with the requirements and obligations in this chapter.</u>\n   </p>\n   <p class=\"indent\">\n    <strike class=\"amendmentDeletedText\">(w)</strike>\n    <u class=\"amendmentInsertedText\">(aa)</u> &quot;Specific geolocation data&quot; means information derived from technology, including but not limited to global positioning system level latitude and longitude coordinates or other mechanisms, that directly identifies the geographic coordinates of a consumer or a device linked to a consumer with an accuracy of more than three decimal degrees of latitude and longitude or the equivalent in an alternative geographic coordinate system, or a street address derived from the coordinates. Specific geolocation data does not include the content of communications, the contents of databases containing street address information which are accessible to the public as authorized by law, or any data generated by or connected to advanced utility metering infrastructure systems or other equipment for use by a public utility.</p>\n   <p class=\"indent\">\n    <strike class=\"amendmentDeletedText\">(x)</strike>\n    <u class=\"amendmentInsertedText\">(bb)</u> &quot;Targeted advertising&quot; means displaying advertisements to a consumer where the advertisement is selected based on personal data obtained or inferred from the consumer&#39;s activities over time and across nonaffiliated websites or online applications to predict the consumer&#39;s preferences or interests. Targeted advertising does not include:</p>\n   <p class=\"indent\">(1) advertising based on activities within a controller&#39;s own websites or online applications;</p>\n   <p class=\"indent\">(2) advertising based on the context of a consumer&#39;s current search query or visit to a website or online application;</p>\n   <p class=\"indent\">(3) advertising to a consumer in response to the consumer&#39;s request for information or feedback; or</p>\n   <p class=\"indent\">(4) processing personal data solely for measuring or reporting advertising performance, reach, or frequency.</p>\n   <p class=\"indent\">\n    <strike class=\"amendmentDeletedText\">(y)</strike>\n    <u class=\"amendmentInsertedText\">(cc)</u> &quot;Third party&quot; means a natural or legal person, public authority, agency, or body other than the consumer, controller, processor, or an affiliate of the processor or the controller.</p>\n   <p class=\"indent\">\n    <strike class=\"amendmentDeletedText\">(z)</strike>\n    <u class=\"amendmentInsertedText\">(dd)</u> &quot;Trade secret&quot; has the meaning given in section 325C.01, subdivision 5.</p>\n   <p class=\"indent\">Sec. 2. Minnesota Statutes 2024, section 325M.12, is amended to read:</p>\n   <p class=\"indent\">\n    <b>325M.12 SCOPE; EXCLUSIONS.</b>\n   </p>\n   <p class=\"indent\">Subdivision 1. <b>Scope.</b> (a) <u class=\"amendmentInsertedText\">Except as specified under section 325M.175,</u> sections 325M.10 to 325M.21 apply to legal entities that conduct business in Minnesota or produce products or services that are targeted to residents of Minnesota, and that satisfy one or more of the following thresholds:</p>\n   <p class=\"indent\">(1) during a calendar year, controls or processes personal data of 100,000 consumers or more, excluding personal data controlled or processed solely for the purpose of completing a payment transaction; or</p>\n   <p class=\"indent\">(2) derives over 25 percent of gross revenue from the sale of personal data and processes or controls personal data of 25,000 consumers or more.</p>\n   <p class=\"indent\">(b) A controller or processor acting as a technology provider under section 13.32 shall comply with sections 13.32 and 325M.10 to 325M.21, except that when the provisions of section 13.32 conflict with sections 325M.10 to 325M.21, section 13.32 prevails.</p>\n   <p class=\"indent\">Subd. 2. <b>Exclusions.</b> (a) Sections 325M.10 to 325M.21 do not apply to the following entities, activities, or types of information:</p>\n   <p class=\"indent\">(1) a government entity, as defined by section 13.02, subdivision 7a;</p>\n   <p class=\"indent\">(2) a federally recognized Indian tribe;</p>\n   <p class=\"indent\">(3) information that meets the definition of:</p>\n   <p class=\"indent\">(i) protected health information, as defined by and for purposes of the Health Insurance Portability and Accountability Act of 1996, Public Law 104-191, and related regulations <u class=\"amendmentInsertedText\">, if it is maintained by a covered entity or business associate subject to that law and its related regulations</u> ;</p>\n   <p class=\"indent\">(ii) health records, as defined in section 144.291, subdivision 2 <u class=\"amendmentInsertedText\">, if it is maintained by a provider or other entity subject to the Minnesota Health Records Act</u> ;</p>\n   <p class=\"indent\">(iii) patient identifying information for purposes of Code of Federal Regulations, title 42, part 2, established pursuant to United States Code, title 42, section 290dd-2;</p>\n   <p class=\"indent\">(iv) identifiable private information for purposes of the federal policy for the protection of human subjects, Code of Federal Regulations, title 45, part 46; identifiable private information that is otherwise information collected as part of human subjects research pursuant to the good clinical practice guidelines issued by the International Council for Harmonisation; the protection of human subjects under Code of Federal Regulations, title 21, parts 50 and 56; or personal data used or shared in research conducted in accordance with one or more of the requirements set forth in this paragraph;</p>\n   <p class=\"indent\">(v) information and documents created for purposes of the federal Health Care Quality Improvement Act of 1986, Public Law 99-660, and related regulations; or</p>\n   <p class=\"indent\">(vi) patient safety work product for purposes of Code of Federal Regulations, title 42, part 3, established pursuant to United States Code, title 42, sections 299b-21 to 299b-26;</p>\n   <p class=\"indent\">(4) information that is derived from any of the health care-related information listed in clause (3), but that has been deidentified in accordance with the requirements for deidentification set forth in Code of Federal Regulations, title 45, part 164;</p>\n   <p class=\"indent\">(5) information originating from, and intermingled to be indistinguishable with, any of the health care-related information listed in clause (3) that is maintained by:</p>\n   <p class=\"indent\">(i) a covered entity or business associate, as defined by the Health Insurance Portability and Accountability Act of 1996, Public Law 104-191, and related regulations;</p>\n   <p class=\"indent\">(ii) a health care provider, as defined in section 144.291, subdivision 2; or</p>\n   <p class=\"indent\">(iii) a program or a qualified service organization, as defined by Code of Federal Regulations, title 42, part 2, established pursuant to United States Code, title 42, section 290dd-2;</p>\n   <p class=\"indent\">(6) information that is:</p>\n   <p class=\"indent\">(i) maintained by an entity that meets the definition of health care provider under Code of Federal Regulations, title 45, section 160.103, to the extent that the entity maintains the information in the manner required of covered entities with respect to protected health information for purposes of the Health Insurance Portability and Accountability Act of 1996, Public Law 104-191, and related regulations;</p>\n   <p class=\"indent\">(ii) included in a limited data set, as described under Code of Federal Regulations, title 45, part 164.514(e), to the extent that the information is used, disclosed, and maintained in the manner specified by that part;</p>\n   <p class=\"indent\">(iii) maintained by, or maintained to comply with the rules or orders of, a self-regulatory organization as defined by United States Code, title 15, section 78c(a)(26);</p>\n   <p class=\"indent\">(iv) originated from, or intermingled with, information described in clause (9) and that a licensed residential mortgage originator, as defined under section 58.02, subdivision 19, or residential mortgage servicer, as defined under section 58.02, subdivision 20, collects, processes, uses, or maintains in the same manner as required under the laws and regulations specified in clause (9); or</p>\n   <p class=\"indent\">(v) originated from, or intermingled with, information described in clause (9) and that a nonbank financial institution, as defined by section 46A.01, subdivision 12, collects, processes, uses, or maintains in the same manner as required under the laws and regulations specified in clause (9);</p>\n   <p class=\"indent\">(7) information used only for public health activities and purposes, as described under Code of Federal Regulations, title 45, part 164.512;</p>\n   <p class=\"indent\">(8) an activity involving the collection, maintenance, disclosure, sale, communication, or use of any personal data bearing on a consumer&#39;s credit worthiness, credit standing, credit capacity, character, general reputation, personal characteristics, or mode of living by a consumer reporting agency, as defined in United States Code, title 15, section 1681a(f), by a furnisher of information, as set forth in United States Code, title 15, section 1681s-2, who provides information for use in a consumer report, as defined in United States Code, title 15, section 1681a(d), and by a user of a consumer report, as set forth in United States Code, title 15, section 1681b, except that information is only excluded under this paragraph to the extent that the activity involving the collection, maintenance, disclosure, sale, communication, or use of the information by the agency, furnisher, or user is subject to regulation under the federal Fair Credit Reporting Act, United States Code, title 15, sections 1681 to 1681x, and the information is not collected, maintained, used, communicated, disclosed, or sold except as authorized by the Fair Credit Reporting Act;</p>\n   <p class=\"indent\">(9) personal data collected, processed, sold, or disclosed pursuant to the federal Gramm-Leach-Bliley Act, Public Law 106-102, and implementing regulations, if the collection, processing, sale, or disclosure is in compliance with that law;</p>\n   <p class=\"indent\">(10) personal data collected, processed, sold, or disclosed pursuant to the federal Driver&#39;s Privacy Protection Act of 1994, United States Code, title 18, sections 2721 to 2725, if the collection, processing, sale, or disclosure is in compliance with that law;</p>\n   <p class=\"indent\">(11) personal data regulated by the federal Family Educational Rights and Privacy Act, United States Code, title 20, section 1232g, and implementing regulations;</p>\n   <p class=\"indent\">(12) personal data collected, processed, sold, or disclosed pursuant to the federal Farm Credit Act of 1971, as amended, United States Code, title 12, sections 2001 to 2279cc, and implementing regulations, Code of Federal Regulations, title 12, part 600, if the collection, processing, sale, or disclosure is in compliance with that law;</p>\n   <p class=\"indent\">(13) data collected or maintained:</p>\n   <p class=\"indent\">(i) in the course of an individual acting as a job applicant to or an employee, owner, director, officer, medical staff member, or contractor of a business if the data is collected and used solely within the context of the role;</p>\n   <p class=\"indent\">(ii) as the emergency contact information of an individual under item (i) if used solely for emergency contact purposes; or</p>\n   <p class=\"indent\">(iii) that is necessary for the business to retain to administer benefits for another individual relating to the individual under item (i) if used solely for the purposes of administering those benefits;</p>\n   <p class=\"indent\">(14) personal data collected, processed, sold, or disclosed pursuant to the Minnesota Insurance Fair Information Reporting Act in sections 72A.49 to 72A.505;</p>\n   <p class=\"indent\">(15) data collected, processed, sold, or disclosed as part of a payment-only credit, check, or cash transaction where no data about consumers, as defined in section 325M.11, are retained;</p>\n   <p class=\"indent\">(16) a state or federally chartered bank or credit union, or an affiliate or subsidiary that is principally engaged in financial activities, as described in United States Code, title 12, section 1843(k);</p>\n   <p class=\"indent\">(17) information that originates from, or is intermingled so as to be indistinguishable from, information described in clause (8) and that a person licensed under chapter 56 collects, processes, uses, or maintains in the same manner as is required under the laws and regulations specified in clause (8);</p>\n   <p class=\"indent\">(18) an insurance company, as defined in section 60A.02, subdivision 4, an insurance producer, as defined in section 60K.31, subdivision 6, a third-party administrator of self-insurance, or an affiliate or subsidiary of any entity identified in this clause that is principally engaged in financial activities, as described in United States Code, title 12, section 1843(k), except that this clause does not apply to a person that, alone or in combination with another person, establishes and maintains a self-insurance program that does not otherwise engage in the business of entering into policies of insurance;</p>\n   <p class=\"indent\">\n    <strike class=\"amendmentDeletedText\">(19) a small business, as defined by the United States Small Business Administration under Code of Federal Regulations, title 13, part 121, except that a small business identified in this clause is subject to section 325M.17;</strike>\n   </p>\n   <p class=\"indent\">\n    <strike class=\"amendmentDeletedText\">(20)</strike>\n    <u class=\"amendmentInsertedText\">(19)</u> a nonprofit organization that is established to detect and prevent fraudulent acts in connection with insurance; and</p>\n   <p class=\"indent\">\n    <strike class=\"amendmentDeletedText\">(21)</strike>\n    <u class=\"amendmentInsertedText\">(20)</u> an air carrier subject to the federal Airline Deregulation Act, Public Law 95-504, only to the extent that an air carrier collects personal data related to prices, routes, or services and only to the extent that the provisions of the Airline Deregulation Act preempt the requirements of sections 325M.10 to 325M.21.</p>\n   <p class=\"indent\">(b) Controllers that are in compliance with the Children&#39;s Online Privacy Protection Act, United States Code, title 15, sections 6501 to 6506, and implementing regulations, shall be deemed compliant with any obligation to obtain parental consent under <strike class=\"amendmentDeletedText\">sections 325M.10 to 325M.21</strike>\n    <u class=\"amendmentInsertedText\">section 325M.16, subdivision 2, paragraph (g)</u> .</p>\n   <p class=\"indent\">Sec. 3. Minnesota Statutes 2024, section 325M.16, subdivision 2, is amended to read:</p>\n   <p class=\"indent\">Subd. 2. <b>Use of data.</b> (a) A controller must limit the collection of personal data to what is adequate, relevant, and reasonably necessary in relation to the purposes for which the data are processed, which must be disclosed to the consumer.</p>\n   <p class=\"indent\">(b) Except as provided in sections 325M.10 to 325M.21, a controller may not process personal data for purposes that are not reasonably necessary to, or compatible with, the purposes for which the personal data are processed, as disclosed to the consumer, unless the controller obtains the consumer&#39;s consent.</p>\n   <p class=\"indent\">(c) A controller shall establish, implement, and maintain reasonable administrative, technical, and physical data security practices to protect the confidentiality, integrity, and accessibility of personal data, including the maintenance of an inventory of the data that must be managed to exercise these responsibilities. The data security practices shall be appropriate to the volume and nature of the personal data at issue.</p>\n   <p class=\"indent\">(d) <strike class=\"amendmentDeletedText\">Except as otherwise provided in sections 325M.10 to 325M.21,</strike> A controller may not process sensitive data concerning a consumer <strike class=\"amendmentDeletedText\">without obtaining the consumer&#39;s consent, or, in the case of the processing of</strike>\n    <u class=\"amendmentInsertedText\">except with the consumer&#39;s consent to the processing for a specified purpose.</u>\n   </p>\n   <p class=\"indent\">\n    <u class=\"amendmentInsertedText\">(e) A controller may not share a consumer&#39;s sensitive data with any party other than the consumer except with the consumer&#39;s consent to the specified sharing.</u>\n   </p>\n   <p class=\"indent\">\n    <u class=\"amendmentInsertedText\">(f) A consumer&#39;s consent to share sensitive data under paragraph (e) must be separate and distinct from a consumer&#39;s consent to process the consumer&#39;s health data under paragraph (d). A consent under this subdivision must be obtained prior to the processing or sharing, as applicable, of the sensitive data. Any request for consent under this subdivision must clearly and conspicuously disclose:</u>\n   </p>\n   <p class=\"indent\">\n    <u class=\"amendmentInsertedText\">(1) the categories of sensitive data processed or shared, as applicable;</u>\n   </p>\n   <p class=\"indent\">\n    <u class=\"amendmentInsertedText\">(2) the purpose of the processing or sharing, as applicable, of the sensitive data, including the specific ways in which it will be used;</u>\n   </p>\n   <p class=\"indent\">\n    <u class=\"amendmentInsertedText\">(3) the categories of entities with which the sensitive data is shared; and</u>\n   </p>\n   <p class=\"indent\">\n    <u class=\"amendmentInsertedText\">(4) how the consumer can withdraw consent from future processing or sharing of the consumer&#39;s sensitive data.</u>\n   </p>\n   <p class=\"indent\">\n    <u class=\"amendmentInsertedText\">(g) A controller may not process</u> personal data concerning a known child, without obtaining consent from the child&#39;s parent or lawful guardian, in accordance with the requirement of the Children&#39;s Online Privacy Protection Act, United States Code, title 15, sections 6501 to 6506, and its implementing regulations, rules, and exemptions.</p>\n   <p class=\"indent\">\n    <strike class=\"amendmentDeletedText\">(e)</strike>\n    <u class=\"amendmentInsertedText\">(h)</u> A controller shall provide an effective mechanism for a consumer, or, in the case of the processing of personal data concerning a known child, the child&#39;s parent or lawful guardian, to revoke previously given consent under this subdivision. The mechanism provided shall be at least as easy as the mechanism by which the consent was previously given. Upon revocation of consent, a controller shall cease to process the applicable data as soon as practicable, but not later than 15 days after the receipt of the request.</p>\n   <p class=\"indent\">\n    <strike class=\"amendmentDeletedText\">(f)</strike>\n    <u class=\"amendmentInsertedText\">(i)</u> A controller may not process the personal data of a consumer for purposes of targeted advertising, or sell the consumer&#39;s personal data, without the consumer&#39;s consent, under circumstances where the controller knows that the consumer is between the ages of 13 and 16.</p>\n   <p class=\"indent\">\n    <strike class=\"amendmentDeletedText\">(g)</strike>\n    <u class=\"amendmentInsertedText\">(j)</u> A controller may not retain personal data that is no longer relevant and reasonably necessary in relation to the purposes for which the data were collected and processed, unless retention of the data is otherwise required by law or permitted under section 325M.19.</p>\n   <p class=\"indent\">Sec. 4. <u class=\"amendmentInsertedText\">\n     <b>[325M.175] REQUIREMENTS FOR THE SALE OF SENSITIVE DATA.</b>\n    </u>\n   </p>\n   <p class=\"indent\">\n    <u class=\"amendmentInsertedText\">Subdivision 1. <b>Scope; exclusions.</b> (a) Notwithstanding section 325M.12, subdivision 1, a legal entity must comply with sections 325M.10 to 325M.21 as if it were a controller or processor if that legal entity:</u>\n   </p>\n   <p class=\"indent\">\n    <u class=\"amendmentInsertedText\">(1) conducts business in Minnesota or produces products or services that are targeted to residents of Minnesota; and</u>\n   </p>\n   <p class=\"indent\">\n    <u class=\"amendmentInsertedText\">(2) is a controller or processor of sensitive data.</u>\n   </p>\n   <p class=\"indent\">\n    <u class=\"amendmentInsertedText\">(b) The requirements and restrictions specific to sensitive data in this section are in addition to the requirements and restrictions in sections 325M.10 to 325M.21 for personal data generally, including the requirements for sensitive data under section 325M.16, subdivision 2, paragraphs (d) to (f).</u>\n   </p>\n   <p class=\"indent\">\n    <u class=\"amendmentInsertedText\">(c) The exclusions in section 325M.12, subdivision 2, apply to this section.</u>\n   </p>\n   <p class=\"indent\">\n    <u class=\"amendmentInsertedText\">Subd. 2. <b>Requirements specific to the sale of sensitive data.</b> (a) It is unlawful for any person to sell or offer to sell a consumer&#39;s sensitive data without first obtaining valid authorization from the consumer. The sale of a consumer&#39;s sensitive data must be consistent with the valid authorization signed by the consumer. This authorization must be separate and distinct from a consent obtained by a controller to process or share sensitive data under section 325M.16, subdivision 2, paragraphs (d) to (f).</u>\n   </p>\n   <p class=\"indent\">\n    <u class=\"amendmentInsertedText\">(b) A valid authorization to sell a consumer&#39;s sensitive data is a document consistent with this subdivision and must be written in plain language. A valid authorization to sell a consumer&#39;s sensitive data must contain the following:</u>\n   </p>\n   <p class=\"indent\">\n    <u class=\"amendmentInsertedText\">(1) the specific sensitive data, concerning the specific consumer, that the person intends to sell;</u>\n   </p>\n   <p class=\"indent\">\n    <u class=\"amendmentInsertedText\">(2) the name and contact information of the person collecting and selling the sensitive data;</u>\n   </p>\n   <p class=\"indent\">\n    <u class=\"amendmentInsertedText\">(3) the name and contact information of the person purchasing the sensitive data from the seller identified in clause (2);</u>\n   </p>\n   <p class=\"indent\">\n    <u class=\"amendmentInsertedText\">(4) a description of the purpose for the sale, including how the sensitive data will be gathered and how it will be used by the purchaser identified in clause (3) when sold;</u>\n   </p>\n   <p class=\"indent\">\n    <u class=\"amendmentInsertedText\">(5) a statement that the provision of goods or services to the consumer may not be conditioned on the consumer signing the valid authorization;</u>\n   </p>\n   <p class=\"indent\">\n    <u class=\"amendmentInsertedText\">(6) a statement that the consumer has a right to revoke the valid authorization at any time and a description of how to submit a revocation of the valid authorization;</u>\n   </p>\n   <p class=\"indent\">\n    <u class=\"amendmentInsertedText\">(7) a statement that the consumer&#39;s sensitive data sold pursuant to the valid authorization may be subject to redisclosure by the purchaser and may no longer be protected by this section;</u>\n   </p>\n   <p class=\"indent\">\n    <u class=\"amendmentInsertedText\">(8) an expiration date for the valid authorization that expires one year from when the consumer signs the valid authorization; and</u>\n   </p>\n   <p class=\"indent\">\n    <u class=\"amendmentInsertedText\">(9) the signature of the consumer and date.</u>\n   </p>\n   <p class=\"indent\">\n    <u class=\"amendmentInsertedText\">(c) An authorization is not valid if the document has any of the following defects:</u>\n   </p>\n   <p class=\"indent\">\n    <u class=\"amendmentInsertedText\">(1) the expiration date has passed;</u>\n   </p>\n   <p class=\"indent\">\n    <u class=\"amendmentInsertedText\">(2) the authorization does not contain all of the information required under this subdivision;</u>\n   </p>\n   <p class=\"indent\">\n    <u class=\"amendmentInsertedText\">(3) the authorization has been revoked by the consumer;</u>\n   </p>\n   <p class=\"indent\">\n    <u class=\"amendmentInsertedText\">(4) the authorization has been combined with other documents to create a compound authorization; or</u>\n   </p>\n   <p class=\"indent\">\n    <u class=\"amendmentInsertedText\">(5) the provision of goods or services to the consumer is conditioned on the consumer signing the authorization.</u>\n   </p>\n   <p class=\"indent\">\n    <u class=\"amendmentInsertedText\">(d) A copy of the signed valid authorization must be provided to the consumer.</u>\n   </p>\n   <p class=\"indent\">\n    <u class=\"amendmentInsertedText\">(e) The seller and purchaser of the sensitive data must retain a copy of all valid authorizations for sale of sensitive data for six years from the date of its signature or the date when it was last in effect, whichever is later.</u>\n   </p>\n   <p class=\"indent\">Sec. 5. <u class=\"amendmentInsertedText\">\n     <b>[325M.178] GEOFENCE RESTRICTIONS.</b>\n    </u>\n   </p>\n   <p class=\"indent\">\n    <u class=\"amendmentInsertedText\"> It is unlawful for any person to implement a geofence around an entity that provides in-person health care services or supplies where the geofence is used to:</u>\n   </p>\n   <p class=\"indent\">\n    <u class=\"amendmentInsertedText\">(1) identify or track a consumer seeking health care services or supplies;</u>\n   </p>\n   <p class=\"indent\">\n    <u class=\"amendmentInsertedText\">(2) collect health data from a consumer; or</u>\n   </p>\n   <p class=\"indent\">\n    <u class=\"amendmentInsertedText\">(3) send notifications, messages, or advertisements to a consumer related to the consumer&#39;s health data or health care services or supplies.</u>\n   </p>\n   <p class=\"indent\">Sec. 6. Minnesota Statutes 2024, section 325M.18, is amended to read:</p>\n   <p class=\"indent\">\n    <b>325M.18 DATA PRIVACY POLICIES; DATA PRIVACY AND PROTECTION ASSESSMENTS.</b>\n   </p>\n   <p class=\"indent\">(a) A controller must document and maintain a description of the policies and procedures the controller has adopted to comply with sections 325M.10 to 325M.21. The description must include, where applicable:</p>\n   <p class=\"indent\">(1) the name and contact information for the controller&#39;s chief privacy officer or other individual with primary responsibility for directing the policies and procedures implemented to comply with the provisions of sections 325M.10 to 325M.21; and</p>\n   <p class=\"indent\">(2) a description of the controller&#39;s data privacy policies and procedures which reflect the requirements in <strike class=\"amendmentDeletedText\">section</strike>\n    <u class=\"amendmentInsertedText\">sections</u> 325M.16 <u class=\"amendmentInsertedText\">and, where applicable, 325M.175</u> , and any policies and procedures designed to:</p>\n   <p class=\"indent\">(i) reflect the requirements of sections 325M.10 to 325M.21 in the design of the controller&#39;s systems;</p>\n   <p class=\"indent\">(ii) identify and provide personal data to a consumer as required by sections 325M.10 to 325M.21;</p>\n   <p class=\"indent\">(iii) establish, implement, and maintain reasonable administrative, technical, and physical data security practices to protect the confidentiality, integrity, and accessibility of personal data, including the maintenance of an inventory of the data that must be managed to exercise the responsibilities under this item;</p>\n   <p class=\"indent\">(iv) limit the collection of personal data to what is adequate, relevant, and reasonably necessary in relation to the purposes for which the data are processed;</p>\n   <p class=\"indent\">(v) prevent the retention of personal data that is no longer relevant and reasonably necessary in relation to the purposes for which the data were collected and processed, unless retention of the data is otherwise required by law or permitted under section 325M.19; and</p>\n   <p class=\"indent\">(vi) identify and remediate violations of sections 325M.10 to 325M.21.</p>\n   <p class=\"indent\">(b) A controller must conduct and document a data privacy and protection assessment for each of the following processing activities involving personal data:</p>\n   <p class=\"indent\">(1) the processing of personal data for purposes of targeted advertising;</p>\n   <p class=\"indent\">(2) the sale of personal data;</p>\n   <p class=\"indent\">(3) the processing <u class=\"amendmentInsertedText\">, sharing, or sale</u> of sensitive data;</p>\n   <p class=\"indent\">(4) any processing activities involving personal data that present a heightened risk of harm to consumers; and</p>\n   <p class=\"indent\">(5) the processing of personal data for purposes of profiling, where the profiling presents a reasonably foreseeable risk of:</p>\n   <p class=\"indent\">(i) unfair or deceptive treatment of, or disparate impact on, consumers;</p>\n   <p class=\"indent\">(ii) financial, physical, or reputational injury to consumers;</p>\n   <p class=\"indent\">(iii) a physical or other intrusion upon the solitude or seclusion, or the private affairs or concerns, of consumers, where the intrusion would be offensive to a reasonable person; or</p>\n   <p class=\"indent\">(iv) other substantial injury to consumers.</p>\n   <p class=\"indent\">(c) A data privacy and protection assessment must take into account the type of personal data to be processed by the controller, including the extent to which the personal data are sensitive data, and the context in which the personal data are to be processed.</p>\n   <p class=\"indent\">(d) A data privacy and protection assessment must identify and weigh the benefits that may flow directly and indirectly from the processing to the controller, consumer, other stakeholders, and the public against the potential risks to the rights of the consumer associated with the processing, as mitigated by safeguards that can be employed by the controller to reduce the potential risks. The use of deidentified data and the reasonable expectations of consumers, as well as the context of the processing and the relationship between the controller and the consumer whose personal data will be processed, must be factored into this assessment by the controller.</p>\n   <p class=\"indent\">(e) A data privacy and protection assessment must include the description of policies and procedures required by paragraph (a).</p>\n   <p class=\"indent\">(f) As part of a civil investigative demand, the attorney general may request, in writing, that a controller disclose any data privacy and protection assessment that is relevant to an investigation conducted by the attorney general. The controller must make a data privacy and protection assessment available to the attorney general upon a request made under this paragraph. The attorney general may evaluate the data privacy and protection assessments for compliance with sections 325M.10 to 325M.21. Data privacy and protection assessments are classified as nonpublic data, as defined by section 13.02, subdivision 9. The disclosure of a data privacy and protection assessment pursuant to a request from the attorney general under this paragraph does not constitute a waiver of the attorney-client privilege or work product protection with respect to the assessment and any information contained in the assessment.</p>\n   <p class=\"indent\">(g) Data privacy and protection assessments or risk assessments conducted by a controller for the purpose of compliance with other laws or regulations may qualify under this section if the assessments have a similar scope and effect.</p>\n   <p class=\"indent\">(h) A single data protection assessment may address multiple sets of comparable processing operations that include similar activities.</p>\n   <p class=\"indent\">Sec. 7. Minnesota Statutes 2024, section 325M.20, is amended to read:</p>\n   <p class=\"indent\">\n    <b>325M.20 ATTORNEY GENERAL ENFORCEMENT.</b>\n   </p>\n   <p class=\"indent\">(a) In the event that a controller or processor violates sections 325M.10 to 325M.21, the attorney general, prior to filing an enforcement action under paragraph (b), must provide the controller or processor with a warning letter identifying the specific provisions of sections 325M.10 to 325M.21 the attorney general alleges have been or are being violated. If, after 30 days of issuance of the warning letter, the attorney general believes the controller or processor has failed to cure any alleged violation, the attorney general may bring an enforcement action under paragraph (b). This paragraph expires January 31, 2026.</p>\n   <p class=\"indent\">(b) The attorney general may bring a civil action against a controller or processor to enforce a provision of sections 325M.10 to 325M.21 in accordance with section 8.31. If the state prevails in an action to enforce sections 325M.10 to 325M.21, the state may, in addition to penalties provided by paragraph (c) or other remedies provided by law, be allowed an amount determined by the court to be the reasonable value of all or part of the state&#39;s litigation expenses incurred.</p>\n   <p class=\"indent\">(c) Any controller or processor that violates sections 325M.10 to 325M.21 is subject to an injunction and liable for a civil penalty of not more than $7,500 for each violation.</p>\n   <p class=\"indent\">(d) Nothing in sections 325M.10 to 325M.21 establishes a private right of action, including under section 8.31, subdivision 3a, for a violation of sections 325M.10 to 325M.21 or any other law.</p>\n   <p class=\"indent\">\n    <u class=\"amendmentInsertedText\">(e) A person that violates an applicable provision of sections 325M.10 to 325M.21, but that is not a controller or processor, is subject to enforcement by the attorney general under this section as if the person were a controller or processor.</u>\n   </p>\n   <repealed_note>\n    <p class=\"indent\">Sec. 8. <u class=\"amendmentInsertedText\">\n      <b>REPEALER.</b>\n     </u>\n    </p>\n    <p class=\"indent\">\n     <u class=\"amendmentInsertedText\"> Minnesota Statutes 2024, section 325M.17, is repealed.</u>\n    </p>\n   </repealed_note>\n   <p class=\"indent\">Sec. 9. <u class=\"amendmentInsertedText\">\n     <b>EFFECTIVE DATE.</b>\n    </u>\n   </p>\n   <p class=\"indent\">\n    <u class=\"amendmentInsertedText\"> This act is effective July 31, 2025, except that postsecondary institutions regulated by the Office of Higher Education are not required to comply with this act until July 31, 2029.</u>\n   </p>\n   <p class=\"indent\">\n    <b>APPENDIX</b>\n   </p>\n   <p class=\"indent\">Repealed Minnesota Statutes: 25-04043</p>\n   <p class=\"indent\">\n    <b>325M.17 REQUIREMENTS FOR SMALL BUSINESSES.</b>\n   </p>\n   <p class=\"indent\">(a) A small business, as defined by the United States Small Business Administration under Code of Federal Regulations, title 13, part 121, that conducts business in Minnesota or produces products or services that are targeted to residents of Minnesota, must not sell a consumer&#39;s sensitive data without the consumer&#39;s prior consent.</p>\n   <p class=\"indent\">(b) Penalties and attorney general enforcement procedures under section 325M.20 apply to a small business that violates this section.</p>\n  </div>\n </div>\n    </div>\t\n<table cellpadding=0 cellspacing=0 width=\"100%\">\n   <tr>\n      <td>\n          Copyright &copy; 2025 State Net\n      </td>\n<BR>\n<!--???MOVED INTO resources.cgi      <td align=\"right\">\n          <img src=\"https://custom.statenet.com/network/poweredby.gif\" alt=\"Powered by State Net\">\n      </td>-->\n\n    </tr>\n</table>\n</body></html>\n",
      "markdown": "The following has special meaning: _green underline denotes added text_ ~~red struck out text denotes deleted text~~ | [![Powered by State Net](https://custom.statenet.com/network/poweredby.gif)](https://www.lexisnexis.com/statenet/)  \n---|---  \n  \n2025 MN H 2700 | | Author: | Elkins  \n---|---  \nVersion: | Introduced  \nVersion Date: | 03/24/2025  \n  \n**HF 2700**\n\nas introduced - 94th Legislature (2025 - 2026) Posted on 03/24/2025\n\nA bill for an act relating to consumer protection; modifying the Minnesota\nConsumer Data Privacy Act to make consumer health data a form of sensitive\ndata; adding additional protections for sensitive data; amending Minnesota\nStatutes 2024, sections 325M.11; 325M.12; 325M.16, subdivision 2; 325M.18;\n325M.20; proposing coding for new law in Minnesota Statutes, chapter 325M;\nrepealing Minnesota Statutes 2024, section 325M.17.\n\nBE IT ENACTED BY THE LEGISLATURE OF THE STATE OF MINNESOTA:\n\nSection 1. Minnesota Statutes 2024, section 325M.11, is amended to read:\n\n**325M.11 DEFINITIONS.**\n\n(a) For purposes of sections 325M.10 to 325M.21, the following terms have the\nmeanings given.\n\n(b) \"Affiliate\" means a legal entity that controls, is controlled by, or is\nunder common control with another legal entity. For purposes of this\nparagraph, \"control\" or \"controlled\" means: ownership of or the power to vote\nmore than 50 percent of the outstanding shares of any class of voting security\nof a company; control in any manner over the election of a majority of the\ndirectors or of individuals exercising similar functions; or the power to\nexercise a controlling influence over the management of a company.\n\n(c) \"Authenticate\" means to use reasonable means to determine that a request\nto exercise any of the rights under section 325M.14, subdivision 1, paragraphs\n(b) to (h), is being made by or rightfully on behalf of the consumer who is\nentitled to exercise the rights with respect to the personal data at issue.\n\n(d) \"Biometric data\" means data generated by automatic measurements of an\nindividual's biological characteristics, including a fingerprint, a\nvoiceprint, eye retinas, irises, or other unique biological patterns or\ncharacteristics that are used to identify a specific individual. Biometric\ndata does not include:\n\n(1) a digital or physical photograph;\n\n(2) an audio or video recording; or\n\n(3) any data generated from a digital or physical photograph, or an audio or\nvideo recording, unless the data is generated to identify a specific\nindividual.\n\n(e) \"Child\" has the meaning given in United States Code, title 15, section\n6501.\n\n(f) \"Consent\" means any freely given, specific, informed, and unambiguous\nindication of the consumer's wishes by which the consumer signifies agreement\nto the processing of personal data relating to the consumer. Acceptance of a\ngeneral or broad terms of use or similar document that contains descriptions\nof personal data processing along with other, unrelated information does not\nconstitute consent. Hovering over, muting, pausing, or closing a given piece\nof content does not constitute consent. A consent is not valid when the\nconsumer's indication has been obtained by a dark pattern. A consumer may\nrevoke consent previously given, consistent with sections 325M.10 to 325M.21.\n\n(g) \"Consumer\" means a natural person who is a Minnesota resident acting only\nin an individual or household context. Consumer does not include a natural\nperson acting in a commercial or employment context.\n\n(h) \"Controller\" means the natural or legal person who, alone or jointly with\nothers, determines the purposes and means of the processing of personal data.\n\n(i) \"Decisions that produce legal or similarly significant effects concerning\nthe consumer\" means decisions made by the controller that result in the\nprovision or denial by the controller of financial or lending services,\nhousing, insurance, education enrollment or opportunity, criminal justice,\nemployment opportunities, health care services, or access to essential goods\nor services.\n\n(j) \"Dark pattern\" means a user interface designed or manipulated with the\nsubstantial effect of subverting or impairing user autonomy, decision making,\nor choice.\n\n(k) \"Deidentified data\" means data that cannot reasonably be used to infer\ninformation about or otherwise be linked to an identified or identifiable\nnatural person or a device linked to an identified or identifiable natural\nperson, provided that the controller that possesses the data:\n\n(1) takes reasonable measures to ensure that the data cannot be associated\nwith a natural person;\n\n(2) publicly commits to process the data only in a deidentified fashion and\nnot attempt to reidentify the data; and\n\n(3) contractually obligates any recipients of the information to comply with\nall provisions of this paragraph.\n\n(l) \"Delete\" means to remove or destroy information so that it is not\nmaintained in human- or machine-readable form and cannot be retrieved or\nutilized in the ordinary course of business.\n\n(m) \"Genetic information\" has the meaning given in section 13.386, subdivision\n1.\n\n_(n) \"Geofence\" means technology that uses global positioning coordinates,\ncell tower connectivity, cellular data, radio frequency identification, Wi-Fi\ndata, or any other form of spatial or location detection to establish a\nvirtual boundary, with an accuracy of more than three decimal degrees of\nlatitude and longitude or the equivalent in an alternative geographic\ncoordinate system, around the perimeter of a specific physical location or to\nlocate a consumer within the virtual boundary._\n\n_(o) \"Health care services or supplies\" means any service, surgery, procedure,\ntreatment, or product, including medication or medical devices, that a person\nmay use to assess, measure, improve, or learn about a person's past, present,\nor future mental or physical health._\n\n_(p) \"Health data\" means personal data that identifies a consumer's past,\npresent, or future mental or physical health status. For purposes of this\ndefinition, mental or physical health status includes but is not limited to:_\n\n_(1) individual health conditions, treatments, diseases, or diagnoses;_\n\n_(2) social, psychological, behavioral, and medical interventions;_\n\n_(3) health-related surgeries or procedures;_\n\n_(4) use or purchase of medication;_\n\n_(5) bodily functions, vital signs, symptoms, or measurements of the\ninformation described in this paragraph;_\n\n_(6) diagnoses or diagnostic testing, treatment, or medication;_\n\n_(7) biometric data;_\n\n_(8) genetic information;_\n\n_(9) specific geolocation data that could reasonably indicate a consumer 's\nseeking or obtaining past, present, or future health care services or\nsupplies;_\n\n_(10) data that identifies a consumer 's seeking or obtaining health care\nservices or supplies in the past, present, or future;_\n\n_(11) data that identifies a consumer 's seeking or obtaining information\nabout health care services or supplies in the past, present, or future; or_\n\n_(12) any information that is derived or extrapolated from personal data but\nthat is not itself health data that a controller or processor uses by any\nmeans, including algorithms, machine learning, or profiling, to associate or\nidentify a consumer with the data described in clauses (1) to (11), such as\nproxy, derivative, inferred, or emergent data._\n\n~~(n)~~ _(q)_ \"Identified or identifiable natural person\" means a person who\ncan be readily identified, directly or indirectly.\n\n~~(o)~~ _(r)_ \"Known child\" means a person under circumstances where a\ncontroller has actual knowledge of, or willfully disregards, that the person\nis under 13 years of age.\n\n~~(p)~~ _(s)_ \"Personal data\" means any information that is linked or\nreasonably linkable to an identified or identifiable natural person. Personal\ndata does not include deidentified data or publicly available information. For\npurposes of this paragraph, \"publicly available information\" means information\nthat (1) is lawfully made available from federal, state, or local government\nrecords or widely distributed media, or (2) a controller has a reasonable\nbasis to believe has lawfully been made available to the general public.\n\n~~(q)~~ _(t)_ \"Process\" or \"processing\" means any operation or set of\noperations that are performed on personal data or on sets of personal data,\nwhether or not by automated means, including but not limited to the\ncollection, use, storage, disclosure, analysis, deletion, or modification of\npersonal data.\n\n~~(r)~~ _(u)_ \"Processor\" means a natural or legal person who processes\npersonal data on behalf of a controller.\n\n~~(s)~~ _(v)_ \"Profiling\" means any form of automated processing of personal\ndata to evaluate, analyze, or predict personal aspects related to an\nidentified or identifiable natural person's economic situation, health,\npersonal preferences, interests, reliability, behavior, location, or\nmovements.\n\n~~(t)~~ _(w)_ \"Pseudonymous data\" means personal data that cannot be\nattributed to a specific natural person without the use of additional\ninformation, provided that the additional information is kept separately and\nis subject to appropriate technical and organizational measures to ensure that\nthe personal data are not attributed to an identified or identifiable natural\nperson.\n\n~~(u)~~ _(x)_ \"Sale,\" \"sell,\" or \"sold\" means the exchange of personal data\nfor monetary or other valuable consideration by the controller to a third\nparty. _Sale does not include sharing as defined in this section._ Sale does\nnot include the following:\n\n(1) the disclosure of personal data to a processor who processes the personal\ndata on behalf of the controller;\n\n(2) the disclosure of personal data to a third party for purposes of providing\na product or service requested by the consumer;\n\n(3) the disclosure or transfer of personal data to an affiliate of the\ncontroller;\n\n(4) the disclosure of information that the consumer intentionally made\navailable to the general public via a channel of mass media and did not\nrestrict to a specific audience;\n\n(5) the disclosure or transfer of personal data to a third party as an asset\nthat is part of a completed or proposed merger, acquisition, bankruptcy, or\nother transaction in which the third party assumes control of all or part of\nthe controller's assets; or\n\n(6) the exchange of personal data between the producer of a good or service\nand authorized agents of the producer who sell and service the goods and\nservices, to enable the cooperative provisioning of goods and services by both\nthe producer and the producer's agents.\n\n~~(v)~~ _(y)_ Sensitive data is a form of personal data. \"Sensitive data\"\nmeans:\n\n(1) personal data revealing racial or ethnic origin, religious beliefs, mental\nor physical health condition or diagnosis, sexual orientation, or citizenship\nor immigration status;\n\n(2) the processing of biometric data or genetic information for the purpose of\nuniquely identifying an individual;\n\n(3) the personal data of a known child; ~~or~~\n\n(4) specific geolocation data _; or_\n\n_(5) health data_ .\n\n_(z) \"Share\" or \"sharing\" means to release, disclose, disseminate, divulge,\nmake available, provide access to, license, or otherwise communicate orally,\nin writing, or by electronic or other means, personal data. Share includes\nselling as defined in this section. Sharing does not include:_\n\n_(1) the disclosure of personal data by a controller to a processor when the\nsharing is to provide goods or services in a manner consistent with the\npurpose for which the health data was collected and that was disclosed to the\nconsumer;_\n\n_(2) the disclosure of personal data to a third party with whom the consumer\nhas a direct relationship when:_\n\n_(i) the disclosure is for purposes of providing a product or service\nrequested by the consumer;_\n\n_(ii) the controller or processor maintains control and ownership of the data;\nand_\n\n_(iii) the third party uses the personal data only as directed by the\ncontroller or processor and consistent with the purpose consented to by the\nconsumer; or_\n\n_(3) the disclosure or transfer of personal data to a third party as an asset\nthat is part of a merger, acquisition, bankruptcy, or other transaction in\nwhich the third party assumes control of all or part of the controller 's or\nprocessor's assets and complies with the requirements and obligations in this\nchapter._\n\n~~(w)~~ _(aa)_ \"Specific geolocation data\" means information derived from\ntechnology, including but not limited to global positioning system level\nlatitude and longitude coordinates or other mechanisms, that directly\nidentifies the geographic coordinates of a consumer or a device linked to a\nconsumer with an accuracy of more than three decimal degrees of latitude and\nlongitude or the equivalent in an alternative geographic coordinate system, or\na street address derived from the coordinates. Specific geolocation data does\nnot include the content of communications, the contents of databases\ncontaining street address information which are accessible to the public as\nauthorized by law, or any data generated by or connected to advanced utility\nmetering infrastructure systems or other equipment for use by a public\nutility.\n\n~~(x)~~ _(bb)_ \"Targeted advertising\" means displaying advertisements to a\nconsumer where the advertisement is selected based on personal data obtained\nor inferred from the consumer's activities over time and across nonaffiliated\nwebsites or online applications to predict the consumer's preferences or\ninterests. Targeted advertising does not include:\n\n(1) advertising based on activities within a controller's own websites or\nonline applications;\n\n(2) advertising based on the context of a consumer's current search query or\nvisit to a website or online application;\n\n(3) advertising to a consumer in response to the consumer's request for\ninformation or feedback; or\n\n(4) processing personal data solely for measuring or reporting advertising\nperformance, reach, or frequency.\n\n~~(y)~~ _(cc)_ \"Third party\" means a natural or legal person, public\nauthority, agency, or body other than the consumer, controller, processor, or\nan affiliate of the processor or the controller.\n\n~~(z)~~ _(dd)_ \"Trade secret\" has the meaning given in section 325C.01,\nsubdivision 5.\n\nSec. 2. Minnesota Statutes 2024, section 325M.12, is amended to read:\n\n**325M.12 SCOPE; EXCLUSIONS.**\n\nSubdivision 1. **Scope.** (a) _Except as specified under section 325M.175,_\nsections 325M.10 to 325M.21 apply to legal entities that conduct business in\nMinnesota or produce products or services that are targeted to residents of\nMinnesota, and that satisfy one or more of the following thresholds:\n\n(1) during a calendar year, controls or processes personal data of 100,000\nconsumers or more, excluding personal data controlled or processed solely for\nthe purpose of completing a payment transaction; or\n\n(2) derives over 25 percent of gross revenue from the sale of personal data\nand processes or controls personal data of 25,000 consumers or more.\n\n(b) A controller or processor acting as a technology provider under section\n13.32 shall comply with sections 13.32 and 325M.10 to 325M.21, except that\nwhen the provisions of section 13.32 conflict with sections 325M.10 to\n325M.21, section 13.32 prevails.\n\nSubd. 2. **Exclusions.** (a) Sections 325M.10 to 325M.21 do not apply to the\nfollowing entities, activities, or types of information:\n\n(1) a government entity, as defined by section 13.02, subdivision 7a;\n\n(2) a federally recognized Indian tribe;\n\n(3) information that meets the definition of:\n\n(i) protected health information, as defined by and for purposes of the Health\nInsurance Portability and Accountability Act of 1996, Public Law 104-191, and\nrelated regulations _, if it is maintained by a covered entity or business\nassociate subject to that law and its related regulations_ ;\n\n(ii) health records, as defined in section 144.291, subdivision 2 _, if it is\nmaintained by a provider or other entity subject to the Minnesota Health\nRecords Act_ ;\n\n(iii) patient identifying information for purposes of Code of Federal\nRegulations, title 42, part 2, established pursuant to United States Code,\ntitle 42, section 290dd-2;\n\n(iv) identifiable private information for purposes of the federal policy for\nthe protection of human subjects, Code of Federal Regulations, title 45, part\n46; identifiable private information that is otherwise information collected\nas part of human subjects research pursuant to the good clinical practice\nguidelines issued by the International Council for Harmonisation; the\nprotection of human subjects under Code of Federal Regulations, title 21,\nparts 50 and 56; or personal data used or shared in research conducted in\naccordance with one or more of the requirements set forth in this paragraph;\n\n(v) information and documents created for purposes of the federal Health Care\nQuality Improvement Act of 1986, Public Law 99-660, and related regulations;\nor\n\n(vi) patient safety work product for purposes of Code of Federal Regulations,\ntitle 42, part 3, established pursuant to United States Code, title 42,\nsections 299b-21 to 299b-26;\n\n(4) information that is derived from any of the health care-related\ninformation listed in clause (3), but that has been deidentified in accordance\nwith the requirements for deidentification set forth in Code of Federal\nRegulations, title 45, part 164;\n\n(5) information originating from, and intermingled to be indistinguishable\nwith, any of the health care-related information listed in clause (3) that is\nmaintained by:\n\n(i) a covered entity or business associate, as defined by the Health Insurance\nPortability and Accountability Act of 1996, Public Law 104-191, and related\nregulations;\n\n(ii) a health care provider, as defined in section 144.291, subdivision 2; or\n\n(iii) a program or a qualified service organization, as defined by Code of\nFederal Regulations, title 42, part 2, established pursuant to United States\nCode, title 42, section 290dd-2;\n\n(6) information that is:\n\n(i) maintained by an entity that meets the definition of health care provider\nunder Code of Federal Regulations, title 45, section 160.103, to the extent\nthat the entity maintains the information in the manner required of covered\nentities with respect to protected health information for purposes of the\nHealth Insurance Portability and Accountability Act of 1996, Public Law\n104-191, and related regulations;\n\n(ii) included in a limited data set, as described under Code of Federal\nRegulations, title 45, part 164.514(e), to the extent that the information is\nused, disclosed, and maintained in the manner specified by that part;\n\n(iii) maintained by, or maintained to comply with the rules or orders of, a\nself-regulatory organization as defined by United States Code, title 15,\nsection 78c(a)(26);\n\n(iv) originated from, or intermingled with, information described in clause\n(9) and that a licensed residential mortgage originator, as defined under\nsection 58.02, subdivision 19, or residential mortgage servicer, as defined\nunder section 58.02, subdivision 20, collects, processes, uses, or maintains\nin the same manner as required under the laws and regulations specified in\nclause (9); or\n\n(v) originated from, or intermingled with, information described in clause (9)\nand that a nonbank financial institution, as defined by section 46A.01,\nsubdivision 12, collects, processes, uses, or maintains in the same manner as\nrequired under the laws and regulations specified in clause (9);\n\n(7) information used only for public health activities and purposes, as\ndescribed under Code of Federal Regulations, title 45, part 164.512;\n\n(8) an activity involving the collection, maintenance, disclosure, sale,\ncommunication, or use of any personal data bearing on a consumer's credit\nworthiness, credit standing, credit capacity, character, general reputation,\npersonal characteristics, or mode of living by a consumer reporting agency, as\ndefined in United States Code, title 15, section 1681a(f), by a furnisher of\ninformation, as set forth in United States Code, title 15, section 1681s-2,\nwho provides information for use in a consumer report, as defined in United\nStates Code, title 15, section 1681a(d), and by a user of a consumer report,\nas set forth in United States Code, title 15, section 1681b, except that\ninformation is only excluded under this paragraph to the extent that the\nactivity involving the collection, maintenance, disclosure, sale,\ncommunication, or use of the information by the agency, furnisher, or user is\nsubject to regulation under the federal Fair Credit Reporting Act, United\nStates Code, title 15, sections 1681 to 1681x, and the information is not\ncollected, maintained, used, communicated, disclosed, or sold except as\nauthorized by the Fair Credit Reporting Act;\n\n(9) personal data collected, processed, sold, or disclosed pursuant to the\nfederal Gramm-Leach-Bliley Act, Public Law 106-102, and implementing\nregulations, if the collection, processing, sale, or disclosure is in\ncompliance with that law;\n\n(10) personal data collected, processed, sold, or disclosed pursuant to the\nfederal Driver's Privacy Protection Act of 1994, United States Code, title 18,\nsections 2721 to 2725, if the collection, processing, sale, or disclosure is\nin compliance with that law;\n\n(11) personal data regulated by the federal Family Educational Rights and\nPrivacy Act, United States Code, title 20, section 1232g, and implementing\nregulations;\n\n(12) personal data collected, processed, sold, or disclosed pursuant to the\nfederal Farm Credit Act of 1971, as amended, United States Code, title 12,\nsections 2001 to 2279cc, and implementing regulations, Code of Federal\nRegulations, title 12, part 600, if the collection, processing, sale, or\ndisclosure is in compliance with that law;\n\n(13) data collected or maintained:\n\n(i) in the course of an individual acting as a job applicant to or an\nemployee, owner, director, officer, medical staff member, or contractor of a\nbusiness if the data is collected and used solely within the context of the\nrole;\n\n(ii) as the emergency contact information of an individual under item (i) if\nused solely for emergency contact purposes; or\n\n(iii) that is necessary for the business to retain to administer benefits for\nanother individual relating to the individual under item (i) if used solely\nfor the purposes of administering those benefits;\n\n(14) personal data collected, processed, sold, or disclosed pursuant to the\nMinnesota Insurance Fair Information Reporting Act in sections 72A.49 to\n72A.505;\n\n(15) data collected, processed, sold, or disclosed as part of a payment-only\ncredit, check, or cash transaction where no data about consumers, as defined\nin section 325M.11, are retained;\n\n(16) a state or federally chartered bank or credit union, or an affiliate or\nsubsidiary that is principally engaged in financial activities, as described\nin United States Code, title 12, section 1843(k);\n\n(17) information that originates from, or is intermingled so as to be\nindistinguishable from, information described in clause (8) and that a person\nlicensed under chapter 56 collects, processes, uses, or maintains in the same\nmanner as is required under the laws and regulations specified in clause (8);\n\n(18) an insurance company, as defined in section 60A.02, subdivision 4, an\ninsurance producer, as defined in section 60K.31, subdivision 6, a third-party\nadministrator of self-insurance, or an affiliate or subsidiary of any entity\nidentified in this clause that is principally engaged in financial activities,\nas described in United States Code, title 12, section 1843(k), except that\nthis clause does not apply to a person that, alone or in combination with\nanother person, establishes and maintains a self-insurance program that does\nnot otherwise engage in the business of entering into policies of insurance;\n\n~~(19) a small business, as defined by the United States Small Business\nAdministration under Code of Federal Regulations, title 13, part 121, except\nthat a small business identified in this clause is subject to section\n325M.17;~~\n\n~~(20)~~ _(19)_ a nonprofit organization that is established to detect and\nprevent fraudulent acts in connection with insurance; and\n\n~~(21)~~ _(20)_ an air carrier subject to the federal Airline Deregulation\nAct, Public Law 95-504, only to the extent that an air carrier collects\npersonal data related to prices, routes, or services and only to the extent\nthat the provisions of the Airline Deregulation Act preempt the requirements\nof sections 325M.10 to 325M.21.\n\n(b) Controllers that are in compliance with the Children's Online Privacy\nProtection Act, United States Code, title 15, sections 6501 to 6506, and\nimplementing regulations, shall be deemed compliant with any obligation to\nobtain parental consent under ~~sections 325M.10 to 325M.21~~ _section\n325M.16, subdivision 2, paragraph (g)_ .\n\nSec. 3. Minnesota Statutes 2024, section 325M.16, subdivision 2, is amended to\nread:\n\nSubd. 2. **Use of data.** (a) A controller must limit the collection of\npersonal data to what is adequate, relevant, and reasonably necessary in\nrelation to the purposes for which the data are processed, which must be\ndisclosed to the consumer.\n\n(b) Except as provided in sections 325M.10 to 325M.21, a controller may not\nprocess personal data for purposes that are not reasonably necessary to, or\ncompatible with, the purposes for which the personal data are processed, as\ndisclosed to the consumer, unless the controller obtains the consumer's\nconsent.\n\n(c) A controller shall establish, implement, and maintain reasonable\nadministrative, technical, and physical data security practices to protect the\nconfidentiality, integrity, and accessibility of personal data, including the\nmaintenance of an inventory of the data that must be managed to exercise these\nresponsibilities. The data security practices shall be appropriate to the\nvolume and nature of the personal data at issue.\n\n(d) ~~Except as otherwise provided in sections 325M.10 to 325M.21,~~ A\ncontroller may not process sensitive data concerning a consumer ~~without\nobtaining the consumer 's consent, or, in the case of the processing of~~\n_except with the consumer 's consent to the processing for a specified\npurpose._\n\n_(e) A controller may not share a consumer 's sensitive data with any party\nother than the consumer except with the consumer's consent to the specified\nsharing._\n\n_(f) A consumer 's consent to share sensitive data under paragraph (e) must be\nseparate and distinct from a consumer's consent to process the consumer's\nhealth data under paragraph (d). A consent under this subdivision must be\nobtained prior to the processing or sharing, as applicable, of the sensitive\ndata. Any request for consent under this subdivision must clearly and\nconspicuously disclose:_\n\n_(1) the categories of sensitive data processed or shared, as applicable;_\n\n_(2) the purpose of the processing or sharing, as applicable, of the sensitive\ndata, including the specific ways in which it will be used;_\n\n_(3) the categories of entities with which the sensitive data is shared; and_\n\n_(4) how the consumer can withdraw consent from future processing or sharing\nof the consumer 's sensitive data._\n\n_(g) A controller may not process_ personal data concerning a known child,\nwithout obtaining consent from the child's parent or lawful guardian, in\naccordance with the requirement of the Children's Online Privacy Protection\nAct, United States Code, title 15, sections 6501 to 6506, and its implementing\nregulations, rules, and exemptions.\n\n~~(e)~~ _(h)_ A controller shall provide an effective mechanism for a\nconsumer, or, in the case of the processing of personal data concerning a\nknown child, the child's parent or lawful guardian, to revoke previously given\nconsent under this subdivision. The mechanism provided shall be at least as\neasy as the mechanism by which the consent was previously given. Upon\nrevocation of consent, a controller shall cease to process the applicable data\nas soon as practicable, but not later than 15 days after the receipt of the\nrequest.\n\n~~(f)~~ _(i)_ A controller may not process the personal data of a consumer for\npurposes of targeted advertising, or sell the consumer's personal data,\nwithout the consumer's consent, under circumstances where the controller knows\nthat the consumer is between the ages of 13 and 16.\n\n~~(g)~~ _(j)_ A controller may not retain personal data that is no longer\nrelevant and reasonably necessary in relation to the purposes for which the\ndata were collected and processed, unless retention of the data is otherwise\nrequired by law or permitted under section 325M.19.\n\nSec. 4. _**[325M.175] REQUIREMENTS FOR THE SALE OF SENSITIVE DATA.** _\n\n_Subdivision 1.**Scope; exclusions.** (a) Notwithstanding section 325M.12,\nsubdivision 1, a legal entity must comply with sections 325M.10 to 325M.21 as\nif it were a controller or processor if that legal entity:_\n\n_(1) conducts business in Minnesota or produces products or services that are\ntargeted to residents of Minnesota; and_\n\n_(2) is a controller or processor of sensitive data._\n\n_(b) The requirements and restrictions specific to sensitive data in this\nsection are in addition to the requirements and restrictions in sections\n325M.10 to 325M.21 for personal data generally, including the requirements for\nsensitive data under section 325M.16, subdivision 2, paragraphs (d) to (f)._\n\n_(c) The exclusions in section 325M.12, subdivision 2, apply to this section._\n\n_Subd. 2.**Requirements specific to the sale of sensitive data.** (a) It is\nunlawful for any person to sell or offer to sell a consumer's sensitive data\nwithout first obtaining valid authorization from the consumer. The sale of a\nconsumer's sensitive data must be consistent with the valid authorization\nsigned by the consumer. This authorization must be separate and distinct from\na consent obtained by a controller to process or share sensitive data under\nsection 325M.16, subdivision 2, paragraphs (d) to (f)._\n\n_(b) A valid authorization to sell a consumer 's sensitive data is a document\nconsistent with this subdivision and must be written in plain language. A\nvalid authorization to sell a consumer's sensitive data must contain the\nfollowing:_\n\n_(1) the specific sensitive data, concerning the specific consumer, that the\nperson intends to sell;_\n\n_(2) the name and contact information of the person collecting and selling the\nsensitive data;_\n\n_(3) the name and contact information of the person purchasing the sensitive\ndata from the seller identified in clause (2);_\n\n_(4) a description of the purpose for the sale, including how the sensitive\ndata will be gathered and how it will be used by the purchaser identified in\nclause (3) when sold;_\n\n_(5) a statement that the provision of goods or services to the consumer may\nnot be conditioned on the consumer signing the valid authorization;_\n\n_(6) a statement that the consumer has a right to revoke the valid\nauthorization at any time and a description of how to submit a revocation of\nthe valid authorization;_\n\n_(7) a statement that the consumer 's sensitive data sold pursuant to the\nvalid authorization may be subject to redisclosure by the purchaser and may no\nlonger be protected by this section;_\n\n_(8) an expiration date for the valid authorization that expires one year from\nwhen the consumer signs the valid authorization; and_\n\n_(9) the signature of the consumer and date._\n\n_(c) An authorization is not valid if the document has any of the following\ndefects:_\n\n_(1) the expiration date has passed;_\n\n_(2) the authorization does not contain all of the information required under\nthis subdivision;_\n\n_(3) the authorization has been revoked by the consumer;_\n\n_(4) the authorization has been combined with other documents to create a\ncompound authorization; or_\n\n_(5) the provision of goods or services to the consumer is conditioned on the\nconsumer signing the authorization._\n\n_(d) A copy of the signed valid authorization must be provided to the\nconsumer._\n\n_(e) The seller and purchaser of the sensitive data must retain a copy of all\nvalid authorizations for sale of sensitive data for six years from the date of\nits signature or the date when it was last in effect, whichever is later._\n\nSec. 5. _**[325M.178] GEOFENCE RESTRICTIONS.** _\n\n_It is unlawful for any person to implement a geofence around an entity that\nprovides in-person health care services or supplies where the geofence is used\nto:_\n\n_(1) identify or track a consumer seeking health care services or supplies;_\n\n_(2) collect health data from a consumer; or_\n\n_(3) send notifications, messages, or advertisements to a consumer related to\nthe consumer 's health data or health care services or supplies._\n\nSec. 6. Minnesota Statutes 2024, section 325M.18, is amended to read:\n\n**325M.18 DATA PRIVACY POLICIES; DATA PRIVACY AND PROTECTION ASSESSMENTS.**\n\n(a) A controller must document and maintain a description of the policies and\nprocedures the controller has adopted to comply with sections 325M.10 to\n325M.21. The description must include, where applicable:\n\n(1) the name and contact information for the controller's chief privacy\nofficer or other individual with primary responsibility for directing the\npolicies and procedures implemented to comply with the provisions of sections\n325M.10 to 325M.21; and\n\n(2) a description of the controller's data privacy policies and procedures\nwhich reflect the requirements in ~~section~~ _sections_ 325M.16 _and, where\napplicable, 325M.175_ , and any policies and procedures designed to:\n\n(i) reflect the requirements of sections 325M.10 to 325M.21 in the design of\nthe controller's systems;\n\n(ii) identify and provide personal data to a consumer as required by sections\n325M.10 to 325M.21;\n\n(iii) establish, implement, and maintain reasonable administrative, technical,\nand physical data security practices to protect the confidentiality,\nintegrity, and accessibility of personal data, including the maintenance of an\ninventory of the data that must be managed to exercise the responsibilities\nunder this item;\n\n(iv) limit the collection of personal data to what is adequate, relevant, and\nreasonably necessary in relation to the purposes for which the data are\nprocessed;\n\n(v) prevent the retention of personal data that is no longer relevant and\nreasonably necessary in relation to the purposes for which the data were\ncollected and processed, unless retention of the data is otherwise required by\nlaw or permitted under section 325M.19; and\n\n(vi) identify and remediate violations of sections 325M.10 to 325M.21.\n\n(b) A controller must conduct and document a data privacy and protection\nassessment for each of the following processing activities involving personal\ndata:\n\n(1) the processing of personal data for purposes of targeted advertising;\n\n(2) the sale of personal data;\n\n(3) the processing _, sharing, or sale_ of sensitive data;\n\n(4) any processing activities involving personal data that present a\nheightened risk of harm to consumers; and\n\n(5) the processing of personal data for purposes of profiling, where the\nprofiling presents a reasonably foreseeable risk of:\n\n(i) unfair or deceptive treatment of, or disparate impact on, consumers;\n\n(ii) financial, physical, or reputational injury to consumers;\n\n(iii) a physical or other intrusion upon the solitude or seclusion, or the\nprivate affairs or concerns, of consumers, where the intrusion would be\noffensive to a reasonable person; or\n\n(iv) other substantial injury to consumers.\n\n(c) A data privacy and protection assessment must take into account the type\nof personal data to be processed by the controller, including the extent to\nwhich the personal data are sensitive data, and the context in which the\npersonal data are to be processed.\n\n(d) A data privacy and protection assessment must identify and weigh the\nbenefits that may flow directly and indirectly from the processing to the\ncontroller, consumer, other stakeholders, and the public against the potential\nrisks to the rights of the consumer associated with the processing, as\nmitigated by safeguards that can be employed by the controller to reduce the\npotential risks. The use of deidentified data and the reasonable expectations\nof consumers, as well as the context of the processing and the relationship\nbetween the controller and the consumer whose personal data will be processed,\nmust be factored into this assessment by the controller.\n\n(e) A data privacy and protection assessment must include the description of\npolicies and procedures required by paragraph (a).\n\n(f) As part of a civil investigative demand, the attorney general may request,\nin writing, that a controller disclose any data privacy and protection\nassessment that is relevant to an investigation conducted by the attorney\ngeneral. The controller must make a data privacy and protection assessment\navailable to the attorney general upon a request made under this paragraph.\nThe attorney general may evaluate the data privacy and protection assessments\nfor compliance with sections 325M.10 to 325M.21. Data privacy and protection\nassessments are classified as nonpublic data, as defined by section 13.02,\nsubdivision 9. The disclosure of a data privacy and protection assessment\npursuant to a request from the attorney general under this paragraph does not\nconstitute a waiver of the attorney-client privilege or work product\nprotection with respect to the assessment and any information contained in the\nassessment.\n\n(g) Data privacy and protection assessments or risk assessments conducted by a\ncontroller for the purpose of compliance with other laws or regulations may\nqualify under this section if the assessments have a similar scope and effect.\n\n(h) A single data protection assessment may address multiple sets of\ncomparable processing operations that include similar activities.\n\nSec. 7. Minnesota Statutes 2024, section 325M.20, is amended to read:\n\n**325M.20 ATTORNEY GENERAL ENFORCEMENT.**\n\n(a) In the event that a controller or processor violates sections 325M.10 to\n325M.21, the attorney general, prior to filing an enforcement action under\nparagraph (b), must provide the controller or processor with a warning letter\nidentifying the specific provisions of sections 325M.10 to 325M.21 the\nattorney general alleges have been or are being violated. If, after 30 days of\nissuance of the warning letter, the attorney general believes the controller\nor processor has failed to cure any alleged violation, the attorney general\nmay bring an enforcement action under paragraph (b). This paragraph expires\nJanuary 31, 2026.\n\n(b) The attorney general may bring a civil action against a controller or\nprocessor to enforce a provision of sections 325M.10 to 325M.21 in accordance\nwith section 8.31. If the state prevails in an action to enforce sections\n325M.10 to 325M.21, the state may, in addition to penalties provided by\nparagraph (c) or other remedies provided by law, be allowed an amount\ndetermined by the court to be the reasonable value of all or part of the\nstate's litigation expenses incurred.\n\n(c) Any controller or processor that violates sections 325M.10 to 325M.21 is\nsubject to an injunction and liable for a civil penalty of not more than\n$7,500 for each violation.\n\n(d) Nothing in sections 325M.10 to 325M.21 establishes a private right of\naction, including under section 8.31, subdivision 3a, for a violation of\nsections 325M.10 to 325M.21 or any other law.\n\n_(e) A person that violates an applicable provision of sections 325M.10 to\n325M.21, but that is not a controller or processor, is subject to enforcement\nby the attorney general under this section as if the person were a controller\nor processor._\n\nSec. 8. _**REPEALER.** _\n\n_Minnesota Statutes 2024, section 325M.17, is repealed._\n\nSec. 9. _**EFFECTIVE DATE.** _\n\n_This act is effective July 31, 2025, except that postsecondary institutions\nregulated by the Office of Higher Education are not required to comply with\nthis act until July 31, 2029._\n\n**APPENDIX**\n\nRepealed Minnesota Statutes: 25-04043\n\n**325M.17 REQUIREMENTS FOR SMALL BUSINESSES.**\n\n(a) A small business, as defined by the United States Small Business\nAdministration under Code of Federal Regulations, title 13, part 121, that\nconducts business in Minnesota or produces products or services that are\ntargeted to residents of Minnesota, must not sell a consumer's sensitive data\nwithout the consumer's prior consent.\n\n(b) Penalties and attorney general enforcement procedures under section\n325M.20 apply to a small business that violates this section.\n\nCopyright (C) 2025 State Net  \n  \n---\n\n",
      "latest_version": true
    }
  ]
}