{
  "bill_id": "MO2025000H721",
  "source_url": "http://custom.statenet.com/public/resources.cgi?id=ID:bill:MO2025000H721&cuiq=93d84396-c63b-526a-b152-38b7f79b4cfd&client_md=e4f6fea4-27b4-5d41-b7d3-766fe52569f0",
  "versions": [
    {
      "date": "01/02/2025",
      "label": "Prefiled",
      "url": "https://custom.statenet.com/public/resources.cgi?mode=show_text&id=ID:bill:MO2025000H721&verid=MO2025000H721_20250102_0_F&",
      "raw_html": "<html>\n<head>\n<title>Bill Resource</title>\n\n<!--   <link href=\"https://custom.statenet.com/network/Common/css/extregtext.css\" rel=\"stylesheet\" type=\"text/css\" />-->\n   <link href=\"https://custom.statenet.com/network/Common/css/xmltext-2.0.css\" rel=\"stylesheet\" type=\"text/css\" />\n   <link href=\"https://custom.statenet.com/network/Common/css/additional-text.css\" rel=\"stylesheet\" type=\"text/css\" />\n\n\t<style type=\"text/css\">\n<!--\n\ntd, body {\n     background-color: white;\n\tfont-family: Verdana, Arial, Helvetica, sans-serif;\n\tfont-size: 12px;\n}\n\n.resourceContainer {\n   border: 1px solid black;\n}\n-->\n</style>\n</head>\n<body>\n\n    <div style=\"width: 750px; margin: auto\">\n       <div style=\"font-size: .8em;margin-bottom: 10px\"><table width=\"100%\"><tr><td align=\"left\" style=\"font-size: .8em;\"><div>The following has special meaning:</div>\n<div><u class=\"amendmentInsertedText\">green underline denotes added text</u></div>\n<div><strike class=\"amendmentDeletedText\">red struck out text denotes deleted text</strike></div></td> <td align=\"right\"><a href=\"https://www.lexisnexis.com/statenet/\"><img alt=\"Powered by State Net\" src=\"https://custom.statenet.com/network/poweredby.gif\" /></a></td></tr></table></div><table id=\"text-identifier\"><tr><td class=\"key\">2025 MO H 721</td> <td><table><tr><td class=\"label\">Author:</td> <td>Christensen</td></tr> <tr><td class=\"label\">Version:</td> <td>Prefiled</td></tr> <tr><td class=\"label\">Version Date:</td> <td>01/02/2025</td></tr></table></td></tr></table><div class=\"documentBody\">\n  <a name=\"head_document_section\"></a><div class=\"head\">\n   <p class=\"center\">FIRST REGULAR SESSION</p>\n   <p class=\"center\">\n    <b>HOUSE BILL NO. 721</b>\n   </p>\n   <p class=\"center\">103RD GENERAL ASSEMBLY</p>\n   <p class=\"center\">INTRODUCED BY REPRESENTATIVE CHRISTENSEN.</p>\n  </div>\n  <a name=\"code_document_section\"></a><div class=\"code\">\n   <p class=\"center\">\n    <b>AN ACT</b>\n   </p>\n   <p class=\"indent\">To amend chapter 1, RSMo, by adding thereto one new section relating to legal personhood.</p>\n  </div>\n  <a name=\"text_document_section\"></a><div class=\"text\">\n   <span>\n    <p class=\"indent\">\n     <i>Be it enacted by the General Assembly of the state of Missouri, as follows:</i>\n    </p>\n   </span>\n   <p class=\"indent\">Section A. Chapter 1, RSMo, is amended by adding thereto one new section, to be known as section 1.206, to read as follows:</p>\n   <p class=\"indent\">\n    <u class=\"amendmentInsertedText\">1.206. 1. As used in this section, the following terms mean:</u>\n   </p>\n   <p class=\"indent\">\n    <u class=\"amendmentInsertedText\">(1) &quot;Body of water&quot;, any natural or man-made accumulation of water, regardless of whether the accumulation of water is static or subject to a force that causes a hydrological current;</u>\n   </p>\n   <p class=\"indent\">\n    <u class=\"amendmentInsertedText\">(2) &quot;Governmental entity&quot;, a court, the general assembly, the legislative body of a political subdivision, or another entity of the state or a political subdivision if the entity has adjudicatory or rulemaking authority;</u>\n   </p>\n   <p class=\"indent\">\n    <u class=\"amendmentInsertedText\">(3) &quot;Human being&quot;, a member of the species classified as homo sapiens;</u>\n   </p>\n   <p class=\"indent\">\n    <u class=\"amendmentInsertedText\">(4) &quot;Land&quot;, the solid terrestrial surface or subsurface of the earth;</u>\n   </p>\n   <p class=\"indent\">\n    <u class=\"amendmentInsertedText\">(5) &quot;Legal personhood&quot;, the legal rights and obligations of an individual under the laws of this state or the legal rights and obligations of a person other than an individual under the laws of this state;</u>\n   </p>\n   <p class=\"indent\">\n    <u class=\"amendmentInsertedText\">(6) &quot;Political subdivision&quot;, the same as under section 67.750;</u>\n   </p>\n   <p class=\"indent\">\n    <u class=\"amendmentInsertedText\">(7) &quot;Real property&quot;, any building, fixture, improvement, appurtenance, structure, or other development that is affixed permanently to land;</u>\n   </p>\n   <p class=\"indent\">\n    <u class=\"amendmentInsertedText\">(8) &quot;State&quot;, the same as under section 1.020.</u>\n   </p>\n   <p class=\"indent\">\n    <u class=\"amendmentInsertedText\">2. Notwithstanding any other provision of law to the contrary, a governmental entity shall not grant legal personhood to, nor recognize legal personhood in:</u>\n   </p>\n   <p class=\"indent\">\n    <u class=\"amendmentInsertedText\">(1) Artificial intelligence;</u>\n   </p>\n   <p class=\"indent\">\n    <u class=\"amendmentInsertedText\">(2) An inanimate object;</u>\n   </p>\n   <p class=\"indent\">\n    <u class=\"amendmentInsertedText\">(3) A body of water;</u>\n   </p>\n   <p class=\"indent\">\n    <u class=\"amendmentInsertedText\">(4) Land;</u>\n   </p>\n   <p class=\"indent\">\n    <u class=\"amendmentInsertedText\">(5) Real property;</u>\n   </p>\n   <p class=\"indent\">\n    <u class=\"amendmentInsertedText\">(6) Atmospheric gases;</u>\n   </p>\n   <p class=\"indent\">\n    <u class=\"amendmentInsertedText\">(7) An astronomical object;</u>\n   </p>\n   <p class=\"indent\">\n    <u class=\"amendmentInsertedText\">(8) Weather;</u>\n   </p>\n   <p class=\"indent\">\n    <u class=\"amendmentInsertedText\">(9) A plant;</u>\n   </p>\n   <p class=\"indent\">\n    <u class=\"amendmentInsertedText\">(10) A nonhuman animal; or</u>\n   </p>\n   <p class=\"indent\">\n    <u class=\"amendmentInsertedText\">(11) Any member of a taxonomic species that is not a human being.</u>\n   </p>\n  </div>\n </div>\n    </div>\t\n<table cellpadding=0 cellspacing=0 width=\"100%\">\n   <tr>\n      <td>\n          Copyright &copy; 2025 State Net\n      </td>\n<BR>\n<!--???MOVED INTO resources.cgi      <td align=\"right\">\n          <img src=\"https://custom.statenet.com/network/poweredby.gif\" alt=\"Powered by State Net\">\n      </td>-->\n\n    </tr>\n</table>\n</body></html>\n",
      "markdown": "The following has special meaning: _green underline denotes added text_ ~~red struck out text denotes deleted text~~ | [![Powered by State Net](https://custom.statenet.com/network/poweredby.gif)](https://www.lexisnexis.com/statenet/)  \n---|---  \n  \n2025 MO H 721 | | Author: | Christensen  \n---|---  \nVersion: | Prefiled  \nVersion Date: | 01/02/2025  \n  \nFIRST REGULAR SESSION\n\n**HOUSE BILL NO. 721**\n\n103RD GENERAL ASSEMBLY\n\nINTRODUCED BY REPRESENTATIVE CHRISTENSEN.\n\n**AN ACT**\n\nTo amend chapter 1, RSMo, by adding thereto one new section relating to legal\npersonhood.\n\n_Be it enacted by the General Assembly of the state of Missouri, as follows:_\n\nSection A. Chapter 1, RSMo, is amended by adding thereto one new section, to\nbe known as section 1.206, to read as follows:\n\n_1.206. 1. As used in this section, the following terms mean:_\n\n_(1) \"Body of water\", any natural or man-made accumulation of water,\nregardless of whether the accumulation of water is static or subject to a\nforce that causes a hydrological current;_\n\n_(2) \"Governmental entity\", a court, the general assembly, the legislative\nbody of a political subdivision, or another entity of the state or a political\nsubdivision if the entity has adjudicatory or rulemaking authority;_\n\n_(3) \"Human being\", a member of the species classified as homo sapiens;_\n\n_(4) \"Land\", the solid terrestrial surface or subsurface of the earth;_\n\n_(5) \"Legal personhood\", the legal rights and obligations of an individual\nunder the laws of this state or the legal rights and obligations of a person\nother than an individual under the laws of this state;_\n\n_(6) \"Political subdivision\", the same as under section 67.750;_\n\n_(7) \"Real property\", any building, fixture, improvement, appurtenance,\nstructure, or other development that is affixed permanently to land;_\n\n_(8) \"State\", the same as under section 1.020._\n\n_2\\. Notwithstanding any other provision of law to the contrary, a\ngovernmental entity shall not grant legal personhood to, nor recognize legal\npersonhood in:_\n\n_(1) Artificial intelligence;_\n\n_(2) An inanimate object;_\n\n_(3) A body of water;_\n\n_(4) Land;_\n\n_(5) Real property;_\n\n_(6) Atmospheric gases;_\n\n_(7) An astronomical object;_\n\n_(8) Weather;_\n\n_(9) A plant;_\n\n_(10) A nonhuman animal; or_\n\n_(11) Any member of a taxonomic species that is not a human being._\n\nCopyright (C) 2025 State Net  \n  \n---\n\n",
      "latest_version": false
    },
    {
      "date": "01/08/2025",
      "label": "Introduced",
      "url": "https://custom.statenet.com/public/resources.cgi?mode=show_text&id=ID:bill:MO2025000H721&verid=MO2025000H721_20250108_0_I&",
      "raw_html": "<html>\n<head>\n<title>Bill Resource</title>\n\n<!--   <link href=\"https://custom.statenet.com/network/Common/css/extregtext.css\" rel=\"stylesheet\" type=\"text/css\" />-->\n   <link href=\"https://custom.statenet.com/network/Common/css/xmltext-2.0.css\" rel=\"stylesheet\" type=\"text/css\" />\n   <link href=\"https://custom.statenet.com/network/Common/css/additional-text.css\" rel=\"stylesheet\" type=\"text/css\" />\n\n\t<style type=\"text/css\">\n<!--\n\ntd, body {\n     background-color: white;\n\tfont-family: Verdana, Arial, Helvetica, sans-serif;\n\tfont-size: 12px;\n}\n\n.resourceContainer {\n   border: 1px solid black;\n}\n-->\n</style>\n</head>\n<body>\n\n    <div style=\"width: 750px; margin: auto\">\n       <div style=\"font-size: .8em;margin-bottom: 10px\"><table width=\"100%\"><tr><td align=\"left\" style=\"font-size: .8em;\"><div>The following has special meaning:</div>\n<div><u class=\"amendmentInsertedText\">green underline denotes added text</u></div>\n<div><strike class=\"amendmentDeletedText\">red struck out text denotes deleted text</strike></div></td> <td align=\"right\"><a href=\"https://www.lexisnexis.com/statenet/\"><img alt=\"Powered by State Net\" src=\"https://custom.statenet.com/network/poweredby.gif\" /></a></td></tr></table></div><table id=\"text-identifier\"><tr><td class=\"key\">2025 MO H 721</td> <td><table><tr><td class=\"label\">Author:</td> <td>Christensen</td></tr> <tr><td class=\"label\">Version:</td> <td>Introduced</td></tr> <tr><td class=\"label\">Version Date:</td> <td>01/08/2025</td></tr></table></td></tr></table><div class=\"documentBody\">\n  <a name=\"head_document_section\"></a><div class=\"head\">\n   <p class=\"center\">FIRST REGULAR SESSION</p>\n   <p class=\"center\">\n    <b>HOUSE BILL NO. 721</b>\n   </p>\n   <p class=\"center\">103RD GENERAL ASSEMBLY</p>\n   <p class=\"center\">INTRODUCED BY REPRESENTATIVE CHRISTENSEN.</p>\n  </div>\n  <a name=\"code_document_section\"></a><div class=\"code\">\n   <p class=\"center\">\n    <b>AN ACT</b>\n   </p>\n   <p class=\"indent\">To amend chapter 1, RSMo, by adding thereto one new section relating to legal personhood.</p>\n  </div>\n  <a name=\"text_document_section\"></a><div class=\"text\">\n   <span>\n    <p class=\"indent\">\n     <i>Be it enacted by the General Assembly of the state of Missouri, as follows:</i>\n    </p>\n   </span>\n   <p class=\"indent\">Section A. Chapter 1, RSMo, is amended by adding thereto one new section, to be known as section 1.206, to read as follows:</p>\n   <p class=\"indent\">\n    <u class=\"amendmentInsertedText\">1.206. 1. As used in this section, the following terms mean:</u>\n   </p>\n   <p class=\"indent\">\n    <u class=\"amendmentInsertedText\">(1) &quot;Body of water&quot;, any natural or man-made accumulation of water, regardless of whether the accumulation of water is static or subject to a force that causes a hydrological current;</u>\n   </p>\n   <p class=\"indent\">\n    <u class=\"amendmentInsertedText\">(2) &quot;Governmental entity&quot;, a court, the general assembly, the legislative body of a political subdivision, or another entity of the state or a political subdivision if the entity has adjudicatory or rulemaking authority;</u>\n   </p>\n   <p class=\"indent\">\n    <u class=\"amendmentInsertedText\">(3) &quot;Human being&quot;, a member of the species classified as homo sapiens;</u>\n   </p>\n   <p class=\"indent\">\n    <u class=\"amendmentInsertedText\">(4) &quot;Land&quot;, the solid terrestrial surface or subsurface of the earth;</u>\n   </p>\n   <p class=\"indent\">\n    <u class=\"amendmentInsertedText\">(5) &quot;Legal personhood&quot;, the legal rights and obligations of an individual under the laws of this state or the legal rights and obligations of a person other than an individual under the laws of this state;</u>\n   </p>\n   <p class=\"indent\">\n    <u class=\"amendmentInsertedText\">(6) &quot;Political subdivision&quot;, the same as under section 67.750;</u>\n   </p>\n   <p class=\"indent\">\n    <u class=\"amendmentInsertedText\">(7) &quot;Real property&quot;, any building, fixture, improvement, appurtenance, structure, or other development that is affixed permanently to land;</u>\n   </p>\n   <p class=\"indent\">\n    <u class=\"amendmentInsertedText\">(8) &quot;State&quot;, the same as under section 1.020.</u>\n   </p>\n   <p class=\"indent\">\n    <u class=\"amendmentInsertedText\">2. Notwithstanding any other provision of law to the contrary, a governmental entity shall not grant legal personhood to, nor recognize legal personhood in:</u>\n   </p>\n   <p class=\"indent\">\n    <u class=\"amendmentInsertedText\">(1) Artificial intelligence;</u>\n   </p>\n   <p class=\"indent\">\n    <u class=\"amendmentInsertedText\">(2) An inanimate object;</u>\n   </p>\n   <p class=\"indent\">\n    <u class=\"amendmentInsertedText\">(3) A body of water;</u>\n   </p>\n   <p class=\"indent\">\n    <u class=\"amendmentInsertedText\">(4) Land;</u>\n   </p>\n   <p class=\"indent\">\n    <u class=\"amendmentInsertedText\">(5) Real property;</u>\n   </p>\n   <p class=\"indent\">\n    <u class=\"amendmentInsertedText\">(6) Atmospheric gases;</u>\n   </p>\n   <p class=\"indent\">\n    <u class=\"amendmentInsertedText\">(7) An astronomical object;</u>\n   </p>\n   <p class=\"indent\">\n    <u class=\"amendmentInsertedText\">(8) Weather;</u>\n   </p>\n   <p class=\"indent\">\n    <u class=\"amendmentInsertedText\">(9) A plant;</u>\n   </p>\n   <p class=\"indent\">\n    <u class=\"amendmentInsertedText\">(10) A nonhuman animal; or</u>\n   </p>\n   <p class=\"indent\">\n    <u class=\"amendmentInsertedText\">(11) Any member of a taxonomic species that is not a human being.</u>\n   </p>\n  </div>\n </div>\n    </div>\t\n<table cellpadding=0 cellspacing=0 width=\"100%\">\n   <tr>\n      <td>\n          Copyright &copy; 2025 State Net\n      </td>\n<BR>\n<!--???MOVED INTO resources.cgi      <td align=\"right\">\n          <img src=\"https://custom.statenet.com/network/poweredby.gif\" alt=\"Powered by State Net\">\n      </td>-->\n\n    </tr>\n</table>\n</body></html>\n",
      "markdown": "The following has special meaning: _green underline denotes added text_ ~~red struck out text denotes deleted text~~ | [![Powered by State Net](https://custom.statenet.com/network/poweredby.gif)](https://www.lexisnexis.com/statenet/)  \n---|---  \n  \n2025 MO H 721 | | Author: | Christensen  \n---|---  \nVersion: | Introduced  \nVersion Date: | 01/08/2025  \n  \nFIRST REGULAR SESSION\n\n**HOUSE BILL NO. 721**\n\n103RD GENERAL ASSEMBLY\n\nINTRODUCED BY REPRESENTATIVE CHRISTENSEN.\n\n**AN ACT**\n\nTo amend chapter 1, RSMo, by adding thereto one new section relating to legal\npersonhood.\n\n_Be it enacted by the General Assembly of the state of Missouri, as follows:_\n\nSection A. Chapter 1, RSMo, is amended by adding thereto one new section, to\nbe known as section 1.206, to read as follows:\n\n_1.206. 1. As used in this section, the following terms mean:_\n\n_(1) \"Body of water\", any natural or man-made accumulation of water,\nregardless of whether the accumulation of water is static or subject to a\nforce that causes a hydrological current;_\n\n_(2) \"Governmental entity\", a court, the general assembly, the legislative\nbody of a political subdivision, or another entity of the state or a political\nsubdivision if the entity has adjudicatory or rulemaking authority;_\n\n_(3) \"Human being\", a member of the species classified as homo sapiens;_\n\n_(4) \"Land\", the solid terrestrial surface or subsurface of the earth;_\n\n_(5) \"Legal personhood\", the legal rights and obligations of an individual\nunder the laws of this state or the legal rights and obligations of a person\nother than an individual under the laws of this state;_\n\n_(6) \"Political subdivision\", the same as under section 67.750;_\n\n_(7) \"Real property\", any building, fixture, improvement, appurtenance,\nstructure, or other development that is affixed permanently to land;_\n\n_(8) \"State\", the same as under section 1.020._\n\n_2\\. Notwithstanding any other provision of law to the contrary, a\ngovernmental entity shall not grant legal personhood to, nor recognize legal\npersonhood in:_\n\n_(1) Artificial intelligence;_\n\n_(2) An inanimate object;_\n\n_(3) A body of water;_\n\n_(4) Land;_\n\n_(5) Real property;_\n\n_(6) Atmospheric gases;_\n\n_(7) An astronomical object;_\n\n_(8) Weather;_\n\n_(9) A plant;_\n\n_(10) A nonhuman animal; or_\n\n_(11) Any member of a taxonomic species that is not a human being._\n\nCopyright (C) 2025 State Net  \n  \n---\n\n",
      "latest_version": true
    }
  ]
}