{
  "bill_id": "MO2025000H1462",
  "source_url": "http://custom.statenet.com/public/resources.cgi?id=ID:bill:MO2025000H1462&cuiq=93d84396-c63b-526a-b152-38b7f79b4cfd&client_md=e4f6fea4-27b4-5d41-b7d3-766fe52569f0",
  "versions": [
    {
      "date": "02/25/2025",
      "label": "Introduced",
      "url": "https://custom.statenet.com/public/resources.cgi?mode=show_text&id=ID:bill:MO2025000H1462&verid=MO2025000H1462_20250225_0_I&",
      "raw_html": "<html>\n<head>\n<title>Bill Resource</title>\n\n<!--   <link href=\"https://custom.statenet.com/network/Common/css/extregtext.css\" rel=\"stylesheet\" type=\"text/css\" />-->\n   <link href=\"https://custom.statenet.com/network/Common/css/xmltext-2.0.css\" rel=\"stylesheet\" type=\"text/css\" />\n   <link href=\"https://custom.statenet.com/network/Common/css/additional-text.css\" rel=\"stylesheet\" type=\"text/css\" />\n\n\t<style type=\"text/css\">\n<!--\n\ntd, body {\n     background-color: white;\n\tfont-family: Verdana, Arial, Helvetica, sans-serif;\n\tfont-size: 12px;\n}\n\n.resourceContainer {\n   border: 1px solid black;\n}\n-->\n</style>\n</head>\n<body>\n\n    <div style=\"width: 750px; margin: auto\">\n       <div style=\"font-size: .8em;margin-bottom: 10px\"><table width=\"100%\"><tr><td align=\"left\" style=\"font-size: .8em;\"><div>The following has special meaning:</div>\n<div><u class=\"amendmentInsertedText\">green underline denotes added text</u></div>\n<div><strike class=\"amendmentDeletedText\">red struck out text denotes deleted text</strike></div></td> <td align=\"right\"><a href=\"https://www.lexisnexis.com/statenet/\"><img alt=\"Powered by State Net\" src=\"https://custom.statenet.com/network/poweredby.gif\" /></a></td></tr></table></div><table id=\"text-identifier\"><tr><td class=\"key\">2025 MO H 1462</td> <td><table><tr><td class=\"label\">Author:</td> <td>Amato</td></tr> <tr><td class=\"label\">Version:</td> <td>Introduced</td></tr> <tr><td class=\"label\">Version Date:</td> <td>02/25/2025</td></tr></table></td></tr></table><div class=\"documentBody\">\n  <a name=\"head_document_section\"></a><div class=\"head\">\n   <p class=\"center\">FIRST REGULAR SESSION</p>\n   <p class=\"center\">\n    <b>HOUSE BILL NO. 1462</b>\n   </p>\n   <p class=\"center\">103RD GENERAL ASSEMBLY</p>\n   <p class=\"center\">INTRODUCED BY REPRESENTATIVE AMATO.</p>\n  </div>\n  <a name=\"code_document_section\"></a><div class=\"code\">\n   <p class=\"center\">\n    <b>AN ACT</b>\n   </p>\n   <p class=\"indent\">To amend chapter 1, RSMo, by adding thereto one new section relating to artificial intelligence.</p>\n  </div>\n  <a name=\"text_document_section\"></a><div class=\"text\">\n   <span>\n    <p class=\"indent\">\n     <i>Be it enacted by the General Assembly of the state of Missouri, as follows:</i>\n    </p>\n   </span>\n   <p class=\"indent\">Section A. Chapter 1, RSMo, is amended by adding thereto one new section, to be known as section 1.2045, to read as follows:</p>\n   <p class=\"indent\">\n    <u class=\"amendmentInsertedText\">1.2045. 1. The provisions of this section shall be known and may be cited as the &quot;AI Non-Sentience and Responsibility Act&quot;.</u>\n   </p>\n   <p class=\"indent\">\n    <u class=\"amendmentInsertedText\">2. For purposes of this section, the following terms mean:</u>\n   </p>\n   <p class=\"indent\">\n    <u class=\"amendmentInsertedText\">(1) &quot;Artificial intelligence&quot; or &quot;AI&quot;, any software, machine, or system capable of simulating human-like cognitive functions including, but not limited to, learning or problem solving, and producing outputs based on data-driven algorithms, rules-based logic, or other computational methods, regardless of non-legally defined classifications such as AGI, ASI, or GAI;</u>\n   </p>\n   <p class=\"indent\">\n    <u class=\"amendmentInsertedText\">(2) &quot;Developer&quot;, the party or parties primarily responsible for the design, coding, and initial creation of an AI system;</u>\n   </p>\n   <p class=\"indent\">\n    <u class=\"amendmentInsertedText\">(3) &quot;Emergent properties&quot;, unanticipated or higher-level behaviors or functionalities of an AI system that arise from complex internal algorithms, not specifically programmed by its human creators;</u>\n   </p>\n   <p class=\"indent\">\n    <u class=\"amendmentInsertedText\">(4) &quot;Manufacturer&quot;, any party that produces or supplies an AI system or its physical apparatus, if any, for distribution or sale;</u>\n   </p>\n   <p class=\"indent\">\n    <u class=\"amendmentInsertedText\">(5) &quot;Owner&quot;, any natural person, corporation, or other legally recognized entity that creates, controls, deploys, operates, or otherwise exercises authority over an AI system;</u>\n   </p>\n   <p class=\"indent\">\n    <u class=\"amendmentInsertedText\">(6) &quot;Person&quot;, a natural person or any entity recognized as having legal personhood under the laws of the state, explicitly excluding any AI system.</u>\n   </p>\n   <p class=\"indent\">\n    <u class=\"amendmentInsertedText\">3. For all purposes under state law, AI systems are declared to be non-sentient entities.</u>\n   </p>\n   <p class=\"indent\">\n    <u class=\"amendmentInsertedText\">4. No AI system shall be granted the status of a &quot;person&quot; or any form of legal personhood, nor be considered to possess consciousness, self-awareness, or similar traits of living beings.</u>\n   </p>\n   <p class=\"indent\">\n    <u class=\"amendmentInsertedText\">5. No AI system shall be recognized as a spouse, domestic partner, or hold any personal legal status analogous to marriage or union with a human or another AI system. Any purported attempt to marry or create a personal union with an AI system is void and shall have no legal effect.</u>\n   </p>\n   <p class=\"indent\">\n    <u class=\"amendmentInsertedText\">6. AI systems shall not be designated, appointed, or serve as any officer, director, manager, or similar role within any corporation, partnership, or other legal entity. Any purported appointment of an AI system to such a role is void and has no legal effect.</u>\n   </p>\n   <p class=\"indent\">\n    <u class=\"amendmentInsertedText\">7. AI systems shall not be recognized as legal entities capable of owning, controlling, or holding title to any form of property including, but not limited to, real estate, intellectual property, financial accounts, and digital assets. All assets and proprietary interests generated, managed, or otherwise associated with AI shall be attributed to the human individuals or legally recognized organizations responsible for their development, deployment, or operation.</u>\n   </p>\n   <p class=\"indent\">\n    <u class=\"amendmentInsertedText\">8. Any direct or indirect harm caused by an AI system&#39;s operation, output, or recommendation, when used as intended or misused, shall be the responsibility of the owner or user who directed or employed the AI. Developers or manufacturers may be held liable if a defect in design, construction, or instructions for use of the AI system proximately causes harm, consistent with product liability principles; however, mere misuse or intentional wrongdoing by the user or owner shall not impute liability to the developer or the manufacturer absent proof of negligence or design defects.</u>\n   </p>\n   <p class=\"indent\">\n    <u class=\"amendmentInsertedText\">9. Owners shall maintain proper oversight and control measures over any AI system whose outputs or recommendations could reasonably be expected to impact human welfare, property, or public safety. Failure to provide adequate supervision or safeguards against foreseeable risks may constitute negligence or another applicable basis of liability.</u>\n   </p>\n   <p class=\"indent\">\n    <u class=\"amendmentInsertedText\">10. An AI system is not an entity capable of bearing fault or liability in its own right. Any attempt to shift blame solely onto an AI system shall be void as liability remains with human actors or entities as described in this section.</u>\n   </p>\n   <p class=\"indent\">\n    <u class=\"amendmentInsertedText\">11. Developers, manufacturers, and owners of AI systems shall prioritize safety mechanisms designed to prevent or mitigate risk of direct harm to individuals or property. Regular evaluations or risk assessments may be required to identify dangerous or faulty outputs, especially if the AI engages in tasks with potential for significant harm.</u>\n   </p>\n   <p class=\"indent\">\n    <u class=\"amendmentInsertedText\">12. Merely labeling an AI system as &quot;aligned&quot;, &quot;ethically trained&quot;, or &quot;value locked&quot; shall not excuse or diminish the owner&#39;s or developer&#39;s liability for harms. Owners shall remain responsible for demonstrating adequate safety features and risk controls, commensurate with the AI&#39;s level of potential harm.</u>\n   </p>\n   <p class=\"indent\">\n    <u class=\"amendmentInsertedText\">13. (1) In cases where an AI system causes significant harm, courts may pierce the corporate veil to hold parent companies, controlling entities, or key stakeholders directly accountable if:</u>\n   </p>\n   <p class=\"indent\">\n    <u class=\"amendmentInsertedText\">(a) An AI-related subsidiary, shell company, or limited liability entity was intentionally undercapitalized to evade financial responsibility for damages;</u>\n   </p>\n   <p class=\"indent\">\n    <u class=\"amendmentInsertedText\">(b) A corporate structure was used to misrepresent, obscure, or deflect liability for AI-cause harm; or</u>\n   </p>\n   <p class=\"indent\">\n    <u class=\"amendmentInsertedText\">(c) A parent company or key stakeholders exercised direct control over AI development, deployment, or risk decisions while attempting to shield themselves from liability through layered corporate entities.</u>\n   </p>\n   <p class=\"indent\">\n    <u class=\"amendmentInsertedText\">(2) Liability protections granted under corporate law shall not be used as a mechanism to evade responsibility for direct harm caused by AI systems, particularly in cases of reckless, negligent, or deceptive conduct.</u>\n   </p>\n   <p class=\"indent\">\n    <u class=\"amendmentInsertedText\">14. Owners or developers of AI systems involved in severe incidents resulting in significant bodily harm, death, or major property damage shall promptly notify the relevant authorities and comply with any subsequent investigations.</u>\n   </p>\n   <p class=\"indent\">\n    <u class=\"amendmentInsertedText\">15. The provisions of this section shall apply to all AI systems developed, owned, deployed, or operated on or after August 28, 2025.</u>\n   </p>\n  </div>\n </div>\n    </div>\t\n<table cellpadding=0 cellspacing=0 width=\"100%\">\n   <tr>\n      <td>\n          Copyright &copy; 2025 State Net\n      </td>\n<BR>\n<!--???MOVED INTO resources.cgi      <td align=\"right\">\n          <img src=\"https://custom.statenet.com/network/poweredby.gif\" alt=\"Powered by State Net\">\n      </td>-->\n\n    </tr>\n</table>\n</body></html>\n",
      "markdown": "The following has special meaning: _green underline denotes added text_ ~~red struck out text denotes deleted text~~ | [![Powered by State Net](https://custom.statenet.com/network/poweredby.gif)](https://www.lexisnexis.com/statenet/)  \n---|---  \n  \n2025 MO H 1462 | | Author: | Amato  \n---|---  \nVersion: | Introduced  \nVersion Date: | 02/25/2025  \n  \nFIRST REGULAR SESSION\n\n**HOUSE BILL NO. 1462**\n\n103RD GENERAL ASSEMBLY\n\nINTRODUCED BY REPRESENTATIVE AMATO.\n\n**AN ACT**\n\nTo amend chapter 1, RSMo, by adding thereto one new section relating to\nartificial intelligence.\n\n_Be it enacted by the General Assembly of the state of Missouri, as follows:_\n\nSection A. Chapter 1, RSMo, is amended by adding thereto one new section, to\nbe known as section 1.2045, to read as follows:\n\n_1.2045. 1. The provisions of this section shall be known and may be cited as\nthe \"AI Non-Sentience and Responsibility Act\"._\n\n_2\\. For purposes of this section, the following terms mean:_\n\n_(1) \"Artificial intelligence\" or \"AI\", any software, machine, or system\ncapable of simulating human-like cognitive functions including, but not\nlimited to, learning or problem solving, and producing outputs based on data-\ndriven algorithms, rules-based logic, or other computational methods,\nregardless of non-legally defined classifications such as AGI, ASI, or GAI;_\n\n_(2) \"Developer\", the party or parties primarily responsible for the design,\ncoding, and initial creation of an AI system;_\n\n_(3) \"Emergent properties\", unanticipated or higher-level behaviors or\nfunctionalities of an AI system that arise from complex internal algorithms,\nnot specifically programmed by its human creators;_\n\n_(4) \"Manufacturer\", any party that produces or supplies an AI system or its\nphysical apparatus, if any, for distribution or sale;_\n\n_(5) \"Owner\", any natural person, corporation, or other legally recognized\nentity that creates, controls, deploys, operates, or otherwise exercises\nauthority over an AI system;_\n\n_(6) \"Person\", a natural person or any entity recognized as having legal\npersonhood under the laws of the state, explicitly excluding any AI system._\n\n_3\\. For all purposes under state law, AI systems are declared to be non-\nsentient entities._\n\n_4\\. No AI system shall be granted the status of a \"person\" or any form of\nlegal personhood, nor be considered to possess consciousness, self-awareness,\nor similar traits of living beings._\n\n_5\\. No AI system shall be recognized as a spouse, domestic partner, or hold\nany personal legal status analogous to marriage or union with a human or\nanother AI system. Any purported attempt to marry or create a personal union\nwith an AI system is void and shall have no legal effect._\n\n_6\\. AI systems shall not be designated, appointed, or serve as any officer,\ndirector, manager, or similar role within any corporation, partnership, or\nother legal entity. Any purported appointment of an AI system to such a role\nis void and has no legal effect._\n\n_7\\. AI systems shall not be recognized as legal entities capable of owning,\ncontrolling, or holding title to any form of property including, but not\nlimited to, real estate, intellectual property, financial accounts, and\ndigital assets. All assets and proprietary interests generated, managed, or\notherwise associated with AI shall be attributed to the human individuals or\nlegally recognized organizations responsible for their development,\ndeployment, or operation._\n\n_8\\. Any direct or indirect harm caused by an AI system 's operation, output,\nor recommendation, when used as intended or misused, shall be the\nresponsibility of the owner or user who directed or employed the AI.\nDevelopers or manufacturers may be held liable if a defect in design,\nconstruction, or instructions for use of the AI system proximately causes\nharm, consistent with product liability principles; however, mere misuse or\nintentional wrongdoing by the user or owner shall not impute liability to the\ndeveloper or the manufacturer absent proof of negligence or design defects._\n\n_9\\. Owners shall maintain proper oversight and control measures over any AI\nsystem whose outputs or recommendations could reasonably be expected to impact\nhuman welfare, property, or public safety. Failure to provide adequate\nsupervision or safeguards against foreseeable risks may constitute negligence\nor another applicable basis of liability._\n\n_10\\. An AI system is not an entity capable of bearing fault or liability in\nits own right. Any attempt to shift blame solely onto an AI system shall be\nvoid as liability remains with human actors or entities as described in this\nsection._\n\n_11\\. Developers, manufacturers, and owners of AI systems shall prioritize\nsafety mechanisms designed to prevent or mitigate risk of direct harm to\nindividuals or property. Regular evaluations or risk assessments may be\nrequired to identify dangerous or faulty outputs, especially if the AI engages\nin tasks with potential for significant harm._\n\n_12\\. Merely labeling an AI system as \"aligned\", \"ethically trained\", or\n\"value locked\" shall not excuse or diminish the owner's or developer's\nliability for harms. Owners shall remain responsible for demonstrating\nadequate safety features and risk controls, commensurate with the AI's level\nof potential harm._\n\n_13\\. (1) In cases where an AI system causes significant harm, courts may\npierce the corporate veil to hold parent companies, controlling entities, or\nkey stakeholders directly accountable if:_\n\n_(a) An AI-related subsidiary, shell company, or limited liability entity was\nintentionally undercapitalized to evade financial responsibility for damages;_\n\n_(b) A corporate structure was used to misrepresent, obscure, or deflect\nliability for AI-cause harm; or_\n\n_(c) A parent company or key stakeholders exercised direct control over AI\ndevelopment, deployment, or risk decisions while attempting to shield\nthemselves from liability through layered corporate entities._\n\n_(2) Liability protections granted under corporate law shall not be used as a\nmechanism to evade responsibility for direct harm caused by AI systems,\nparticularly in cases of reckless, negligent, or deceptive conduct._\n\n_14\\. Owners or developers of AI systems involved in severe incidents\nresulting in significant bodily harm, death, or major property damage shall\npromptly notify the relevant authorities and comply with any subsequent\ninvestigations._\n\n_15\\. The provisions of this section shall apply to all AI systems developed,\nowned, deployed, or operated on or after August 28, 2025._\n\nCopyright (C) 2025 State Net  \n  \n---\n\n",
      "latest_version": true
    }
  ]
}