{
  "bill_id": "MO2025000S509",
  "source_url": "http://custom.statenet.com/public/resources.cgi?id=ID:bill:MO2025000S509&cuiq=93d84396-c63b-526a-b152-38b7f79b4cfd&client_md=e4f6fea4-27b4-5d41-b7d3-766fe52569f0",
  "versions": [
    {
      "date": "12/16/2024",
      "label": "Prefiled",
      "url": "https://custom.statenet.com/public/resources.cgi?mode=show_text&id=ID:bill:MO2025000S509&verid=MO2025000S509_20241216_0_F&",
      "raw_html": "<html>\n<head>\n<title>Bill Resource</title>\n\n<!--   <link href=\"https://custom.statenet.com/network/Common/css/extregtext.css\" rel=\"stylesheet\" type=\"text/css\" />-->\n   <link href=\"https://custom.statenet.com/network/Common/css/xmltext-2.0.css\" rel=\"stylesheet\" type=\"text/css\" />\n   <link href=\"https://custom.statenet.com/network/Common/css/additional-text.css\" rel=\"stylesheet\" type=\"text/css\" />\n\n\t<style type=\"text/css\">\n<!--\n\ntd, body {\n     background-color: white;\n\tfont-family: Verdana, Arial, Helvetica, sans-serif;\n\tfont-size: 12px;\n}\n\n.resourceContainer {\n   border: 1px solid black;\n}\n-->\n</style>\n</head>\n<body>\n\n    <div style=\"width: 750px; margin: auto\">\n       <div style=\"font-size: .8em;margin-bottom: 10px\"><table width=\"100%\"><tr><td align=\"left\" style=\"font-size: .8em;\"><div>The following has special meaning:</div>\n<div><u class=\"amendmentInsertedText\">green underline denotes added text</u></div>\n<div><strike class=\"amendmentDeletedText\">red struck out text denotes deleted text</strike></div></td> <td align=\"right\"><a href=\"https://www.lexisnexis.com/statenet/\"><img alt=\"Powered by State Net\" src=\"https://custom.statenet.com/network/poweredby.gif\" /></a></td></tr></table></div><table id=\"text-identifier\"><tr><td class=\"key\">2025 MO S 509</td> <td><table><tr><td class=\"label\">Author:</td> <td>Nicola</td></tr> <tr><td class=\"label\">Version:</td> <td>Prefiled</td></tr> <tr><td class=\"label\">Version Date:</td> <td>12/16/2024</td></tr></table></td></tr></table><div class=\"documentBody\">\n  <a name=\"head_document_section\"></a><div class=\"head\">\n   <p class=\"center\">FIRST REGULAR SESSION</p>\n   <p class=\"center\">\n    <b>SENATE BILL NO. 509</b>\n   </p>\n   <p class=\"center\">103RD GENERAL ASSEMBLY</p>\n   <p class=\"center\">INTRODUCED BY SENATOR NICOLA.</p>\n  </div>\n  <a name=\"code_document_section\"></a><div class=\"code\">\n   <p class=\"center\">\n    <b>AN ACT</b>\n   </p>\n   <p class=\"indent\">To amend chapter 130, RSMo, by adding thereto one new section relating to the use of artificial intelligence in elections, with penalty provisions.</p>\n  </div>\n  <a name=\"text_document_section\"></a><div class=\"text\">\n   <span>\n    <p class=\"indent\">\n     <i>Be it enacted by the General Assembly of the State of Missouri, as follows:</i>\n    </p>\n   </span>\n   <p class=\"indent\">Section A. Chapter 130, RSMo, is amended by adding thereto one new section, to be known as section 130.165, to read as follows:</p>\n   <p class=\"indent\">\n    <u class=\"amendmentInsertedText\">130.165. 1. For purposes of this section, the following terms mean:</u>\n   </p>\n   <p class=\"indent\">\n    <u class=\"amendmentInsertedText\">(1) &quot;Generative artificial intelligence&quot; or &quot;generative AI&quot;, a machine-based system that can, for a given set of human-defined objectives, emulate the structure and characteristics of input data in order to generate derived synthetic content including images, videos, audio, text, and other multi-media digital content;</u>\n   </p>\n   <p class=\"indent\">\n    <u class=\"amendmentInsertedText\">(2) &quot;Metadata&quot;, structural or descriptive information about data such as content, format, source, rights, accuracy, provenance, periodicity, granularity, publisher or responsible party, contact information, method of collection, and other relevant descriptions of the data.</u>\n   </p>\n   <p class=\"indent\">\n    <u class=\"amendmentInsertedText\">2. (1) A political advertisement, electioneering communication, or other miscellaneous advertisement of a political nature shall, in addition to any other disclaimer required by this chapter, contain the disclaimer described in subdivision (2) of this subsection if it contains images, video, audio, graphics, or other digital content created, in whole or in part, with the use of generative artificial intelligence and:</u>\n   </p>\n   <p class=\"indent\">\n    <u class=\"amendmentInsertedText\">(a) Appears to depict a real person performing an action that did not actually occur;</u>\n   </p>\n   <p class=\"indent\">\n    <u class=\"amendmentInsertedText\">(b) Manipulates the voice or actions of a candidate to show the candidate, audibly or visually, doing or saying something that the candidate did not do or say; or</u>\n   </p>\n   <p class=\"indent\">\n    <u class=\"amendmentInsertedText\">(c) Was created with intent to injure a candidate or to deceive voters regarding an election or ballot issue.</u>\n   </p>\n   <p class=\"indent\">\n    <u class=\"amendmentInsertedText\">(2) The disclaimer required by subdivision (1) of this subsection shall be in substantially the following form: </u>\n   </p>\n   <p class=\"indent\">\n    <u class=\"amendmentInsertedText\">Created in whole or in part with the use of generative artificial intelligence (AI). This (image/audio/video/multimedia) has been edited and depicts speech or conduct that falsely appears to be authentic or truthful.</u>\n   </p>\n   <p class=\"indent\">\n    <u class=\"amendmentInsertedText\">(3) The disclaimer required by subdivision (1) of this subsection shall meet the following specifications:</u>\n   </p>\n   <p class=\"indent\">\n    <u class=\"amendmentInsertedText\">(a) For a printed communication, the disclaimer shall be stated in bold font with a font size of at least twelve points;</u>\n   </p>\n   <p class=\"indent\">\n    <u class=\"amendmentInsertedText\">(b) For a television or video communication, the disclaimer shall be clearly readable throughout the communication and occupy at least four percent of the vertical picture height;</u>\n   </p>\n   <p class=\"indent\">\n    <u class=\"amendmentInsertedText\">(c) For an internet public communication that includes text or graphic components, the disclaimer shall be viewable without the user taking any action and be large enough to be clearly readable;</u>\n   </p>\n   <p class=\"indent\">\n    <u class=\"amendmentInsertedText\">(d) For any audio component of a communication, the disclaimer shall be at least three seconds in length and spoken in a clearly audible and intelligible manner at either the beginning or the end of the audio component of the communication;</u>\n   </p>\n   <p class=\"indent\">\n    <u class=\"amendmentInsertedText\">(e) For a graphic communication, the disclaimer shall be large enough to be clearly readable but no less than four percent of the vertical height of the communication.</u>\n   </p>\n   <p class=\"indent\">\n    <u class=\"amendmentInsertedText\">3. The metadata of the communication shall include the disclosure statement, the identity of the tool used to create the communication, and the date and time the communication was created.</u>\n   </p>\n   <p class=\"indent\">\n    <u class=\"amendmentInsertedText\">4. The disclosure statement, including the disclosure statement in any metadata, shall, to the extent technically feasible, be permanent or unable to be easily removed by a subsequent user.</u>\n   </p>\n   <p class=\"indent\">\n    <u class=\"amendmentInsertedText\">5. In addition to any civil penalties provided by this chapter, a person identified pursuant to a disclaimer required by law as paying for, sponsoring, or approving a political advertisement, an electioneering communication, or other miscellaneous advertisement of a political nature that is required to contain the disclaimer prescribed in this section and who fails to include the required disclaimer is guilty of a class A misdemeanor.</u>\n   </p>\n  </div>\n </div>\n    </div>\t\n<table cellpadding=0 cellspacing=0 width=\"100%\">\n   <tr>\n      <td>\n          Copyright &copy; 2025 State Net\n      </td>\n<BR>\n<!--???MOVED INTO resources.cgi      <td align=\"right\">\n          <img src=\"https://custom.statenet.com/network/poweredby.gif\" alt=\"Powered by State Net\">\n      </td>-->\n\n    </tr>\n</table>\n</body></html>\n",
      "markdown": "The following has special meaning: _green underline denotes added text_ ~~red struck out text denotes deleted text~~ | [![Powered by State Net](https://custom.statenet.com/network/poweredby.gif)](https://www.lexisnexis.com/statenet/)  \n---|---  \n  \n2025 MO S 509 | | Author: | Nicola  \n---|---  \nVersion: | Prefiled  \nVersion Date: | 12/16/2024  \n  \nFIRST REGULAR SESSION\n\n**SENATE BILL NO. 509**\n\n103RD GENERAL ASSEMBLY\n\nINTRODUCED BY SENATOR NICOLA.\n\n**AN ACT**\n\nTo amend chapter 130, RSMo, by adding thereto one new section relating to the\nuse of artificial intelligence in elections, with penalty provisions.\n\n_Be it enacted by the General Assembly of the State of Missouri, as follows:_\n\nSection A. Chapter 130, RSMo, is amended by adding thereto one new section, to\nbe known as section 130.165, to read as follows:\n\n_130.165. 1. For purposes of this section, the following terms mean:_\n\n_(1) \"Generative artificial intelligence\" or \"generative AI\", a machine-based\nsystem that can, for a given set of human-defined objectives, emulate the\nstructure and characteristics of input data in order to generate derived\nsynthetic content including images, videos, audio, text, and other multi-media\ndigital content;_\n\n_(2) \"Metadata\", structural or descriptive information about data such as\ncontent, format, source, rights, accuracy, provenance, periodicity,\ngranularity, publisher or responsible party, contact information, method of\ncollection, and other relevant descriptions of the data._\n\n_2\\. (1) A political advertisement, electioneering communication, or other\nmiscellaneous advertisement of a political nature shall, in addition to any\nother disclaimer required by this chapter, contain the disclaimer described in\nsubdivision (2) of this subsection if it contains images, video, audio,\ngraphics, or other digital content created, in whole or in part, with the use\nof generative artificial intelligence and:_\n\n_(a) Appears to depict a real person performing an action that did not\nactually occur;_\n\n_(b) Manipulates the voice or actions of a candidate to show the candidate,\naudibly or visually, doing or saying something that the candidate did not do\nor say; or_\n\n_(c) Was created with intent to injure a candidate or to deceive voters\nregarding an election or ballot issue._\n\n_(2) The disclaimer required by subdivision (1) of this subsection shall be in\nsubstantially the following form:_\n\n_Created in whole or in part with the use of generative artificial\nintelligence (AI). This (image/audio/video/multimedia) has been edited and\ndepicts speech or conduct that falsely appears to be authentic or truthful._\n\n_(3) The disclaimer required by subdivision (1) of this subsection shall meet\nthe following specifications:_\n\n_(a) For a printed communication, the disclaimer shall be stated in bold font\nwith a font size of at least twelve points;_\n\n_(b) For a television or video communication, the disclaimer shall be clearly\nreadable throughout the communication and occupy at least four percent of the\nvertical picture height;_\n\n_(c) For an internet public communication that includes text or graphic\ncomponents, the disclaimer shall be viewable without the user taking any\naction and be large enough to be clearly readable;_\n\n_(d) For any audio component of a communication, the disclaimer shall be at\nleast three seconds in length and spoken in a clearly audible and intelligible\nmanner at either the beginning or the end of the audio component of the\ncommunication;_\n\n_(e) For a graphic communication, the disclaimer shall be large enough to be\nclearly readable but no less than four percent of the vertical height of the\ncommunication._\n\n_3\\. The metadata of the communication shall include the disclosure statement,\nthe identity of the tool used to create the communication, and the date and\ntime the communication was created._\n\n_4\\. The disclosure statement, including the disclosure statement in any\nmetadata, shall, to the extent technically feasible, be permanent or unable to\nbe easily removed by a subsequent user._\n\n_5\\. In addition to any civil penalties provided by this chapter, a person\nidentified pursuant to a disclaimer required by law as paying for, sponsoring,\nor approving a political advertisement, an electioneering communication, or\nother miscellaneous advertisement of a political nature that is required to\ncontain the disclaimer prescribed in this section and who fails to include the\nrequired disclaimer is guilty of a class A misdemeanor._\n\nCopyright (C) 2025 State Net  \n  \n---\n\n",
      "latest_version": false
    },
    {
      "date": "01/08/2025",
      "label": "Introduced",
      "url": "https://custom.statenet.com/public/resources.cgi?mode=show_text&id=ID:bill:MO2025000S509&verid=MO2025000S509_20250108_0_I&",
      "raw_html": "<html>\n<head>\n<title>Bill Resource</title>\n\n<!--   <link href=\"https://custom.statenet.com/network/Common/css/extregtext.css\" rel=\"stylesheet\" type=\"text/css\" />-->\n   <link href=\"https://custom.statenet.com/network/Common/css/xmltext-2.0.css\" rel=\"stylesheet\" type=\"text/css\" />\n   <link href=\"https://custom.statenet.com/network/Common/css/additional-text.css\" rel=\"stylesheet\" type=\"text/css\" />\n\n\t<style type=\"text/css\">\n<!--\n\ntd, body {\n     background-color: white;\n\tfont-family: Verdana, Arial, Helvetica, sans-serif;\n\tfont-size: 12px;\n}\n\n.resourceContainer {\n   border: 1px solid black;\n}\n-->\n</style>\n</head>\n<body>\n\n    <div style=\"width: 750px; margin: auto\">\n       <div style=\"font-size: .8em;margin-bottom: 10px\"><table width=\"100%\"><tr><td align=\"left\" style=\"font-size: .8em;\"><div>The following has special meaning:</div>\n<div><u class=\"amendmentInsertedText\">green underline denotes added text</u></div>\n<div><strike class=\"amendmentDeletedText\">red struck out text denotes deleted text</strike></div></td> <td align=\"right\"><a href=\"https://www.lexisnexis.com/statenet/\"><img alt=\"Powered by State Net\" src=\"https://custom.statenet.com/network/poweredby.gif\" /></a></td></tr></table></div><table id=\"text-identifier\"><tr><td class=\"key\">2025 MO S 509</td> <td><table><tr><td class=\"label\">Author:</td> <td>Nicola</td></tr> <tr><td class=\"label\">Version:</td> <td>Introduced</td></tr> <tr><td class=\"label\">Version Date:</td> <td>01/08/2025</td></tr></table></td></tr></table><div class=\"documentBody\">\n  <a name=\"head_document_section\"></a><div class=\"head\">\n   <p class=\"center\">FIRST REGULAR SESSION</p>\n   <p class=\"center\">\n    <b>SENATE BILL NO. 509</b>\n   </p>\n   <p class=\"center\">103RD GENERAL ASSEMBLY</p>\n   <p class=\"center\">INTRODUCED BY SENATOR NICOLA.</p>\n  </div>\n  <a name=\"code_document_section\"></a><div class=\"code\">\n   <p class=\"center\">\n    <b>AN ACT</b>\n   </p>\n   <p class=\"indent\">To amend chapter 130, RSMo, by adding thereto one new section relating to the use of artificial intelligence in elections, with penalty provisions.</p>\n  </div>\n  <a name=\"text_document_section\"></a><div class=\"text\">\n   <span>\n    <p class=\"indent\">\n     <i>Be it enacted by the General Assembly of the State of Missouri, as follows:</i>\n    </p>\n   </span>\n   <p class=\"indent\">Section A. Chapter 130, RSMo, is amended by adding thereto one new section, to be known as section 130.165, to read as follows:</p>\n   <p class=\"indent\">\n    <u class=\"amendmentInsertedText\">130.165. 1. For purposes of this section, the following terms mean:</u>\n   </p>\n   <p class=\"indent\">\n    <u class=\"amendmentInsertedText\">(1) &quot;Generative artificial intelligence&quot; or &quot;generative AI&quot;, a machine-based system that can, for a given set of human-defined objectives, emulate the structure and characteristics of input data in order to generate derived synthetic content including images, videos, audio, text, and other multi-media digital content;</u>\n   </p>\n   <p class=\"indent\">\n    <u class=\"amendmentInsertedText\">(2) &quot;Metadata&quot;, structural or descriptive information about data such as content, format, source, rights, accuracy, provenance, periodicity, granularity, publisher or responsible party, contact information, method of collection, and other relevant descriptions of the data.</u>\n   </p>\n   <p class=\"indent\">\n    <u class=\"amendmentInsertedText\">2. (1) A political advertisement, electioneering communication, or other miscellaneous advertisement of a political nature shall, in addition to any other disclaimer required by this chapter, contain the disclaimer described in subdivision (2) of this subsection if it contains images, video, audio, graphics, or other digital content created, in whole or in part, with the use of generative artificial intelligence and:</u>\n   </p>\n   <p class=\"indent\">\n    <u class=\"amendmentInsertedText\">(a) Appears to depict a real person performing an action that did not actually occur;</u>\n   </p>\n   <p class=\"indent\">\n    <u class=\"amendmentInsertedText\">(b) Manipulates the voice or actions of a candidate to show the candidate, audibly or visually, doing or saying something that the candidate did not do or say; or</u>\n   </p>\n   <p class=\"indent\">\n    <u class=\"amendmentInsertedText\">(c) Was created with intent to injure a candidate or to deceive voters regarding an election or ballot issue.</u>\n   </p>\n   <p class=\"indent\">\n    <u class=\"amendmentInsertedText\">(2) The disclaimer required by subdivision (1) of this subsection shall be in substantially the following form: </u>\n   </p>\n   <p class=\"indent\">\n    <u class=\"amendmentInsertedText\">Created in whole or in part with the use of generative artificial intelligence (AI). This (image/audio/video/multimedia) has been edited and depicts speech or conduct that falsely appears to be authentic or truthful.</u>\n   </p>\n   <p class=\"indent\">\n    <u class=\"amendmentInsertedText\">(3) The disclaimer required by subdivision (1) of this subsection shall meet the following specifications:</u>\n   </p>\n   <p class=\"indent\">\n    <u class=\"amendmentInsertedText\">(a) For a printed communication, the disclaimer shall be stated in bold font with a font size of at least twelve points;</u>\n   </p>\n   <p class=\"indent\">\n    <u class=\"amendmentInsertedText\">(b) For a television or video communication, the disclaimer shall be clearly readable throughout the communication and occupy at least four percent of the vertical picture height;</u>\n   </p>\n   <p class=\"indent\">\n    <u class=\"amendmentInsertedText\">(c) For an internet public communication that includes text or graphic components, the disclaimer shall be viewable without the user taking any action and be large enough to be clearly readable;</u>\n   </p>\n   <p class=\"indent\">\n    <u class=\"amendmentInsertedText\">(d) For any audio component of a communication, the disclaimer shall be at least three seconds in length and spoken in a clearly audible and intelligible manner at either the beginning or the end of the audio component of the communication;</u>\n   </p>\n   <p class=\"indent\">\n    <u class=\"amendmentInsertedText\">(e) For a graphic communication, the disclaimer shall be large enough to be clearly readable but no less than four percent of the vertical height of the communication.</u>\n   </p>\n   <p class=\"indent\">\n    <u class=\"amendmentInsertedText\">3. The metadata of the communication shall include the disclosure statement, the identity of the tool used to create the communication, and the date and time the communication was created.</u>\n   </p>\n   <p class=\"indent\">\n    <u class=\"amendmentInsertedText\">4. The disclosure statement, including the disclosure statement in any metadata, shall, to the extent technically feasible, be permanent or unable to be easily removed by a subsequent user.</u>\n   </p>\n   <p class=\"indent\">\n    <u class=\"amendmentInsertedText\">5. In addition to any civil penalties provided by this chapter, a person identified pursuant to a disclaimer required by law as paying for, sponsoring, or approving a political advertisement, an electioneering communication, or other miscellaneous advertisement of a political nature that is required to contain the disclaimer prescribed in this section and who fails to include the required disclaimer is guilty of a class A misdemeanor.</u>\n   </p>\n  </div>\n </div>\n    </div>\t\n<table cellpadding=0 cellspacing=0 width=\"100%\">\n   <tr>\n      <td>\n          Copyright &copy; 2025 State Net\n      </td>\n<BR>\n<!--???MOVED INTO resources.cgi      <td align=\"right\">\n          <img src=\"https://custom.statenet.com/network/poweredby.gif\" alt=\"Powered by State Net\">\n      </td>-->\n\n    </tr>\n</table>\n</body></html>\n",
      "markdown": "The following has special meaning: _green underline denotes added text_ ~~red struck out text denotes deleted text~~ | [![Powered by State Net](https://custom.statenet.com/network/poweredby.gif)](https://www.lexisnexis.com/statenet/)  \n---|---  \n  \n2025 MO S 509 | | Author: | Nicola  \n---|---  \nVersion: | Introduced  \nVersion Date: | 01/08/2025  \n  \nFIRST REGULAR SESSION\n\n**SENATE BILL NO. 509**\n\n103RD GENERAL ASSEMBLY\n\nINTRODUCED BY SENATOR NICOLA.\n\n**AN ACT**\n\nTo amend chapter 130, RSMo, by adding thereto one new section relating to the\nuse of artificial intelligence in elections, with penalty provisions.\n\n_Be it enacted by the General Assembly of the State of Missouri, as follows:_\n\nSection A. Chapter 130, RSMo, is amended by adding thereto one new section, to\nbe known as section 130.165, to read as follows:\n\n_130.165. 1. For purposes of this section, the following terms mean:_\n\n_(1) \"Generative artificial intelligence\" or \"generative AI\", a machine-based\nsystem that can, for a given set of human-defined objectives, emulate the\nstructure and characteristics of input data in order to generate derived\nsynthetic content including images, videos, audio, text, and other multi-media\ndigital content;_\n\n_(2) \"Metadata\", structural or descriptive information about data such as\ncontent, format, source, rights, accuracy, provenance, periodicity,\ngranularity, publisher or responsible party, contact information, method of\ncollection, and other relevant descriptions of the data._\n\n_2\\. (1) A political advertisement, electioneering communication, or other\nmiscellaneous advertisement of a political nature shall, in addition to any\nother disclaimer required by this chapter, contain the disclaimer described in\nsubdivision (2) of this subsection if it contains images, video, audio,\ngraphics, or other digital content created, in whole or in part, with the use\nof generative artificial intelligence and:_\n\n_(a) Appears to depict a real person performing an action that did not\nactually occur;_\n\n_(b) Manipulates the voice or actions of a candidate to show the candidate,\naudibly or visually, doing or saying something that the candidate did not do\nor say; or_\n\n_(c) Was created with intent to injure a candidate or to deceive voters\nregarding an election or ballot issue._\n\n_(2) The disclaimer required by subdivision (1) of this subsection shall be in\nsubstantially the following form:_\n\n_Created in whole or in part with the use of generative artificial\nintelligence (AI). This (image/audio/video/multimedia) has been edited and\ndepicts speech or conduct that falsely appears to be authentic or truthful._\n\n_(3) The disclaimer required by subdivision (1) of this subsection shall meet\nthe following specifications:_\n\n_(a) For a printed communication, the disclaimer shall be stated in bold font\nwith a font size of at least twelve points;_\n\n_(b) For a television or video communication, the disclaimer shall be clearly\nreadable throughout the communication and occupy at least four percent of the\nvertical picture height;_\n\n_(c) For an internet public communication that includes text or graphic\ncomponents, the disclaimer shall be viewable without the user taking any\naction and be large enough to be clearly readable;_\n\n_(d) For any audio component of a communication, the disclaimer shall be at\nleast three seconds in length and spoken in a clearly audible and intelligible\nmanner at either the beginning or the end of the audio component of the\ncommunication;_\n\n_(e) For a graphic communication, the disclaimer shall be large enough to be\nclearly readable but no less than four percent of the vertical height of the\ncommunication._\n\n_3\\. The metadata of the communication shall include the disclosure statement,\nthe identity of the tool used to create the communication, and the date and\ntime the communication was created._\n\n_4\\. The disclosure statement, including the disclosure statement in any\nmetadata, shall, to the extent technically feasible, be permanent or unable to\nbe easily removed by a subsequent user._\n\n_5\\. In addition to any civil penalties provided by this chapter, a person\nidentified pursuant to a disclaimer required by law as paying for, sponsoring,\nor approving a political advertisement, an electioneering communication, or\nother miscellaneous advertisement of a political nature that is required to\ncontain the disclaimer prescribed in this section and who fails to include the\nrequired disclaimer is guilty of a class A misdemeanor._\n\nCopyright (C) 2025 State Net  \n  \n---\n\n",
      "latest_version": true
    }
  ]
}