{
  "bill_id": "MS2025000S2059",
  "source_url": "http://custom.statenet.com/public/resources.cgi?id=ID:bill:MS2025000S2059&cuiq=93d84396-c63b-526a-b152-38b7f79b4cfd&client_md=e4f6fea4-27b4-5d41-b7d3-766fe52569f0",
  "versions": [
    {
      "date": "01/17/2025",
      "label": "Introduced",
      "url": "https://custom.statenet.com/public/resources.cgi?mode=show_text&id=ID:bill:MS2025000S2059&verid=MS2025000S2059_20250117_0_I&",
      "raw_html": "<html>\n<head>\n<title>Bill Resource</title>\n\n<!--   <link href=\"https://custom.statenet.com/network/Common/css/extregtext.css\" rel=\"stylesheet\" type=\"text/css\" />-->\n   <link href=\"https://custom.statenet.com/network/Common/css/xmltext-2.0.css\" rel=\"stylesheet\" type=\"text/css\" />\n   <link href=\"https://custom.statenet.com/network/Common/css/additional-text.css\" rel=\"stylesheet\" type=\"text/css\" />\n\n\t<style type=\"text/css\">\n<!--\n\ntd, body {\n     background-color: white;\n\tfont-family: Verdana, Arial, Helvetica, sans-serif;\n\tfont-size: 12px;\n}\n\n.resourceContainer {\n   border: 1px solid black;\n}\n-->\n</style>\n</head>\n<body>\n\n    <div style=\"width: 750px; margin: auto\">\n       <div style=\"font-size: .8em;margin-bottom: 10px\"><table width=\"100%\"><tr><td align=\"left\" style=\"font-size: .8em;\"><div>The following has special meaning:</div>\n<div><u class=\"amendmentInsertedText\">green underline denotes added text</u></div>\n<div><strike class=\"amendmentDeletedText\">red struck out text denotes deleted text</strike></div></td> <td align=\"right\"><a href=\"https://www.lexisnexis.com/statenet/\"><img alt=\"Powered by State Net\" src=\"https://custom.statenet.com/network/poweredby.gif\" /></a></td></tr></table></div><table id=\"text-identifier\"><tr><td class=\"key\">2025 MS S 2059</td> <td><table><tr><td class=\"label\">Author:</td> <td>Johnson</td></tr> <tr><td class=\"label\">Version:</td> <td>Introduced</td></tr> <tr><td class=\"label\">Version Date:</td> <td>01/17/2025</td></tr></table></td></tr></table><div class=\"documentBody\">\n  <a name=\"head_document_section\"></a><div class=\"head\">\n   <p class=\"left\">MISSISSIPPI LEGISLATURE </p>\n   <p class=\"left\">2025 Regular Session </p>\n   <p class=\"left\">To: Technology; Education </p>\n   <p class=\"left\">By: Senator(s) Johnson </p>\n   <p class=\"center\">Senate Bill 2059 </p>\n  </div>\n  <a name=\"code_document_section\"></a><div class=\"code\">\n   <p class=\"indent\">AN ACT TO ENACT THE ARTIFICIAL INTELLIGENCE IN EDUCATION TASK FORCE ACT FOR THE PURPOSE OF EVALUATING POTENTIAL APPLICATIONS OF ARTIFICIAL INTELLIGENCE IN K-12 AND TO DEVELOP POLICY RECOMMENDATIONS FOR RESPONSIBLE AND EFFECTIVE USES BY STUDENTS AND EDUCATORS; TO ESTABLISH THE TASK FORCE MEMBERSHIP REQUIREMENTS AND APPOINTMENT CRITERIA; TO PROVIDE THE DUTIES AND RESPONSIBILITIES OF THE TASK FORCE, INCLUDING THAT THE TASK FORCE PROVIDE RECOMMENDATIONS FOR INCORPORATING AI INTO EDUCATIONAL STANDARDS; TO REQUIRE THE TASK FORCE TO MAKE RECOMMENDATIONS ON STRATEGIES THAT CREATE OPPORTUNITIES FOR FOSTERING COLLABORATION THROUGHOUT THE EDUCATIONAL LANDSCAPE; TO REQUIRE THE TASK FORCE TO SUBMIT REPORTS TO THE GOVERNOR, LIEUTENANT GOVERNOR AND SPEAKER OF THE HOUSE; TO PROVIDE THE DATE THAT THE TASK FORCE SHALL DISSOLVE; AND FOR RELATED PURPOSES. </p>\n  </div>\n  <a name=\"text_document_section\"></a><div class=\"text\">\n   <span>\n    <p class=\"indent\">BE IT ENACTED BY THE LEGISLATURE OF THE STATE OF MISSISSIPPI: </p>\n   </span>\n   <p class=\"indent\">\n    <b>\n     <u>SECTION 1.</u>\n    </b> This act shall be known and may be cited as the &quot;Artificial Intelligence in Education Task Force Act.&quot; </p>\n   <p class=\"indent\">\n    <b>\n     <u>SECTION 2.</u>\n    </b> The purpose of this act is to establish an Artificial Intelligence (&quot;AI&quot;) in Education Task Force within the state to evaluate the potential applications of artificial intelligence in K-12 and to develop policy recommendations for responsible and effective uses by students and educators. The task force may also identify workforce needs related to AI and provide policy recommendations to ensure the state develops education and workforce training programs that align with changing industry needs. </p>\n   <p class=\"indent\">\n    <b>\n     <u>SECTION 3.</u>\n    </b> (1) The State Superintendent of Education shall serve as the Chair of the Task Force. The Department of Education shall provide administrative support for the task force, including, but not limited to, developing agendas, coordinating meetings and drafting reports for task force feedback. </p>\n   <p class=\"indent\">(2) The task force shall include members who possess knowledge or expertise in the following fields: education, technology, AI, ethics, data privacy, industry demands, state and local policy, and state procurement. </p>\n   <p class=\"indent\">(3) The task force shall consist of twelve (12) members, as follows: </p>\n   <p class=\"indent\">(a) The Governor shall appoint four (4) members to the committee, as follows: </p>\n   <p class=\"indent\">(i) A representative from the State Board of Education; </p>\n   <p class=\"indent\">(ii) A representative from an institution of higher learning; </p>\n   <p class=\"indent\">(iii) A representative of the Mississippi Office of Workforce Development; and </p>\n   <p class=\"indent\">(iv) A representative from the Public Procurement Review Board with expertise on technology procurement and data privacy standards; </p>\n   <p class=\"indent\">(b) The Lieutenant Governor shall appoint four (4) members to the committee, as follows: </p>\n   <p class=\"indent\">(i) A representative from the State Attorney General&#39;s Office; </p>\n   <p class=\"indent\">(ii) A school board member from a school district with innovative technology practices; </p>\n   <p class=\"indent\">(iii) A school district superintendent from a school district with innovative technology practices; </p>\n   <p class=\"indent\">(iv) A school district educational technology director; and </p>\n   <p class=\"indent\">(v) The members appointed under subparagraphs (ii), (iii) and (iv) of this paragraph shall come from separate school districts. </p>\n   <p class=\"indent\">(c) The Speaker of the House shall appoint four (4) members to the committee, as follows: </p>\n   <p class=\"indent\">(i) A vice president of research from a public research university in Mississippi; </p>\n   <p class=\"indent\">(ii) An educator from a school district with innovative technology practices; </p>\n   <p class=\"indent\">(iii) A business leader in the technology industry sector in the state that is directly affected by developments in AI; and </p>\n   <p class=\"indent\">(iv) A representative from the Department of Information Technology Services. </p>\n   <p class=\"indent\">(4) All appointments to the task force shall be made by September 1, 2025. </p>\n   <p class=\"indent\">\n    <b>\n     <u>SECTION 4.</u>\n    </b>(1) The task force shall meet no fewer than four (4) times beginning in September 2025, and continue to convene until December 15, 2025. All meetings shall be open to the public. </p>\n   <p class=\"indent\">(2) The task force shall conduct the following activities: (a) Evaluate the current state of AI technology and its potential applications in K-12; </p>\n   <p class=\"indent\">(b) Assess the ethical, legal and data privacy implications of AI usage in education; </p>\n   <p class=\"indent\">(c) Develop policy recommendations for the responsible and effective use of AI in education for local boards of education, and the state as a whole. The policy recommendations shall include, but are not limited to, the following topics: </p>\n   <p class=\"indent\">(i) Academic integrity and plagiarism; </p>\n   <p class=\"indent\">(ii) Acceptable uses of AI for students and educators; </p>\n   <p class=\"indent\">(iii) Student and teacher data privacy; and </p>\n   <p class=\"indent\">(iv) Parent/guardian access to information that students enter into AI systems; </p>\n   <p class=\"indent\">(d) Provide recommendations for incorporating AI into K-12 educational standards and higher education curricula, including general education courses as well as career and technical courses that align with evolving industry demands; </p>\n   <p class=\"indent\">(e) Develop guidelines for training K-12 educators to effectively use AI tools, especially to support personalized learning; </p>\n   <p class=\"indent\">(f) Propose criteria by which the state could monitor and evaluate the effects of AI on student learning outcomes; </p>\n   <p class=\"indent\">(g) Identify strategies to protect student and teacher data privacy when using AI systems; </p>\n   <p class=\"indent\">(h) Recommend a set of common requirements for state and district/institution procurement of AI-powered software, such as, but not limited to: </p>\n   <p class=\"indent\">(i) Requirements for content filters that protect students from accessing content that is inappropriate for their age; </p>\n   <p class=\"indent\">(ii) Requirements to allow parents/guardians to review the content their minor students enter into the AI software; </p>\n   <p class=\"indent\">(iii) Vendor-provided training and support for district/institution technology staff; and </p>\n   <p class=\"indent\">(iv) Prohibitions on the unauthorized sale of student or teacher data; </p>\n   <p class=\"indent\">(i) Identify opportunities for fostering collaboration between K-12 education, technical and community colleges, institutions of higher learning, workforce development programs and industry sectors affected by AI such that students are prepared for future careers that involve AI technologies; and </p>\n   <p class=\"indent\">(j) Promote strategies to bridge the digital divide and ensure equitable access to AI-powered educational resources. </p>\n   <p class=\"indent\">(3) The task force may invite outside experts, conduct surveys, hold public hearings or engage in other methods of gathering data on current use, opportunities and challenges related to AI and is encouraged to seek out the feedback of students, parents, teachers and other community members. </p>\n   <p class=\"indent\">\n    <b>\n     <u>SECTION 5.</u>\n    </b> (1) The task force shall submit interim reports to the House and Senate Education Chairs and the Governor regarding progress and preliminary findings by November 15, 2025. </p>\n   <p class=\"indent\">(2) The task force shall submit its final report detailing its findings, conclusions and policy recommendations to the Governor, Lieutenant Governor and Speaker of the House by December 15, 2025. </p>\n   <p class=\"indent\">(3) The Department of Education shall post the final report on its website for public access. </p>\n   <p class=\"indent\">\n    <b>\n     <u>SECTION 6.</u>\n    </b> The task force shall be dissolved on January 1, 2026. </p>\n   <p class=\"indent\">\n    <b>SECTION 7.</b> This act shall take effect and be in force from and after July 1, 2025. </p>\n  </div>\n </div>\n    </div>\t\n<table cellpadding=0 cellspacing=0 width=\"100%\">\n   <tr>\n      <td>\n          Copyright &copy; 2025 State Net\n      </td>\n<BR>\n<!--???MOVED INTO resources.cgi      <td align=\"right\">\n          <img src=\"https://custom.statenet.com/network/poweredby.gif\" alt=\"Powered by State Net\">\n      </td>-->\n\n    </tr>\n</table>\n</body></html>\n",
      "markdown": "The following has special meaning: _green underline denotes added text_ ~~red struck out text denotes deleted text~~ | [![Powered by State Net](https://custom.statenet.com/network/poweredby.gif)](https://www.lexisnexis.com/statenet/)  \n---|---  \n  \n2025 MS S 2059 | | Author: | Johnson  \n---|---  \nVersion: | Introduced  \nVersion Date: | 01/17/2025  \n  \nMISSISSIPPI LEGISLATURE\n\n2025 Regular Session\n\nTo: Technology; Education\n\nBy: Senator(s) Johnson\n\nSenate Bill 2059\n\nAN ACT TO ENACT THE ARTIFICIAL INTELLIGENCE IN EDUCATION TASK FORCE ACT FOR\nTHE PURPOSE OF EVALUATING POTENTIAL APPLICATIONS OF ARTIFICIAL INTELLIGENCE IN\nK-12 AND TO DEVELOP POLICY RECOMMENDATIONS FOR RESPONSIBLE AND EFFECTIVE USES\nBY STUDENTS AND EDUCATORS; TO ESTABLISH THE TASK FORCE MEMBERSHIP REQUIREMENTS\nAND APPOINTMENT CRITERIA; TO PROVIDE THE DUTIES AND RESPONSIBILITIES OF THE\nTASK FORCE, INCLUDING THAT THE TASK FORCE PROVIDE RECOMMENDATIONS FOR\nINCORPORATING AI INTO EDUCATIONAL STANDARDS; TO REQUIRE THE TASK FORCE TO MAKE\nRECOMMENDATIONS ON STRATEGIES THAT CREATE OPPORTUNITIES FOR FOSTERING\nCOLLABORATION THROUGHOUT THE EDUCATIONAL LANDSCAPE; TO REQUIRE THE TASK FORCE\nTO SUBMIT REPORTS TO THE GOVERNOR, LIEUTENANT GOVERNOR AND SPEAKER OF THE\nHOUSE; TO PROVIDE THE DATE THAT THE TASK FORCE SHALL DISSOLVE; AND FOR RELATED\nPURPOSES.\n\nBE IT ENACTED BY THE LEGISLATURE OF THE STATE OF MISSISSIPPI:\n\n**_SECTION 1._ ** This act shall be known and may be cited as the \"Artificial\nIntelligence in Education Task Force Act.\"\n\n**_SECTION 2._ ** The purpose of this act is to establish an Artificial\nIntelligence (\"AI\") in Education Task Force within the state to evaluate the\npotential applications of artificial intelligence in K-12 and to develop\npolicy recommendations for responsible and effective uses by students and\neducators. The task force may also identify workforce needs related to AI and\nprovide policy recommendations to ensure the state develops education and\nworkforce training programs that align with changing industry needs.\n\n**_SECTION 3._ ** (1) The State Superintendent of Education shall serve as the\nChair of the Task Force. The Department of Education shall provide\nadministrative support for the task force, including, but not limited to,\ndeveloping agendas, coordinating meetings and drafting reports for task force\nfeedback.\n\n(2) The task force shall include members who possess knowledge or expertise in\nthe following fields: education, technology, AI, ethics, data privacy,\nindustry demands, state and local policy, and state procurement.\n\n(3) The task force shall consist of twelve (12) members, as follows:\n\n(a) The Governor shall appoint four (4) members to the committee, as follows:\n\n(i) A representative from the State Board of Education;\n\n(ii) A representative from an institution of higher learning;\n\n(iii) A representative of the Mississippi Office of Workforce Development; and\n\n(iv) A representative from the Public Procurement Review Board with expertise\non technology procurement and data privacy standards;\n\n(b) The Lieutenant Governor shall appoint four (4) members to the committee,\nas follows:\n\n(i) A representative from the State Attorney General's Office;\n\n(ii) A school board member from a school district with innovative technology\npractices;\n\n(iii) A school district superintendent from a school district with innovative\ntechnology practices;\n\n(iv) A school district educational technology director; and\n\n(v) The members appointed under subparagraphs (ii), (iii) and (iv) of this\nparagraph shall come from separate school districts.\n\n(c) The Speaker of the House shall appoint four (4) members to the committee,\nas follows:\n\n(i) A vice president of research from a public research university in\nMississippi;\n\n(ii) An educator from a school district with innovative technology practices;\n\n(iii) A business leader in the technology industry sector in the state that is\ndirectly affected by developments in AI; and\n\n(iv) A representative from the Department of Information Technology Services.\n\n(4) All appointments to the task force shall be made by September 1, 2025.\n\n**_SECTION 4._ **(1) The task force shall meet no fewer than four (4) times\nbeginning in September 2025, and continue to convene until December 15, 2025.\nAll meetings shall be open to the public.\n\n(2) The task force shall conduct the following activities: (a) Evaluate the\ncurrent state of AI technology and its potential applications in K-12;\n\n(b) Assess the ethical, legal and data privacy implications of AI usage in\neducation;\n\n(c) Develop policy recommendations for the responsible and effective use of AI\nin education for local boards of education, and the state as a whole. The\npolicy recommendations shall include, but are not limited to, the following\ntopics:\n\n(i) Academic integrity and plagiarism;\n\n(ii) Acceptable uses of AI for students and educators;\n\n(iii) Student and teacher data privacy; and\n\n(iv) Parent/guardian access to information that students enter into AI\nsystems;\n\n(d) Provide recommendations for incorporating AI into K-12 educational\nstandards and higher education curricula, including general education courses\nas well as career and technical courses that align with evolving industry\ndemands;\n\n(e) Develop guidelines for training K-12 educators to effectively use AI\ntools, especially to support personalized learning;\n\n(f) Propose criteria by which the state could monitor and evaluate the effects\nof AI on student learning outcomes;\n\n(g) Identify strategies to protect student and teacher data privacy when using\nAI systems;\n\n(h) Recommend a set of common requirements for state and district/institution\nprocurement of AI-powered software, such as, but not limited to:\n\n(i) Requirements for content filters that protect students from accessing\ncontent that is inappropriate for their age;\n\n(ii) Requirements to allow parents/guardians to review the content their minor\nstudents enter into the AI software;\n\n(iii) Vendor-provided training and support for district/institution technology\nstaff; and\n\n(iv) Prohibitions on the unauthorized sale of student or teacher data;\n\n(i) Identify opportunities for fostering collaboration between K-12 education,\ntechnical and community colleges, institutions of higher learning, workforce\ndevelopment programs and industry sectors affected by AI such that students\nare prepared for future careers that involve AI technologies; and\n\n(j) Promote strategies to bridge the digital divide and ensure equitable\naccess to AI-powered educational resources.\n\n(3) The task force may invite outside experts, conduct surveys, hold public\nhearings or engage in other methods of gathering data on current use,\nopportunities and challenges related to AI and is encouraged to seek out the\nfeedback of students, parents, teachers and other community members.\n\n**_SECTION 5._ ** (1) The task force shall submit interim reports to the House\nand Senate Education Chairs and the Governor regarding progress and\npreliminary findings by November 15, 2025.\n\n(2) The task force shall submit its final report detailing its findings,\nconclusions and policy recommendations to the Governor, Lieutenant Governor\nand Speaker of the House by December 15, 2025.\n\n(3) The Department of Education shall post the final report on its website for\npublic access.\n\n**_SECTION 6._ ** The task force shall be dissolved on January 1, 2026.\n\n**SECTION 7.** This act shall take effect and be in force from and after July\n1, 2025.\n\nCopyright (C) 2025 State Net  \n  \n---\n\n",
      "latest_version": false
    },
    {
      "date": "02/11/2025",
      "label": "Engrossed",
      "url": "https://custom.statenet.com/public/resources.cgi?mode=show_text&id=ID:bill:MS2025000S2059&verid=MS2025000S2059_20250211_0_N&",
      "raw_html": "<html>\n<head>\n<title>Bill Resource</title>\n\n<!--   <link href=\"https://custom.statenet.com/network/Common/css/extregtext.css\" rel=\"stylesheet\" type=\"text/css\" />-->\n   <link href=\"https://custom.statenet.com/network/Common/css/xmltext-2.0.css\" rel=\"stylesheet\" type=\"text/css\" />\n   <link href=\"https://custom.statenet.com/network/Common/css/additional-text.css\" rel=\"stylesheet\" type=\"text/css\" />\n\n\t<style type=\"text/css\">\n<!--\n\ntd, body {\n     background-color: white;\n\tfont-family: Verdana, Arial, Helvetica, sans-serif;\n\tfont-size: 12px;\n}\n\n.resourceContainer {\n   border: 1px solid black;\n}\n-->\n</style>\n</head>\n<body>\n\n    <div style=\"width: 750px; margin: auto\">\n       <div style=\"font-size: .8em;margin-bottom: 10px\"><table width=\"100%\"><tr><td align=\"left\" style=\"font-size: .8em;\"><div>The following has special meaning:</div>\n<div><u class=\"amendmentInsertedText\">green underline denotes added text</u></div>\n<div><strike class=\"amendmentDeletedText\">red struck out text denotes deleted text</strike></div></td> <td align=\"right\"><a href=\"https://www.lexisnexis.com/statenet/\"><img alt=\"Powered by State Net\" src=\"https://custom.statenet.com/network/poweredby.gif\" /></a></td></tr></table></div><table id=\"text-identifier\"><tr><td class=\"key\">2025 MS S 2059</td> <td><table><tr><td class=\"label\">Author:</td> <td>Johnson</td></tr> <tr><td class=\"label\">Version:</td> <td>Engrossed</td></tr> <tr><td class=\"label\">Version Date:</td> <td>02/11/2025</td></tr></table></td></tr></table><div class=\"documentBody\">\n  <a name=\"head_document_section\"></a><div class=\"head\">\n   <p class=\"left\">MISSISSIPPI LEGISLATURE </p>\n   <p class=\"left\">2025 Regular Session </p>\n   <p class=\"left\">To: Technology; Education </p>\n   <p class=\"left\">By: Senator(s) Johnson </p>\n   <p class=\"center\">Senate Bill 2059 </p>\n   <p class=\"center\">(As Passed the Senate) </p>\n  </div>\n  <a name=\"code_document_section\"></a><div class=\"code\">\n   <p class=\"indent\">AN ACT TO ENACT THE ARTIFICIAL INTELLIGENCE IN EDUCATION TASK FORCE ACT FOR THE PURPOSE OF EVALUATING POTENTIAL APPLICATIONS OF ARTIFICIAL INTELLIGENCE IN K-12 AND TO DEVELOP POLICY RECOMMENDATIONS FOR RESPONSIBLE AND EFFECTIVE USES BY STUDENTS AND EDUCATORS; TO ESTABLISH THE TASK FORCE MEMBERSHIP REQUIREMENTS AND APPOINTMENT CRITERIA; TO PROVIDE THE DUTIES AND RESPONSIBILITIES OF THE TASK FORCE, INCLUDING THAT THE TASK FORCE PROVIDE RECOMMENDATIONS FOR INCORPORATING AI INTO EDUCATIONAL STANDARDS; TO REQUIRE THE TASK FORCE TO MAKE RECOMMENDATIONS ON STRATEGIES THAT CREATE OPPORTUNITIES FOR FOSTERING COLLABORATION THROUGHOUT THE EDUCATIONAL LANDSCAPE; TO REQUIRE THE TASK FORCE TO SUBMIT REPORTS TO THE GOVERNOR, LIEUTENANT GOVERNOR AND SPEAKER OF THE HOUSE; TO PROVIDE THE DATE THAT THE TASK FORCE SHALL DISSOLVE; AND FOR RELATED PURPOSES. </p>\n  </div>\n  <a name=\"text_document_section\"></a><div class=\"text\">\n   <span>\n    <p class=\"indent\">BE IT ENACTED BY THE LEGISLATURE OF THE STATE OF MISSISSIPPI: </p>\n   </span>\n   <p class=\"indent\">\n    <b>\n     <u>SECTION 1.</u>\n    </b> This act shall be known and may be cited as the &quot;Artificial Intelligence in Education Task Force Act.&quot; </p>\n   <p class=\"indent\">\n    <b>\n     <u>SECTION 2.</u>\n    </b> The purpose of this act is to establish an Artificial Intelligence (&quot;AI&quot;) in Education Task Force within the state to evaluate the potential applications of artificial intelligence in K-12 and to develop policy recommendations for responsible and effective uses by students and educators. The task force may also identify workforce needs related to AI and provide policy recommendations to ensure the state develops education and workforce training programs that align with changing industry needs. </p>\n   <p class=\"indent\">\n    <b>\n     <u>SECTION 3.</u>\n    </b> (1) The State Superintendent of Education shall serve as the Chair of the Task Force. The Department of Education shall provide administrative support for the task force, including, but not limited to, developing agendas, coordinating meetings and drafting reports for task force feedback. </p>\n   <p class=\"indent\">(2) The task force shall include members who possess knowledge or expertise in the following fields: education, technology, AI, ethics, data privacy, industry demands, state and local policy, and state procurement. </p>\n   <p class=\"indent\">(3) The task force shall consist of twelve (12) members, as follows: </p>\n   <p class=\"indent\">(a) The Governor shall appoint four (4) members to the committee, as follows: </p>\n   <p class=\"indent\">(i) A representative from the State Board of Education; </p>\n   <p class=\"indent\">(ii) A representative from an institution of higher learning; </p>\n   <p class=\"indent\">(iii) A representative of the Mississippi Office of Workforce Development; and </p>\n   <p class=\"indent\">(iv) A representative from the Public Procurement Review Board with expertise on technology procurement and data privacy standards; </p>\n   <p class=\"indent\">(b) The Lieutenant Governor shall appoint four (4) members to the committee, as follows: </p>\n   <p class=\"indent\">(i) A representative from the State Attorney General&#39;s Office; </p>\n   <p class=\"indent\">(ii) A school board member from a school district with innovative technology practices; </p>\n   <p class=\"indent\">(iii) A school district superintendent from a school district with innovative technology practices; </p>\n   <p class=\"indent\">(iv) A school district educational technology director; and </p>\n   <p class=\"indent\">(v) The members appointed under subparagraphs (ii), (iii) and (iv) of this paragraph shall come from separate school districts. </p>\n   <p class=\"indent\">(c) The Speaker of the House shall appoint four (4) members to the committee, as follows: </p>\n   <p class=\"indent\">(i) A vice president of research from a public research university in Mississippi; </p>\n   <p class=\"indent\">(ii) An educator from a school district with innovative technology practices; </p>\n   <p class=\"indent\">(iii) A business leader in the technology industry sector in the state that is directly affected by developments in AI; and </p>\n   <p class=\"indent\">(iv) A representative from the Department of Information Technology Services. </p>\n   <p class=\"indent\">(4) All appointments to the task force shall be made by September 1, 2025. </p>\n   <p class=\"indent\">\n    <b>\n     <u>SECTION 4.</u>\n    </b>(1) The task force shall meet no fewer than four (4) times beginning in September 2025, and continue to convene until December 15, 2025. All meetings shall be open to the public. </p>\n   <p class=\"indent\">(2) The task force shall conduct the following activities: (a) Evaluate the current state of AI technology and its potential applications in K-12; </p>\n   <p class=\"indent\">(b) Assess the ethical, legal and data privacy implications of AI usage in education; </p>\n   <p class=\"indent\">(c) Develop policy recommendations for the responsible and effective use of AI in education for local boards of education, and the state as a whole. The policy recommendations shall include, but are not limited to, the following topics: </p>\n   <p class=\"indent\">(i) Academic integrity and plagiarism; </p>\n   <p class=\"indent\">(ii) Acceptable uses of AI for students and educators; </p>\n   <p class=\"indent\">(iii) Student and teacher data privacy; and </p>\n   <p class=\"indent\">(iv) Parent/guardian access to information that students enter into AI systems; </p>\n   <p class=\"indent\">(d) Provide recommendations for incorporating AI into K-12 educational standards and higher education curricula, including general education courses as well as career and technical courses that align with evolving industry demands; </p>\n   <p class=\"indent\">(e) Develop guidelines for training K-12 educators to effectively use AI tools, especially to support personalized learning; </p>\n   <p class=\"indent\">(f) Propose criteria by which the state could monitor and evaluate the effects of AI on student learning outcomes; </p>\n   <p class=\"indent\">(g) Identify strategies to protect student and teacher data privacy when using AI systems; </p>\n   <p class=\"indent\">(h) Recommend a set of common requirements for state and district/institution procurement of AI-powered software, such as, but not limited to: </p>\n   <p class=\"indent\">(i) Requirements for content filters that protect students from accessing content that is inappropriate for their age; </p>\n   <p class=\"indent\">(ii) Requirements to allow parents/guardians to review the content their minor students enter into the AI software; </p>\n   <p class=\"indent\">(iii) Vendor-provided training and support for district/institution technology staff; and </p>\n   <p class=\"indent\">(iv) Prohibitions on the unauthorized sale of student or teacher data; </p>\n   <p class=\"indent\">(i) Identify opportunities for fostering collaboration between K-12 education, technical and community colleges, institutions of higher learning, workforce development programs and industry sectors affected by AI such that students are prepared for future careers that involve AI technologies; and </p>\n   <p class=\"indent\">(j) Promote strategies to bridge the digital divide and ensure equitable access to AI-powered educational resources. </p>\n   <p class=\"indent\">(3) The task force may invite outside experts, conduct surveys, hold public hearings or engage in other methods of gathering data on current use, opportunities and challenges related to AI and is encouraged to seek out the feedback of students, parents, teachers and other community members. </p>\n   <p class=\"indent\">\n    <b>\n     <u>SECTION 5.</u>\n    </b> (1) The task force shall submit interim reports to the House and Senate Education Chairs and the Governor regarding progress and preliminary findings by November 15, 2025. </p>\n   <p class=\"indent\">(2) The task force shall submit its final report detailing its findings, conclusions and policy recommendations to the Governor, Lieutenant Governor and Speaker of the House by December 15, 2025. </p>\n   <p class=\"indent\">(3) The Department of Education shall post the final report on its website for public access. </p>\n   <p class=\"indent\">\n    <b>\n     <u>SECTION 6.</u>\n    </b> The task force shall be dissolved on January 1, 2026. </p>\n   <p class=\"indent\">\n    <b>SECTION 7.</b> This act shall take effect and be in force from and after July 1, 2025. </p>\n  </div>\n </div>\n    </div>\t\n<table cellpadding=0 cellspacing=0 width=\"100%\">\n   <tr>\n      <td>\n          Copyright &copy; 2025 State Net\n      </td>\n<BR>\n<!--???MOVED INTO resources.cgi      <td align=\"right\">\n          <img src=\"https://custom.statenet.com/network/poweredby.gif\" alt=\"Powered by State Net\">\n      </td>-->\n\n    </tr>\n</table>\n</body></html>\n",
      "markdown": "The following has special meaning: _green underline denotes added text_ ~~red struck out text denotes deleted text~~ | [![Powered by State Net](https://custom.statenet.com/network/poweredby.gif)](https://www.lexisnexis.com/statenet/)  \n---|---  \n  \n2025 MS S 2059 | | Author: | Johnson  \n---|---  \nVersion: | Engrossed  \nVersion Date: | 02/11/2025  \n  \nMISSISSIPPI LEGISLATURE\n\n2025 Regular Session\n\nTo: Technology; Education\n\nBy: Senator(s) Johnson\n\nSenate Bill 2059\n\n(As Passed the Senate)\n\nAN ACT TO ENACT THE ARTIFICIAL INTELLIGENCE IN EDUCATION TASK FORCE ACT FOR\nTHE PURPOSE OF EVALUATING POTENTIAL APPLICATIONS OF ARTIFICIAL INTELLIGENCE IN\nK-12 AND TO DEVELOP POLICY RECOMMENDATIONS FOR RESPONSIBLE AND EFFECTIVE USES\nBY STUDENTS AND EDUCATORS; TO ESTABLISH THE TASK FORCE MEMBERSHIP REQUIREMENTS\nAND APPOINTMENT CRITERIA; TO PROVIDE THE DUTIES AND RESPONSIBILITIES OF THE\nTASK FORCE, INCLUDING THAT THE TASK FORCE PROVIDE RECOMMENDATIONS FOR\nINCORPORATING AI INTO EDUCATIONAL STANDARDS; TO REQUIRE THE TASK FORCE TO MAKE\nRECOMMENDATIONS ON STRATEGIES THAT CREATE OPPORTUNITIES FOR FOSTERING\nCOLLABORATION THROUGHOUT THE EDUCATIONAL LANDSCAPE; TO REQUIRE THE TASK FORCE\nTO SUBMIT REPORTS TO THE GOVERNOR, LIEUTENANT GOVERNOR AND SPEAKER OF THE\nHOUSE; TO PROVIDE THE DATE THAT THE TASK FORCE SHALL DISSOLVE; AND FOR RELATED\nPURPOSES.\n\nBE IT ENACTED BY THE LEGISLATURE OF THE STATE OF MISSISSIPPI:\n\n**_SECTION 1._ ** This act shall be known and may be cited as the \"Artificial\nIntelligence in Education Task Force Act.\"\n\n**_SECTION 2._ ** The purpose of this act is to establish an Artificial\nIntelligence (\"AI\") in Education Task Force within the state to evaluate the\npotential applications of artificial intelligence in K-12 and to develop\npolicy recommendations for responsible and effective uses by students and\neducators. The task force may also identify workforce needs related to AI and\nprovide policy recommendations to ensure the state develops education and\nworkforce training programs that align with changing industry needs.\n\n**_SECTION 3._ ** (1) The State Superintendent of Education shall serve as the\nChair of the Task Force. The Department of Education shall provide\nadministrative support for the task force, including, but not limited to,\ndeveloping agendas, coordinating meetings and drafting reports for task force\nfeedback.\n\n(2) The task force shall include members who possess knowledge or expertise in\nthe following fields: education, technology, AI, ethics, data privacy,\nindustry demands, state and local policy, and state procurement.\n\n(3) The task force shall consist of twelve (12) members, as follows:\n\n(a) The Governor shall appoint four (4) members to the committee, as follows:\n\n(i) A representative from the State Board of Education;\n\n(ii) A representative from an institution of higher learning;\n\n(iii) A representative of the Mississippi Office of Workforce Development; and\n\n(iv) A representative from the Public Procurement Review Board with expertise\non technology procurement and data privacy standards;\n\n(b) The Lieutenant Governor shall appoint four (4) members to the committee,\nas follows:\n\n(i) A representative from the State Attorney General's Office;\n\n(ii) A school board member from a school district with innovative technology\npractices;\n\n(iii) A school district superintendent from a school district with innovative\ntechnology practices;\n\n(iv) A school district educational technology director; and\n\n(v) The members appointed under subparagraphs (ii), (iii) and (iv) of this\nparagraph shall come from separate school districts.\n\n(c) The Speaker of the House shall appoint four (4) members to the committee,\nas follows:\n\n(i) A vice president of research from a public research university in\nMississippi;\n\n(ii) An educator from a school district with innovative technology practices;\n\n(iii) A business leader in the technology industry sector in the state that is\ndirectly affected by developments in AI; and\n\n(iv) A representative from the Department of Information Technology Services.\n\n(4) All appointments to the task force shall be made by September 1, 2025.\n\n**_SECTION 4._ **(1) The task force shall meet no fewer than four (4) times\nbeginning in September 2025, and continue to convene until December 15, 2025.\nAll meetings shall be open to the public.\n\n(2) The task force shall conduct the following activities: (a) Evaluate the\ncurrent state of AI technology and its potential applications in K-12;\n\n(b) Assess the ethical, legal and data privacy implications of AI usage in\neducation;\n\n(c) Develop policy recommendations for the responsible and effective use of AI\nin education for local boards of education, and the state as a whole. The\npolicy recommendations shall include, but are not limited to, the following\ntopics:\n\n(i) Academic integrity and plagiarism;\n\n(ii) Acceptable uses of AI for students and educators;\n\n(iii) Student and teacher data privacy; and\n\n(iv) Parent/guardian access to information that students enter into AI\nsystems;\n\n(d) Provide recommendations for incorporating AI into K-12 educational\nstandards and higher education curricula, including general education courses\nas well as career and technical courses that align with evolving industry\ndemands;\n\n(e) Develop guidelines for training K-12 educators to effectively use AI\ntools, especially to support personalized learning;\n\n(f) Propose criteria by which the state could monitor and evaluate the effects\nof AI on student learning outcomes;\n\n(g) Identify strategies to protect student and teacher data privacy when using\nAI systems;\n\n(h) Recommend a set of common requirements for state and district/institution\nprocurement of AI-powered software, such as, but not limited to:\n\n(i) Requirements for content filters that protect students from accessing\ncontent that is inappropriate for their age;\n\n(ii) Requirements to allow parents/guardians to review the content their minor\nstudents enter into the AI software;\n\n(iii) Vendor-provided training and support for district/institution technology\nstaff; and\n\n(iv) Prohibitions on the unauthorized sale of student or teacher data;\n\n(i) Identify opportunities for fostering collaboration between K-12 education,\ntechnical and community colleges, institutions of higher learning, workforce\ndevelopment programs and industry sectors affected by AI such that students\nare prepared for future careers that involve AI technologies; and\n\n(j) Promote strategies to bridge the digital divide and ensure equitable\naccess to AI-powered educational resources.\n\n(3) The task force may invite outside experts, conduct surveys, hold public\nhearings or engage in other methods of gathering data on current use,\nopportunities and challenges related to AI and is encouraged to seek out the\nfeedback of students, parents, teachers and other community members.\n\n**_SECTION 5._ ** (1) The task force shall submit interim reports to the House\nand Senate Education Chairs and the Governor regarding progress and\npreliminary findings by November 15, 2025.\n\n(2) The task force shall submit its final report detailing its findings,\nconclusions and policy recommendations to the Governor, Lieutenant Governor\nand Speaker of the House by December 15, 2025.\n\n(3) The Department of Education shall post the final report on its website for\npublic access.\n\n**_SECTION 6._ ** The task force shall be dissolved on January 1, 2026.\n\n**SECTION 7.** This act shall take effect and be in force from and after July\n1, 2025.\n\nCopyright (C) 2025 State Net  \n  \n---\n\n",
      "latest_version": true
    }
  ]
}