{
  "bill_id": "MT2025000H556",
  "source_url": "http://custom.statenet.com/public/resources.cgi?id=ID:bill:MT2025000H556&cuiq=93d84396-c63b-526a-b152-38b7f79b4cfd&client_md=e4f6fea4-27b4-5d41-b7d3-766fe52569f0",
  "versions": [
    {
      "date": "02/18/2025",
      "label": "Introduced",
      "url": "https://custom.statenet.com/public/resources.cgi?mode=show_text&id=ID:bill:MT2025000H556&verid=MT2025000H556_20250218_0_I&",
      "raw_html": "<html>\n<head>\n<title>Bill Resource</title>\n\n<!--   <link href=\"https://custom.statenet.com/network/Common/css/extregtext.css\" rel=\"stylesheet\" type=\"text/css\" />-->\n   <link href=\"https://custom.statenet.com/network/Common/css/xmltext-2.0.css\" rel=\"stylesheet\" type=\"text/css\" />\n   <link href=\"https://custom.statenet.com/network/Common/css/additional-text.css\" rel=\"stylesheet\" type=\"text/css\" />\n\n\t<style type=\"text/css\">\n<!--\n\ntd, body {\n     background-color: white;\n\tfont-family: Verdana, Arial, Helvetica, sans-serif;\n\tfont-size: 12px;\n}\n\n.resourceContainer {\n   border: 1px solid black;\n}\n-->\n</style>\n</head>\n<body>\n\n    <div style=\"width: 750px; margin: auto\">\n       <div style=\"font-size: .8em;margin-bottom: 10px\"><table width=\"100%\"><tr><td align=\"left\" style=\"font-size: .8em;\"><div>The following has special meaning:</div>\n<div><u class=\"amendmentInsertedText\">green underline denotes added text</u></div>\n<div><strike class=\"amendmentDeletedText\">red struck out text denotes deleted text</strike></div></td> <td align=\"right\"><a href=\"https://www.lexisnexis.com/statenet/\"><img alt=\"Powered by State Net\" src=\"https://custom.statenet.com/network/poweredby.gif\" /></a></td></tr></table></div><table id=\"text-identifier\"><tr><td class=\"key\">2025 MT H 556</td> <td><table><tr><td class=\"label\">Author:</td> <td>Cohenour</td></tr> <tr><td class=\"label\">Version:</td> <td>Introduced</td></tr> <tr><td class=\"label\">Version Date:</td> <td>02/18/2025</td></tr></table></td></tr></table><div class=\"documentBody\">\n  <a name=\"head_document_section\"></a><div class=\"head\">\n   <p class=\"center\">HOUSE BILL NO. 556</p>\n   <p class=\"center\">INTRODUCED BY J. COHENOUR, D. ZOLNIKOV, B. MITCHELL, K. SULLIVAN, K. BOGNER</p>\n  </div>\n  <a name=\"code_document_section\"></a><div class=\"code\">\n   <p class=\"indent\">A BILL FOR AN ACT ENTITLED: &quot;AN ACT REVISING LAWS RELATED TO THE USE OF ARTIFICIAL INTELLIGENCE IN INSURANCE; APPLYING RESTRICTIONS TO THE USE OF ARTIFICIAL INTELLIGENCE IN RELATION TO HEALTH INSURANCE ISSUERS; PROVIDING A DEFINITION; AND AMENDING SECTION 33-18-201, MCA.&quot;</p>\n  </div>\n  <a name=\"text_document_section\"></a><div class=\"text\">\n   <span>\n    <p class=\"indent\">BE IT ENACTED BY THE LEGISLATURE OF THE STATE OF MONTANA:</p>\n   </span>\n   <p class=\"indent\">\n    <u>NEW SECTION.</u>\n    <b>Section 1. Artificial intelligence -- restrictions.</b> (1) A health insurance issuer as defined in 33-22-140 that uses artificial intelligence, an algorithm, or other software tool for the purpose of utilization review or utilization management functions, based in whole or in part on medical necessity, shall comply with this section and shall ensure all of the following:</p>\n   <p class=\"indent\">(a) the artificial intelligence, algorithm, or other software tool bases its determination on the following information, as applicable:</p>\n   <p class=\"indent\">(i) a covered person&#39;s medical or other clinical history;</p>\n   <p class=\"indent\">(ii) individual clinical circumstances as presented by the requesting provider; and</p>\n   <p class=\"indent\">(iii) other relevant clinical information contained in the covered person&#39;s medical or other clinical record;</p>\n   <p class=\"indent\">(b) the artificial intelligence, algorithm, or other software tool does not base its determination solely on a group dataset;</p>\n   <p class=\"indent\">(c) the artificial intelligence, algorithm, or other software tool&#39;s criteria and guidelines complies with this title and applicable federal law;</p>\n   <p class=\"indent\">(d) the artificial intelligence, algorithm, or other software tool does not supplant health care provider decisionmaking;</p>\n   <p class=\"indent\">(e) the use of the artificial intelligence, algorithm, or other software tool does not discriminate, directly or indirectly, against enrollees in violation of state or federal law, including 49-2-309;</p>\n   <p class=\"indent\">(f) the artificial intelligence, algorithm, or other software tool is fairly and equitably applied, including in accordance with any applicable regulations and guidance issued by the federal department of health and human services;</p>\n   <p class=\"indent\">(g) the artificial intelligence, algorithm, or other software tool is open to inspection for audit or compliance reviews by the department pursuant to applicable state and federal law;</p>\n   <p class=\"indent\">(h) disclosures pertaining to the use and oversight of the artificial intelligence, algorithm, or other software tool are contained in the written policies and procedures, as required by this section;</p>\n   <p class=\"indent\">(i) the artificial intelligence, algorithm, or other software tool&#39;s performance, use, and outcomes are periodically reviewed and revised to maximize accuracy and reliability;</p>\n   <p class=\"indent\">(j) patient data is not used beyond its intended and stated purpose, consistent with the federal Health Insurance Portability and Accountability Act of 1996, Public Law 104-191, and this title, as applicable; and</p>\n   <p class=\"indent\">(k) the artificial intelligence, algorithm, or other software tool does not directly or indirectly cause harm to the enrollee.</p>\n   <p class=\"indent\">(2) Notwithstanding subsection (1), the artificial intelligence, algorithm, or other software tool may not deny, delay, or modify health care services based, in whole or in part, on medical necessity. A determination of medical necessity must be made only by a licensed physician or a licensed health care professional competent to evaluate the specific clinical issues involved in the health care services requested by the provider, as provided in subsection (1)(a)(ii), by reviewing and considering the requesting provider&#39;s recommendation, the enrollee&#39;s medical or other clinical history, as applicable, and individual clinical circumstances.</p>\n   <p class=\"indent\">(3) This section applies to utilization review or utilization management functions that prospectively, retrospectively, or concurrently review requests for covered health care services.</p>\n   <p class=\"indent\">(4) A health insurance issuer subject to this section shall comply with applicable federal rules and guidance issued by the federal department of health and human services regarding the use of artificial intelligence, an algorithm, or other software tools. The department in consultation with the Montana department of public health and human services may issue guidance to implement this section within 1 year of the adoption of federal rules or the issuance of guidance by the federal department of health and human services regarding the use of artificial intelligence, an algorithm, or other software tools.</p>\n   <p class=\"indent\">(5) A health insurance issuer who fails to comply with this section is subject to penalties imposed by the commissioner, including but not limited to Title 33, chapter 18.</p>\n   <p class=\"indent\">(6) For the purposes of this section, the term &quot;artificial intelligence&quot; means an engineered or machine-based system that varies in its level of autonomy and that can, for explicit or implicit objectives, infer from the input it receives how to generate outputs that can influence physical or virtual environments.</p>\n   <p class=\"indent\">\n    <b>Section 2.</b> Section 33-18-201, MCA, is amended to read:</p>\n   <p class=\"indent\">&quot;<b>33-18-201. Unfair claim settlement practices prohibited.</b> A person may not, with such frequency as to indicate a general business practice, do any of the following:</p>\n   <p class=\"indent\">(1) misrepresent pertinent facts or insurance policy provisions relating to coverages at issue;</p>\n   <p class=\"indent\">(2) fail to acknowledge and act reasonably promptly upon communications with respect to claims arising under insurance policies;</p>\n   <p class=\"indent\">(3) fail to adopt and implement reasonable standards for the prompt investigation of claims arising under insurance policies;</p>\n   <p class=\"indent\">(4) refuse to pay claims without conducting a reasonable investigation based upon all available information;</p>\n   <p class=\"indent\">(5) fail to affirm or deny coverage of claims within a reasonable time after proof of loss statements have been completed;</p>\n   <p class=\"indent\">(6) neglect to attempt in good faith to effectuate prompt, fair, and equitable settlements of claims in which liability has become reasonably clear;</p>\n   <p class=\"indent\">(7) compel insureds to institute litigation to recover amounts due under an insurance policy by offering substantially less than the amounts ultimately recovered in actions brought by the insureds;</p>\n   <p class=\"indent\">(8) attempt to settle a claim for less than the amount to which a reasonable person would have believed the person was entitled by reference to written or printed advertising material accompanying or made part of an application;</p>\n   <p class=\"indent\">(9) attempt to settle claims on the basis of an application that was altered without notice to or knowledge or consent of the insured;</p>\n   <p class=\"indent\">(10) make claims payments to insureds or beneficiaries not accompanied by statements setting forth the coverage under which the payments are being made;</p>\n   <p class=\"indent\">(11) make known to insureds or claimants a policy of appealing from arbitration awards in favor of insureds or claimants for the purpose of compelling them to accept settlements or compromises less than the amount awarded in arbitration;</p>\n   <p class=\"indent\">(12) delay the investigation or payment of claims by requiring an insured, claimant, or physician of either to submit a preliminary claim report and then requiring the subsequent submission of formal proof of loss forms, both of which submissions contain substantially the same information;</p>\n   <p class=\"indent\">(13) fail to promptly settle claims, if liability has become reasonably clear, under one portion of the insurance policy coverage in order to influence settlements under other portions of the insurance policy coverage; <strike class=\"amendmentDeletedText\">or</strike>\n   </p>\n   <p class=\"indent\">(14) fail to promptly provide a reasonable explanation of the basis in the insurance policy in relation to the facts or applicable law for denial of a claim or for the offer of a compromise settlement<u class=\"amendmentInsertedText\">; or</u>\n   </p>\n   <p class=\"indent\">\n    <u class=\"amendmentInsertedText\">(15) use artificial intelligence in a way that is not prescribed under [section 1] relating to claims under a policy</u>.&quot;</p>\n   <p class=\"indent\">\n    <u>NEW SECTION.</u>\n    <b>Section 3. Codification instruction.</b> [Section 1] is intended to be codified as an integral part of Title 33, chapter 32, and the provisions of Title 33, chapter 32, apply to [section 1].</p>\n  </div>\n </div>\n    </div>\t\n<table cellpadding=0 cellspacing=0 width=\"100%\">\n   <tr>\n      <td>\n          Copyright &copy; 2025 State Net\n      </td>\n<BR>\n<!--???MOVED INTO resources.cgi      <td align=\"right\">\n          <img src=\"https://custom.statenet.com/network/poweredby.gif\" alt=\"Powered by State Net\">\n      </td>-->\n\n    </tr>\n</table>\n</body></html>\n",
      "markdown": "The following has special meaning: _green underline denotes added text_ ~~red struck out text denotes deleted text~~ | [![Powered by State Net](https://custom.statenet.com/network/poweredby.gif)](https://www.lexisnexis.com/statenet/)  \n---|---  \n  \n2025 MT H 556 | | Author: | Cohenour  \n---|---  \nVersion: | Introduced  \nVersion Date: | 02/18/2025  \n  \nHOUSE BILL NO. 556\n\nINTRODUCED BY J. COHENOUR, D. ZOLNIKOV, B. MITCHELL, K. SULLIVAN, K. BOGNER\n\nA BILL FOR AN ACT ENTITLED: \"AN ACT REVISING LAWS RELATED TO THE USE OF\nARTIFICIAL INTELLIGENCE IN INSURANCE; APPLYING RESTRICTIONS TO THE USE OF\nARTIFICIAL INTELLIGENCE IN RELATION TO HEALTH INSURANCE ISSUERS; PROVIDING A\nDEFINITION; AND AMENDING SECTION 33-18-201, MCA.\"\n\nBE IT ENACTED BY THE LEGISLATURE OF THE STATE OF MONTANA:\n\n_NEW SECTION._ **Section 1. Artificial intelligence -- restrictions.** (1) A\nhealth insurance issuer as defined in 33-22-140 that uses artificial\nintelligence, an algorithm, or other software tool for the purpose of\nutilization review or utilization management functions, based in whole or in\npart on medical necessity, shall comply with this section and shall ensure all\nof the following:\n\n(a) the artificial intelligence, algorithm, or other software tool bases its\ndetermination on the following information, as applicable:\n\n(i) a covered person's medical or other clinical history;\n\n(ii) individual clinical circumstances as presented by the requesting\nprovider; and\n\n(iii) other relevant clinical information contained in the covered person's\nmedical or other clinical record;\n\n(b) the artificial intelligence, algorithm, or other software tool does not\nbase its determination solely on a group dataset;\n\n(c) the artificial intelligence, algorithm, or other software tool's criteria\nand guidelines complies with this title and applicable federal law;\n\n(d) the artificial intelligence, algorithm, or other software tool does not\nsupplant health care provider decisionmaking;\n\n(e) the use of the artificial intelligence, algorithm, or other software tool\ndoes not discriminate, directly or indirectly, against enrollees in violation\nof state or federal law, including 49-2-309;\n\n(f) the artificial intelligence, algorithm, or other software tool is fairly\nand equitably applied, including in accordance with any applicable regulations\nand guidance issued by the federal department of health and human services;\n\n(g) the artificial intelligence, algorithm, or other software tool is open to\ninspection for audit or compliance reviews by the department pursuant to\napplicable state and federal law;\n\n(h) disclosures pertaining to the use and oversight of the artificial\nintelligence, algorithm, or other software tool are contained in the written\npolicies and procedures, as required by this section;\n\n(i) the artificial intelligence, algorithm, or other software tool's\nperformance, use, and outcomes are periodically reviewed and revised to\nmaximize accuracy and reliability;\n\n(j) patient data is not used beyond its intended and stated purpose,\nconsistent with the federal Health Insurance Portability and Accountability\nAct of 1996, Public Law 104-191, and this title, as applicable; and\n\n(k) the artificial intelligence, algorithm, or other software tool does not\ndirectly or indirectly cause harm to the enrollee.\n\n(2) Notwithstanding subsection (1), the artificial intelligence, algorithm, or\nother software tool may not deny, delay, or modify health care services based,\nin whole or in part, on medical necessity. A determination of medical\nnecessity must be made only by a licensed physician or a licensed health care\nprofessional competent to evaluate the specific clinical issues involved in\nthe health care services requested by the provider, as provided in subsection\n(1)(a)(ii), by reviewing and considering the requesting provider's\nrecommendation, the enrollee's medical or other clinical history, as\napplicable, and individual clinical circumstances.\n\n(3) This section applies to utilization review or utilization management\nfunctions that prospectively, retrospectively, or concurrently review requests\nfor covered health care services.\n\n(4) A health insurance issuer subject to this section shall comply with\napplicable federal rules and guidance issued by the federal department of\nhealth and human services regarding the use of artificial intelligence, an\nalgorithm, or other software tools. The department in consultation with the\nMontana department of public health and human services may issue guidance to\nimplement this section within 1 year of the adoption of federal rules or the\nissuance of guidance by the federal department of health and human services\nregarding the use of artificial intelligence, an algorithm, or other software\ntools.\n\n(5) A health insurance issuer who fails to comply with this section is subject\nto penalties imposed by the commissioner, including but not limited to Title\n33, chapter 18.\n\n(6) For the purposes of this section, the term \"artificial intelligence\" means\nan engineered or machine-based system that varies in its level of autonomy and\nthat can, for explicit or implicit objectives, infer from the input it\nreceives how to generate outputs that can influence physical or virtual\nenvironments.\n\n**Section 2.** Section 33-18-201, MCA, is amended to read:\n\n\"**33-18-201. Unfair claim settlement practices prohibited.** A person may\nnot, with such frequency as to indicate a general business practice, do any of\nthe following:\n\n(1) misrepresent pertinent facts or insurance policy provisions relating to\ncoverages at issue;\n\n(2) fail to acknowledge and act reasonably promptly upon communications with\nrespect to claims arising under insurance policies;\n\n(3) fail to adopt and implement reasonable standards for the prompt\ninvestigation of claims arising under insurance policies;\n\n(4) refuse to pay claims without conducting a reasonable investigation based\nupon all available information;\n\n(5) fail to affirm or deny coverage of claims within a reasonable time after\nproof of loss statements have been completed;\n\n(6) neglect to attempt in good faith to effectuate prompt, fair, and equitable\nsettlements of claims in which liability has become reasonably clear;\n\n(7) compel insureds to institute litigation to recover amounts due under an\ninsurance policy by offering substantially less than the amounts ultimately\nrecovered in actions brought by the insureds;\n\n(8) attempt to settle a claim for less than the amount to which a reasonable\nperson would have believed the person was entitled by reference to written or\nprinted advertising material accompanying or made part of an application;\n\n(9) attempt to settle claims on the basis of an application that was altered\nwithout notice to or knowledge or consent of the insured;\n\n(10) make claims payments to insureds or beneficiaries not accompanied by\nstatements setting forth the coverage under which the payments are being made;\n\n(11) make known to insureds or claimants a policy of appealing from\narbitration awards in favor of insureds or claimants for the purpose of\ncompelling them to accept settlements or compromises less than the amount\nawarded in arbitration;\n\n(12) delay the investigation or payment of claims by requiring an insured,\nclaimant, or physician of either to submit a preliminary claim report and then\nrequiring the subsequent submission of formal proof of loss forms, both of\nwhich submissions contain substantially the same information;\n\n(13) fail to promptly settle claims, if liability has become reasonably clear,\nunder one portion of the insurance policy coverage in order to influence\nsettlements under other portions of the insurance policy coverage; ~~or~~\n\n(14) fail to promptly provide a reasonable explanation of the basis in the\ninsurance policy in relation to the facts or applicable law for denial of a\nclaim or for the offer of a compromise settlement _; or_\n\n_(15) use artificial intelligence in a way that is not prescribed under\n[section 1] relating to claims under a policy_.\"\n\n_NEW SECTION._ **Section 3. Codification instruction.** [Section 1] is\nintended to be codified as an integral part of Title 33, chapter 32, and the\nprovisions of Title 33, chapter 32, apply to [section 1].\n\nCopyright (C) 2025 State Net  \n  \n---\n\n",
      "latest_version": true
    }
  ]
}