{
  "bill_id": "NC2025000S738",
  "source_url": "http://custom.statenet.com/public/resources.cgi?id=ID:bill:NC2025000S738&cuiq=93d84396-c63b-526a-b152-38b7f79b4cfd&client_md=e4f6fea4-27b4-5d41-b7d3-766fe52569f0",
  "versions": [
    {
      "date": "03/25/2025",
      "label": "Filed",
      "url": "https://custom.statenet.com/public/resources.cgi?mode=show_text&id=ID:bill:NC2025000S738&verid=NC2025000S738_20250325_0_DK&",
      "raw_html": "<html>\n<head>\n<title>Bill Resource</title>\n\n<!--   <link href=\"https://custom.statenet.com/network/Common/css/extregtext.css\" rel=\"stylesheet\" type=\"text/css\" />-->\n   <link href=\"https://custom.statenet.com/network/Common/css/xmltext-2.0.css\" rel=\"stylesheet\" type=\"text/css\" />\n   <link href=\"https://custom.statenet.com/network/Common/css/additional-text.css\" rel=\"stylesheet\" type=\"text/css\" />\n\n\t<style type=\"text/css\">\n<!--\n\ntd, body {\n     background-color: white;\n\tfont-family: Verdana, Arial, Helvetica, sans-serif;\n\tfont-size: 12px;\n}\n\n.resourceContainer {\n   border: 1px solid black;\n}\n-->\n</style>\n</head>\n<body>\n\n    <div style=\"width: 750px; margin: auto\">\n       <div style=\"font-size: .8em;margin-bottom: 10px\"><table width=\"100%\"><tr><td align=\"left\" style=\"font-size: .8em;\"><div>The following has special meaning:</div>\n<div><u class=\"amendmentInsertedText\">green underline denotes added text</u></div>\n<div><strike class=\"amendmentDeletedText\">red struck out text denotes deleted text</strike></div></td> <td align=\"right\"><a href=\"https://www.lexisnexis.com/statenet/\"><img alt=\"Powered by State Net\" src=\"https://custom.statenet.com/network/poweredby.gif\" /></a></td></tr></table></div><table id=\"text-identifier\"><tr><td class=\"key\">2025 NC S 738</td> <td><table><tr><td class=\"label\">Author:</td> <td>Salvador</td></tr> <tr><td class=\"label\">Version:</td> <td>Filed</td></tr> <tr><td class=\"label\">Version Date:</td> <td>03/25/2025</td></tr></table></td></tr></table><div class=\"documentBody\">\n  <a name=\"head_document_section\"></a><div class=\"head\">\n   <p class=\"center\">\n    <b>GENERAL ASSEMBLY OF NORTH CAROLINA</b>\n   </p>\n   <p class=\"center\">\n    <b>SESSION 2025</b>\n   </p>\n   <p class=\"center\">\n    <b>S D</b>\n   </p>\n   <p class=\"center\">\n    <b>SENATE BILL DRS15299-LRa-133C</b>\n   </p>\n   <p class=\"right\">(Public)</p>\n   <p class=\"left\">Short Title: Digital Content Provenance Initiative/Funds.</p>\n   <p class=\"left\">Sponsors: Senators Salvador, Theodros, and Garrett (Primary Sponsors).</p>\n   <p class=\"left\">Referred to:</p>\n  </div>\n  <a name=\"title_document_section\"></a><div class=\"title\">\n   <p class=\"center\">A BILL TO BE ENTITLED</p>\n   <p class=\"indent\">AN ACT CREATING THE DIGITAL CONTENT PROVENANCE INITIATIVE AND APPROPRIATING FUNDS FOR THAT PURPOSE.</p>\n  </div>\n  <a name=\"text_document_section\"></a><div class=\"text\">\n   <span>\n    <p class=\"indent\">The General Assembly of North Carolina enacts:</p>\n   </span>\n   <p class=\"indent\">\n    <b>SECTION 1.(a)</b> The following definitions apply to this act:</p>\n   <p class=\"indent\">(1) Synthetic media. - Content that has been partially or fully generated, altered, or manipulated by artificial intelligence or machine learning technologies, including but not limited to video, audio, text, and images.</p>\n   <p class=\"indent\">(2) Provenance. - Verifiable information about the origin, creation, and modification history of a piece of digital content, including any transformations applied.</p>\n   <p class=\"indent\">(3) Cryptographic authentication. -The use of secure digital methods, such as watermarking or signatures, to confirm the origin and integrity of content.</p>\n   <p class=\"indent\">(4) State-generated content. - Any official communication, media, or digital file created or disseminated by a State agency, department, or official in the course of their duties.</p>\n   <p class=\"indent\">(5) False attribution. - Digital content that inaccurately represents itself as originating from a government official or agency.</p>\n   <p class=\"indent\">\n    <b>SECTION 1.(b)</b> There is established the Digital Content Provenance Initiative (Initiative). The Initiative shall be implemented in phases.</p>\n   <p class=\"indent\">\n    <b>SECTION 1.(c)</b> Phase I shall be coordinated jointly by the Department of Commerce and the Department of Information Technology to protect North Carolina residents from the growing threats posed by synthetic media and AI-generated content. This initiative shall develop and implement cryptographic authentication standards for digital content across State platforms, official communications, and election-related public information, to mitigate digital misinformation that poses an escalating threat to consumers, the public trust, election integrity, and information authenticity. The initiative shall also study methods to detect and deter false attribution of synthetic media to public officials, election authorities, or government agencies.</p>\n   <p class=\"indent\">Where feasible, the Initiative will lead the State&#39;s effort to adopt or align with existing open technical standards for content provenance and authenticity, including but not limited to the standards developed by the Coalition for Content Provenance and Authenticity (C2PA), the World Wide Web Consortium (W3C), and other relevant multistakeholder or international organizations. The Initiative may pilot implementations of C2PA-compliant metadata, watermarking, or signature protocols in collaboration with industry partners.</p>\n   <p class=\"indent\">\n    <b>SECTION 1.(d)</b> To ensure transparency and accountability, the Initiative shall establish a Digital Content Provenance Advisory Board. The Board shall include representatives from civil liberties organizations, academic institutions, media organizations, cybersecurity experts, and the technology industry. The Board shall advise on technical standards, privacy safeguards, civil liberties impacts, and implementation strategies. The Initiative shall also publish quarterly progress updates and a public comment portal.</p>\n   <p class=\"indent\">\n    <b>SECTION 2.(a)</b> Effective July 1, 2025, there is appropriated from the General Fund to the Department of Commerce the sum of five hundred thousand dollars ($500,000) for the 2025-2026 fiscal year to carry out the purposes of Phase I, including the development of comprehensive content authentication framework for North Carolina&#39;s digital communications infrastructure that:</p>\n   <p class=\"indent\">(1) Implements cryptographic verification protocols for all state-generated media.</p>\n   <p class=\"indent\">(2) Creates a secure content provenance registry for official State communications.</p>\n   <p class=\"indent\">(3) Develops public education resources on identifying potential synthetic content.</p>\n   <p class=\"indent\">(4) Partners with technology companies to integrate provenance standards.</p>\n   <p class=\"indent\">\n    <b>SECTION 2.(b)</b> These funds may be used to engage consultants, develop technical infrastructure, increase staff expertise, conduct public education campaign, and to support ongoing threat assessment.</p>\n   <p class=\"indent\">\n    <b>SECTION 3.</b> By December 1, 2025, the Department of Commerce and the Department of Information Technology shall submit an interim Phase I report to the General Assembly and publish it on a public website. This report shall include a summary of technical progress, public input received, initial recommendations for election-year implementation, and early indicators of public risk. A final Phase I report, with recommendations for Phase II, shall be submitted by March 1, 2026.</p>\n   <p class=\"indent\">\n    <b>SECTION 4.</b> Except as otherwise provided, this act is effective when it becomes law.</p>\n  </div>\n </div>\n    </div>\t\n<table cellpadding=0 cellspacing=0 width=\"100%\">\n   <tr>\n      <td>\n          Copyright &copy; 2025 State Net\n      </td>\n<BR>\n<!--???MOVED INTO resources.cgi      <td align=\"right\">\n          <img src=\"https://custom.statenet.com/network/poweredby.gif\" alt=\"Powered by State Net\">\n      </td>-->\n\n    </tr>\n</table>\n</body></html>\n",
      "markdown": "The following has special meaning: _green underline denotes added text_ ~~red struck out text denotes deleted text~~ | [![Powered by State Net](https://custom.statenet.com/network/poweredby.gif)](https://www.lexisnexis.com/statenet/)  \n---|---  \n  \n2025 NC S 738 | | Author: | Salvador  \n---|---  \nVersion: | Filed  \nVersion Date: | 03/25/2025  \n  \n**GENERAL ASSEMBLY OF NORTH CAROLINA**\n\n**SESSION 2025**\n\n**S D**\n\n**SENATE BILL DRS15299-LRa-133C**\n\n(Public)\n\nShort Title: Digital Content Provenance Initiative/Funds.\n\nSponsors: Senators Salvador, Theodros, and Garrett (Primary Sponsors).\n\nReferred to:\n\nA BILL TO BE ENTITLED\n\nAN ACT CREATING THE DIGITAL CONTENT PROVENANCE INITIATIVE AND APPROPRIATING\nFUNDS FOR THAT PURPOSE.\n\nThe General Assembly of North Carolina enacts:\n\n**SECTION 1.(a)** The following definitions apply to this act:\n\n(1) Synthetic media. - Content that has been partially or fully generated,\naltered, or manipulated by artificial intelligence or machine learning\ntechnologies, including but not limited to video, audio, text, and images.\n\n(2) Provenance. - Verifiable information about the origin, creation, and\nmodification history of a piece of digital content, including any\ntransformations applied.\n\n(3) Cryptographic authentication. -The use of secure digital methods, such as\nwatermarking or signatures, to confirm the origin and integrity of content.\n\n(4) State-generated content. - Any official communication, media, or digital\nfile created or disseminated by a State agency, department, or official in the\ncourse of their duties.\n\n(5) False attribution. - Digital content that inaccurately represents itself\nas originating from a government official or agency.\n\n**SECTION 1.(b)** There is established the Digital Content Provenance\nInitiative (Initiative). The Initiative shall be implemented in phases.\n\n**SECTION 1.(c)** Phase I shall be coordinated jointly by the Department of\nCommerce and the Department of Information Technology to protect North\nCarolina residents from the growing threats posed by synthetic media and AI-\ngenerated content. This initiative shall develop and implement cryptographic\nauthentication standards for digital content across State platforms, official\ncommunications, and election-related public information, to mitigate digital\nmisinformation that poses an escalating threat to consumers, the public trust,\nelection integrity, and information authenticity. The initiative shall also\nstudy methods to detect and deter false attribution of synthetic media to\npublic officials, election authorities, or government agencies.\n\nWhere feasible, the Initiative will lead the State's effort to adopt or align\nwith existing open technical standards for content provenance and\nauthenticity, including but not limited to the standards developed by the\nCoalition for Content Provenance and Authenticity (C2PA), the World Wide Web\nConsortium (W3C), and other relevant multistakeholder or international\norganizations. The Initiative may pilot implementations of C2PA-compliant\nmetadata, watermarking, or signature protocols in collaboration with industry\npartners.\n\n**SECTION 1.(d)** To ensure transparency and accountability, the Initiative\nshall establish a Digital Content Provenance Advisory Board. The Board shall\ninclude representatives from civil liberties organizations, academic\ninstitutions, media organizations, cybersecurity experts, and the technology\nindustry. The Board shall advise on technical standards, privacy safeguards,\ncivil liberties impacts, and implementation strategies. The Initiative shall\nalso publish quarterly progress updates and a public comment portal.\n\n**SECTION 2.(a)** Effective July 1, 2025, there is appropriated from the\nGeneral Fund to the Department of Commerce the sum of five hundred thousand\ndollars ($500,000) for the 2025-2026 fiscal year to carry out the purposes of\nPhase I, including the development of comprehensive content authentication\nframework for North Carolina's digital communications infrastructure that:\n\n(1) Implements cryptographic verification protocols for all state-generated\nmedia.\n\n(2) Creates a secure content provenance registry for official State\ncommunications.\n\n(3) Develops public education resources on identifying potential synthetic\ncontent.\n\n(4) Partners with technology companies to integrate provenance standards.\n\n**SECTION 2.(b)** These funds may be used to engage consultants, develop\ntechnical infrastructure, increase staff expertise, conduct public education\ncampaign, and to support ongoing threat assessment.\n\n**SECTION 3.** By December 1, 2025, the Department of Commerce and the\nDepartment of Information Technology shall submit an interim Phase I report to\nthe General Assembly and publish it on a public website. This report shall\ninclude a summary of technical progress, public input received, initial\nrecommendations for election-year implementation, and early indicators of\npublic risk. A final Phase I report, with recommendations for Phase II, shall\nbe submitted by March 1, 2026.\n\n**SECTION 4.** Except as otherwise provided, this act is effective when it\nbecomes law.\n\nCopyright (C) 2025 State Net  \n  \n---\n\n",
      "latest_version": false
    },
    {
      "date": "03/26/2025",
      "label": "Introduced",
      "url": "https://custom.statenet.com/public/resources.cgi?mode=show_text&id=ID:bill:NC2025000S738&verid=NC2025000S738_20250326_0_I&",
      "raw_html": "<html>\n<head>\n<title>Bill Resource</title>\n\n<!--   <link href=\"https://custom.statenet.com/network/Common/css/extregtext.css\" rel=\"stylesheet\" type=\"text/css\" />-->\n   <link href=\"https://custom.statenet.com/network/Common/css/xmltext-2.0.css\" rel=\"stylesheet\" type=\"text/css\" />\n   <link href=\"https://custom.statenet.com/network/Common/css/additional-text.css\" rel=\"stylesheet\" type=\"text/css\" />\n\n\t<style type=\"text/css\">\n<!--\n\ntd, body {\n     background-color: white;\n\tfont-family: Verdana, Arial, Helvetica, sans-serif;\n\tfont-size: 12px;\n}\n\n.resourceContainer {\n   border: 1px solid black;\n}\n-->\n</style>\n</head>\n<body>\n\n    <div style=\"width: 750px; margin: auto\">\n       <div style=\"font-size: .8em;margin-bottom: 10px\"><table width=\"100%\"><tr><td align=\"left\" style=\"font-size: .8em;\"><div>The following has special meaning:</div>\n<div><u class=\"amendmentInsertedText\">green underline denotes added text</u></div>\n<div><strike class=\"amendmentDeletedText\">red struck out text denotes deleted text</strike></div></td> <td align=\"right\"><a href=\"https://www.lexisnexis.com/statenet/\"><img alt=\"Powered by State Net\" src=\"https://custom.statenet.com/network/poweredby.gif\" /></a></td></tr></table></div><table id=\"text-identifier\"><tr><td class=\"key\">2025 NC S 738</td> <td><table><tr><td class=\"label\">Author:</td> <td>Salvador</td></tr> <tr><td class=\"label\">Version:</td> <td>Introduced</td></tr> <tr><td class=\"label\">Version Date:</td> <td>03/26/2025</td></tr></table></td></tr></table><div class=\"documentBody\">\n  <a name=\"head_document_section\"></a><div class=\"head\">\n   <p class=\"center\">\n    <b>GENERAL ASSEMBLY OF NORTH CAROLINA</b>\n   </p>\n   <p class=\"center\">\n    <b>SESSION 2025</b>\n   </p>\n   <p class=\"center\">\n    <b>S 1</b>\n   </p>\n   <p class=\"center\">\n    <b>SENATE BILL 738</b>\n   </p>\n   <p class=\"right\">(Public)</p>\n   <p class=\"left\">Short Title: Digital Content Provenance Initiative/Funds.</p>\n   <p class=\"left\">Sponsors: Senators Salvador, Theodros, and Garrett (Primary Sponsors).</p>\n   <p class=\"left\">Referred to: Rules and Operations of the Senate</p>\n   <p class=\"center\">March 26, 2025</p>\n  </div>\n  <a name=\"title_document_section\"></a><div class=\"title\">\n   <p class=\"center\">A BILL TO BE ENTITLED</p>\n   <p class=\"indent\">AN ACT CREATING THE DIGITAL CONTENT PROVENANCE INITIATIVE AND APPROPRIATING FUNDS FOR THAT PURPOSE.</p>\n  </div>\n  <a name=\"text_document_section\"></a><div class=\"text\">\n   <span>\n    <p class=\"indent\">The General Assembly of North Carolina enacts:</p>\n   </span>\n   <p class=\"indent\">\n    <b>SECTION 1.(a)</b> The following definitions apply to this act:</p>\n   <p class=\"indent\">(1) Synthetic media. - Content that has been partially or fully generated, altered, or manipulated by artificial intelligence or machine learning technologies, including but not limited to video, audio, text, and images.</p>\n   <p class=\"indent\">(2) Provenance. - Verifiable information about the origin, creation, and modification history of a piece of digital content, including any transformations applied.</p>\n   <p class=\"indent\">(3) Cryptographic authentication. -The use of secure digital methods, such as watermarking or signatures, to confirm the origin and integrity of content.</p>\n   <p class=\"indent\">(4) State-generated content. - Any official communication, media, or digital file created or disseminated by a State agency, department, or official in the course of their duties.</p>\n   <p class=\"indent\">(5) False attribution. - Digital content that inaccurately represents itself as originating from a government official or agency.</p>\n   <p class=\"indent\">\n    <b>SECTION 1.(b)</b> There is established the Digital Content Provenance Initiative (Initiative). The Initiative shall be implemented in phases.</p>\n   <p class=\"indent\">\n    <b>SECTION 1.(c)</b> Phase I shall be coordinated jointly by the Department of Commerce and the Department of Information Technology to protect North Carolina residents from the growing threats posed by synthetic media and AI-generated content. This initiative shall develop and implement cryptographic authentication standards for digital content across State platforms, official communications, and election-related public information, to mitigate digital misinformation that poses an escalating threat to consumers, the public trust, election integrity, and information authenticity. The initiative shall also study methods to detect and deter false attribution of synthetic media to public officials, election authorities, or government agencies.</p>\n   <p class=\"indent\">Where feasible, the Initiative will lead the State&#39;s effort to adopt or align with existing open technical standards for content provenance and authenticity, including but not limited to the standards developed by the Coalition for Content Provenance and Authenticity (C2PA), the World Wide Web Consortium (W3C), and other relevant multistakeholder or international organizations. The Initiative may pilot implementations of C2PA-compliant metadata, watermarking, or signature protocols in collaboration with industry partners.</p>\n   <p class=\"indent\">\n    <b>SECTION 1.(d)</b> To ensure transparency and accountability, the Initiative shall establish a Digital Content Provenance Advisory Board. The Board shall include representatives from civil liberties organizations, academic institutions, media organizations, cybersecurity experts, and the technology industry. The Board shall advise on technical standards, privacy safeguards, civil liberties impacts, and implementation strategies. The Initiative shall also publish quarterly progress updates and a public comment portal.</p>\n   <p class=\"indent\">\n    <b>SECTION 2.(a)</b> Effective July 1, 2025, there is appropriated from the General Fund to the Department of Commerce the sum of five hundred thousand dollars ($500,000) for the 2025-2026 fiscal year to carry out the purposes of Phase I, including the development of comprehensive content authentication framework for North Carolina&#39;s digital communications infrastructure that:</p>\n   <p class=\"indent\">(1) Implements cryptographic verification protocols for all state-generated media.</p>\n   <p class=\"indent\">(2) Creates a secure content provenance registry for official State communications.</p>\n   <p class=\"indent\">(3) Develops public education resources on identifying potential synthetic content.</p>\n   <p class=\"indent\">(4) Partners with technology companies to integrate provenance standards.</p>\n   <p class=\"indent\">\n    <b>SECTION 2.(b)</b> These funds may be used to engage consultants, develop technical infrastructure, increase staff expertise, conduct public education campaign, and to support ongoing threat assessment.</p>\n   <p class=\"indent\">\n    <b>SECTION 3.</b> By December 1, 2025, the Department of Commerce and the Department of Information Technology shall submit an interim Phase I report to the General Assembly and publish it on a public website. This report shall include a summary of technical progress, public input received, initial recommendations for election-year implementation, and early indicators of public risk. A final Phase I report, with recommendations for Phase II, shall be submitted by March 1, 2026.</p>\n   <p class=\"indent\">\n    <b>SECTION 4.</b> Except as otherwise provided, this act is effective when it becomes law.</p>\n  </div>\n </div>\n    </div>\t\n<table cellpadding=0 cellspacing=0 width=\"100%\">\n   <tr>\n      <td>\n          Copyright &copy; 2025 State Net\n      </td>\n<BR>\n<!--???MOVED INTO resources.cgi      <td align=\"right\">\n          <img src=\"https://custom.statenet.com/network/poweredby.gif\" alt=\"Powered by State Net\">\n      </td>-->\n\n    </tr>\n</table>\n</body></html>\n",
      "markdown": "The following has special meaning: _green underline denotes added text_ ~~red struck out text denotes deleted text~~ | [![Powered by State Net](https://custom.statenet.com/network/poweredby.gif)](https://www.lexisnexis.com/statenet/)  \n---|---  \n  \n2025 NC S 738 | | Author: | Salvador  \n---|---  \nVersion: | Introduced  \nVersion Date: | 03/26/2025  \n  \n**GENERAL ASSEMBLY OF NORTH CAROLINA**\n\n**SESSION 2025**\n\n**S 1**\n\n**SENATE BILL 738**\n\n(Public)\n\nShort Title: Digital Content Provenance Initiative/Funds.\n\nSponsors: Senators Salvador, Theodros, and Garrett (Primary Sponsors).\n\nReferred to: Rules and Operations of the Senate\n\nMarch 26, 2025\n\nA BILL TO BE ENTITLED\n\nAN ACT CREATING THE DIGITAL CONTENT PROVENANCE INITIATIVE AND APPROPRIATING\nFUNDS FOR THAT PURPOSE.\n\nThe General Assembly of North Carolina enacts:\n\n**SECTION 1.(a)** The following definitions apply to this act:\n\n(1) Synthetic media. - Content that has been partially or fully generated,\naltered, or manipulated by artificial intelligence or machine learning\ntechnologies, including but not limited to video, audio, text, and images.\n\n(2) Provenance. - Verifiable information about the origin, creation, and\nmodification history of a piece of digital content, including any\ntransformations applied.\n\n(3) Cryptographic authentication. -The use of secure digital methods, such as\nwatermarking or signatures, to confirm the origin and integrity of content.\n\n(4) State-generated content. - Any official communication, media, or digital\nfile created or disseminated by a State agency, department, or official in the\ncourse of their duties.\n\n(5) False attribution. - Digital content that inaccurately represents itself\nas originating from a government official or agency.\n\n**SECTION 1.(b)** There is established the Digital Content Provenance\nInitiative (Initiative). The Initiative shall be implemented in phases.\n\n**SECTION 1.(c)** Phase I shall be coordinated jointly by the Department of\nCommerce and the Department of Information Technology to protect North\nCarolina residents from the growing threats posed by synthetic media and AI-\ngenerated content. This initiative shall develop and implement cryptographic\nauthentication standards for digital content across State platforms, official\ncommunications, and election-related public information, to mitigate digital\nmisinformation that poses an escalating threat to consumers, the public trust,\nelection integrity, and information authenticity. The initiative shall also\nstudy methods to detect and deter false attribution of synthetic media to\npublic officials, election authorities, or government agencies.\n\nWhere feasible, the Initiative will lead the State's effort to adopt or align\nwith existing open technical standards for content provenance and\nauthenticity, including but not limited to the standards developed by the\nCoalition for Content Provenance and Authenticity (C2PA), the World Wide Web\nConsortium (W3C), and other relevant multistakeholder or international\norganizations. The Initiative may pilot implementations of C2PA-compliant\nmetadata, watermarking, or signature protocols in collaboration with industry\npartners.\n\n**SECTION 1.(d)** To ensure transparency and accountability, the Initiative\nshall establish a Digital Content Provenance Advisory Board. The Board shall\ninclude representatives from civil liberties organizations, academic\ninstitutions, media organizations, cybersecurity experts, and the technology\nindustry. The Board shall advise on technical standards, privacy safeguards,\ncivil liberties impacts, and implementation strategies. The Initiative shall\nalso publish quarterly progress updates and a public comment portal.\n\n**SECTION 2.(a)** Effective July 1, 2025, there is appropriated from the\nGeneral Fund to the Department of Commerce the sum of five hundred thousand\ndollars ($500,000) for the 2025-2026 fiscal year to carry out the purposes of\nPhase I, including the development of comprehensive content authentication\nframework for North Carolina's digital communications infrastructure that:\n\n(1) Implements cryptographic verification protocols for all state-generated\nmedia.\n\n(2) Creates a secure content provenance registry for official State\ncommunications.\n\n(3) Develops public education resources on identifying potential synthetic\ncontent.\n\n(4) Partners with technology companies to integrate provenance standards.\n\n**SECTION 2.(b)** These funds may be used to engage consultants, develop\ntechnical infrastructure, increase staff expertise, conduct public education\ncampaign, and to support ongoing threat assessment.\n\n**SECTION 3.** By December 1, 2025, the Department of Commerce and the\nDepartment of Information Technology shall submit an interim Phase I report to\nthe General Assembly and publish it on a public website. This report shall\ninclude a summary of technical progress, public input received, initial\nrecommendations for election-year implementation, and early indicators of\npublic risk. A final Phase I report, with recommendations for Phase II, shall\nbe submitted by March 1, 2026.\n\n**SECTION 4.** Except as otherwise provided, this act is effective when it\nbecomes law.\n\nCopyright (C) 2025 State Net  \n  \n---\n\n",
      "latest_version": true
    }
  ]
}