{
  "bill_id": "NC2025000S315",
  "source_url": "http://custom.statenet.com/public/resources.cgi?id=ID:bill:NC2025000S315&cuiq=93d84396-c63b-526a-b152-38b7f79b4cfd&client_md=e4f6fea4-27b4-5d41-b7d3-766fe52569f0",
  "versions": [
    {
      "date": "03/17/2025",
      "label": "Filed",
      "url": "https://custom.statenet.com/public/resources.cgi?mode=show_text&id=ID:bill:NC2025000S315&verid=NC2025000S315_20250317_0_DK&",
      "raw_html": "<html>\n<head>\n<title>Bill Resource</title>\n\n<!--   <link href=\"https://custom.statenet.com/network/Common/css/extregtext.css\" rel=\"stylesheet\" type=\"text/css\" />-->\n   <link href=\"https://custom.statenet.com/network/Common/css/xmltext-2.0.css\" rel=\"stylesheet\" type=\"text/css\" />\n   <link href=\"https://custom.statenet.com/network/Common/css/additional-text.css\" rel=\"stylesheet\" type=\"text/css\" />\n\n\t<style type=\"text/css\">\n<!--\n\ntd, body {\n     background-color: white;\n\tfont-family: Verdana, Arial, Helvetica, sans-serif;\n\tfont-size: 12px;\n}\n\n.resourceContainer {\n   border: 1px solid black;\n}\n-->\n</style>\n</head>\n<body>\n\n    <div style=\"width: 750px; margin: auto\">\n       <div style=\"font-size: .8em;margin-bottom: 10px\"><table width=\"100%\"><tr><td align=\"left\" style=\"font-size: .8em;\"><div>The following has special meaning:</div>\n<div><u class=\"amendmentInsertedText\">green underline denotes added text</u></div>\n<div><strike class=\"amendmentDeletedText\">red struck out text denotes deleted text</strike></div></td> <td align=\"right\"><a href=\"https://www.lexisnexis.com/statenet/\"><img alt=\"Powered by State Net\" src=\"https://custom.statenet.com/network/poweredby.gif\" /></a></td></tr></table></div><table id=\"text-identifier\"><tr><td class=\"key\">2025 NC S 315</td> <td><table><tr><td class=\"label\">Author:</td> <td>Burgin</td></tr> <tr><td class=\"label\">Version:</td> <td>Filed</td></tr> <tr><td class=\"label\">Version Date:</td> <td>03/17/2025</td></tr></table></td></tr></table><div class=\"documentBody\">\n  <a name=\"head_document_section\"></a><div class=\"head\">\n   <p class=\"center\">\n    <b>GENERAL ASSEMBLY OF NORTH CAROLINA</b>\n   </p>\n   <p class=\"center\">\n    <b>SESSION 2025</b>\n   </p>\n   <p class=\"center\">\n    <b>S D</b>\n   </p>\n   <p class=\"center\">\n    <b>SENATE BILL DRS45172-MR-110</b>\n   </p>\n   <p class=\"right\">(Public)</p>\n   <p class=\"left\">Short Title: More Transparency/Efficiency in Utiliz. Rev.</p>\n   <p class=\"left\">Sponsors: Senators Burgin, Galey, and Sawrey (Primary Sponsors).</p>\n   <p class=\"left\">Referred to:</p>\n  </div>\n  <a name=\"title_document_section\"></a><div class=\"title\">\n   <p class=\"center\">A BILL TO BE ENTITLED</p>\n   <p class=\"indent\">AN ACT TO INCREASE TRANSPARENCY AND EFFICIENCY IN UTILIZATION REVIEWS.</p>\n  </div>\n  <a name=\"text_document_section\"></a><div class=\"text\">\n   <span>\n    <p class=\"indent\">The General Assembly of North Carolina enacts:</p>\n   </span>\n   <p class=\"indent\">\n    <b>SECTION 1.(a)</b> G.S. 58-50-61 reads as rewritten:</p>\n   <p class=\"indent\">&quot;<b>&sect; 58-50-61. Utilization review.</b>\n   </p>\n   <p class=\"indent\">(a) Definitions. - <strike class=\"amendmentDeletedText\">As used</strike>\n    <u class=\"amendmentInsertedText\">The following definitions apply</u> in this section, in G.S. 58-50-62, and in Part 4 of this <strike class=\"amendmentDeletedText\">Article, the term:</strike>\n    <u class=\"amendmentInsertedText\">Article:</u>\n   </p>\n   <p class=\"indent\">...</p>\n   <p class=\"indent\">\n    <u class=\"amendmentInsertedText\">(16a) Urgent health care service. - A health care service with respect to which the application of the time periods for making an urgent care determination that, in the opinion of a physician with knowledge of the covered person&#39;s medical condition, meets either of the following criteria:</u>\n   </p>\n   <p class=\"indent\">\n    <u class=\"amendmentInsertedText\">a. Could seriously jeopardize the life or health of the covered person or the ability of the covered person to regain maximum function.</u>\n   </p>\n   <p class=\"indent\">\n    <u class=\"amendmentInsertedText\">b. Would subject the covered person to severe pain that cannot be adequately managed without the care or treatment that is the subject of the utilization review.</u>\n   </p>\n   <p class=\"indent\">...</p>\n   <p class=\"indent\">(f) <u class=\"amendmentInsertedText\">Time Lines for</u> Prospective and Concurrent <u class=\"amendmentInsertedText\">Utilization</u> Reviews <u class=\"amendmentInsertedText\">Based Upon Type of Health Care Service.</u> - As used in this subsection, <u class=\"amendmentInsertedText\">the term</u> &quot;necessary information&quot; includes the results of any patient examination, clinical evaluation, or second opinion that may be required. <strike class=\"amendmentDeletedText\">Prospective and concurrent determinations shall be communicated to</strike>\n    <u class=\"amendmentInsertedText\">The time line for completion of a prospective or concurrent utilization review is as follows:</u>\n   </p>\n   <p class=\"indent\">\n    <u class=\"amendmentInsertedText\">(1) Non-urgent health care services. - If an insurer requires a utilization review of a healthcare service, then the insurer or its URO shall both render a utilization review determination or noncertification and notify the covered person and</u> the covered person&#39;s provider within three business days after the insurer obtains all necessary information <strike class=\"amendmentDeletedText\">about the admission, procedure, or health care service.</strike>\n    <u class=\"amendmentInsertedText\">to make the utilization review determination or noncertification.</u>\n   </p>\n   <p class=\"indent\">\n    <u class=\"amendmentInsertedText\">(2) Urgent health care services. - An insurer or its URO shall both render a utilization review determination or noncertification concerning urgent health care services and notify the covered person and the covered person&#39;s provider of that utilization review determination or noncertification not later than 24 hours after receiving all necessary information needed to complete the review of the requested health care services. If the covered person&#39;s provider or the insurer, or the entity conducting the review on behalf of the insurer, do not both have access to the electronic health records of the covered person, then this subdivision shall not apply and the utilization review will be subject to the time line under subdivision (1) of this subsection.</u>\n   </p>\n   <p class=\"indent\">\n    <u class=\"amendmentInsertedText\">(f1) Utilization Review Determination Notifications. -</u> If an insurer <u class=\"amendmentInsertedText\">or its URO</u> certifies a health care service, <strike class=\"amendmentDeletedText\">the insurer shall notify</strike>\n    <u class=\"amendmentInsertedText\">notification shall be sent to</u> the covered person&#39;s provider. <strike class=\"amendmentDeletedText\">For</strike>\n    <u class=\"amendmentInsertedText\">If an insurer or its URO issues</u> a noncertification, <strike class=\"amendmentDeletedText\">the insurer shall notify the covered person&#39;s provider and send</strike>\n    <u class=\"amendmentInsertedText\">then</u> written or electronic confirmation of the noncertification to the <u class=\"amendmentInsertedText\">covered person&#39;s provider and</u> covered <strike class=\"amendmentDeletedText\">person. In</strike>\n    <u class=\"amendmentInsertedText\">person that is in compliance with subsection (h) of this section.</u>\n   </p>\n   <p class=\"indent\">\n    <u class=\"amendmentInsertedText\">(f2) Concurrent Review Liability. - For</u> concurrent reviews, the insurer shall remain liable for <strike class=\"amendmentDeletedText\">health care</strike>\n    <u class=\"amendmentInsertedText\">healthcare</u> services until the covered person has been notified of the noncertification.</p>\n   <p class=\"indent\">...</p>\n   <p class=\"indent\">\n    <u class=\"amendmentInsertedText\">(j1) Requirements Applicable to Appeals Reviews. - All of the following requirements apply to an appeals review:</u>\n   </p>\n   <p class=\"indent\">\n    <u class=\"amendmentInsertedText\">(1) Except as otherwise provided, appeals shall be reviewed by a medical doctor who meets all of the following criteria:</u>\n   </p>\n   <p class=\"indent\">\n    <u class=\"amendmentInsertedText\">a. Possesses a current and valid non-restricted license to practice medicine in any United States jurisdiction.</u>\n   </p>\n   <p class=\"indent\">\n    <u class=\"amendmentInsertedText\">b. Has practiced for a period of at least three consecutive years in the same or similar specialty as a medical doctor who typically manages the medical condition or disease for which utilization review is required or whose training and experience meets all of the following criteria:</u>\n   </p>\n   <p class=\"indent\">\n    <u class=\"amendmentInsertedText\">1. Includes treatment of the same condition as the condition of the covered person.</u>\n   </p>\n   <p class=\"indent\">\n    <u class=\"amendmentInsertedText\">2. Includes treatment of complications that may result from the service or procedure that is the subject of the appeal.</u>\n   </p>\n   <p class=\"indent\">\n    <u class=\"amendmentInsertedText\">3. Is sufficient for the medical doctor to determine if the service or procedure is medically necessary or clinically appropriate.</u>\n   </p>\n   <p class=\"indent\">\n    <u class=\"amendmentInsertedText\">c. Had no direct involvement in making any prior adverse determination or noncertification.</u>\n   </p>\n   <p class=\"indent\">\n    <u class=\"amendmentInsertedText\">d. Has no financial interest, or other conflict of interest, in the outcome of the appeal.</u>\n   </p>\n   <p class=\"indent\">\n    <u class=\"amendmentInsertedText\">(2) Appeals initiated by a licensed mental health professional for a service provided by a licensed mental health professional may be reviewed by a licensed mental health professional rather than a medical doctor. The requirements of subdivision (1) of this subsection shall apply to the reviewing licensed mental health professional in the same manner that they apply to a medical doctor.</u>\n   </p>\n   <p class=\"indent\">\n    <u class=\"amendmentInsertedText\">(3) The medical doctor or licensed mental health professional shall consider all known clinical aspects of the healthcare service under review, including all pertinent medical records and any medical literature that have been provided by the covered person&#39;s provider or by a health care facility.</u>\n   </p>\n   <p class=\"indent\">...</p>\n   <p class=\"indent\">(m) Disclosure <u class=\"amendmentInsertedText\">of Utilization Review</u> Requirements. - <u class=\"amendmentInsertedText\">All of the following apply to an insurer&#39;s responsibility to disclose any utilization review procedures:</u>\n   </p>\n   <p class=\"indent\">\n    <u class=\"amendmentInsertedText\">(1) Coverage and member handbook. -</u> In the certificate of coverage and member handbook provided to covered persons, an insurer shall include a clear and comprehensive description of its utilization review procedures, including the procedures for appealing noncertifications and a statement of the rights and responsibilities of covered persons, including the voluntary nature of the appeal process, with respect to those procedures. An insurer shall also include in the certificate of coverage and the member handbook information about the availability of assistance from <u class=\"amendmentInsertedText\">the Department&#39;s</u> Health Insurance Smart NC, including the telephone number and address of the <strike class=\"amendmentDeletedText\">Program.</strike>\n    <u class=\"amendmentInsertedText\">program.</u>\n   </p>\n   <p class=\"indent\">\n    <u class=\"amendmentInsertedText\">(2) Prospective materials. -</u> An insurer shall include a summary of its utilization review procedures in materials intended for prospective covered persons.</p>\n   <p class=\"indent\">\n    <u class=\"amendmentInsertedText\">(3) Membership cards. -</u> An insurer shall print on its membership cards a toll-free telephone number to call for utilization review purposes.</p>\n   <p class=\"indent\">\n    <u class=\"amendmentInsertedText\">(4) Website. - An insurer shall make any current utilization review requirements and restrictions readily accessible on its website.</u>\n   </p>\n   <p class=\"indent\">\n    <u class=\"amendmentInsertedText\">(m1) Changes to Utilization Review. - If an insurer intends either to implement a new utilization review requirement or restriction or to amend an existing requirement or restriction, then the new or amended requirement shall not be in effect unless and until the insurer&#39;s website has been updated to reflect the new or amended requirement or restriction. A claim shall not be denied for failure to obtain a prior authorization if the prior authorization requirement or amended requirement was not in effect on the date of service of the claim.</u>\n   </p>\n   <p class=\"indent\">...</p>\n   <p class=\"indent\">\n    <u class=\"amendmentInsertedText\">(n1) Utilization Review Determination Validity. - All of the following apply to the length of time an approved prior authorization shall remain valid under certain circumstances:</u>\n   </p>\n   <p class=\"indent\">\n    <u class=\"amendmentInsertedText\">(1) If a covered person enrolls in a new health benefit plan offered by the same insurer under which the prior authorization was approved, then the previously approved prior authorization remains valid for the initial 90 days of coverage under the new heath benefit plan. This section does not require coverage of a service if it is not a covered service under the new health benefit plan.</u>\n   </p>\n   <p class=\"indent\">\n    <u class=\"amendmentInsertedText\">(2) If a healthcare service, other than for in-patient care, requires prior authorization and is for the treatment of a covered person&#39;s chronic condition, then the prior authorization shall remain valid for no less than six months from the date the healthcare provider receives notification of the prior authorization approval.</u>\n   </p>\n   <p class=\"indent\">...</p>\n   <p class=\"indent\">(o) Violation. - <strike class=\"amendmentDeletedText\">A</strike>\n    <u class=\"amendmentInsertedText\">In accordance with this Chapter, a</u> violation of this section subjects an insurer <u class=\"amendmentInsertedText\">and an agent of the insurer</u> to G.S. 58-2-70.</p>\n   <p class=\"indent\">\n    <u class=\"amendmentInsertedText\">(p) Federal Rule Alignment. - No later than January 1, 2028, an insurer offering a health benefit plan or a utilization review agent acting on behalf of an insurer offering a health benefit plan, shall implement and maintain a prior authorization application programming interface meeting the requirements under 45 C.F.R. &sect; 156.223(b) as it existed on January 1, 2025, which is to be in effect on January 1, 2028.</u>\n   </p>\n   <p class=\"indent\">\n    <u class=\"amendmentInsertedText\">(q)</u> Reserved for future codification purposes.</p>\n   <p class=\"indent\">\n    <u class=\"amendmentInsertedText\">(r)</u> Reserved for future codification purposes.</p>\n   <p class=\"indent\">\n    <u class=\"amendmentInsertedText\">(s) Artificial Intelligence. - An insurer shall not use an artificial intelligence-based algorithm as the sole basis for a utilization review determination to, in whole or in part, deny, delay, or modify any healthcare services for an insured. Only individuals meeting the licensing and qualification requirements for participating in the utilization review process under this section shall make a determination regarding the medical necessity or appropriateness of any healthcare service. Insurers shall verify that all contracts with a third party, including with a pharmacy benefits manager, for conducting any utilization review are not in violation of this subsection.</u>&quot;</p>\n   <p class=\"indent\">\n    <b>SECTION 1.(b)</b> In accordance with G.S. 135-48.24(b) and G.S. 135-48.30(a)(7) which require the State Treasurer to implement procedures that are substantially similar to the provisions of G.S. 58-50-61 for the North Carolina State Health Plan for Teachers and State Employees (State Health Plan), the State Treasurer and the Executive Administrator of the State Health Plan shall review all practices of the State Health Plan and all contracts with, and practices of, any third party conducting any utilization review on behalf of the State Health Plan to ensure compliance with subsection (a) of this section no later than the start of the next plan year.</p>\n   <p class=\"indent\">\n    <b>SECTION 2.</b> Section 1(a) of this act becomes effective October 1, 2026, and applies to insurance contracts, including contracts with utilization review organizations, issued, renewed, or amended on or after that date. The remainder of this act is effective when it becomes law.</p>\n  </div>\n </div>\n    </div>\t\n<table cellpadding=0 cellspacing=0 width=\"100%\">\n   <tr>\n      <td>\n          Copyright &copy; 2025 State Net\n      </td>\n<BR>\n<!--???MOVED INTO resources.cgi      <td align=\"right\">\n          <img src=\"https://custom.statenet.com/network/poweredby.gif\" alt=\"Powered by State Net\">\n      </td>-->\n\n    </tr>\n</table>\n</body></html>\n",
      "markdown": "The following has special meaning: _green underline denotes added text_ ~~red struck out text denotes deleted text~~ | [![Powered by State Net](https://custom.statenet.com/network/poweredby.gif)](https://www.lexisnexis.com/statenet/)  \n---|---  \n  \n2025 NC S 315 | | Author: | Burgin  \n---|---  \nVersion: | Filed  \nVersion Date: | 03/17/2025  \n  \n**GENERAL ASSEMBLY OF NORTH CAROLINA**\n\n**SESSION 2025**\n\n**S D**\n\n**SENATE BILL DRS45172-MR-110**\n\n(Public)\n\nShort Title: More Transparency/Efficiency in Utiliz. Rev.\n\nSponsors: Senators Burgin, Galey, and Sawrey (Primary Sponsors).\n\nReferred to:\n\nA BILL TO BE ENTITLED\n\nAN ACT TO INCREASE TRANSPARENCY AND EFFICIENCY IN UTILIZATION REVIEWS.\n\nThe General Assembly of North Carolina enacts:\n\n**SECTION 1.(a)** G.S. 58-50-61 reads as rewritten:\n\n\"**§ 58-50-61. Utilization review.**\n\n(a) Definitions. - ~~As used~~ _The following definitions apply_ in this\nsection, in G.S. 58-50-62, and in Part 4 of this ~~Article, the term:~~\n_Article:_\n\n...\n\n_(16a) Urgent health care service. - A health care service with respect to\nwhich the application of the time periods for making an urgent care\ndetermination that, in the opinion of a physician with knowledge of the\ncovered person 's medical condition, meets either of the following criteria:_\n\n_a. Could seriously jeopardize the life or health of the covered person or the\nability of the covered person to regain maximum function._\n\n_b. Would subject the covered person to severe pain that cannot be adequately\nmanaged without the care or treatment that is the subject of the utilization\nreview._\n\n...\n\n(f) _Time Lines for_ Prospective and Concurrent _Utilization_ Reviews _Based\nUpon Type of Health Care Service._ \\- As used in this subsection, _the term_\n\"necessary information\" includes the results of any patient examination,\nclinical evaluation, or second opinion that may be required. ~~Prospective and\nconcurrent determinations shall be communicated to~~ _The time line for\ncompletion of a prospective or concurrent utilization review is as follows:_\n\n_(1) Non-urgent health care services. - If an insurer requires a utilization\nreview of a healthcare service, then the insurer or its URO shall both render\na utilization review determination or noncertification and notify the covered\nperson and_ the covered person's provider within three business days after the\ninsurer obtains all necessary information ~~about the admission, procedure, or\nhealth care service.~~ _to make the utilization review determination or\nnoncertification._\n\n_(2) Urgent health care services. - An insurer or its URO shall both render a\nutilization review determination or noncertification concerning urgent health\ncare services and notify the covered person and the covered person 's provider\nof that utilization review determination or noncertification not later than 24\nhours after receiving all necessary information needed to complete the review\nof the requested health care services. If the covered person's provider or the\ninsurer, or the entity conducting the review on behalf of the insurer, do not\nboth have access to the electronic health records of the covered person, then\nthis subdivision shall not apply and the utilization review will be subject to\nthe time line under subdivision (1) of this subsection._\n\n_(f1) Utilization Review Determination Notifications. -_ If an insurer _or its\nURO_ certifies a health care service, ~~the insurer shall notify~~\n_notification shall be sent to_ the covered person's provider. ~~For~~ _If an\ninsurer or its URO issues_ a noncertification, ~~the insurer shall notify the\ncovered person 's provider and send~~ _then_ written or electronic\nconfirmation of the noncertification to the _covered person 's provider and_\ncovered ~~person. In~~ _person that is in compliance with subsection (h) of\nthis section._\n\n_(f2) Concurrent Review Liability. - For_ concurrent reviews, the insurer\nshall remain liable for ~~health care~~ _healthcare_ services until the\ncovered person has been notified of the noncertification.\n\n...\n\n_(j1) Requirements Applicable to Appeals Reviews. - All of the following\nrequirements apply to an appeals review:_\n\n_(1) Except as otherwise provided, appeals shall be reviewed by a medical\ndoctor who meets all of the following criteria:_\n\n_a. Possesses a current and valid non-restricted license to practice medicine\nin any United States jurisdiction._\n\n_b. Has practiced for a period of at least three consecutive years in the same\nor similar specialty as a medical doctor who typically manages the medical\ncondition or disease for which utilization review is required or whose\ntraining and experience meets all of the following criteria:_\n\n_1\\. Includes treatment of the same condition as the condition of the covered\nperson._\n\n_2\\. Includes treatment of complications that may result from the service or\nprocedure that is the subject of the appeal._\n\n_3\\. Is sufficient for the medical doctor to determine if the service or\nprocedure is medically necessary or clinically appropriate._\n\n_c. Had no direct involvement in making any prior adverse determination or\nnoncertification._\n\n_d. Has no financial interest, or other conflict of interest, in the outcome\nof the appeal._\n\n_(2) Appeals initiated by a licensed mental health professional for a service\nprovided by a licensed mental health professional may be reviewed by a\nlicensed mental health professional rather than a medical doctor. The\nrequirements of subdivision (1) of this subsection shall apply to the\nreviewing licensed mental health professional in the same manner that they\napply to a medical doctor._\n\n_(3) The medical doctor or licensed mental health professional shall consider\nall known clinical aspects of the healthcare service under review, including\nall pertinent medical records and any medical literature that have been\nprovided by the covered person 's provider or by a health care facility._\n\n...\n\n(m) Disclosure _of Utilization Review_ Requirements. - _All of the following\napply to an insurer 's responsibility to disclose any utilization review\nprocedures:_\n\n_(1) Coverage and member handbook. -_ In the certificate of coverage and\nmember handbook provided to covered persons, an insurer shall include a clear\nand comprehensive description of its utilization review procedures, including\nthe procedures for appealing noncertifications and a statement of the rights\nand responsibilities of covered persons, including the voluntary nature of the\nappeal process, with respect to those procedures. An insurer shall also\ninclude in the certificate of coverage and the member handbook information\nabout the availability of assistance from _the Department 's_ Health Insurance\nSmart NC, including the telephone number and address of the ~~Program.~~\n_program._\n\n_(2) Prospective materials. -_ An insurer shall include a summary of its\nutilization review procedures in materials intended for prospective covered\npersons.\n\n_(3) Membership cards. -_ An insurer shall print on its membership cards a\ntoll-free telephone number to call for utilization review purposes.\n\n_(4) Website. - An insurer shall make any current utilization review\nrequirements and restrictions readily accessible on its website._\n\n_(m1) Changes to Utilization Review. - If an insurer intends either to\nimplement a new utilization review requirement or restriction or to amend an\nexisting requirement or restriction, then the new or amended requirement shall\nnot be in effect unless and until the insurer 's website has been updated to\nreflect the new or amended requirement or restriction. A claim shall not be\ndenied for failure to obtain a prior authorization if the prior authorization\nrequirement or amended requirement was not in effect on the date of service of\nthe claim._\n\n...\n\n_(n1) Utilization Review Determination Validity. - All of the following apply\nto the length of time an approved prior authorization shall remain valid under\ncertain circumstances:_\n\n_(1) If a covered person enrolls in a new health benefit plan offered by the\nsame insurer under which the prior authorization was approved, then the\npreviously approved prior authorization remains valid for the initial 90 days\nof coverage under the new heath benefit plan. This section does not require\ncoverage of a service if it is not a covered service under the new health\nbenefit plan._\n\n_(2) If a healthcare service, other than for in-patient care, requires prior\nauthorization and is for the treatment of a covered person 's chronic\ncondition, then the prior authorization shall remain valid for no less than\nsix months from the date the healthcare provider receives notification of the\nprior authorization approval._\n\n...\n\n(o) Violation. - ~~A~~ _In accordance with this Chapter, a_ violation of this\nsection subjects an insurer _and an agent of the insurer_ to G.S. 58-2-70.\n\n_(p) Federal Rule Alignment. - No later than January 1, 2028, an insurer\noffering a health benefit plan or a utilization review agent acting on behalf\nof an insurer offering a health benefit plan, shall implement and maintain a\nprior authorization application programming interface meeting the requirements\nunder 45 C.F.R. § 156.223(b) as it existed on January 1, 2025, which is to be\nin effect on January 1, 2028._\n\n_(q)_ Reserved for future codification purposes.\n\n_(r)_ Reserved for future codification purposes.\n\n_(s) Artificial Intelligence. - An insurer shall not use an artificial\nintelligence-based algorithm as the sole basis for a utilization review\ndetermination to, in whole or in part, deny, delay, or modify any healthcare\nservices for an insured. Only individuals meeting the licensing and\nqualification requirements for participating in the utilization review process\nunder this section shall make a determination regarding the medical necessity\nor appropriateness of any healthcare service. Insurers shall verify that all\ncontracts with a third party, including with a pharmacy benefits manager, for\nconducting any utilization review are not in violation of this subsection._ \"\n\n**SECTION 1.(b)** In accordance with G.S. 135-48.24(b) and G.S.\n135-48.30(a)(7) which require the State Treasurer to implement procedures that\nare substantially similar to the provisions of G.S. 58-50-61 for the North\nCarolina State Health Plan for Teachers and State Employees (State Health\nPlan), the State Treasurer and the Executive Administrator of the State Health\nPlan shall review all practices of the State Health Plan and all contracts\nwith, and practices of, any third party conducting any utilization review on\nbehalf of the State Health Plan to ensure compliance with subsection (a) of\nthis section no later than the start of the next plan year.\n\n**SECTION 2.** Section 1(a) of this act becomes effective October 1, 2026, and\napplies to insurance contracts, including contracts with utilization review\norganizations, issued, renewed, or amended on or after that date. The\nremainder of this act is effective when it becomes law.\n\nCopyright (C) 2025 State Net  \n  \n---\n\n",
      "latest_version": false
    },
    {
      "date": "03/18/2025",
      "label": "Introduced",
      "url": "https://custom.statenet.com/public/resources.cgi?mode=show_text&id=ID:bill:NC2025000S315&verid=NC2025000S315_20250318_0_I&",
      "raw_html": "<html>\n<head>\n<title>Bill Resource</title>\n\n<!--   <link href=\"https://custom.statenet.com/network/Common/css/extregtext.css\" rel=\"stylesheet\" type=\"text/css\" />-->\n   <link href=\"https://custom.statenet.com/network/Common/css/xmltext-2.0.css\" rel=\"stylesheet\" type=\"text/css\" />\n   <link href=\"https://custom.statenet.com/network/Common/css/additional-text.css\" rel=\"stylesheet\" type=\"text/css\" />\n\n\t<style type=\"text/css\">\n<!--\n\ntd, body {\n     background-color: white;\n\tfont-family: Verdana, Arial, Helvetica, sans-serif;\n\tfont-size: 12px;\n}\n\n.resourceContainer {\n   border: 1px solid black;\n}\n-->\n</style>\n</head>\n<body>\n\n    <div style=\"width: 750px; margin: auto\">\n       <div style=\"font-size: .8em;margin-bottom: 10px\"><table width=\"100%\"><tr><td align=\"left\" style=\"font-size: .8em;\"><div>The following has special meaning:</div>\n<div><u class=\"amendmentInsertedText\">green underline denotes added text</u></div>\n<div><strike class=\"amendmentDeletedText\">red struck out text denotes deleted text</strike></div></td> <td align=\"right\"><a href=\"https://www.lexisnexis.com/statenet/\"><img alt=\"Powered by State Net\" src=\"https://custom.statenet.com/network/poweredby.gif\" /></a></td></tr></table></div><table id=\"text-identifier\"><tr><td class=\"key\">2025 NC S 315</td> <td><table><tr><td class=\"label\">Author:</td> <td>Burgin</td></tr> <tr><td class=\"label\">Version:</td> <td>Introduced</td></tr> <tr><td class=\"label\">Version Date:</td> <td>03/18/2025</td></tr></table></td></tr></table><div class=\"documentBody\">\n  <a name=\"head_document_section\"></a><div class=\"head\">\n   <p class=\"center\">\n    <b>GENERAL ASSEMBLY OF NORTH CAROLINA</b>\n   </p>\n   <p class=\"center\">\n    <b>SESSION 2025</b>\n   </p>\n   <p class=\"center\">\n    <b>S 1</b>\n   </p>\n   <p class=\"center\">\n    <b>SENATE BILL 315</b>\n   </p>\n   <p class=\"right\">(Public)</p>\n   <p class=\"left\">Short Title: More Transparency/Efficiency in Utiliz. Rev.</p>\n   <p class=\"left\">Sponsors: Senators Burgin, Galey, and Sawrey (Primary Sponsors).</p>\n   <p class=\"left\">Referred to: Health Care</p>\n   <p class=\"center\">March 18, 2025</p>\n  </div>\n  <a name=\"title_document_section\"></a><div class=\"title\">\n   <p class=\"center\">A BILL TO BE ENTITLED</p>\n   <p class=\"indent\">AN ACT TO INCREASE TRANSPARENCY AND EFFICIENCY IN UTILIZATION REVIEWS.</p>\n  </div>\n  <a name=\"text_document_section\"></a><div class=\"text\">\n   <span>\n    <p class=\"indent\">The General Assembly of North Carolina enacts:</p>\n   </span>\n   <p class=\"indent\">\n    <b>SECTION 1.(a)</b> G.S. 58-50-61 reads as rewritten:</p>\n   <p class=\"indent\">&quot;<b>&sect; 58-50-61. Utilization review.</b>\n   </p>\n   <p class=\"indent\">(a) Definitions. - <strike class=\"amendmentDeletedText\">As used</strike>\n    <u class=\"amendmentInsertedText\">The following definitions apply</u> in this section, in G.S. 58-50-62, and in Part 4 of this <strike class=\"amendmentDeletedText\">Article, the term:</strike>\n    <u class=\"amendmentInsertedText\">Article:</u>\n   </p>\n   <p class=\"indent\">...</p>\n   <p class=\"indent\">\n    <u class=\"amendmentInsertedText\">(16a) Urgent health care service. - A health care service with respect to which the application of the time periods for making an urgent care determination that, in the opinion of a physician with knowledge of the covered person&#39;s medical condition, meets either of the following criteria:</u>\n   </p>\n   <p class=\"indent\">\n    <u class=\"amendmentInsertedText\">a. Could seriously jeopardize the life or health of the covered person or the ability of the covered person to regain maximum function.</u>\n   </p>\n   <p class=\"indent\">\n    <u class=\"amendmentInsertedText\">b. Would subject the covered person to severe pain that cannot be adequately managed without the care or treatment that is the subject of the utilization review.</u>\n   </p>\n   <p class=\"indent\">...</p>\n   <p class=\"indent\">(f) <u class=\"amendmentInsertedText\">Time Lines for</u> Prospective and Concurrent <u class=\"amendmentInsertedText\">Utilization</u> Reviews <u class=\"amendmentInsertedText\">Based Upon Type of Health Care Service.</u> - As used in this subsection, <u class=\"amendmentInsertedText\">the term</u> &quot;necessary information&quot; includes the results of any patient examination, clinical evaluation, or second opinion that may be required. <strike class=\"amendmentDeletedText\">Prospective and concurrent determinations shall be communicated to</strike>\n    <u class=\"amendmentInsertedText\">The time line for completion of a prospective or concurrent utilization review is as follows:</u>\n   </p>\n   <p class=\"indent\">\n    <u class=\"amendmentInsertedText\">(1) Non-urgent health care services. - If an insurer requires a utilization review of a healthcare service, then the insurer or its URO shall both render a utilization review determination or noncertification and notify the covered person and</u> the covered person&#39;s provider within three business days after the insurer obtains all necessary information <strike class=\"amendmentDeletedText\">about the admission, procedure, or health care service.</strike>\n    <u class=\"amendmentInsertedText\">to make the utilization review determination or noncertification.</u>\n   </p>\n   <p class=\"indent\">\n    <u class=\"amendmentInsertedText\">(2) Urgent health care services. - An insurer or its URO shall both render a utilization review determination or noncertification concerning urgent health care services and notify the covered person and the covered person&#39;s provider of that utilization review determination or noncertification not later than 24 hours after receiving all necessary information needed to complete the review of the requested health care services. If the covered person&#39;s provider or the insurer, or the entity conducting the review on behalf of the insurer, do not both have access to the electronic health records of the covered person, then this subdivision shall not apply and the utilization review will be subject to the time line under subdivision (1) of this subsection.</u>\n   </p>\n   <p class=\"indent\">\n    <u class=\"amendmentInsertedText\">(f1) Utilization Review Determination Notifications. -</u> If an insurer <u class=\"amendmentInsertedText\">or its URO</u> certifies a health care service, <strike class=\"amendmentDeletedText\">the insurer shall notify</strike>\n    <u class=\"amendmentInsertedText\">notification shall be sent to</u> the covered person&#39;s provider. <strike class=\"amendmentDeletedText\">For</strike>\n    <u class=\"amendmentInsertedText\">If an insurer or its URO issues</u> a noncertification, <strike class=\"amendmentDeletedText\">the insurer shall notify the covered person&#39;s provider and send</strike>\n    <u class=\"amendmentInsertedText\">then</u> written or electronic confirmation of the noncertification to the <u class=\"amendmentInsertedText\">covered person&#39;s provider and</u> covered <strike class=\"amendmentDeletedText\">person. In</strike>\n    <u class=\"amendmentInsertedText\">person that is in compliance with subsection (h) of this section.</u>\n   </p>\n   <p class=\"indent\">\n    <u class=\"amendmentInsertedText\">(f2) Concurrent Review Liability. - For</u> concurrent reviews, the insurer shall remain liable for <strike class=\"amendmentDeletedText\">health care</strike>\n    <u class=\"amendmentInsertedText\">healthcare</u> services until the covered person has been notified of the noncertification.</p>\n   <p class=\"indent\">...</p>\n   <p class=\"indent\">\n    <u class=\"amendmentInsertedText\">(j1) Requirements Applicable to Appeals Reviews. - All of the following requirements apply to an appeals review:</u>\n   </p>\n   <p class=\"indent\">\n    <u class=\"amendmentInsertedText\">(1) Except as otherwise provided, appeals shall be reviewed by a medical doctor who meets all of the following criteria:</u>\n   </p>\n   <p class=\"indent\">\n    <u class=\"amendmentInsertedText\">a. Possesses a current and valid non-restricted license to practice medicine in any United States jurisdiction.</u>\n   </p>\n   <p class=\"indent\">\n    <u class=\"amendmentInsertedText\">b. Has practiced for a period of at least three consecutive years in the same or similar specialty as a medical doctor who typically manages the medical condition or disease for which utilization review is required or whose training and experience meets all of the following criteria:</u>\n   </p>\n   <p class=\"indent\">\n    <u class=\"amendmentInsertedText\">1. Includes treatment of the same condition as the condition of the covered person.</u>\n   </p>\n   <p class=\"indent\">\n    <u class=\"amendmentInsertedText\">2. Includes treatment of complications that may result from the service or procedure that is the subject of the appeal.</u>\n   </p>\n   <p class=\"indent\">\n    <u class=\"amendmentInsertedText\">3. Is sufficient for the medical doctor to determine if the service or procedure is medically necessary or clinically appropriate.</u>\n   </p>\n   <p class=\"indent\">\n    <u class=\"amendmentInsertedText\">c. Had no direct involvement in making any prior adverse determination or noncertification.</u>\n   </p>\n   <p class=\"indent\">\n    <u class=\"amendmentInsertedText\">d. Has no financial interest, or other conflict of interest, in the outcome of the appeal.</u>\n   </p>\n   <p class=\"indent\">\n    <u class=\"amendmentInsertedText\">(2) Appeals initiated by a licensed mental health professional for a service provided by a licensed mental health professional may be reviewed by a licensed mental health professional rather than a medical doctor. The requirements of subdivision (1) of this subsection shall apply to the reviewing licensed mental health professional in the same manner that they apply to a medical doctor.</u>\n   </p>\n   <p class=\"indent\">\n    <u class=\"amendmentInsertedText\">(3) The medical doctor or licensed mental health professional shall consider all known clinical aspects of the healthcare service under review, including all pertinent medical records and any medical literature that have been provided by the covered person&#39;s provider or by a health care facility.</u>\n   </p>\n   <p class=\"indent\">...</p>\n   <p class=\"indent\">(m) Disclosure <u class=\"amendmentInsertedText\">of Utilization Review</u> Requirements. - <u class=\"amendmentInsertedText\">All of the following apply to an insurer&#39;s responsibility to disclose any utilization review procedures:</u>\n   </p>\n   <p class=\"indent\">\n    <u class=\"amendmentInsertedText\">(1) Coverage and member handbook. -</u> In the certificate of coverage and member handbook provided to covered persons, an insurer shall include a clear and comprehensive description of its utilization review procedures, including the procedures for appealing noncertifications and a statement of the rights and responsibilities of covered persons, including the voluntary nature of the appeal process, with respect to those procedures. An insurer shall also include in the certificate of coverage and the member handbook information about the availability of assistance from <u class=\"amendmentInsertedText\">the Department&#39;s</u> Health Insurance Smart NC, including the telephone number and address of the <strike class=\"amendmentDeletedText\">Program.</strike>\n    <u class=\"amendmentInsertedText\">program.</u>\n   </p>\n   <p class=\"indent\">\n    <u class=\"amendmentInsertedText\">(2) Prospective materials. -</u> An insurer shall include a summary of its utilization review procedures in materials intended for prospective covered persons.</p>\n   <p class=\"indent\">\n    <u class=\"amendmentInsertedText\">(3) Membership cards. -</u> An insurer shall print on its membership cards a toll-free telephone number to call for utilization review purposes.</p>\n   <p class=\"indent\">\n    <u class=\"amendmentInsertedText\">(4) Website. - An insurer shall make any current utilization review requirements and restrictions readily accessible on its website.</u>\n   </p>\n   <p class=\"indent\">\n    <u class=\"amendmentInsertedText\">(m1) Changes to Utilization Review. - If an insurer intends either to implement a new utilization review requirement or restriction or to amend an existing requirement or restriction, then the new or amended requirement shall not be in effect unless and until the insurer&#39;s website has been updated to reflect the new or amended requirement or restriction. A claim shall not be denied for failure to obtain a prior authorization if the prior authorization requirement or amended requirement was not in effect on the date of service of the claim.</u>\n   </p>\n   <p class=\"indent\">...</p>\n   <p class=\"indent\">\n    <u class=\"amendmentInsertedText\">(n1) Utilization Review Determination Validity. - All of the following apply to the length of time an approved prior authorization shall remain valid under certain circumstances:</u>\n   </p>\n   <p class=\"indent\">\n    <u class=\"amendmentInsertedText\">(1) If a covered person enrolls in a new health benefit plan offered by the same insurer under which the prior authorization was approved, then the previously approved prior authorization remains valid for the initial 90 days of coverage under the new heath benefit plan. This section does not require coverage of a service if it is not a covered service under the new health benefit plan.</u>\n   </p>\n   <p class=\"indent\">\n    <u class=\"amendmentInsertedText\">(2) If a healthcare service, other than for in-patient care, requires prior authorization and is for the treatment of a covered person&#39;s chronic condition, then the prior authorization shall remain valid for no less than six months from the date the healthcare provider receives notification of the prior authorization approval.</u>\n   </p>\n   <p class=\"indent\">...</p>\n   <p class=\"indent\">(o) Violation. - <strike class=\"amendmentDeletedText\">A</strike>\n    <u class=\"amendmentInsertedText\">In accordance with this Chapter, a</u> violation of this section subjects an insurer <u class=\"amendmentInsertedText\">and an agent of the insurer</u> to G.S. 58-2-70.</p>\n   <p class=\"indent\">\n    <u class=\"amendmentInsertedText\">(p) Federal Rule Alignment. - No later than January 1, 2028, an insurer offering a health benefit plan or a utilization review agent acting on behalf of an insurer offering a health benefit plan, shall implement and maintain a prior authorization application programming interface meeting the requirements under 45 C.F.R. &sect; 156.223(b) as it existed on January 1, 2025, which is to be in effect on January 1, 2028.</u>\n   </p>\n   <p class=\"indent\">\n    <u class=\"amendmentInsertedText\">(q)</u> Reserved for future codification purposes.</p>\n   <p class=\"indent\">\n    <u class=\"amendmentInsertedText\">(r)</u> Reserved for future codification purposes.</p>\n   <p class=\"indent\">\n    <u class=\"amendmentInsertedText\">(s) Artificial Intelligence. - An insurer shall not use an artificial intelligence-based algorithm as the sole basis for a utilization review determination to, in whole or in part, deny, delay, or modify any healthcare services for an insured. Only individuals meeting the licensing and qualification requirements for participating in the utilization review process under this section shall make a determination regarding the medical necessity or appropriateness of any healthcare service. Insurers shall verify that all contracts with a third party, including with a pharmacy benefits manager, for conducting any utilization review are not in violation of this subsection.</u>&quot;</p>\n   <p class=\"indent\">\n    <b>SECTION 1.(b)</b> In accordance with G.S. 135-48.24(b) and G.S. 135-48.30(a)(7) which require the State Treasurer to implement procedures that are substantially similar to the provisions of G.S. 58-50-61 for the North Carolina State Health Plan for Teachers and State Employees (State Health Plan), the State Treasurer and the Executive Administrator of the State Health Plan shall review all practices of the State Health Plan and all contracts with, and practices of, any third party conducting any utilization review on behalf of the State Health Plan to ensure compliance with subsection (a) of this section no later than the start of the next plan year.</p>\n   <p class=\"indent\">\n    <b>SECTION 2.</b> Section 1(a) of this act becomes effective October 1, 2026, and applies to insurance contracts, including contracts with utilization review organizations, issued, renewed, or amended on or after that date. The remainder of this act is effective when it becomes law.</p>\n  </div>\n </div>\n    </div>\t\n<table cellpadding=0 cellspacing=0 width=\"100%\">\n   <tr>\n      <td>\n          Copyright &copy; 2025 State Net\n      </td>\n<BR>\n<!--???MOVED INTO resources.cgi      <td align=\"right\">\n          <img src=\"https://custom.statenet.com/network/poweredby.gif\" alt=\"Powered by State Net\">\n      </td>-->\n\n    </tr>\n</table>\n</body></html>\n",
      "markdown": "The following has special meaning: _green underline denotes added text_ ~~red struck out text denotes deleted text~~ | [![Powered by State Net](https://custom.statenet.com/network/poweredby.gif)](https://www.lexisnexis.com/statenet/)  \n---|---  \n  \n2025 NC S 315 | | Author: | Burgin  \n---|---  \nVersion: | Introduced  \nVersion Date: | 03/18/2025  \n  \n**GENERAL ASSEMBLY OF NORTH CAROLINA**\n\n**SESSION 2025**\n\n**S 1**\n\n**SENATE BILL 315**\n\n(Public)\n\nShort Title: More Transparency/Efficiency in Utiliz. Rev.\n\nSponsors: Senators Burgin, Galey, and Sawrey (Primary Sponsors).\n\nReferred to: Health Care\n\nMarch 18, 2025\n\nA BILL TO BE ENTITLED\n\nAN ACT TO INCREASE TRANSPARENCY AND EFFICIENCY IN UTILIZATION REVIEWS.\n\nThe General Assembly of North Carolina enacts:\n\n**SECTION 1.(a)** G.S. 58-50-61 reads as rewritten:\n\n\"**§ 58-50-61. Utilization review.**\n\n(a) Definitions. - ~~As used~~ _The following definitions apply_ in this\nsection, in G.S. 58-50-62, and in Part 4 of this ~~Article, the term:~~\n_Article:_\n\n...\n\n_(16a) Urgent health care service. - A health care service with respect to\nwhich the application of the time periods for making an urgent care\ndetermination that, in the opinion of a physician with knowledge of the\ncovered person 's medical condition, meets either of the following criteria:_\n\n_a. Could seriously jeopardize the life or health of the covered person or the\nability of the covered person to regain maximum function._\n\n_b. Would subject the covered person to severe pain that cannot be adequately\nmanaged without the care or treatment that is the subject of the utilization\nreview._\n\n...\n\n(f) _Time Lines for_ Prospective and Concurrent _Utilization_ Reviews _Based\nUpon Type of Health Care Service._ \\- As used in this subsection, _the term_\n\"necessary information\" includes the results of any patient examination,\nclinical evaluation, or second opinion that may be required. ~~Prospective and\nconcurrent determinations shall be communicated to~~ _The time line for\ncompletion of a prospective or concurrent utilization review is as follows:_\n\n_(1) Non-urgent health care services. - If an insurer requires a utilization\nreview of a healthcare service, then the insurer or its URO shall both render\na utilization review determination or noncertification and notify the covered\nperson and_ the covered person's provider within three business days after the\ninsurer obtains all necessary information ~~about the admission, procedure, or\nhealth care service.~~ _to make the utilization review determination or\nnoncertification._\n\n_(2) Urgent health care services. - An insurer or its URO shall both render a\nutilization review determination or noncertification concerning urgent health\ncare services and notify the covered person and the covered person 's provider\nof that utilization review determination or noncertification not later than 24\nhours after receiving all necessary information needed to complete the review\nof the requested health care services. If the covered person's provider or the\ninsurer, or the entity conducting the review on behalf of the insurer, do not\nboth have access to the electronic health records of the covered person, then\nthis subdivision shall not apply and the utilization review will be subject to\nthe time line under subdivision (1) of this subsection._\n\n_(f1) Utilization Review Determination Notifications. -_ If an insurer _or its\nURO_ certifies a health care service, ~~the insurer shall notify~~\n_notification shall be sent to_ the covered person's provider. ~~For~~ _If an\ninsurer or its URO issues_ a noncertification, ~~the insurer shall notify the\ncovered person 's provider and send~~ _then_ written or electronic\nconfirmation of the noncertification to the _covered person 's provider and_\ncovered ~~person. In~~ _person that is in compliance with subsection (h) of\nthis section._\n\n_(f2) Concurrent Review Liability. - For_ concurrent reviews, the insurer\nshall remain liable for ~~health care~~ _healthcare_ services until the\ncovered person has been notified of the noncertification.\n\n...\n\n_(j1) Requirements Applicable to Appeals Reviews. - All of the following\nrequirements apply to an appeals review:_\n\n_(1) Except as otherwise provided, appeals shall be reviewed by a medical\ndoctor who meets all of the following criteria:_\n\n_a. Possesses a current and valid non-restricted license to practice medicine\nin any United States jurisdiction._\n\n_b. Has practiced for a period of at least three consecutive years in the same\nor similar specialty as a medical doctor who typically manages the medical\ncondition or disease for which utilization review is required or whose\ntraining and experience meets all of the following criteria:_\n\n_1\\. Includes treatment of the same condition as the condition of the covered\nperson._\n\n_2\\. Includes treatment of complications that may result from the service or\nprocedure that is the subject of the appeal._\n\n_3\\. Is sufficient for the medical doctor to determine if the service or\nprocedure is medically necessary or clinically appropriate._\n\n_c. Had no direct involvement in making any prior adverse determination or\nnoncertification._\n\n_d. Has no financial interest, or other conflict of interest, in the outcome\nof the appeal._\n\n_(2) Appeals initiated by a licensed mental health professional for a service\nprovided by a licensed mental health professional may be reviewed by a\nlicensed mental health professional rather than a medical doctor. The\nrequirements of subdivision (1) of this subsection shall apply to the\nreviewing licensed mental health professional in the same manner that they\napply to a medical doctor._\n\n_(3) The medical doctor or licensed mental health professional shall consider\nall known clinical aspects of the healthcare service under review, including\nall pertinent medical records and any medical literature that have been\nprovided by the covered person 's provider or by a health care facility._\n\n...\n\n(m) Disclosure _of Utilization Review_ Requirements. - _All of the following\napply to an insurer 's responsibility to disclose any utilization review\nprocedures:_\n\n_(1) Coverage and member handbook. -_ In the certificate of coverage and\nmember handbook provided to covered persons, an insurer shall include a clear\nand comprehensive description of its utilization review procedures, including\nthe procedures for appealing noncertifications and a statement of the rights\nand responsibilities of covered persons, including the voluntary nature of the\nappeal process, with respect to those procedures. An insurer shall also\ninclude in the certificate of coverage and the member handbook information\nabout the availability of assistance from _the Department 's_ Health Insurance\nSmart NC, including the telephone number and address of the ~~Program.~~\n_program._\n\n_(2) Prospective materials. -_ An insurer shall include a summary of its\nutilization review procedures in materials intended for prospective covered\npersons.\n\n_(3) Membership cards. -_ An insurer shall print on its membership cards a\ntoll-free telephone number to call for utilization review purposes.\n\n_(4) Website. - An insurer shall make any current utilization review\nrequirements and restrictions readily accessible on its website._\n\n_(m1) Changes to Utilization Review. - If an insurer intends either to\nimplement a new utilization review requirement or restriction or to amend an\nexisting requirement or restriction, then the new or amended requirement shall\nnot be in effect unless and until the insurer 's website has been updated to\nreflect the new or amended requirement or restriction. A claim shall not be\ndenied for failure to obtain a prior authorization if the prior authorization\nrequirement or amended requirement was not in effect on the date of service of\nthe claim._\n\n...\n\n_(n1) Utilization Review Determination Validity. - All of the following apply\nto the length of time an approved prior authorization shall remain valid under\ncertain circumstances:_\n\n_(1) If a covered person enrolls in a new health benefit plan offered by the\nsame insurer under which the prior authorization was approved, then the\npreviously approved prior authorization remains valid for the initial 90 days\nof coverage under the new heath benefit plan. This section does not require\ncoverage of a service if it is not a covered service under the new health\nbenefit plan._\n\n_(2) If a healthcare service, other than for in-patient care, requires prior\nauthorization and is for the treatment of a covered person 's chronic\ncondition, then the prior authorization shall remain valid for no less than\nsix months from the date the healthcare provider receives notification of the\nprior authorization approval._\n\n...\n\n(o) Violation. - ~~A~~ _In accordance with this Chapter, a_ violation of this\nsection subjects an insurer _and an agent of the insurer_ to G.S. 58-2-70.\n\n_(p) Federal Rule Alignment. - No later than January 1, 2028, an insurer\noffering a health benefit plan or a utilization review agent acting on behalf\nof an insurer offering a health benefit plan, shall implement and maintain a\nprior authorization application programming interface meeting the requirements\nunder 45 C.F.R. § 156.223(b) as it existed on January 1, 2025, which is to be\nin effect on January 1, 2028._\n\n_(q)_ Reserved for future codification purposes.\n\n_(r)_ Reserved for future codification purposes.\n\n_(s) Artificial Intelligence. - An insurer shall not use an artificial\nintelligence-based algorithm as the sole basis for a utilization review\ndetermination to, in whole or in part, deny, delay, or modify any healthcare\nservices for an insured. Only individuals meeting the licensing and\nqualification requirements for participating in the utilization review process\nunder this section shall make a determination regarding the medical necessity\nor appropriateness of any healthcare service. Insurers shall verify that all\ncontracts with a third party, including with a pharmacy benefits manager, for\nconducting any utilization review are not in violation of this subsection._ \"\n\n**SECTION 1.(b)** In accordance with G.S. 135-48.24(b) and G.S.\n135-48.30(a)(7) which require the State Treasurer to implement procedures that\nare substantially similar to the provisions of G.S. 58-50-61 for the North\nCarolina State Health Plan for Teachers and State Employees (State Health\nPlan), the State Treasurer and the Executive Administrator of the State Health\nPlan shall review all practices of the State Health Plan and all contracts\nwith, and practices of, any third party conducting any utilization review on\nbehalf of the State Health Plan to ensure compliance with subsection (a) of\nthis section no later than the start of the next plan year.\n\n**SECTION 2.** Section 1(a) of this act becomes effective October 1, 2026, and\napplies to insurance contracts, including contracts with utilization review\norganizations, issued, renewed, or amended on or after that date. The\nremainder of this act is effective when it becomes law.\n\nCopyright (C) 2025 State Net  \n  \n---\n\n",
      "latest_version": true
    }
  ]
}