{
  "bill_id": "NC2025000H638",
  "source_url": "http://custom.statenet.com/public/resources.cgi?id=ID:bill:NC2025000H638&cuiq=93d84396-c63b-526a-b152-38b7f79b4cfd&client_md=e4f6fea4-27b4-5d41-b7d3-766fe52569f0",
  "versions": [
    {
      "date": "04/01/2025",
      "label": "Filed",
      "url": "https://custom.statenet.com/public/resources.cgi?mode=show_text&id=ID:bill:NC2025000H638&verid=NC2025000H638_20250401_0_DK&",
      "raw_html": "<html>\n<head>\n<title>Bill Resource</title>\n\n<!--   <link href=\"https://custom.statenet.com/network/Common/css/extregtext.css\" rel=\"stylesheet\" type=\"text/css\" />-->\n   <link href=\"https://custom.statenet.com/network/Common/css/xmltext-2.0.css\" rel=\"stylesheet\" type=\"text/css\" />\n   <link href=\"https://custom.statenet.com/network/Common/css/additional-text.css\" rel=\"stylesheet\" type=\"text/css\" />\n\n\t<style type=\"text/css\">\n<!--\n\ntd, body {\n     background-color: white;\n\tfont-family: Verdana, Arial, Helvetica, sans-serif;\n\tfont-size: 12px;\n}\n\n.resourceContainer {\n   border: 1px solid black;\n}\n-->\n</style>\n</head>\n<body>\n\n    <div style=\"width: 750px; margin: auto\">\n       <div style=\"font-size: .8em;margin-bottom: 10px\"><table width=\"100%\"><tr><td align=\"left\" style=\"font-size: .8em;\"><div>The following has special meaning:</div>\n<div><u class=\"amendmentInsertedText\">green underline denotes added text</u></div>\n<div><strike class=\"amendmentDeletedText\">red struck out text denotes deleted text</strike></div></td> <td align=\"right\"><a href=\"https://www.lexisnexis.com/statenet/\"><img alt=\"Powered by State Net\" src=\"https://custom.statenet.com/network/poweredby.gif\" /></a></td></tr></table></div><table id=\"text-identifier\"><tr><td class=\"key\">2025 NC H 638</td> <td><table><tr><td class=\"label\">Author:</td> <td>Loftis</td></tr> <tr><td class=\"label\">Version:</td> <td>Filed</td></tr> <tr><td class=\"label\">Version Date:</td> <td>04/01/2025</td></tr></table></td></tr></table><div class=\"documentBody\">\n  <a name=\"head_document_section\"></a><div class=\"head\">\n   <p class=\"center\">\n    <b>GENERAL ASSEMBLY OF NORTH CAROLINA</b>\n   </p>\n   <p class=\"center\">\n    <b>SESSION 2025</b>\n   </p>\n   <p class=\"center\">\n    <b>H D</b>\n   </p>\n   <p class=\"center\">\n    <b>HOUSE BILL DRH30285-NJ-8</b>\n   </p>\n   <p class=\"right\">(Public)</p>\n   <p class=\"left\">Short Title: Equit. Escalation of Electricity Demand Act.</p>\n   <p class=\"left\">Sponsors: Representative Loftis.</p>\n   <p class=\"left\">Referred to:</p>\n  </div>\n  <a name=\"title_document_section\"></a><div class=\"title\">\n   <p class=\"center\">A BILL TO BE ENTITLED</p>\n   <p class=\"indent\">AN ACT TO ASSIGN THE COST OF NEW DATA CENTERS, ELECTRIC VEHICLE CHARGING STATIONS, AND ASSOCIATED ELECTRICITY DEMANDS TO THOSE WHO BENEFIT DIRECTLY FROM THESE POWER SUPPLIES.</p>\n  </div>\n  <a name=\"text_document_section\"></a><div class=\"text\">\n   <p class=\"indent\">Whereas, Artificial Intelligence (AI) as commonly understood, is becoming increasingly integrated into everyday life and across multiple sectors - if not every sector - of the American economy; and</p>\n   <p class=\"indent\">Whereas, AI is currently placing strains on current power grids and its demand is expected to increase; and</p>\n   <p class=\"indent\">Whereas, the Environmental Protection Agency&#39;s rules released in 2024 aim to drastically increase the purchase and use of electric and plug-in hybrid electric vehicles; and</p>\n   <p class=\"indent\">Whereas, electric grid operators project a rapid increase in American electricity demand, up 4.7% between 2023 and 2028, caused by growth in data centers and electric vehicles; and</p>\n   <p class=\"indent\">Whereas, rapid growth of electricity demand without sufficient baseload generation in place to meet the demand jeopardizes reliability and affordability and will cause interruptions of service, often when needed most, during the hottest or coldest months; and</p>\n   <p class=\"indent\">Whereas, 230 coal plants, which produced twenty percent (20%) of American electricity in 2022, are being targeted for closure by activist groups, state and federal regulators, and utilities, with dozens across the nation slated for closure in the next three years; and</p>\n   <p class=\"indent\">Whereas, the North American Electric Reliability Corp. (NERC), and the Regional Transmission Organizations (RTOs) have warned that large swathes of the United States face elevated risks of electricity shortfalls now and in the future; and</p>\n   <p class=\"indent\">Whereas, restricting the supply of electricity without immediate substitutes jeopardizes reliability and affordability and will cause interruptions of service, often when needed most, during the hottest or coldest months; and</p>\n   <p class=\"indent\">Whereas, America&#39;s coal and natural gas plants should not be recklessly decommissioned or regulated out of existence, they should be kept online (readily available) to meet the projected rapid increase in electricity demand caused by new data centers and electric vehicles; and</p>\n   <p class=\"indent\">Whereas, the North Carolina Utilities Commission must prioritize retaining and adding dispatchable, on-demand baseload power to meet the anticipated increase in demand; and</p>\n   <p class=\"indent\">Whereas, newly built data centers should be the first to have their power curtailed in the event that new dispatchable power is not added to the grid and electricity blackouts or brownouts occur; and</p>\n   <p class=\"indent\">Whereas, those benefitting directly from new dispatchable power supplies, like EV and PHEV users and data centers, should have to cover the cost of the additional demand they are placing on the electric grid; Now, therefore,</p>\n   <p class=\"indent\">The General Assembly of North Carolina enacts:</p>\n   <p class=\"indent\">\n    <b>SECTION 1.</b> Chapter 62 of the General Statutes is amended by adding a new Article to read:</p>\n   <p class=\"center\">&quot;<u class=\"amendmentInsertedText\">Article 18.</u>\n   </p>\n   <p class=\"center\">&quot;<u class=\"amendmentInsertedText\">The Equitable Escalation of Electricity Demand Act.</u>\n   </p>\n   <p class=\"indent\">&quot;<b>\n     <u class=\"amendmentInsertedText\">&sect; 62-360. Definitions.</u>\n    </b>\n   </p>\n   <p class=\"indent\">\n    <u class=\"amendmentInsertedText\">As used in this Article, the following definitions apply:</u>\n   </p>\n   <p class=\"indent\">\n    <u class=\"amendmentInsertedText\">(1) Commission. - Refers to the North Carolina Utilities Commission.</u>\n   </p>\n   <p class=\"indent\">\n    <u class=\"amendmentInsertedText\">(2) Data center. - A physical location and/or facility that stores computing machines and their related hardware equipment.</u>\n   </p>\n   <p class=\"indent\">\n    <u class=\"amendmentInsertedText\">(3) Dispatchable. - A source of electricity that is readily available for use on demand and can be dispatched upon request of a power grid operator, or one that can have its power output adjusted according to market needs, except for routine maintenance or repairs.</u>\n   </p>\n   <p class=\"indent\">\n    <u class=\"amendmentInsertedText\">(4) Economic incentives. - State grants, cash grants, tax exemptions, tax refunds, tax credits, State funds, and other State incentives administered by the State or its political subdivisions.</u>\n   </p>\n   <p class=\"indent\">\n    <u class=\"amendmentInsertedText\">(5) Electric generation facility. - A facility that uses water, coal, natural gas, or nuclear fuel to generate reliable or dispatchable electricity for provision to customers.</u>\n   </p>\n   <p class=\"indent\">\n    <u class=\"amendmentInsertedText\">(6) Electric vehicle (EV). - A vehicle that uses electricity stored in a rechargeable battery and an electric motor instead of a gasoline or other carbon-based fuel tank and internal combustion engine.</u>\n   </p>\n   <p class=\"indent\">\n    <u class=\"amendmentInsertedText\">(7) Firm power. - Includes dispatchable, reliable power generation, as well as battery storage in excess of 24 hours. Firm power does not include power that is not dispatchable.</u>\n   </p>\n   <p class=\"indent\">\n    <u class=\"amendmentInsertedText\">(8) Plug-in hybrid electric vehicle (PHEV). - Any vehicle that uses a combination of gasoline or other carbon-based fuel and electric generation or storage; has a battery, an electric motor, a gasoline or other carbon-based fuel tank, and an internal combustion engine.</u>\n   </p>\n   <p class=\"indent\">\n    <u class=\"amendmentInsertedText\">(9) Reliable. - A source of electricity that is not subject to intermittent availability and has a performance standard of eighty percent (80%) or greater and only falls below that level during routine maintenance or repairs.</u>\n   </p>\n   <p class=\"indent\">&quot;<b>\n     <u class=\"amendmentInsertedText\">&sect; 62-361. Protecting electricity users reliability and availability.</u>\n    </b>\n   </p>\n   <p class=\"indent\">\n    <u class=\"amendmentInsertedText\">(a) To cover the cost to provide sufficient additional dispatchable power, a fee shall be placed on all new EV and PHEV vehicle charging stations connected to the electric grid and all new EVs or PHEVs sold or licensed to operate in North Carolina. The fee is separate and apart from any fee levied on EVs or PHEVs for infrastructure construction and maintenance, and rather is dedicated to the construction of new dispatchable power supplies to meet expected demand, without socializing the cost across all ratepayers.</u>\n   </p>\n   <p class=\"indent\">\n    <u class=\"amendmentInsertedText\">(b) For charging stations installed and owned by the State, a fee shall be assessed to users of the charging station. The fee should be deposited into a fund designated for electrical grid maintenance and/or upgrade. A receipt should be provided to the consumer noting the amount of the fee and its purpose.</u>\n   </p>\n   <p class=\"indent\">\n    <u class=\"amendmentInsertedText\">(c) New data centers requiring dispatchable power will be responsible for its provision, either by contracting directly with the local utility for the construction of dispatchable power with the approval for new power sources having to go through the usual regulatory process undertaken by the Commission, except for the price which will be negotiated between the utility and the source of the new demand, with safeguards so any cost overruns are not borne by ratepayers in general. Any excess power from the dedicated dispatchable source can be sold onto the broader grid at wholesale rates, with the profits of those sales split between the utility and the demanding source, per their contract.</u>\n   </p>\n   <p class=\"indent\">\n    <u class=\"amendmentInsertedText\">(d) If any state, or political subdivision thereof, provides economic incentives for the construction, opening, or operations of a new data center, they shall enter into a memorandum of understanding or other similar instrument regarding subsection (c) of this section such that failure or refusal to meet the terms of the aforementioned memorandum of understanding, the Commission is authorized to notify the relevant state and local agencies to commence proceedings to recoup the current cash value of the economic incentives from the parent company of the data center.</u>\n   </p>\n   <p class=\"indent\">\n    <u class=\"amendmentInsertedText\">(e) If new data centers requiring dispatchable power cannot come to an agreement with the local utility to construct new dispatchable power, they may submit their own plan to the Commission for how they will develop and deliver that power. Any dispatchable power source they construct and maintain will have to comply with the same environmental, safety, and health regulations public utilities operate under, and any excess power generated by the new source, if connected to the grid, can be sold to a contracting utility at an agreed upon price.</u>&quot;</p>\n   <p class=\"indent\">\n    <b>SECTION 2.</b> If any provision of this act or its application is held invalid, the invalidity does not affect other provisions or applications of this act that can be given effect without the invalid provisions or application and, to this end, the provisions of this act are severable.</p>\n   <p class=\"indent\">\n    <b>SECTION 3.</b> This act is effective when it becomes law.</p>\n  </div>\n </div>\n    </div>\t\n<table cellpadding=0 cellspacing=0 width=\"100%\">\n   <tr>\n      <td>\n          Copyright &copy; 2025 State Net\n      </td>\n<BR>\n<!--???MOVED INTO resources.cgi      <td align=\"right\">\n          <img src=\"https://custom.statenet.com/network/poweredby.gif\" alt=\"Powered by State Net\">\n      </td>-->\n\n    </tr>\n</table>\n</body></html>\n",
      "markdown": "The following has special meaning: _green underline denotes added text_ ~~red struck out text denotes deleted text~~ | [![Powered by State Net](https://custom.statenet.com/network/poweredby.gif)](https://www.lexisnexis.com/statenet/)  \n---|---  \n  \n2025 NC H 638 | | Author: | Loftis  \n---|---  \nVersion: | Filed  \nVersion Date: | 04/01/2025  \n  \n**GENERAL ASSEMBLY OF NORTH CAROLINA**\n\n**SESSION 2025**\n\n**H D**\n\n**HOUSE BILL DRH30285-NJ-8**\n\n(Public)\n\nShort Title: Equit. Escalation of Electricity Demand Act.\n\nSponsors: Representative Loftis.\n\nReferred to:\n\nA BILL TO BE ENTITLED\n\nAN ACT TO ASSIGN THE COST OF NEW DATA CENTERS, ELECTRIC VEHICLE CHARGING\nSTATIONS, AND ASSOCIATED ELECTRICITY DEMANDS TO THOSE WHO BENEFIT DIRECTLY\nFROM THESE POWER SUPPLIES.\n\nWhereas, Artificial Intelligence (AI) as commonly understood, is becoming\nincreasingly integrated into everyday life and across multiple sectors - if\nnot every sector - of the American economy; and\n\nWhereas, AI is currently placing strains on current power grids and its demand\nis expected to increase; and\n\nWhereas, the Environmental Protection Agency's rules released in 2024 aim to\ndrastically increase the purchase and use of electric and plug-in hybrid\nelectric vehicles; and\n\nWhereas, electric grid operators project a rapid increase in American\nelectricity demand, up 4.7% between 2023 and 2028, caused by growth in data\ncenters and electric vehicles; and\n\nWhereas, rapid growth of electricity demand without sufficient baseload\ngeneration in place to meet the demand jeopardizes reliability and\naffordability and will cause interruptions of service, often when needed most,\nduring the hottest or coldest months; and\n\nWhereas, 230 coal plants, which produced twenty percent (20%) of American\nelectricity in 2022, are being targeted for closure by activist groups, state\nand federal regulators, and utilities, with dozens across the nation slated\nfor closure in the next three years; and\n\nWhereas, the North American Electric Reliability Corp. (NERC), and the\nRegional Transmission Organizations (RTOs) have warned that large swathes of\nthe United States face elevated risks of electricity shortfalls now and in the\nfuture; and\n\nWhereas, restricting the supply of electricity without immediate substitutes\njeopardizes reliability and affordability and will cause interruptions of\nservice, often when needed most, during the hottest or coldest months; and\n\nWhereas, America's coal and natural gas plants should not be recklessly\ndecommissioned or regulated out of existence, they should be kept online\n(readily available) to meet the projected rapid increase in electricity demand\ncaused by new data centers and electric vehicles; and\n\nWhereas, the North Carolina Utilities Commission must prioritize retaining and\nadding dispatchable, on-demand baseload power to meet the anticipated increase\nin demand; and\n\nWhereas, newly built data centers should be the first to have their power\ncurtailed in the event that new dispatchable power is not added to the grid\nand electricity blackouts or brownouts occur; and\n\nWhereas, those benefitting directly from new dispatchable power supplies, like\nEV and PHEV users and data centers, should have to cover the cost of the\nadditional demand they are placing on the electric grid; Now, therefore,\n\nThe General Assembly of North Carolina enacts:\n\n**SECTION 1.** Chapter 62 of the General Statutes is amended by adding a new\nArticle to read:\n\n\"_Article 18._\n\n\"_The Equitable Escalation of Electricity Demand Act._\n\n\"**_§ 62-360. Definitions._ **\n\n_As used in this Article, the following definitions apply:_\n\n_(1) Commission. - Refers to the North Carolina Utilities Commission._\n\n_(2) Data center. - A physical location and/or facility that stores computing\nmachines and their related hardware equipment._\n\n_(3) Dispatchable. - A source of electricity that is readily available for use\non demand and can be dispatched upon request of a power grid operator, or one\nthat can have its power output adjusted according to market needs, except for\nroutine maintenance or repairs._\n\n_(4) Economic incentives. - State grants, cash grants, tax exemptions, tax\nrefunds, tax credits, State funds, and other State incentives administered by\nthe State or its political subdivisions._\n\n_(5) Electric generation facility. - A facility that uses water, coal, natural\ngas, or nuclear fuel to generate reliable or dispatchable electricity for\nprovision to customers._\n\n_(6) Electric vehicle (EV). - A vehicle that uses electricity stored in a\nrechargeable battery and an electric motor instead of a gasoline or other\ncarbon-based fuel tank and internal combustion engine._\n\n_(7) Firm power. - Includes dispatchable, reliable power generation, as well\nas battery storage in excess of 24 hours. Firm power does not include power\nthat is not dispatchable._\n\n_(8) Plug-in hybrid electric vehicle (PHEV). - Any vehicle that uses a\ncombination of gasoline or other carbon-based fuel and electric generation or\nstorage; has a battery, an electric motor, a gasoline or other carbon-based\nfuel tank, and an internal combustion engine._\n\n_(9) Reliable. - A source of electricity that is not subject to intermittent\navailability and has a performance standard of eighty percent (80%) or greater\nand only falls below that level during routine maintenance or repairs._\n\n\"**_§ 62-361. Protecting electricity users reliability and availability._ **\n\n_(a) To cover the cost to provide sufficient additional dispatchable power, a\nfee shall be placed on all new EV and PHEV vehicle charging stations connected\nto the electric grid and all new EVs or PHEVs sold or licensed to operate in\nNorth Carolina. The fee is separate and apart from any fee levied on EVs or\nPHEVs for infrastructure construction and maintenance, and rather is dedicated\nto the construction of new dispatchable power supplies to meet expected\ndemand, without socializing the cost across all ratepayers._\n\n_(b) For charging stations installed and owned by the State, a fee shall be\nassessed to users of the charging station. The fee should be deposited into a\nfund designated for electrical grid maintenance and/or upgrade. A receipt\nshould be provided to the consumer noting the amount of the fee and its\npurpose._\n\n_(c) New data centers requiring dispatchable power will be responsible for its\nprovision, either by contracting directly with the local utility for the\nconstruction of dispatchable power with the approval for new power sources\nhaving to go through the usual regulatory process undertaken by the\nCommission, except for the price which will be negotiated between the utility\nand the source of the new demand, with safeguards so any cost overruns are not\nborne by ratepayers in general. Any excess power from the dedicated\ndispatchable source can be sold onto the broader grid at wholesale rates, with\nthe profits of those sales split between the utility and the demanding source,\nper their contract._\n\n_(d) If any state, or political subdivision thereof, provides economic\nincentives for the construction, opening, or operations of a new data center,\nthey shall enter into a memorandum of understanding or other similar\ninstrument regarding subsection (c) of this section such that failure or\nrefusal to meet the terms of the aforementioned memorandum of understanding,\nthe Commission is authorized to notify the relevant state and local agencies\nto commence proceedings to recoup the current cash value of the economic\nincentives from the parent company of the data center._\n\n_(e) If new data centers requiring dispatchable power cannot come to an\nagreement with the local utility to construct new dispatchable power, they may\nsubmit their own plan to the Commission for how they will develop and deliver\nthat power. Any dispatchable power source they construct and maintain will\nhave to comply with the same environmental, safety, and health regulations\npublic utilities operate under, and any excess power generated by the new\nsource, if connected to the grid, can be sold to a contracting utility at an\nagreed upon price._ \"\n\n**SECTION 2.** If any provision of this act or its application is held\ninvalid, the invalidity does not affect other provisions or applications of\nthis act that can be given effect without the invalid provisions or\napplication and, to this end, the provisions of this act are severable.\n\n**SECTION 3.** This act is effective when it becomes law.\n\nCopyright (C) 2025 State Net  \n  \n---\n\n",
      "latest_version": false
    },
    {
      "date": "04/02/2025",
      "label": "Introduced",
      "url": "https://custom.statenet.com/public/resources.cgi?mode=show_text&id=ID:bill:NC2025000H638&verid=NC2025000H638_20250402_0_I&",
      "raw_html": "<html>\n<head>\n<title>Bill Resource</title>\n\n<!--   <link href=\"https://custom.statenet.com/network/Common/css/extregtext.css\" rel=\"stylesheet\" type=\"text/css\" />-->\n   <link href=\"https://custom.statenet.com/network/Common/css/xmltext-2.0.css\" rel=\"stylesheet\" type=\"text/css\" />\n   <link href=\"https://custom.statenet.com/network/Common/css/additional-text.css\" rel=\"stylesheet\" type=\"text/css\" />\n\n\t<style type=\"text/css\">\n<!--\n\ntd, body {\n     background-color: white;\n\tfont-family: Verdana, Arial, Helvetica, sans-serif;\n\tfont-size: 12px;\n}\n\n.resourceContainer {\n   border: 1px solid black;\n}\n-->\n</style>\n</head>\n<body>\n\n    <div style=\"width: 750px; margin: auto\">\n       <div style=\"font-size: .8em;margin-bottom: 10px\"><table width=\"100%\"><tr><td align=\"left\" style=\"font-size: .8em;\"><div>The following has special meaning:</div>\n<div><u class=\"amendmentInsertedText\">green underline denotes added text</u></div>\n<div><strike class=\"amendmentDeletedText\">red struck out text denotes deleted text</strike></div></td> <td align=\"right\"><a href=\"https://www.lexisnexis.com/statenet/\"><img alt=\"Powered by State Net\" src=\"https://custom.statenet.com/network/poweredby.gif\" /></a></td></tr></table></div><table id=\"text-identifier\"><tr><td class=\"key\">2025 NC H 638</td> <td><table><tr><td class=\"label\">Author:</td> <td>Loftis</td></tr> <tr><td class=\"label\">Version:</td> <td>Introduced</td></tr> <tr><td class=\"label\">Version Date:</td> <td>04/02/2025</td></tr></table></td></tr></table><div class=\"documentBody\">\n  <a name=\"head_document_section\"></a><div class=\"head\">\n   <p class=\"center\">\n    <b>GENERAL ASSEMBLY OF NORTH CAROLINA</b>\n   </p>\n   <p class=\"center\">\n    <b>SESSION 2025</b>\n   </p>\n   <p class=\"center\">\n    <b>H 1</b>\n   </p>\n   <p class=\"center\">\n    <b>HOUSE BILL 638</b>\n   </p>\n   <p class=\"right\">(Public)</p>\n   <p class=\"left\">Short Title: Equit. Escalation of Electricity Demand Act.</p>\n   <p class=\"left\">Sponsors: Representatives Loftis, Ward, Tyson, and Greene (Primary Sponsors).</p>\n   <p class=\"center\">\n    <i>For a complete list of sponsors, refer to the North Carolina General Assembly web site.</i>\n   </p>\n   <p class=\"left\">Referred to: Energy and Public Utilities, if favorable, Finance, if favorable, Rules, Calendar, and Operations of the House</p>\n   <p class=\"center\">April 2, 2025</p>\n  </div>\n  <a name=\"title_document_section\"></a><div class=\"title\">\n   <p class=\"center\">A BILL TO BE ENTITLED</p>\n   <p class=\"indent\">AN ACT TO ASSIGN THE COST OF NEW DATA CENTERS, ELECTRIC VEHICLE CHARGING STATIONS, AND ASSOCIATED ELECTRICITY DEMANDS TO THOSE WHO BENEFIT DIRECTLY FROM THESE POWER SUPPLIES.</p>\n  </div>\n  <a name=\"text_document_section\"></a><div class=\"text\">\n   <p class=\"indent\">Whereas, Artificial Intelligence (AI) as commonly understood, is becoming increasingly integrated into everyday life and across multiple sectors - if not every sector - of the American economy; and</p>\n   <p class=\"indent\">Whereas, AI is currently placing strains on current power grids and its demand is expected to increase; and</p>\n   <p class=\"indent\">Whereas, the Environmental Protection Agency&#39;s rules released in 2024 aim to drastically increase the purchase and use of electric and plug-in hybrid electric vehicles; and</p>\n   <p class=\"indent\">Whereas, electric grid operators project a rapid increase in American electricity demand, up 4.7% between 2023 and 2028, caused by growth in data centers and electric vehicles; and</p>\n   <p class=\"indent\">Whereas, rapid growth of electricity demand without sufficient baseload generation in place to meet the demand jeopardizes reliability and affordability and will cause interruptions of service, often when needed most, during the hottest or coldest months; and</p>\n   <p class=\"indent\">Whereas, 230 coal plants, which produced twenty percent (20%) of American electricity in 2022, are being targeted for closure by activist groups, state and federal regulators, and utilities, with dozens across the nation slated for closure in the next three years; and</p>\n   <p class=\"indent\">Whereas, the North American Electric Reliability Corp. (NERC), and the Regional Transmission Organizations (RTOs) have warned that large swathes of the United States face elevated risks of electricity shortfalls now and in the future; and</p>\n   <p class=\"indent\">Whereas, restricting the supply of electricity without immediate substitutes jeopardizes reliability and affordability and will cause interruptions of service, often when needed most, during the hottest or coldest months; and</p>\n   <p class=\"indent\">Whereas, America&#39;s coal and natural gas plants should not be recklessly decommissioned or regulated out of existence, they should be kept online (readily available) to meet the projected rapid increase in electricity demand caused by new data centers and electric vehicles; and</p>\n   <p class=\"indent\">Whereas, the North Carolina Utilities Commission must prioritize retaining and adding dispatchable, on-demand baseload power to meet the anticipated increase in demand; and</p>\n   <p class=\"indent\">Whereas, newly built data centers should be the first to have their power curtailed in the event that new dispatchable power is not added to the grid and electricity blackouts or brownouts occur; and</p>\n   <p class=\"indent\">Whereas, those benefitting directly from new dispatchable power supplies, like EV and PHEV users and data centers, should have to cover the cost of the additional demand they are placing on the electric grid; Now, therefore,</p>\n   <p class=\"indent\">The General Assembly of North Carolina enacts:</p>\n   <p class=\"indent\">\n    <b>SECTION 1.</b> Chapter 62 of the General Statutes is amended by adding a new Article to read:</p>\n   <p class=\"center\">&quot;<u class=\"amendmentInsertedText\">Article 18.</u>\n   </p>\n   <p class=\"center\">&quot;<u class=\"amendmentInsertedText\">The Equitable Escalation of Electricity Demand Act.</u>\n   </p>\n   <p class=\"indent\">&quot;<b>\n     <u class=\"amendmentInsertedText\">&sect; 62-360. Definitions.</u>\n    </b>\n   </p>\n   <p class=\"indent\">\n    <u class=\"amendmentInsertedText\">As used in this Article, the following definitions apply:</u>\n   </p>\n   <p class=\"indent\">\n    <u class=\"amendmentInsertedText\">(1) Commission. - Refers to the North Carolina Utilities Commission.</u>\n   </p>\n   <p class=\"indent\">\n    <u class=\"amendmentInsertedText\">(2) Data center. - A physical location and/or facility that stores computing machines and their related hardware equipment.</u>\n   </p>\n   <p class=\"indent\">\n    <u class=\"amendmentInsertedText\">(3) Dispatchable. - A source of electricity that is readily available for use on demand and can be dispatched upon request of a power grid operator, or one that can have its power output adjusted according to market needs, except for routine maintenance or repairs.</u>\n   </p>\n   <p class=\"indent\">\n    <u class=\"amendmentInsertedText\">(4) Economic incentives. - State grants, cash grants, tax exemptions, tax refunds, tax credits, State funds, and other State incentives administered by the State or its political subdivisions.</u>\n   </p>\n   <p class=\"indent\">\n    <u class=\"amendmentInsertedText\">(5) Electric generation facility. - A facility that uses water, coal, natural gas, or nuclear fuel to generate reliable or dispatchable electricity for provision to customers.</u>\n   </p>\n   <p class=\"indent\">\n    <u class=\"amendmentInsertedText\">(6) Electric vehicle (EV). - A vehicle that uses electricity stored in a rechargeable battery and an electric motor instead of a gasoline or other carbon-based fuel tank and internal combustion engine.</u>\n   </p>\n   <p class=\"indent\">\n    <u class=\"amendmentInsertedText\">(7) Firm power. - Includes dispatchable, reliable power generation, as well as battery storage in excess of 24 hours. Firm power does not include power that is not dispatchable.</u>\n   </p>\n   <p class=\"indent\">\n    <u class=\"amendmentInsertedText\">(8) Plug-in hybrid electric vehicle (PHEV). - Any vehicle that uses a combination of gasoline or other carbon-based fuel and electric generation or storage; has a battery, an electric motor, a gasoline or other carbon-based fuel tank, and an internal combustion engine.</u>\n   </p>\n   <p class=\"indent\">\n    <u class=\"amendmentInsertedText\">(9) Reliable. - A source of electricity that is not subject to intermittent availability and has a performance standard of eighty percent (80%) or greater and only falls below that level during routine maintenance or repairs.</u>\n   </p>\n   <p class=\"indent\">&quot;<b>\n     <u class=\"amendmentInsertedText\">&sect; 62-361. Protecting electricity users reliability and availability.</u>\n    </b>\n   </p>\n   <p class=\"indent\">\n    <u class=\"amendmentInsertedText\">(a) To cover the cost to provide sufficient additional dispatchable power, a fee shall be placed on all new EV and PHEV vehicle charging stations connected to the electric grid and all new EVs or PHEVs sold or licensed to operate in North Carolina. The fee is separate and apart from any fee levied on EVs or PHEVs for infrastructure construction and maintenance, and rather is dedicated to the construction of new dispatchable power supplies to meet expected demand, without socializing the cost across all ratepayers.</u>\n   </p>\n   <p class=\"indent\">\n    <u class=\"amendmentInsertedText\">(b) For charging stations installed and owned by the State, a fee shall be assessed to users of the charging station. The fee should be deposited into a fund designated for electrical grid maintenance and/or upgrade. A receipt should be provided to the consumer noting the amount of the fee and its purpose.</u>\n   </p>\n   <p class=\"indent\">\n    <u class=\"amendmentInsertedText\">(c) New data centers requiring dispatchable power will be responsible for its provision, either by contracting directly with the local utility for the construction of dispatchable power with the approval for new power sources having to go through the usual regulatory process undertaken by the Commission, except for the price which will be negotiated between the utility and the source of the new demand, with safeguards so any cost overruns are not borne by ratepayers in general. Any excess power from the dedicated dispatchable source can be sold onto the broader grid at wholesale rates, with the profits of those sales split between the utility and the demanding source, per their contract.</u>\n   </p>\n   <p class=\"indent\">\n    <u class=\"amendmentInsertedText\">(d) If any state, or political subdivision thereof, provides economic incentives for the construction, opening, or operations of a new data center, they shall enter into a memorandum of understanding or other similar instrument regarding subsection (c) of this section such that failure or refusal to meet the terms of the aforementioned memorandum of understanding, the Commission is authorized to notify the relevant state and local agencies to commence proceedings to recoup the current cash value of the economic incentives from the parent company of the data center.</u>\n   </p>\n   <p class=\"indent\">\n    <u class=\"amendmentInsertedText\">(e) If new data centers requiring dispatchable power cannot come to an agreement with the local utility to construct new dispatchable power, they may submit their own plan to the Commission for how they will develop and deliver that power. Any dispatchable power source they construct and maintain will have to comply with the same environmental, safety, and health regulations public utilities operate under, and any excess power generated by the new source, if connected to the grid, can be sold to a contracting utility at an agreed upon price.</u>&quot;</p>\n   <p class=\"indent\">\n    <b>SECTION 2.</b> If any provision of this act or its application is held invalid, the invalidity does not affect other provisions or applications of this act that can be given effect without the invalid provisions or application and, to this end, the provisions of this act are severable.</p>\n   <p class=\"indent\">\n    <b>SECTION 3.</b> This act is effective when it becomes law.</p>\n  </div>\n </div>\n    </div>\t\n<table cellpadding=0 cellspacing=0 width=\"100%\">\n   <tr>\n      <td>\n          Copyright &copy; 2025 State Net\n      </td>\n<BR>\n<!--???MOVED INTO resources.cgi      <td align=\"right\">\n          <img src=\"https://custom.statenet.com/network/poweredby.gif\" alt=\"Powered by State Net\">\n      </td>-->\n\n    </tr>\n</table>\n</body></html>\n",
      "markdown": "The following has special meaning: _green underline denotes added text_ ~~red struck out text denotes deleted text~~ | [![Powered by State Net](https://custom.statenet.com/network/poweredby.gif)](https://www.lexisnexis.com/statenet/)  \n---|---  \n  \n2025 NC H 638 | | Author: | Loftis  \n---|---  \nVersion: | Introduced  \nVersion Date: | 04/02/2025  \n  \n**GENERAL ASSEMBLY OF NORTH CAROLINA**\n\n**SESSION 2025**\n\n**H 1**\n\n**HOUSE BILL 638**\n\n(Public)\n\nShort Title: Equit. Escalation of Electricity Demand Act.\n\nSponsors: Representatives Loftis, Ward, Tyson, and Greene (Primary Sponsors).\n\n_For a complete list of sponsors, refer to the North Carolina General Assembly\nweb site._\n\nReferred to: Energy and Public Utilities, if favorable, Finance, if favorable,\nRules, Calendar, and Operations of the House\n\nApril 2, 2025\n\nA BILL TO BE ENTITLED\n\nAN ACT TO ASSIGN THE COST OF NEW DATA CENTERS, ELECTRIC VEHICLE CHARGING\nSTATIONS, AND ASSOCIATED ELECTRICITY DEMANDS TO THOSE WHO BENEFIT DIRECTLY\nFROM THESE POWER SUPPLIES.\n\nWhereas, Artificial Intelligence (AI) as commonly understood, is becoming\nincreasingly integrated into everyday life and across multiple sectors - if\nnot every sector - of the American economy; and\n\nWhereas, AI is currently placing strains on current power grids and its demand\nis expected to increase; and\n\nWhereas, the Environmental Protection Agency's rules released in 2024 aim to\ndrastically increase the purchase and use of electric and plug-in hybrid\nelectric vehicles; and\n\nWhereas, electric grid operators project a rapid increase in American\nelectricity demand, up 4.7% between 2023 and 2028, caused by growth in data\ncenters and electric vehicles; and\n\nWhereas, rapid growth of electricity demand without sufficient baseload\ngeneration in place to meet the demand jeopardizes reliability and\naffordability and will cause interruptions of service, often when needed most,\nduring the hottest or coldest months; and\n\nWhereas, 230 coal plants, which produced twenty percent (20%) of American\nelectricity in 2022, are being targeted for closure by activist groups, state\nand federal regulators, and utilities, with dozens across the nation slated\nfor closure in the next three years; and\n\nWhereas, the North American Electric Reliability Corp. (NERC), and the\nRegional Transmission Organizations (RTOs) have warned that large swathes of\nthe United States face elevated risks of electricity shortfalls now and in the\nfuture; and\n\nWhereas, restricting the supply of electricity without immediate substitutes\njeopardizes reliability and affordability and will cause interruptions of\nservice, often when needed most, during the hottest or coldest months; and\n\nWhereas, America's coal and natural gas plants should not be recklessly\ndecommissioned or regulated out of existence, they should be kept online\n(readily available) to meet the projected rapid increase in electricity demand\ncaused by new data centers and electric vehicles; and\n\nWhereas, the North Carolina Utilities Commission must prioritize retaining and\nadding dispatchable, on-demand baseload power to meet the anticipated increase\nin demand; and\n\nWhereas, newly built data centers should be the first to have their power\ncurtailed in the event that new dispatchable power is not added to the grid\nand electricity blackouts or brownouts occur; and\n\nWhereas, those benefitting directly from new dispatchable power supplies, like\nEV and PHEV users and data centers, should have to cover the cost of the\nadditional demand they are placing on the electric grid; Now, therefore,\n\nThe General Assembly of North Carolina enacts:\n\n**SECTION 1.** Chapter 62 of the General Statutes is amended by adding a new\nArticle to read:\n\n\"_Article 18._\n\n\"_The Equitable Escalation of Electricity Demand Act._\n\n\"**_§ 62-360. Definitions._ **\n\n_As used in this Article, the following definitions apply:_\n\n_(1) Commission. - Refers to the North Carolina Utilities Commission._\n\n_(2) Data center. - A physical location and/or facility that stores computing\nmachines and their related hardware equipment._\n\n_(3) Dispatchable. - A source of electricity that is readily available for use\non demand and can be dispatched upon request of a power grid operator, or one\nthat can have its power output adjusted according to market needs, except for\nroutine maintenance or repairs._\n\n_(4) Economic incentives. - State grants, cash grants, tax exemptions, tax\nrefunds, tax credits, State funds, and other State incentives administered by\nthe State or its political subdivisions._\n\n_(5) Electric generation facility. - A facility that uses water, coal, natural\ngas, or nuclear fuel to generate reliable or dispatchable electricity for\nprovision to customers._\n\n_(6) Electric vehicle (EV). - A vehicle that uses electricity stored in a\nrechargeable battery and an electric motor instead of a gasoline or other\ncarbon-based fuel tank and internal combustion engine._\n\n_(7) Firm power. - Includes dispatchable, reliable power generation, as well\nas battery storage in excess of 24 hours. Firm power does not include power\nthat is not dispatchable._\n\n_(8) Plug-in hybrid electric vehicle (PHEV). - Any vehicle that uses a\ncombination of gasoline or other carbon-based fuel and electric generation or\nstorage; has a battery, an electric motor, a gasoline or other carbon-based\nfuel tank, and an internal combustion engine._\n\n_(9) Reliable. - A source of electricity that is not subject to intermittent\navailability and has a performance standard of eighty percent (80%) or greater\nand only falls below that level during routine maintenance or repairs._\n\n\"**_§ 62-361. Protecting electricity users reliability and availability._ **\n\n_(a) To cover the cost to provide sufficient additional dispatchable power, a\nfee shall be placed on all new EV and PHEV vehicle charging stations connected\nto the electric grid and all new EVs or PHEVs sold or licensed to operate in\nNorth Carolina. The fee is separate and apart from any fee levied on EVs or\nPHEVs for infrastructure construction and maintenance, and rather is dedicated\nto the construction of new dispatchable power supplies to meet expected\ndemand, without socializing the cost across all ratepayers._\n\n_(b) For charging stations installed and owned by the State, a fee shall be\nassessed to users of the charging station. The fee should be deposited into a\nfund designated for electrical grid maintenance and/or upgrade. A receipt\nshould be provided to the consumer noting the amount of the fee and its\npurpose._\n\n_(c) New data centers requiring dispatchable power will be responsible for its\nprovision, either by contracting directly with the local utility for the\nconstruction of dispatchable power with the approval for new power sources\nhaving to go through the usual regulatory process undertaken by the\nCommission, except for the price which will be negotiated between the utility\nand the source of the new demand, with safeguards so any cost overruns are not\nborne by ratepayers in general. Any excess power from the dedicated\ndispatchable source can be sold onto the broader grid at wholesale rates, with\nthe profits of those sales split between the utility and the demanding source,\nper their contract._\n\n_(d) If any state, or political subdivision thereof, provides economic\nincentives for the construction, opening, or operations of a new data center,\nthey shall enter into a memorandum of understanding or other similar\ninstrument regarding subsection (c) of this section such that failure or\nrefusal to meet the terms of the aforementioned memorandum of understanding,\nthe Commission is authorized to notify the relevant state and local agencies\nto commence proceedings to recoup the current cash value of the economic\nincentives from the parent company of the data center._\n\n_(e) If new data centers requiring dispatchable power cannot come to an\nagreement with the local utility to construct new dispatchable power, they may\nsubmit their own plan to the Commission for how they will develop and deliver\nthat power. Any dispatchable power source they construct and maintain will\nhave to comply with the same environmental, safety, and health regulations\npublic utilities operate under, and any excess power generated by the new\nsource, if connected to the grid, can be sold to a contracting utility at an\nagreed upon price._ \"\n\n**SECTION 2.** If any provision of this act or its application is held\ninvalid, the invalidity does not affect other provisions or applications of\nthis act that can be given effect without the invalid provisions or\napplication and, to this end, the provisions of this act are severable.\n\n**SECTION 3.** This act is effective when it becomes law.\n\nCopyright (C) 2025 State Net  \n  \n---\n\n",
      "latest_version": true
    }
  ]
}