{
  "bill_id": "ND2025000H1167",
  "source_url": "http://custom.statenet.com/public/resources.cgi?id=ID:bill:ND2025000H1167&cuiq=93d84396-c63b-526a-b152-38b7f79b4cfd&client_md=e4f6fea4-27b4-5d41-b7d3-766fe52569f0",
  "versions": [
    {
      "date": "01/09/2025",
      "label": "Introduced",
      "url": "https://custom.statenet.com/public/resources.cgi?mode=show_text&id=ID:bill:ND2025000H1167&verid=ND2025000H1167_20250109_0_I&",
      "raw_html": "<html>\n<head>\n<title>Bill Resource</title>\n\n<!--   <link href=\"https://custom.statenet.com/network/Common/css/extregtext.css\" rel=\"stylesheet\" type=\"text/css\" />-->\n   <link href=\"https://custom.statenet.com/network/Common/css/xmltext-2.0.css\" rel=\"stylesheet\" type=\"text/css\" />\n   <link href=\"https://custom.statenet.com/network/Common/css/additional-text.css\" rel=\"stylesheet\" type=\"text/css\" />\n\n\t<style type=\"text/css\">\n<!--\n\ntd, body {\n     background-color: white;\n\tfont-family: Verdana, Arial, Helvetica, sans-serif;\n\tfont-size: 12px;\n}\n\n.resourceContainer {\n   border: 1px solid black;\n}\n-->\n</style>\n</head>\n<body>\n\n    <div style=\"width: 750px; margin: auto\">\n       <div style=\"font-size: .8em;margin-bottom: 10px\"><table width=\"100%\"><tr><td align=\"left\" style=\"font-size: .8em;\"><div>The following has special meaning:</div>\n<div><u class=\"amendmentInsertedText\">green underline denotes added text</u></div>\n<div><strike class=\"amendmentDeletedText\">red struck out text denotes deleted text</strike></div></td> <td align=\"right\"><a href=\"https://www.lexisnexis.com/statenet/\"><img alt=\"Powered by State Net\" src=\"https://custom.statenet.com/network/poweredby.gif\" /></a></td></tr></table></div><table id=\"text-identifier\"><tr><td class=\"key\">2025 ND H 1167</td> <td><table><tr><td class=\"label\">Author:</td> <td>Warrey</td></tr> <tr><td class=\"label\">Version:</td> <td>Introduced</td></tr> <tr><td class=\"label\">Version Date:</td> <td>01/09/2025</td></tr></table></td></tr></table><div class=\"documentBody\">\n  <a name=\"head_document_section\"></a><div class=\"head\">\n   <p class=\"indent\">25.0529.02000 </p>\n   <p class=\"indent\">Sixty-ninth </p>\n   <p class=\"indent\">Legislative Assembly of North Dakota </p>\n   <p class=\"center\">\n    <b> HOUSE BILL NO. 1167 </b>\n   </p>\n   <p class=\"indent\">Introduced by Representatives Warrey, Bahl, Christianson, Christy, Dobervich, Vollmer </p>\n   <p class=\"indent\">Senators Meyer, Weber, Sickler </p>\n  </div>\n  <a name=\"code_document_section\"></a><div class=\"code\">\n   <p class=\"indent\">A BILL for an Act to create and enact a new section to chapter 16.1-10 of the North Dakota Century Code, relating to artificial intelligence disclosure statements. </p>\n  </div>\n  <a name=\"text_document_section\"></a><div class=\"text\">\n   <span>\n    <p class=\"indent\">\n     <b>BE IT ENACTED BY THE LEGISLATIVE ASSEMBLY OF NORTH DAKOTA: </b>\n    </p>\n   </span>\n   <p class=\"indent\">\n    <b>SECTION 1. </b>A new section to chapter 16.1-10 of the North Dakota Century Code is created and enacted as follows: </p>\n   <p class=\"indent\">\n    <u class=\"amendmentInsertedText\">\n     <b>Use of artificial intelligence - Disclosure - Definition. </b>\n    </u>\n   </p>\n   <p class=\"indent\">\n    <u class=\"amendmentInsertedText\">Any action taken for a political purpose, including communication and political advertising in support of or opposition to a candidate, political committee, or a political party, or for the purpose of promoting passage or defeat of initiated or referred measures or petitions, containing images, graphics, videos, audio, text, or other digital content created in whole or in part with the use of artificial intelligence, must prominently state the following disclaimer: &quot;This content generated by artificial intelligence.&quot; For purposes of this section, &quot;artificial intelligence&quot; means a machine-based system capable of creating images, graphics, videos, audio, text, and other digital content based on human defined objectives or data patterns. The term does not include systems that are explicitly programmed with rules. </u>\n   </p>\n  </div>\n </div>\n    </div>\t\n<table cellpadding=0 cellspacing=0 width=\"100%\">\n   <tr>\n      <td>\n          Copyright &copy; 2025 State Net\n      </td>\n<BR>\n<!--???MOVED INTO resources.cgi      <td align=\"right\">\n          <img src=\"https://custom.statenet.com/network/poweredby.gif\" alt=\"Powered by State Net\">\n      </td>-->\n\n    </tr>\n</table>\n</body></html>\n",
      "markdown": "The following has special meaning: _green underline denotes added text_ ~~red struck out text denotes deleted text~~ | [![Powered by State Net](https://custom.statenet.com/network/poweredby.gif)](https://www.lexisnexis.com/statenet/)  \n---|---  \n  \n2025 ND H 1167 | | Author: | Warrey  \n---|---  \nVersion: | Introduced  \nVersion Date: | 01/09/2025  \n  \n25.0529.02000\n\nSixty-ninth\n\nLegislative Assembly of North Dakota\n\n**HOUSE BILL NO. 1167**\n\nIntroduced by Representatives Warrey, Bahl, Christianson, Christy, Dobervich,\nVollmer\n\nSenators Meyer, Weber, Sickler\n\nA BILL for an Act to create and enact a new section to chapter 16.1-10 of the\nNorth Dakota Century Code, relating to artificial intelligence disclosure\nstatements.\n\n**BE IT ENACTED BY THE LEGISLATIVE ASSEMBLY OF NORTH DAKOTA:**\n\n**SECTION 1.** A new section to chapter 16.1-10 of the North Dakota Century\nCode is created and enacted as follows:\n\n_**Use of artificial intelligence - Disclosure - Definition.** _\n\n_Any action taken for a political purpose, including communication and\npolitical advertising in support of or opposition to a candidate, political\ncommittee, or a political party, or for the purpose of promoting passage or\ndefeat of initiated or referred measures or petitions, containing images,\ngraphics, videos, audio, text, or other digital content created in whole or in\npart with the use of artificial intelligence, must prominently state the\nfollowing disclaimer: \"This content generated by artificial intelligence.\" For\npurposes of this section, \"artificial intelligence\" means a machine-based\nsystem capable of creating images, graphics, videos, audio, text, and other\ndigital content based on human defined objectives or data patterns. The term\ndoes not include systems that are explicitly programmed with rules. _\n\nCopyright (C) 2025 State Net  \n  \n---\n\n",
      "latest_version": false
    },
    {
      "date": "02/18/2025",
      "label": "Engrossed",
      "url": "https://custom.statenet.com/public/resources.cgi?mode=show_text&id=ID:bill:ND2025000H1167&verid=ND2025000H1167_20250218_0_N&",
      "raw_html": "<html>\n<head>\n<title>Bill Resource</title>\n\n<!--   <link href=\"https://custom.statenet.com/network/Common/css/extregtext.css\" rel=\"stylesheet\" type=\"text/css\" />-->\n   <link href=\"https://custom.statenet.com/network/Common/css/xmltext-2.0.css\" rel=\"stylesheet\" type=\"text/css\" />\n   <link href=\"https://custom.statenet.com/network/Common/css/additional-text.css\" rel=\"stylesheet\" type=\"text/css\" />\n\n\t<style type=\"text/css\">\n<!--\n\ntd, body {\n     background-color: white;\n\tfont-family: Verdana, Arial, Helvetica, sans-serif;\n\tfont-size: 12px;\n}\n\n.resourceContainer {\n   border: 1px solid black;\n}\n-->\n</style>\n</head>\n<body>\n\n    <div style=\"width: 750px; margin: auto\">\n       <div style=\"font-size: .8em;margin-bottom: 10px\"><table width=\"100%\"><tr><td align=\"left\" style=\"font-size: .8em;\"><div>The following has special meaning:</div>\n<div><u class=\"amendmentInsertedText\">green underline denotes added text</u></div>\n<div><strike class=\"amendmentDeletedText\">red struck out text denotes deleted text</strike></div></td> <td align=\"right\"><a href=\"https://www.lexisnexis.com/statenet/\"><img alt=\"Powered by State Net\" src=\"https://custom.statenet.com/network/poweredby.gif\" /></a></td></tr></table></div><table id=\"text-identifier\"><tr><td class=\"key\">2025 ND H 1167</td> <td><table><tr><td class=\"label\">Author:</td> <td>Warrey</td></tr> <tr><td class=\"label\">Version:</td> <td>Engrossed</td></tr> <tr><td class=\"label\">Version Date:</td> <td>02/18/2025</td></tr></table></td></tr></table><div class=\"documentBody\">\n  <a name=\"head_document_section\"></a><div class=\"head\">\n   <p class=\"indent\">25.0529.03000 </p>\n   <p class=\"indent\">Sixty-ninth </p>\n   <p class=\"indent\">Legislative Assembly of North Dakota </p>\n   <p class=\"center\">\n    <b>FIRST ENGROSSMENT</b>\n   </p>\n   <p class=\"center\">\n    <b>ENGROSSED HOUSE BILL NO. 1167</b>\n   </p>\n   <p class=\"indent\">Introduced by Representatives Warrey, Bahl, Christianson, Christy, Dobervich, Vollmer </p>\n   <p class=\"indent\">Senators Meyer, Weber, Sickler </p>\n  </div>\n  <a name=\"code_document_section\"></a><div class=\"code\">\n   <p class=\"indent\">A BILL for an Act to create and enact a new section to chapter 16.1-10 of the North Dakota Century Code, relating to artificial intelligence disclosure statements. </p>\n  </div>\n  <a name=\"text_document_section\"></a><div class=\"text\">\n   <span>\n    <p class=\"indent\">\n     <b>BE IT ENACTED BY THE LEGISLATIVE ASSEMBLY OF NORTH DAKOTA: </b>\n    </p>\n   </span>\n   <p class=\"indent\">\n    <b>SECTION 1. </b>A new section to chapter 16.1-10 of the North Dakota Century Code is created and enacted as follows: </p>\n   <p class=\"indent\">\n    <u class=\"amendmentInsertedText\">\n     <b>Use of artificial intelligence - Disclosure - Exception - Definition. </b>\n    </u>\n   </p>\n   <p class=\"indent\">\n    <u class=\"amendmentInsertedText\">1. Any action taken for a political purpose, including communication and political advertising in support of or opposition to a candidate, political committee, or a political party, or for the purpose of promoting passage or defeat of initiated or referred measures or petitions, containing images, graphics, videos, audio, text, or other digital content created in whole or in part with the use of artificial intelligence to visually or audibly impersonate a human, prominently must state the following disclaimer: &quot;This content generated by artificial intelligence.&quot; </u>\n   </p>\n   <p class=\"indent\">\n    <u class=\"amendmentInsertedText\">2. This section does not apply to content solely using artificial intelligence for text generation, grammar correction, spelling checks, stylistic editing, or enhancing existing content without creating a new impersonation of human likeness or voice. </u>\n   </p>\n   <p class=\"indent\">\n    <u class=\"amendmentInsertedText\">3. For purposes of this section, &quot;artificial intelligence&quot; means a machine-based system capable of creating images, graphics, videos, audio, text, and other digital content based on human defined objectives or data patterns. The term does not include systems that are explicitly programmed with rules or tools solely designed to assist with grammar, spelling, or word suggestions without generating human likeness or voice. </u>\n   </p>\n  </div>\n </div>\n    </div>\t\n<table cellpadding=0 cellspacing=0 width=\"100%\">\n   <tr>\n      <td>\n          Copyright &copy; 2025 State Net\n      </td>\n<BR>\n<!--???MOVED INTO resources.cgi      <td align=\"right\">\n          <img src=\"https://custom.statenet.com/network/poweredby.gif\" alt=\"Powered by State Net\">\n      </td>-->\n\n    </tr>\n</table>\n</body></html>\n",
      "markdown": "The following has special meaning: _green underline denotes added text_ ~~red struck out text denotes deleted text~~ | [![Powered by State Net](https://custom.statenet.com/network/poweredby.gif)](https://www.lexisnexis.com/statenet/)  \n---|---  \n  \n2025 ND H 1167 | | Author: | Warrey  \n---|---  \nVersion: | Engrossed  \nVersion Date: | 02/18/2025  \n  \n25.0529.03000\n\nSixty-ninth\n\nLegislative Assembly of North Dakota\n\n**FIRST ENGROSSMENT**\n\n**ENGROSSED HOUSE BILL NO. 1167**\n\nIntroduced by Representatives Warrey, Bahl, Christianson, Christy, Dobervich,\nVollmer\n\nSenators Meyer, Weber, Sickler\n\nA BILL for an Act to create and enact a new section to chapter 16.1-10 of the\nNorth Dakota Century Code, relating to artificial intelligence disclosure\nstatements.\n\n**BE IT ENACTED BY THE LEGISLATIVE ASSEMBLY OF NORTH DAKOTA:**\n\n**SECTION 1.** A new section to chapter 16.1-10 of the North Dakota Century\nCode is created and enacted as follows:\n\n_**Use of artificial intelligence - Disclosure - Exception - Definition.** _\n\n_1\\. Any action taken for a political purpose, including communication and\npolitical advertising in support of or opposition to a candidate, political\ncommittee, or a political party, or for the purpose of promoting passage or\ndefeat of initiated or referred measures or petitions, containing images,\ngraphics, videos, audio, text, or other digital content created in whole or in\npart with the use of artificial intelligence to visually or audibly\nimpersonate a human, prominently must state the following disclaimer: \"This\ncontent generated by artificial intelligence.\" _\n\n_2\\. This section does not apply to content solely using artificial\nintelligence for text generation, grammar correction, spelling checks,\nstylistic editing, or enhancing existing content without creating a new\nimpersonation of human likeness or voice._\n\n_3\\. For purposes of this section, \"artificial intelligence\" means a machine-\nbased system capable of creating images, graphics, videos, audio, text, and\nother digital content based on human defined objectives or data patterns. The\nterm does not include systems that are explicitly programmed with rules or\ntools solely designed to assist with grammar, spelling, or word suggestions\nwithout generating human likeness or voice. _\n\nCopyright (C) 2025 State Net  \n  \n---\n\n",
      "latest_version": false
    },
    {
      "date": "03/17/2025",
      "label": "Reengrossed",
      "url": "https://custom.statenet.com/public/resources.cgi?mode=show_text&id=ID:bill:ND2025000H1167&verid=ND2025000H1167_20250317_0_RNG&",
      "raw_html": "<html>\n<head>\n<title>Bill Resource</title>\n\n<!--   <link href=\"https://custom.statenet.com/network/Common/css/extregtext.css\" rel=\"stylesheet\" type=\"text/css\" />-->\n   <link href=\"https://custom.statenet.com/network/Common/css/xmltext-2.0.css\" rel=\"stylesheet\" type=\"text/css\" />\n   <link href=\"https://custom.statenet.com/network/Common/css/additional-text.css\" rel=\"stylesheet\" type=\"text/css\" />\n\n\t<style type=\"text/css\">\n<!--\n\ntd, body {\n     background-color: white;\n\tfont-family: Verdana, Arial, Helvetica, sans-serif;\n\tfont-size: 12px;\n}\n\n.resourceContainer {\n   border: 1px solid black;\n}\n-->\n</style>\n</head>\n<body>\n\n    <div style=\"width: 750px; margin: auto\">\n       <div style=\"font-size: .8em;margin-bottom: 10px\"><table width=\"100%\"><tr><td align=\"left\" style=\"font-size: .8em;\"><div>The following has special meaning:</div>\n<div><u class=\"amendmentInsertedText\">green underline denotes added text</u></div>\n<div><strike class=\"amendmentDeletedText\">red struck out text denotes deleted text</strike></div></td> <td align=\"right\"><a href=\"https://www.lexisnexis.com/statenet/\"><img alt=\"Powered by State Net\" src=\"https://custom.statenet.com/network/poweredby.gif\" /></a></td></tr></table></div><table id=\"text-identifier\"><tr><td class=\"key\">2025 ND H 1167</td> <td><table><tr><td class=\"label\">Author:</td> <td>Warrey</td></tr> <tr><td class=\"label\">Version:</td> <td>Reengrossed</td></tr> <tr><td class=\"label\">Version Date:</td> <td>03/17/2025</td></tr></table></td></tr></table><div class=\"documentBody\">\n  <a name=\"head_document_section\"></a><div class=\"head\">\n   <p class=\"indent\">25.0529.04000</p>\n   <p class=\"center\">\n    <b>FIRST ENGROSSMENT</b>\n   </p>\n   <p class=\"center\">\n    <b>with Senate Amendments</b>\n   </p>\n   <p class=\"center\">\n    <b>ENGROSSED HOUSE BILL NO. 1167</b>\n   </p>\n   <p class=\"indent\">Sixty-ninth</p>\n   <p class=\"indent\">Legislative Assembly of North Dakota</p>\n   <p class=\"indent\">Introduced by Representatives Warrey, Bahl, Christianson, Christy, Dobervich, Vollmer </p>\n   <p class=\"indent\">Senators Meyer, Weber, Sickler</p>\n  </div>\n  <a name=\"code_document_section\"></a><div class=\"code\">\n   <p class=\"indent\">A BILL for an Act to create and enact a new section to chapter 16.1-10 of the North Dakota Century Code, relating to artificial intelligence disclosure statements.</p>\n  </div>\n  <a name=\"text_document_section\"></a><div class=\"text\">\n   <span>\n    <p class=\"indent\">\n     <b>BE IT ENACTED BY THE LEGISLATIVE ASSEMBLY OF NORTH DAKOTA:</b>\n    </p>\n   </span>\n   <p class=\"indent\">\n    <b>SECTION 1. </b>A new section to chapter 16.1-10 of the North Dakota Century Code is created and enacted as follows:</p>\n   <p class=\"indent\">\n    <u class=\"amendmentInsertedText\">\n     <b>Use of artificial intelligence - Disclosure - Exception - Definition.</b>\n    </u>\n   </p>\n   <p class=\"indent\">\n    <u class=\"amendmentInsertedText\">1. Any action taken for a political purpose, including communication and political advertising in support of or opposition to a candidate, political committee, or a political party, or for the purpose of promoting passage or defeat of initiated or referred measures or petitions, containing images, graphics, videos, audio, text, or other digital content created in whole or in part with the use of artificial intelligence to visually or audibly impersonate a human, prominently must state the following disclaimer: &quot; THIS CONTENT GENERATED BY ARTIFICIAL INTELLIGENCE.&quot;</u>\n   </p>\n   <p class=\"indent\">\n    <u class=\"amendmentInsertedText\">2. This section does not apply to content solely using artificial intelligence for text generation, grammar correction, spelling checks, stylistic editing, or enhancing existing content without creating a new impersonation of human likeness or voice.</u>\n   </p>\n   <p class=\"indent\">\n    <u class=\"amendmentInsertedText\">3. For purposes of this section, &quot;artificial intelligence&quot; means a machine-based system capable of creating images, graphics, videos, audio, text, and other digital content based on human defined objectives or data patterns. The term does not include systems that are explicitly programmed with rules or tools solely designed to assist with grammar, spelling, or word suggestions without generating human likeness or voice.</u>\n   </p>\n  </div>\n </div>\n    </div>\t\n<table cellpadding=0 cellspacing=0 width=\"100%\">\n   <tr>\n      <td>\n          Copyright &copy; 2025 State Net\n      </td>\n<BR>\n<!--???MOVED INTO resources.cgi      <td align=\"right\">\n          <img src=\"https://custom.statenet.com/network/poweredby.gif\" alt=\"Powered by State Net\">\n      </td>-->\n\n    </tr>\n</table>\n</body></html>\n",
      "markdown": "The following has special meaning: _green underline denotes added text_ ~~red struck out text denotes deleted text~~ | [![Powered by State Net](https://custom.statenet.com/network/poweredby.gif)](https://www.lexisnexis.com/statenet/)  \n---|---  \n  \n2025 ND H 1167 | | Author: | Warrey  \n---|---  \nVersion: | Reengrossed  \nVersion Date: | 03/17/2025  \n  \n25.0529.04000\n\n**FIRST ENGROSSMENT**\n\n**with Senate Amendments**\n\n**ENGROSSED HOUSE BILL NO. 1167**\n\nSixty-ninth\n\nLegislative Assembly of North Dakota\n\nIntroduced by Representatives Warrey, Bahl, Christianson, Christy, Dobervich,\nVollmer\n\nSenators Meyer, Weber, Sickler\n\nA BILL for an Act to create and enact a new section to chapter 16.1-10 of the\nNorth Dakota Century Code, relating to artificial intelligence disclosure\nstatements.\n\n**BE IT ENACTED BY THE LEGISLATIVE ASSEMBLY OF NORTH DAKOTA:**\n\n**SECTION 1.** A new section to chapter 16.1-10 of the North Dakota Century\nCode is created and enacted as follows:\n\n_**Use of artificial intelligence - Disclosure - Exception - Definition.** _\n\n_1\\. Any action taken for a political purpose, including communication and\npolitical advertising in support of or opposition to a candidate, political\ncommittee, or a political party, or for the purpose of promoting passage or\ndefeat of initiated or referred measures or petitions, containing images,\ngraphics, videos, audio, text, or other digital content created in whole or in\npart with the use of artificial intelligence to visually or audibly\nimpersonate a human, prominently must state the following disclaimer: \" THIS\nCONTENT GENERATED BY ARTIFICIAL INTELLIGENCE.\"_\n\n_2\\. This section does not apply to content solely using artificial\nintelligence for text generation, grammar correction, spelling checks,\nstylistic editing, or enhancing existing content without creating a new\nimpersonation of human likeness or voice._\n\n_3\\. For purposes of this section, \"artificial intelligence\" means a machine-\nbased system capable of creating images, graphics, videos, audio, text, and\nother digital content based on human defined objectives or data patterns. The\nterm does not include systems that are explicitly programmed with rules or\ntools solely designed to assist with grammar, spelling, or word suggestions\nwithout generating human likeness or voice._\n\nCopyright (C) 2025 State Net  \n  \n---\n\n",
      "latest_version": false
    },
    {
      "date": "04/02/2025",
      "label": "Enrolled",
      "url": "https://custom.statenet.com/public/resources.cgi?mode=show_text&id=ID:bill:ND2025000H1167&verid=ND2025000H1167_20250402_0_ENR&",
      "raw_html": "<html>\n<head>\n<title>Bill Resource</title>\n\n<!--   <link href=\"https://custom.statenet.com/network/Common/css/extregtext.css\" rel=\"stylesheet\" type=\"text/css\" />-->\n   <link href=\"https://custom.statenet.com/network/Common/css/xmltext-2.0.css\" rel=\"stylesheet\" type=\"text/css\" />\n   <link href=\"https://custom.statenet.com/network/Common/css/additional-text.css\" rel=\"stylesheet\" type=\"text/css\" />\n\n\t<style type=\"text/css\">\n<!--\n\ntd, body {\n     background-color: white;\n\tfont-family: Verdana, Arial, Helvetica, sans-serif;\n\tfont-size: 12px;\n}\n\n.resourceContainer {\n   border: 1px solid black;\n}\n-->\n</style>\n</head>\n<body>\n\n    <div style=\"width: 750px; margin: auto\">\n       <div style=\"font-size: .8em;margin-bottom: 10px\"><table width=\"100%\"><tr><td align=\"left\" style=\"font-size: .8em;\"><div>The following has special meaning:</div>\n<div><u class=\"amendmentInsertedText\">green underline denotes added text</u></div>\n<div><strike class=\"amendmentDeletedText\">red struck out text denotes deleted text</strike></div></td> <td align=\"right\"><a href=\"https://www.lexisnexis.com/statenet/\"><img alt=\"Powered by State Net\" src=\"https://custom.statenet.com/network/poweredby.gif\" /></a></td></tr></table></div><table id=\"text-identifier\"><tr><td class=\"key\">2025 ND H 1167</td> <td><table><tr><td class=\"label\">Author:</td> <td>Warrey</td></tr> <tr><td class=\"label\">Version:</td> <td>Enrolled</td></tr> <tr><td class=\"label\">Version Date:</td> <td>04/02/2025</td></tr></table></td></tr></table><div class=\"documentBody\">\n  <a name=\"head_document_section\"></a><div class=\"head\">\n   <p class=\"center\">\n    <b>Sixty-ninth Legislative Assembly of North Dakota</b>\n   </p>\n   <p class=\"center\">\n    <b>In Regular Session Commencing Tuesday, January 7, 2025</b>\n   </p>\n   <p class=\"center\">HOUSE BILL NO. 1167</p>\n   <p class=\"center\">(Representatives Warrey, Bahl, Christianson, Christy, Dobervich, Vollmer)</p>\n   <p class=\"center\">(Senators Meyer, Weber, Sickler)</p>\n  </div>\n  <a name=\"code_document_section\"></a><div class=\"code\">\n   <p class=\"indent\">AN ACT to create and enact a new section to chapter 16.1-10 of the North Dakota Century Code, relating to artificial intelligence disclosure statements.</p>\n  </div>\n  <a name=\"text_document_section\"></a><div class=\"text\">\n   <span>\n    <p class=\"indent\">\n     <b>BE IT ENACTED BY THE LEGISLATIVE ASSEMBLY OF NORTH DAKOTA:</b>\n    </p>\n   </span>\n   <p class=\"indent\">\n    <b>SECTION 1. </b>A new section to chapter 16.1-10 of the North Dakota Century Code is created and enacted as follows:</p>\n   <p class=\"indent\">\n    <u class=\"amendmentInsertedText\">\n     <b>Use of artificial intelligence - Disclosure - Exception - Definition.</b>\n    </u>\n   </p>\n   <p class=\"indent\">\n    <u class=\"amendmentInsertedText\">1. Any action taken for a political purpose, including communication and political advertising in support of or opposition to a candidate, political committee, or a political party, or for the purpose of promoting passage or defeat of initiated or referred measures or petitions, containing images, graphics, videos, audio, text, or other digital content created in whole or in part with the use of artificial intelligence to visually or audibly impersonate a human, prominently must state the following disclaimer: &quot;THIS CONTENT GENERATED BY ARTIFICIAL INTELLIGENCE.&quot;</u>\n   </p>\n   <p class=\"indent\">\n    <u class=\"amendmentInsertedText\">2. This section does not apply to content solely using artificial intelligence for text generation, grammar correction, spelling checks, stylistic editing, or enhancing existing content without creating a new impersonation of human likeness or voice.</u>\n   </p>\n   <p class=\"indent\">\n    <u class=\"amendmentInsertedText\">3. For purposes of this section, &quot;artificial intelligence&quot; means a machine-based system capable of creating images, graphics, videos, audio, text, and other digital content based on human-defined objectives or data patterns. The term does not include systems that are explicitly programmed with rules or tools solely designed to assist with grammar, spelling, or word suggestions without generating human likeness or voice.</u>\n   </p>\n  </div>\n </div>\n    </div>\t\n<table cellpadding=0 cellspacing=0 width=\"100%\">\n   <tr>\n      <td>\n          Copyright &copy; 2025 State Net\n      </td>\n<BR>\n<!--???MOVED INTO resources.cgi      <td align=\"right\">\n          <img src=\"https://custom.statenet.com/network/poweredby.gif\" alt=\"Powered by State Net\">\n      </td>-->\n\n    </tr>\n</table>\n</body></html>\n",
      "markdown": "The following has special meaning: _green underline denotes added text_ ~~red struck out text denotes deleted text~~ | [![Powered by State Net](https://custom.statenet.com/network/poweredby.gif)](https://www.lexisnexis.com/statenet/)  \n---|---  \n  \n2025 ND H 1167 | | Author: | Warrey  \n---|---  \nVersion: | Enrolled  \nVersion Date: | 04/02/2025  \n  \n**Sixty-ninth Legislative Assembly of North Dakota**\n\n**In Regular Session Commencing Tuesday, January 7, 2025**\n\nHOUSE BILL NO. 1167\n\n(Representatives Warrey, Bahl, Christianson, Christy, Dobervich, Vollmer)\n\n(Senators Meyer, Weber, Sickler)\n\nAN ACT to create and enact a new section to chapter 16.1-10 of the North\nDakota Century Code, relating to artificial intelligence disclosure\nstatements.\n\n**BE IT ENACTED BY THE LEGISLATIVE ASSEMBLY OF NORTH DAKOTA:**\n\n**SECTION 1.** A new section to chapter 16.1-10 of the North Dakota Century\nCode is created and enacted as follows:\n\n_**Use of artificial intelligence - Disclosure - Exception - Definition.** _\n\n_1\\. Any action taken for a political purpose, including communication and\npolitical advertising in support of or opposition to a candidate, political\ncommittee, or a political party, or for the purpose of promoting passage or\ndefeat of initiated or referred measures or petitions, containing images,\ngraphics, videos, audio, text, or other digital content created in whole or in\npart with the use of artificial intelligence to visually or audibly\nimpersonate a human, prominently must state the following disclaimer: \"THIS\nCONTENT GENERATED BY ARTIFICIAL INTELLIGENCE.\"_\n\n_2\\. This section does not apply to content solely using artificial\nintelligence for text generation, grammar correction, spelling checks,\nstylistic editing, or enhancing existing content without creating a new\nimpersonation of human likeness or voice._\n\n_3\\. For purposes of this section, \"artificial intelligence\" means a machine-\nbased system capable of creating images, graphics, videos, audio, text, and\nother digital content based on human-defined objectives or data patterns. The\nterm does not include systems that are explicitly programmed with rules or\ntools solely designed to assist with grammar, spelling, or word suggestions\nwithout generating human likeness or voice._\n\nCopyright (C) 2025 State Net  \n  \n---\n\n",
      "latest_version": false
    },
    {
      "date": "04/10/2025",
      "label": "Enacted",
      "url": "https://custom.statenet.com/public/resources.cgi?mode=show_text&id=ID:bill:ND2025000H1167&verid=ND2025000H1167_20250410_0_E&",
      "raw_html": "<html>\n<head>\n<title>Bill Resource</title>\n\n<!--   <link href=\"https://custom.statenet.com/network/Common/css/extregtext.css\" rel=\"stylesheet\" type=\"text/css\" />-->\n   <link href=\"https://custom.statenet.com/network/Common/css/xmltext-2.0.css\" rel=\"stylesheet\" type=\"text/css\" />\n   <link href=\"https://custom.statenet.com/network/Common/css/additional-text.css\" rel=\"stylesheet\" type=\"text/css\" />\n\n\t<style type=\"text/css\">\n<!--\n\ntd, body {\n     background-color: white;\n\tfont-family: Verdana, Arial, Helvetica, sans-serif;\n\tfont-size: 12px;\n}\n\n.resourceContainer {\n   border: 1px solid black;\n}\n-->\n</style>\n</head>\n<body>\n\n    <div style=\"width: 750px; margin: auto\">\n       <div style=\"font-size: .8em;margin-bottom: 10px\"><table width=\"100%\"><tr><td align=\"left\" style=\"font-size: .8em;\"><div>The following has special meaning:</div>\n<div><u class=\"amendmentInsertedText\">green underline denotes added text</u></div>\n<div><strike class=\"amendmentDeletedText\">red struck out text denotes deleted text</strike></div></td> <td align=\"right\"><a href=\"https://www.lexisnexis.com/statenet/\"><img alt=\"Powered by State Net\" src=\"https://custom.statenet.com/network/poweredby.gif\" /></a></td></tr></table></div><table id=\"text-identifier\"><tr><td class=\"key\">2025 ND H 1167</td> <td><table><tr><td class=\"label\">Author:</td> <td>Warrey</td></tr> <tr><td class=\"label\">Version:</td> <td>Enacted</td></tr> <tr><td class=\"label\">Version Date:</td> <td>04/10/2025</td></tr></table></td></tr></table><div class=\"documentBody\">\n  <a name=\"head_document_section\"></a><div class=\"head\">\n   <p class=\"center\">\n    <b>Sixty-ninth Legislative Assembly of North Dakota</b>\n   </p>\n   <p class=\"center\">\n    <b>In Regular Session Commencing Tuesday, January 7, 2025</b>\n   </p>\n   <p class=\"center\">HOUSE BILL NO. 1167</p>\n   <p class=\"center\">(Representatives Warrey, Bahl, Christianson, Christy, Dobervich, Vollmer)</p>\n   <p class=\"center\">(Senators Meyer, Weber, Sickler)</p>\n  </div>\n  <a name=\"code_document_section\"></a><div class=\"code\">\n   <p class=\"indent\">AN ACT to create and enact a new section to chapter 16.1-10 of the North Dakota Century Code, relating to artificial intelligence disclosure statements.</p>\n  </div>\n  <a name=\"text_document_section\"></a><div class=\"text\">\n   <span>\n    <p class=\"indent\">\n     <b>BE IT ENACTED BY THE LEGISLATIVE ASSEMBLY OF NORTH DAKOTA:</b>\n    </p>\n   </span>\n   <p class=\"indent\">\n    <b>SECTION 1. </b>A new section to chapter 16.1-10 of the North Dakota Century Code is created and enacted as follows:</p>\n   <a name=\"section-16.1-10-__-new\"></a><div title=\"Section: 16.1-10-__, Action: &quot;new&quot;\" class=\"sectionContent\">\n    <p class=\"indent\">\n     <u class=\"amendmentInsertedText\">\n      <b>Use of artificial intelligence - Disclosure - Exception - Definition.</b>\n     </u>\n    </p>\n    <p class=\"indent\">\n     <u class=\"amendmentInsertedText\">1. Any action taken for a political purpose, including communication and political advertising in support of or opposition to a candidate, political committee, or a political party, or for the purpose of promoting passage or defeat of initiated or referred measures or petitions, containing images, graphics, videos, audio, text, or other digital content created in whole or in part with the use of artificial intelligence to visually or audibly impersonate a human, prominently must state the following disclaimer: &quot;THIS CONTENT GENERATED BY ARTIFICIAL INTELLIGENCE.&quot;</u>\n    </p>\n    <p class=\"indent\">\n     <u class=\"amendmentInsertedText\">2. This section does not apply to content solely using artificial intelligence for text generation, grammar correction, spelling checks, stylistic editing, or enhancing existing content without creating a new impersonation of human likeness or voice.</u>\n    </p>\n    <p class=\"indent\">\n     <u class=\"amendmentInsertedText\">3. For purposes of this section, &quot;artificial intelligence&quot; means a machine-based system capable of creating images, graphics, videos, audio, text, and other digital content based on human-defined objectives or data patterns. The term does not include systems that are explicitly programmed with rules or tools solely designed to assist with grammar, spelling, or word suggestions without generating human likeness or voice.</u>\n    </p>\n   </div>\n  </div>\n </div>\n    </div>\t\n<table cellpadding=0 cellspacing=0 width=\"100%\">\n   <tr>\n      <td>\n          Copyright &copy; 2025 State Net\n      </td>\n<BR>\n<!--???MOVED INTO resources.cgi      <td align=\"right\">\n          <img src=\"https://custom.statenet.com/network/poweredby.gif\" alt=\"Powered by State Net\">\n      </td>-->\n\n    </tr>\n</table>\n</body></html>\n",
      "markdown": "The following has special meaning: _green underline denotes added text_ ~~red struck out text denotes deleted text~~ | [![Powered by State Net](https://custom.statenet.com/network/poweredby.gif)](https://www.lexisnexis.com/statenet/)  \n---|---  \n  \n2025 ND H 1167 | | Author: | Warrey  \n---|---  \nVersion: | Enacted  \nVersion Date: | 04/10/2025  \n  \n**Sixty-ninth Legislative Assembly of North Dakota**\n\n**In Regular Session Commencing Tuesday, January 7, 2025**\n\nHOUSE BILL NO. 1167\n\n(Representatives Warrey, Bahl, Christianson, Christy, Dobervich, Vollmer)\n\n(Senators Meyer, Weber, Sickler)\n\nAN ACT to create and enact a new section to chapter 16.1-10 of the North\nDakota Century Code, relating to artificial intelligence disclosure\nstatements.\n\n**BE IT ENACTED BY THE LEGISLATIVE ASSEMBLY OF NORTH DAKOTA:**\n\n**SECTION 1.** A new section to chapter 16.1-10 of the North Dakota Century\nCode is created and enacted as follows:\n\n_**Use of artificial intelligence - Disclosure - Exception - Definition.** _\n\n_1\\. Any action taken for a political purpose, including communication and\npolitical advertising in support of or opposition to a candidate, political\ncommittee, or a political party, or for the purpose of promoting passage or\ndefeat of initiated or referred measures or petitions, containing images,\ngraphics, videos, audio, text, or other digital content created in whole or in\npart with the use of artificial intelligence to visually or audibly\nimpersonate a human, prominently must state the following disclaimer: \"THIS\nCONTENT GENERATED BY ARTIFICIAL INTELLIGENCE.\"_\n\n_2\\. This section does not apply to content solely using artificial\nintelligence for text generation, grammar correction, spelling checks,\nstylistic editing, or enhancing existing content without creating a new\nimpersonation of human likeness or voice._\n\n_3\\. For purposes of this section, \"artificial intelligence\" means a machine-\nbased system capable of creating images, graphics, videos, audio, text, and\nother digital content based on human-defined objectives or data patterns. The\nterm does not include systems that are explicitly programmed with rules or\ntools solely designed to assist with grammar, spelling, or word suggestions\nwithout generating human likeness or voice._\n\nCopyright (C) 2025 State Net  \n  \n---\n\n",
      "latest_version": true
    }
  ]
}