{
  "bill_id": "ND2025000H1429",
  "source_url": "http://custom.statenet.com/public/resources.cgi?id=ID:bill:ND2025000H1429&cuiq=93d84396-c63b-526a-b152-38b7f79b4cfd&client_md=e4f6fea4-27b4-5d41-b7d3-766fe52569f0",
  "versions": [
    {
      "date": "01/13/2025",
      "label": "Introduced",
      "url": "https://custom.statenet.com/public/resources.cgi?mode=show_text&id=ID:bill:ND2025000H1429&verid=ND2025000H1429_20250113_0_I&",
      "raw_html": "<html>\n<head>\n<title>Bill Resource</title>\n\n<!--   <link href=\"https://custom.statenet.com/network/Common/css/extregtext.css\" rel=\"stylesheet\" type=\"text/css\" />-->\n   <link href=\"https://custom.statenet.com/network/Common/css/xmltext-2.0.css\" rel=\"stylesheet\" type=\"text/css\" />\n   <link href=\"https://custom.statenet.com/network/Common/css/additional-text.css\" rel=\"stylesheet\" type=\"text/css\" />\n\n\t<style type=\"text/css\">\n<!--\n\ntd, body {\n     background-color: white;\n\tfont-family: Verdana, Arial, Helvetica, sans-serif;\n\tfont-size: 12px;\n}\n\n.resourceContainer {\n   border: 1px solid black;\n}\n-->\n</style>\n</head>\n<body>\n\n    <div style=\"width: 750px; margin: auto\">\n       <div style=\"font-size: .8em;margin-bottom: 10px\"><table width=\"100%\"><tr><td align=\"left\" style=\"font-size: .8em;\"><div>The following has special meaning:</div>\n<div><u class=\"amendmentInsertedText\">green underline denotes added text</u></div>\n<div><strike class=\"amendmentDeletedText\">red struck out text denotes deleted text</strike></div></td> <td align=\"right\"><a href=\"https://www.lexisnexis.com/statenet/\"><img alt=\"Powered by State Net\" src=\"https://custom.statenet.com/network/poweredby.gif\" /></a></td></tr></table></div><table id=\"text-identifier\"><tr><td class=\"key\">2025 ND H 1429</td> <td><table><tr><td class=\"label\">Author:</td> <td>Holle</td></tr> <tr><td class=\"label\">Version:</td> <td>Introduced</td></tr> <tr><td class=\"label\">Version Date:</td> <td>01/13/2025</td></tr></table></td></tr></table><div class=\"documentBody\">\n  <a name=\"head_document_section\"></a><div class=\"head\">\n   <p class=\"indent\">25.0908.01000</p>\n   <p class=\"indent\">Sixty-ninth</p>\n   <p class=\"indent\">Legislative Assembly of North Dakota</p>\n   <p class=\"center\">\n    <b>HOUSE BILL NO. 1429</b>\n   </p>\n   <p class=\"indent\">Introduced by Representatives Holle, Dobervich, Headland, Henderson, Koppelman, Tveit, Brandenburg</p>\n   <p class=\"indent\">Senators Lemm, Magrum</p>\n  </div>\n  <a name=\"code_document_section\"></a><div class=\"code\">\n   <p class=\"indent\">A BILL for an Act to create and enact a new chapter to title 47 of the North Dakota Century Code, relating to remotely piloted aircraft flying over a homestead or secure farmstead, animal feeding, farming, ranching, or livestock operation area; and to provide a penalty.</p>\n  </div>\n  <a name=\"text_document_section\"></a><div class=\"text\">\n   <span>\n    <p class=\"indent\">\n     <b>BE IT ENACTED BY THE LEGISLATIVE ASSEMBLY OF NORTH DAKOTA:</b>\n    </p>\n   </span>\n   <p class=\"indent\">\n    <b>SECTION 1.</b>A new chapter to title 47 of the North Dakota Century Code is created and enacted as follows:</p>\n   <p class=\"indent\">\n    <u class=\"amendmentInsertedText\">\n     <b>Definitions.</b>\n    </u>\n   </p>\n   <p class=\"indent\">\n    <u class=\"amendmentInsertedText\">As used in this chapter:</u>\n   </p>\n   <p class=\"indent\">\n    <u class=\"amendmentInsertedText\">1. &quot;Animal feeding operation&quot; means a lot or facility at which:</u>\n   </p>\n   <p class=\"indent\">\n    <u class=\"amendmentInsertedText\">a. Animals, other than aquatic animals, have been, are, or will be stabled or confined and fed or maintained for a total of forty-five days or more in any twelve- month period; and</u>\n   </p>\n   <p class=\"indent\">\n    <u class=\"amendmentInsertedText\">b. Crops, vegetation, forage growth, or postharvest residues are not sustained in the normal growing season over any portion of the lot or facility.</u>\n   </p>\n   <p class=\"indent\">\n    <u class=\"amendmentInsertedText\">2. &quot;Farming&quot; or &quot;ranching&quot; means cultivating land for the production of agricultural crops or livestock, or raising, feeding, or producing livestock, poultry, milk, or fruit. The term does not include the:</u>\n   </p>\n   <p class=\"indent\">\n    <u class=\"amendmentInsertedText\">a. Production of timber or forest products; or</u>\n   </p>\n   <p class=\"indent\">\n    <u class=\"amendmentInsertedText\">b. Provision of grain harvesting or other farm services by a processor or distributor of farm products or supplies in accordance with the terms of a contract.</u>\n   </p>\n   <p class=\"indent\">\n    <u class=\"amendmentInsertedText\">3. &quot;Livestock&quot; includes beef cattle, dairy cattle, sheep, swine, poultry, horses, bison, elk, fur animals raised for their pelts, and any other animal raised, fed, or produced as a part of farming or ranching activities.</u>\n   </p>\n   <p class=\"indent\">\n    <u class=\"amendmentInsertedText\">\n     <b>Intrusion by remotely piloted aircraft.</b>\n    </u>\n   </p>\n   <p class=\"indent\">\n    <u class=\"amendmentInsertedText\">1. An individual commits intrusion by use of a remotely piloted aircraft if the individual knowingly controls the flight of a remotely piloted aircraft:</u>\n   </p>\n   <p class=\"indent\">\n    <u class=\"amendmentInsertedText\">a. Over a homestead, if the homestead is not owned or leased by the individual and the remotely piloted aircraft remains over the homestead.</u>\n   </p>\n   <p class=\"indent\">\n    <u class=\"amendmentInsertedText\">b. Over a secure farmstead area if the secure farm area is not owned or leased by the individual and the remotely piloted aircraft remains over the secure farmstead area.</u>\n   </p>\n   <p class=\"indent\">\n    <u class=\"amendmentInsertedText\">c. Over a secure animal feeding, farming, ranching, or livestock operation area, if the operation is not owned or leased by the individual and the remotely piloted aircraft remains over the secure operation area.</u>\n   </p>\n   <p class=\"indent\">\n    <u class=\"amendmentInsertedText\">2. An individual who violates this section is guilty of a class B misdemeanor. A second or subsequent offense under this section is a class A misdemeanor.</u>\n   </p>\n   <p class=\"indent\">\n    <u class=\"amendmentInsertedText\">\n     <b>Surveillance by remotely piloted aircraft.</b>\n    </u>\n   </p>\n   <p class=\"indent\">\n    <u class=\"amendmentInsertedText\">1. An individual commits surveillance use of a remotely piloted aircraft if the individual knowingly controls the flight of a remotely piloted aircraft equipped with a surveillance device:</u>\n   </p>\n   <p class=\"indent\">\n    <u class=\"amendmentInsertedText\">a. Over a homestead, if the homestead is not owned or leased by the individual and the remotely piloted aircraft remains over the homestead.</u>\n   </p>\n   <p class=\"indent\">\n    <u class=\"amendmentInsertedText\">b. Over a secure farmstead area, if the secure farmstead area is not owned or leased by the individual and the remotely piloted aircraft remains over the secure farmstead area.</u>\n   </p>\n   <p class=\"indent\">\n    <u class=\"amendmentInsertedText\">c. Over a secure animal feeding operation, or a secure farming, ranching, or livestock operation area, if the operation is not owned or leased by the individual and the remotely piloted aircraft remains over the secure operation area.</u>\n   </p>\n   <p class=\"indent\">\n    <u class=\"amendmentInsertedText\">2. An individual who violates this section is guilty of a class A misdemeanor.</u>\n   </p>\n   <p class=\"indent\">\n    <u class=\"amendmentInsertedText\">\n     <b>Exceptions - Intrusion and surveillance.</b>\n    </u>\n   </p>\n   <p class=\"indent\">\n    <u class=\"amendmentInsertedText\">This chapter does not apply to an individual controlling a remotely piloted aircraft:</u>\n   </p>\n   <p class=\"indent\">\n    <u class=\"amendmentInsertedText\">1. With the consent of the owner of the homestead or secure farmstead, animal feeding operation, farming, ranching, or livestock operation area.</u>\n   </p>\n   <p class=\"indent\">\n    <u class=\"amendmentInsertedText\">2. For a reasonable commercial or agricultural purpose in compliance with federal aviation administration regulations, authorizations, or exemptions.</u>\n   </p>\n   <p class=\"indent\">\n    <u class=\"amendmentInsertedText\">3. For the purpose of collecting weather or climate information.</u>\n   </p>\n   <p class=\"indent\">\n    <u class=\"amendmentInsertedText\">4. Over four hundred feet from the earth&#39;s surface.</u>\n   </p>\n   <p class=\"indent\">\n    <u class=\"amendmentInsertedText\">5. On behalf of any state, political subdivision, or federal government entity with authority established under state or federal law.</u>\n   </p>\n   <p class=\"indent\">\n    <u class=\"amendmentInsertedText\">6. On behalf of a public utility as defined under section 49 - 01 - 01.</u>\n   </p>\n  </div>\n </div>\n    </div>\t\n<table cellpadding=0 cellspacing=0 width=\"100%\">\n   <tr>\n      <td>\n          Copyright &copy; 2025 State Net\n      </td>\n<BR>\n<!--???MOVED INTO resources.cgi      <td align=\"right\">\n          <img src=\"https://custom.statenet.com/network/poweredby.gif\" alt=\"Powered by State Net\">\n      </td>-->\n\n    </tr>\n</table>\n</body></html>\n",
      "markdown": "The following has special meaning: _green underline denotes added text_ ~~red struck out text denotes deleted text~~ | [![Powered by State Net](https://custom.statenet.com/network/poweredby.gif)](https://www.lexisnexis.com/statenet/)  \n---|---  \n  \n2025 ND H 1429 | | Author: | Holle  \n---|---  \nVersion: | Introduced  \nVersion Date: | 01/13/2025  \n  \n25.0908.01000\n\nSixty-ninth\n\nLegislative Assembly of North Dakota\n\n**HOUSE BILL NO. 1429**\n\nIntroduced by Representatives Holle, Dobervich, Headland, Henderson,\nKoppelman, Tveit, Brandenburg\n\nSenators Lemm, Magrum\n\nA BILL for an Act to create and enact a new chapter to title 47 of the North\nDakota Century Code, relating to remotely piloted aircraft flying over a\nhomestead or secure farmstead, animal feeding, farming, ranching, or livestock\noperation area; and to provide a penalty.\n\n**BE IT ENACTED BY THE LEGISLATIVE ASSEMBLY OF NORTH DAKOTA:**\n\n**SECTION 1.** A new chapter to title 47 of the North Dakota Century Code is\ncreated and enacted as follows:\n\n_**Definitions.** _\n\n_As used in this chapter:_\n\n_1. \"Animal feeding operation\" means a lot or facility at which:_\n\n_a. Animals, other than aquatic animals, have been, are, or will be stabled or\nconfined and fed or maintained for a total of forty-five days or more in any\ntwelve- month period; and_\n\n_b. Crops, vegetation, forage growth, or postharvest residues are not\nsustained in the normal growing season over any portion of the lot or\nfacility._\n\n_2. \"Farming\" or \"ranching\" means cultivating land for the production of\nagricultural crops or livestock, or raising, feeding, or producing livestock,\npoultry, milk, or fruit. The term does not include the:_\n\n_a. Production of timber or forest products; or_\n\n_b. Provision of grain harvesting or other farm services by a processor or\ndistributor of farm products or supplies in accordance with the terms of a\ncontract._\n\n_3. \"Livestock\" includes beef cattle, dairy cattle, sheep, swine, poultry,\nhorses, bison, elk, fur animals raised for their pelts, and any other animal\nraised, fed, or produced as a part of farming or ranching activities._\n\n_**Intrusion by remotely piloted aircraft.** _\n\n_1\\. An individual commits intrusion by use of a remotely piloted aircraft if\nthe individual knowingly controls the flight of a remotely piloted aircraft:_\n\n_a. Over a homestead, if the homestead is not owned or leased by the\nindividual and the remotely piloted aircraft remains over the homestead._\n\n_b. Over a secure farmstead area if the secure farm area is not owned or\nleased by the individual and the remotely piloted aircraft remains over the\nsecure farmstead area._\n\n_c. Over a secure animal feeding, farming, ranching, or livestock operation\narea, if the operation is not owned or leased by the individual and the\nremotely piloted aircraft remains over the secure operation area._\n\n_2\\. An individual who violates this section is guilty of a class B\nmisdemeanor. A second or subsequent offense under this section is a class A\nmisdemeanor._\n\n_**Surveillance by remotely piloted aircraft.** _\n\n_1\\. An individual commits surveillance use of a remotely piloted aircraft if\nthe individual knowingly controls the flight of a remotely piloted aircraft\nequipped with a surveillance device:_\n\n_a. Over a homestead, if the homestead is not owned or leased by the\nindividual and the remotely piloted aircraft remains over the homestead._\n\n_b. Over a secure farmstead area, if the secure farmstead area is not owned or\nleased by the individual and the remotely piloted aircraft remains over the\nsecure farmstead area._\n\n_c. Over a secure animal feeding operation, or a secure farming, ranching, or\nlivestock operation area, if the operation is not owned or leased by the\nindividual and the remotely piloted aircraft remains over the secure operation\narea._\n\n_2\\. An individual who violates this section is guilty of a class A\nmisdemeanor._\n\n_**Exceptions - Intrusion and surveillance.** _\n\n_This chapter does not apply to an individual controlling a remotely piloted\naircraft:_\n\n_1\\. With the consent of the owner of the homestead or secure farmstead,\nanimal feeding operation, farming, ranching, or livestock operation area._\n\n_2\\. For a reasonable commercial or agricultural purpose in compliance with\nfederal aviation administration regulations, authorizations, or exemptions._\n\n_3\\. For the purpose of collecting weather or climate information._\n\n_4\\. Over four hundred feet from the earth 's surface._\n\n_5\\. On behalf of any state, political subdivision, or federal government\nentity with authority established under state or federal law._\n\n_6\\. On behalf of a public utility as defined under section 49 - 01 - 01._\n\nCopyright (C) 2025 State Net  \n  \n---\n\n",
      "latest_version": false
    },
    {
      "date": "02/21/2025",
      "label": "Engrossed",
      "url": "https://custom.statenet.com/public/resources.cgi?mode=show_text&id=ID:bill:ND2025000H1429&verid=ND2025000H1429_20250221_0_N&",
      "raw_html": "<html>\n<head>\n<title>Bill Resource</title>\n\n<!--   <link href=\"https://custom.statenet.com/network/Common/css/extregtext.css\" rel=\"stylesheet\" type=\"text/css\" />-->\n   <link href=\"https://custom.statenet.com/network/Common/css/xmltext-2.0.css\" rel=\"stylesheet\" type=\"text/css\" />\n   <link href=\"https://custom.statenet.com/network/Common/css/additional-text.css\" rel=\"stylesheet\" type=\"text/css\" />\n\n\t<style type=\"text/css\">\n<!--\n\ntd, body {\n     background-color: white;\n\tfont-family: Verdana, Arial, Helvetica, sans-serif;\n\tfont-size: 12px;\n}\n\n.resourceContainer {\n   border: 1px solid black;\n}\n-->\n</style>\n</head>\n<body>\n\n    <div style=\"width: 750px; margin: auto\">\n       <div style=\"font-size: .8em;margin-bottom: 10px\"><table width=\"100%\"><tr><td align=\"left\" style=\"font-size: .8em;\"><div>The following has special meaning:</div>\n<div><u class=\"amendmentInsertedText\">green underline denotes added text</u></div>\n<div><strike class=\"amendmentDeletedText\">red struck out text denotes deleted text</strike></div></td> <td align=\"right\"><a href=\"https://www.lexisnexis.com/statenet/\"><img alt=\"Powered by State Net\" src=\"https://custom.statenet.com/network/poweredby.gif\" /></a></td></tr></table></div><table id=\"text-identifier\"><tr><td class=\"key\">2025 ND H 1429</td> <td><table><tr><td class=\"label\">Author:</td> <td>Holle</td></tr> <tr><td class=\"label\">Version:</td> <td>Engrossed</td></tr> <tr><td class=\"label\">Version Date:</td> <td>02/21/2025</td></tr></table></td></tr></table><div class=\"documentBody\">\n  <a name=\"head_document_section\"></a><div class=\"head\">\n   <p class=\"indent\">25.0908.02000</p>\n   <p class=\"indent\">Sixty-ninth</p>\n   <p class=\"indent\">Legislative Assembly of North Dakota</p>\n   <p class=\"center\">\n    <b>FIRST ENGROSSMENT</b>\n   </p>\n   <p class=\"center\">\n    <b>ENGROSSED HOUSE BILL NO. 1429</b>\n   </p>\n   <p class=\"indent\">Introduced by Representatives Holle, Dobervich, Headland, Henderson, Koppelman, Tveit, Brandenburg</p>\n   <p class=\"indent\">Senators Lemm, Magrum</p>\n  </div>\n  <a name=\"code_document_section\"></a><div class=\"code\">\n   <p class=\"indent\">A BILL for an Act to create and enact a new chapter to title 12.1 of the North Dakota Century Code, relating to surveillance and animal harassment with a robot; and to provide a penalty.</p>\n  </div>\n  <a name=\"text_document_section\"></a><div class=\"text\">\n   <span>\n    <p class=\"indent\">\n     <b>BE IT ENACTED BY THE LEGISLATIVE ASSEMBLY OF NORTH DAKOTA: </b>\n    </p>\n   </span>\n   <p class=\"indent\">\n    <b>SECTION 1. </b>A new chapter to title 12.1 of the North Dakota Century Code is created and enacted as follows:</p>\n   <p class=\"indent\">\n    <u class=\"amendmentInsertedText\">\n     <b>Definitions. </b>\n    </u>\n   </p>\n   <p class=\"indent\">\n    <u class=\"amendmentInsertedText\">As used in this chapter:</u>\n   </p>\n   <p class=\"indent\">\n    <u class=\"amendmentInsertedText\">1. &quot;Harass&quot; means engaging in behavior that annoys, threatens, or intimidates an animal, causing a change in behavior due to stress or perceived harm.</u>\n   </p>\n   <p class=\"indent\">\n    <u class=\"amendmentInsertedText\">2. &quot;Livestock&quot; includes beef cattle, dairy cattle, sheep, swine, poultry, horses, bison, elk, fur animals raised for their pelts, and any other animals that are raised, fed, or produced as a part of farming or ranching activities.</u>\n   </p>\n   <p class=\"indent\">\n    <u class=\"amendmentInsertedText\">3. &quot;Robot&quot; means an artificial object or system that senses, processes, and acts using technology, including the associated elements, communication links, and artificial intelligence. The term includes remotely piloted aircraft.</u>\n   </p>\n   <p class=\"indent\">\n    <u class=\"amendmentInsertedText\">\n     <b>Surveillance by robot - Penalty. </b>\n    </u>\n   </p>\n   <p class=\"indent\">\n    <u class=\"amendmentInsertedText\">1. An individual may not use a robot to:</u>\n   </p>\n   <p class=\"indent\">\n    <u class=\"amendmentInsertedText\">a. Conduct surveillance of another individual, a residence occupied by another individual, or any private real property, whether owned or rented.</u>\n   </p>\n   <p class=\"indent\">\n    <u class=\"amendmentInsertedText\">b. Photograph another individual under circumstances in which that individual has a reasonable expectation of privacy.</u>\n   </p>\n   <p class=\"indent\">\n    <u class=\"amendmentInsertedText\">2. This section does not apply to:</u>\n   </p>\n   <p class=\"indent\">\n    <u class=\"amendmentInsertedText\">a. Law enforcement activity in accordance with chapter 29-29.4.</u>\n   </p>\n   <p class=\"indent\">\n    <u class=\"amendmentInsertedText\">b. Surveillance conducted in accordance with the exceptions under section 29-29.4-04.</u>\n   </p>\n   <p class=\"indent\">\n    <u class=\"amendmentInsertedText\">c. An individual conducting surveillance or photographing another individual or another individual&#39;s real property, whether owned or rented, with that individual&#39;s consent.</u>\n   </p>\n   <p class=\"indent\">\n    <u class=\"amendmentInsertedText\">d. An individual photographing an event open to the public.</u>\n   </p>\n   <p class=\"indent\">\n    <u class=\"amendmentInsertedText\">3. An individual who violates this section is guilty of a class A misdemeanor.</u>\n   </p>\n   <p class=\"indent\">\n    <u class=\"amendmentInsertedText\">\n     <b>Harassment by robot - Livestock and wildlife - Penalty. </b>\n    </u>\n   </p>\n   <p class=\"indent\">\n    <u class=\"amendmentInsertedText\">1. An individual may not intentionally or recklessly harass livestock with a robot. An individual who violates this subsection is guilty of a class B misdemeanor.</u>\n   </p>\n   <p class=\"indent\">\n    <u class=\"amendmentInsertedText\">2. An individual who harasses livestock with a robot, causing physical injury or death to livestock, is guilty of a class A misdemeanor.</u>\n   </p>\n   <p class=\"indent\">\n    <u class=\"amendmentInsertedText\">3. An individual may not intentionally harass wildlife with a robot. An individual who violates this subsection is guilty of a class B misdemeanor.</u>\n   </p>\n  </div>\n </div>\n    </div>\t\n<table cellpadding=0 cellspacing=0 width=\"100%\">\n   <tr>\n      <td>\n          Copyright &copy; 2025 State Net\n      </td>\n<BR>\n<!--???MOVED INTO resources.cgi      <td align=\"right\">\n          <img src=\"https://custom.statenet.com/network/poweredby.gif\" alt=\"Powered by State Net\">\n      </td>-->\n\n    </tr>\n</table>\n</body></html>\n",
      "markdown": "The following has special meaning: _green underline denotes added text_ ~~red struck out text denotes deleted text~~ | [![Powered by State Net](https://custom.statenet.com/network/poweredby.gif)](https://www.lexisnexis.com/statenet/)  \n---|---  \n  \n2025 ND H 1429 | | Author: | Holle  \n---|---  \nVersion: | Engrossed  \nVersion Date: | 02/21/2025  \n  \n25.0908.02000\n\nSixty-ninth\n\nLegislative Assembly of North Dakota\n\n**FIRST ENGROSSMENT**\n\n**ENGROSSED HOUSE BILL NO. 1429**\n\nIntroduced by Representatives Holle, Dobervich, Headland, Henderson,\nKoppelman, Tveit, Brandenburg\n\nSenators Lemm, Magrum\n\nA BILL for an Act to create and enact a new chapter to title 12.1 of the North\nDakota Century Code, relating to surveillance and animal harassment with a\nrobot; and to provide a penalty.\n\n**BE IT ENACTED BY THE LEGISLATIVE ASSEMBLY OF NORTH DAKOTA:**\n\n**SECTION 1.** A new chapter to title 12.1 of the North Dakota Century Code is\ncreated and enacted as follows:\n\n_**Definitions.** _\n\n_As used in this chapter:_\n\n_1. \"Harass\" means engaging in behavior that annoys, threatens, or intimidates\nan animal, causing a change in behavior due to stress or perceived harm._\n\n_2. \"Livestock\" includes beef cattle, dairy cattle, sheep, swine, poultry,\nhorses, bison, elk, fur animals raised for their pelts, and any other animals\nthat are raised, fed, or produced as a part of farming or ranching\nactivities._\n\n_3. \"Robot\" means an artificial object or system that senses, processes, and\nacts using technology, including the associated elements, communication links,\nand artificial intelligence. The term includes remotely piloted aircraft._\n\n_**Surveillance by robot - Penalty.** _\n\n_1\\. An individual may not use a robot to:_\n\n_a. Conduct surveillance of another individual, a residence occupied by\nanother individual, or any private real property, whether owned or rented._\n\n_b. Photograph another individual under circumstances in which that individual\nhas a reasonable expectation of privacy._\n\n_2\\. This section does not apply to:_\n\n_a. Law enforcement activity in accordance with chapter 29-29.4._\n\n_b. Surveillance conducted in accordance with the exceptions under section\n29-29.4-04._\n\n_c. An individual conducting surveillance or photographing another individual\nor another individual 's real property, whether owned or rented, with that\nindividual's consent._\n\n_d. An individual photographing an event open to the public._\n\n_3\\. An individual who violates this section is guilty of a class A\nmisdemeanor._\n\n_**Harassment by robot - Livestock and wildlife - Penalty.** _\n\n_1\\. An individual may not intentionally or recklessly harass livestock with a\nrobot. An individual who violates this subsection is guilty of a class B\nmisdemeanor._\n\n_2\\. An individual who harasses livestock with a robot, causing physical\ninjury or death to livestock, is guilty of a class A misdemeanor._\n\n_3\\. An individual may not intentionally harass wildlife with a robot. An\nindividual who violates this subsection is guilty of a class B misdemeanor._\n\nCopyright (C) 2025 State Net  \n  \n---\n\n",
      "latest_version": false
    },
    {
      "date": "04/02/2025",
      "label": "Reengrossed",
      "url": "https://custom.statenet.com/public/resources.cgi?mode=show_text&id=ID:bill:ND2025000H1429&verid=ND2025000H1429_20250402_0_RNG&",
      "raw_html": "<html>\n<head>\n<title>Bill Resource</title>\n\n<!--   <link href=\"https://custom.statenet.com/network/Common/css/extregtext.css\" rel=\"stylesheet\" type=\"text/css\" />-->\n   <link href=\"https://custom.statenet.com/network/Common/css/xmltext-2.0.css\" rel=\"stylesheet\" type=\"text/css\" />\n   <link href=\"https://custom.statenet.com/network/Common/css/additional-text.css\" rel=\"stylesheet\" type=\"text/css\" />\n\n\t<style type=\"text/css\">\n<!--\n\ntd, body {\n     background-color: white;\n\tfont-family: Verdana, Arial, Helvetica, sans-serif;\n\tfont-size: 12px;\n}\n\n.resourceContainer {\n   border: 1px solid black;\n}\n-->\n</style>\n</head>\n<body>\n\n    <div style=\"width: 750px; margin: auto\">\n       <div style=\"font-size: .8em;margin-bottom: 10px\"><table width=\"100%\"><tr><td align=\"left\" style=\"font-size: .8em;\"><div>The following has special meaning:</div>\n<div><u class=\"amendmentInsertedText\">green underline denotes added text</u></div>\n<div><strike class=\"amendmentDeletedText\">red struck out text denotes deleted text</strike></div></td> <td align=\"right\"><a href=\"https://www.lexisnexis.com/statenet/\"><img alt=\"Powered by State Net\" src=\"https://custom.statenet.com/network/poweredby.gif\" /></a></td></tr></table></div><table id=\"text-identifier\"><tr><td class=\"key\">2025 ND H 1429</td> <td><table><tr><td class=\"label\">Author:</td> <td>Holle</td></tr> <tr><td class=\"label\">Version:</td> <td>Reengrossed</td></tr> <tr><td class=\"label\">Version Date:</td> <td>04/02/2025</td></tr></table></td></tr></table><div class=\"documentBody\">\n  <a name=\"head_document_section\"></a><div class=\"head\">\n   <p class=\"indent\">25.0908.03000</p>\n   <p class=\"center\">\n    <b>FIRST ENGROSSMENT</b>\n   </p>\n   <p class=\"center\">\n    <b>with Senate Amendments</b>\n   </p>\n   <p class=\"center\">\n    <b>ENGROSSED HOUSE BILL NO. 1429</b>\n   </p>\n   <p class=\"indent\">Sixty-ninth </p>\n   <p class=\"indent\">Legislative Assembly of North Dakota </p>\n   <p class=\"indent\">Introduced by </p>\n   <p class=\"indent\">Representatives Holle, Dobervich, Headland, Henderson, Koppelman, Tveit, Brandenburg </p>\n   <p class=\"indent\">Senators Lemm, Magrum </p>\n  </div>\n  <a name=\"code_document_section\"></a><div class=\"code\">\n   <p class=\"indent\">A BILL for an Act to amend and reenact sections 12.1-17-07 and 12.1-17-07.1 of the North Dakota Century Code, relating to harassment and stalking with a robot; and to provide a penalty. </p>\n  </div>\n  <a name=\"text_document_section\"></a><div class=\"text\">\n   <span>\n    <p class=\"indent\">\n     <b>BE IT ENACTED BY THE LEGISLATIVE ASSEMBLY OF NORTH DAKOTA: </b>\n    </p>\n   </span>\n   <p class=\"indent\">\n    <b>SECTION 1. AMENDMENT. </b> Section 12.1-17-07 of the North Dakota Century Code is amended and reenacted as follows: </p>\n   <p class=\"indent\">\n    <b>12.1-17-07. Harassment. </b>\n   </p>\n   <p class=\"indent\">1. <u class=\"amendmentInsertedText\">As used in this section &quot;robot&quot; means an artificial object or system that senses, processes, and acts using technology, including the associated elements, communication links, and artificial intelligence. The term includes remotely piloted aircraft.</u>\n   </p>\n   <p class=\"indent\">\n    <u class=\"amendmentInsertedText\">2.</u> A person is guilty of an offense if, with intent to frighten or harass another, the person: </p>\n   <p class=\"indent\">a. Communicates in writing or by electronic communication a threat to inflict injury on any person, to any person&#39;s reputation, or to any property; </p>\n   <p class=\"indent\">b. Makes a telephone call anonymously or in offensively coarse language; </p>\n   <p class=\"indent\">c. Makes repeated telephone calls or other electronic communication, whether or not a conversation ensues, with no purpose of legitimate communication; <strike class=\"amendmentDeletedText\">or</strike>\n   </p>\n   <p class=\"indent\">d. Communicates a falsehood in writing or by electronic communication and causes mental anguish<u class=\"amendmentInsertedText\">; or</u>\n   </p>\n   <p class=\"indent\">\n    <u class=\"amendmentInsertedText\">e. Uses a robot to engage in offensive conduct with no legitimate purpose</u>. </p>\n   <p class=\"indent\">\n    <strike class=\"amendmentDeletedText\">2.</strike>\n    <u class=\"amendmentInsertedText\">3.</u> The offense is a class A misdemeanor if it is under subdivision a of subsection 1 or subsection 4. Otherwise it is a class B misdemeanor. </p>\n   <p class=\"indent\">\n    <strike class=\"amendmentDeletedText\">3.</strike>\n    <u class=\"amendmentInsertedText\">4.</u> Any offense defined herein and committed by use of electronic communication may be deemed to have been committed at either the place at which the electronic communication was made or at the place where the electronic communication was received. </p>\n   <p class=\"indent\">\n    <strike class=\"amendmentDeletedText\">4.</strike>\n    <u class=\"amendmentInsertedText\">5.</u> A person is guilty of an offense if the person initiates communication with a 911 emergency line, public safety answering point, or an emergency responder communication system with the intent to annoy or harass another person or a public safety agency or who makes a false report to a public safety agency. </p>\n   <p class=\"indent\">a. Intent to annoy or harass is established by proof of one or more calls with no legitimate emergency purpose. </p>\n   <p class=\"indent\">b. Upon conviction of a violation of this subsection, a person is also liable for all costs incurred by any unnecessary emergency response. </p>\n   <p class=\"indent\">\n    <strike class=\"amendmentDeletedText\">5.</strike>\n    <u class=\"amendmentInsertedText\">6.</u> Any offense defined herein is deemed communicated in writing if it is transmitted electronically, by electronic mail, facsimile, or other similar means. Electronic communication means transfer of signs, signals, writing, images, sounds, data, or intelligence of any nature transmitted in whole or in part by a wire, radio, electromagnetic, photo-electronic, or photo-optical system. </p>\n   <p class=\"indent\">\n    <b>SECTION 2. AMENDMENT. </b> Section 12.1-17-07.1 of the North Dakota Century Code is amended and reenacted as follows: </p>\n   <p class=\"indent\">\n    <b>12.1-17-07.1. Stalking. </b>\n   </p>\n   <p class=\"indent\">1. As used in this section: </p>\n   <p class=\"indent\">a. &quot;Course of conduct&quot; means a pattern of conduct consisting of two or more acts evidencing a continuity of purpose. <u class=\"amendmentInsertedText\">The term includes an act conducted with a robot in the direct control of the person.</u> The term does not include constitutionally protected activity. </p>\n   <p class=\"indent\">b. &quot;Immediate family&quot; means a spouse, parent, child, or sibling. The term also includes any other individual who regularly resides in the household or who within the prior six months regularly resided in the household. </p>\n   <p class=\"indent\">c. <u class=\"amendmentInsertedText\">&quot;Robot&quot; means an artificial object or system that senses, processes, and acts using technology, including the associated elements, communication links, and artificial intelligence. The term includes remotely piloted aircraft.</u>\n   </p>\n   <p class=\"indent\">\n    <u class=\"amendmentInsertedText\">d.</u> &quot;Stalk&quot; means: </p>\n   <p class=\"indent\">(1) To engage in an intentional course of conduct directed at a specific person which frightens, intimidates, or harasses that person and which serves no legitimate purpose. The course of conduct may be directed toward that person or a member of that person&#39;s immediate family and must cause a reasonable person to experience fear, intimidation, or harassment; or </p>\n   <p class=\"indent\">(2) The unauthorized tracking of the person&#39;s movements or location through the use of a global positioning system<u class=\"amendmentInsertedText\">, robot,</u> or other electronic means that would cause a reasonable person to be frightened, intimidated, or harassed and which serves no legitimate purpose. </p>\n   <p class=\"indent\">2. A person may not intentionally stalk another person. </p>\n   <p class=\"indent\">3. In any prosecution under this section, it is not a defense that the actor was not given actual notice that the person did not want the actor to contact or follow the person; nor is it a defense that the actor did not intend to frighten, intimidate, or harass the person. </p>\n   <p class=\"indent\">An attempt to contact or follow a person after being given actual notice that the person does not want to be contacted or followed is prima facie evidence that the actor intends to stalk that person. </p>\n   <p class=\"indent\">4. In any prosecution under this section, it is a defense that a private investigator licensed under chapter 43-30 or a peace officer licensed under chapter 12-63 was acting within the scope of employment. </p>\n   <p class=\"indent\">5. If a person claims to have been engaged in a constitutionally protected activity, the court shall determine the validity of the claim as a matter of law and, if found valid, shall exclude evidence of the activity. </p>\n   <p class=\"indent\">6. a. A person who violates this section is guilty of a class C felony if: </p>\n   <p class=\"indent\">(1) The person previously has been convicted of violating section 12.1-17-01, 12.1-17-01.1, 12.1-17-01.2, 12.1-17-02, 12.1-17-04, 12.1-17-05, or 12.1-17-07, or a similar offense from another court in North Dakota, a court of record in the United States, or a tribal court, involving the victim of the stalking; </p>\n   <p class=\"indent\">(2) The stalking violates a court order issued under chapter 14-07.1 protecting the victim of the stalking, if the person had notice of the court order; or </p>\n   <p class=\"indent\">(3) The person previously has been convicted of violating this section. </p>\n   <p class=\"indent\">b. If subdivision a does not apply, a person who violates this section is guilty of a class A misdemeanor. </p>\n  </div>\n </div>\n    </div>\t\n<table cellpadding=0 cellspacing=0 width=\"100%\">\n   <tr>\n      <td>\n          Copyright &copy; 2025 State Net\n      </td>\n<BR>\n<!--???MOVED INTO resources.cgi      <td align=\"right\">\n          <img src=\"https://custom.statenet.com/network/poweredby.gif\" alt=\"Powered by State Net\">\n      </td>-->\n\n    </tr>\n</table>\n</body></html>\n",
      "markdown": "The following has special meaning: _green underline denotes added text_ ~~red struck out text denotes deleted text~~ | [![Powered by State Net](https://custom.statenet.com/network/poweredby.gif)](https://www.lexisnexis.com/statenet/)  \n---|---  \n  \n2025 ND H 1429 | | Author: | Holle  \n---|---  \nVersion: | Reengrossed  \nVersion Date: | 04/02/2025  \n  \n25.0908.03000\n\n**FIRST ENGROSSMENT**\n\n**with Senate Amendments**\n\n**ENGROSSED HOUSE BILL NO. 1429**\n\nSixty-ninth\n\nLegislative Assembly of North Dakota\n\nIntroduced by\n\nRepresentatives Holle, Dobervich, Headland, Henderson, Koppelman, Tveit,\nBrandenburg\n\nSenators Lemm, Magrum\n\nA BILL for an Act to amend and reenact sections 12.1-17-07 and 12.1-17-07.1 of\nthe North Dakota Century Code, relating to harassment and stalking with a\nrobot; and to provide a penalty.\n\n**BE IT ENACTED BY THE LEGISLATIVE ASSEMBLY OF NORTH DAKOTA:**\n\n**SECTION 1. AMENDMENT.** Section 12.1-17-07 of the North Dakota Century Code\nis amended and reenacted as follows:\n\n**12.1-17-07. Harassment.**\n\n1\\. _As used in this section \"robot\" means an artificial object or system that\nsenses, processes, and acts using technology, including the associated\nelements, communication links, and artificial intelligence. The term includes\nremotely piloted aircraft._\n\n_2._ A person is guilty of an offense if, with intent to frighten or harass\nanother, the person:\n\na. Communicates in writing or by electronic communication a threat to inflict\ninjury on any person, to any person's reputation, or to any property;\n\nb. Makes a telephone call anonymously or in offensively coarse language;\n\nc. Makes repeated telephone calls or other electronic communication, whether\nor not a conversation ensues, with no purpose of legitimate communication;\n~~or~~\n\nd. Communicates a falsehood in writing or by electronic communication and\ncauses mental anguish _; or_\n\n_e. Uses a robot to engage in offensive conduct with no legitimate purpose_.\n\n~~2.~~ _3._ The offense is a class A misdemeanor if it is under subdivision a\nof subsection 1 or subsection 4. Otherwise it is a class B misdemeanor.\n\n~~3.~~ _4._ Any offense defined herein and committed by use of electronic\ncommunication may be deemed to have been committed at either the place at\nwhich the electronic communication was made or at the place where the\nelectronic communication was received.\n\n~~4.~~ _5._ A person is guilty of an offense if the person initiates\ncommunication with a 911 emergency line, public safety answering point, or an\nemergency responder communication system with the intent to annoy or harass\nanother person or a public safety agency or who makes a false report to a\npublic safety agency.\n\na. Intent to annoy or harass is established by proof of one or more calls with\nno legitimate emergency purpose.\n\nb. Upon conviction of a violation of this subsection, a person is also liable\nfor all costs incurred by any unnecessary emergency response.\n\n~~5.~~ _6._ Any offense defined herein is deemed communicated in writing if it\nis transmitted electronically, by electronic mail, facsimile, or other similar\nmeans. Electronic communication means transfer of signs, signals, writing,\nimages, sounds, data, or intelligence of any nature transmitted in whole or in\npart by a wire, radio, electromagnetic, photo-electronic, or photo-optical\nsystem.\n\n**SECTION 2. AMENDMENT.** Section 12.1-17-07.1 of the North Dakota Century\nCode is amended and reenacted as follows:\n\n**12.1-17-07.1. Stalking.**\n\n1\\. As used in this section:\n\na. \"Course of conduct\" means a pattern of conduct consisting of two or more\nacts evidencing a continuity of purpose. _The term includes an act conducted\nwith a robot in the direct control of the person._ The term does not include\nconstitutionally protected activity.\n\nb. \"Immediate family\" means a spouse, parent, child, or sibling. The term also\nincludes any other individual who regularly resides in the household or who\nwithin the prior six months regularly resided in the household.\n\nc. _\" Robot\" means an artificial object or system that senses, processes, and\nacts using technology, including the associated elements, communication links,\nand artificial intelligence. The term includes remotely piloted aircraft._\n\n_d._ \"Stalk\" means:\n\n(1) To engage in an intentional course of conduct directed at a specific\nperson which frightens, intimidates, or harasses that person and which serves\nno legitimate purpose. The course of conduct may be directed toward that\nperson or a member of that person's immediate family and must cause a\nreasonable person to experience fear, intimidation, or harassment; or\n\n(2) The unauthorized tracking of the person's movements or location through\nthe use of a global positioning system _, robot,_ or other electronic means\nthat would cause a reasonable person to be frightened, intimidated, or\nharassed and which serves no legitimate purpose.\n\n2\\. A person may not intentionally stalk another person.\n\n3\\. In any prosecution under this section, it is not a defense that the actor\nwas not given actual notice that the person did not want the actor to contact\nor follow the person; nor is it a defense that the actor did not intend to\nfrighten, intimidate, or harass the person.\n\nAn attempt to contact or follow a person after being given actual notice that\nthe person does not want to be contacted or followed is prima facie evidence\nthat the actor intends to stalk that person.\n\n4\\. In any prosecution under this section, it is a defense that a private\ninvestigator licensed under chapter 43-30 or a peace officer licensed under\nchapter 12-63 was acting within the scope of employment.\n\n5\\. If a person claims to have been engaged in a constitutionally protected\nactivity, the court shall determine the validity of the claim as a matter of\nlaw and, if found valid, shall exclude evidence of the activity.\n\n6\\. a. A person who violates this section is guilty of a class C felony if:\n\n(1) The person previously has been convicted of violating section 12.1-17-01,\n12.1-17-01.1, 12.1-17-01.2, 12.1-17-02, 12.1-17-04, 12.1-17-05, or 12.1-17-07,\nor a similar offense from another court in North Dakota, a court of record in\nthe United States, or a tribal court, involving the victim of the stalking;\n\n(2) The stalking violates a court order issued under chapter 14-07.1\nprotecting the victim of the stalking, if the person had notice of the court\norder; or\n\n(3) The person previously has been convicted of violating this section.\n\nb. If subdivision a does not apply, a person who violates this section is\nguilty of a class A misdemeanor.\n\nCopyright (C) 2025 State Net  \n  \n---\n\n",
      "latest_version": false
    },
    {
      "date": "04/15/2025",
      "label": "Enrolled",
      "url": "https://custom.statenet.com/public/resources.cgi?mode=show_text&id=ID:bill:ND2025000H1429&verid=ND2025000H1429_20250415_0_ENR&",
      "raw_html": "<html>\n<head>\n<title>Bill Resource</title>\n\n<!--   <link href=\"https://custom.statenet.com/network/Common/css/extregtext.css\" rel=\"stylesheet\" type=\"text/css\" />-->\n   <link href=\"https://custom.statenet.com/network/Common/css/xmltext-2.0.css\" rel=\"stylesheet\" type=\"text/css\" />\n   <link href=\"https://custom.statenet.com/network/Common/css/additional-text.css\" rel=\"stylesheet\" type=\"text/css\" />\n\n\t<style type=\"text/css\">\n<!--\n\ntd, body {\n     background-color: white;\n\tfont-family: Verdana, Arial, Helvetica, sans-serif;\n\tfont-size: 12px;\n}\n\n.resourceContainer {\n   border: 1px solid black;\n}\n-->\n</style>\n</head>\n<body>\n\n    <div style=\"width: 750px; margin: auto\">\n       <div style=\"font-size: .8em;margin-bottom: 10px\"><table width=\"100%\"><tr><td align=\"left\" style=\"font-size: .8em;\"><div>The following has special meaning:</div>\n<div><u class=\"amendmentInsertedText\">green underline denotes added text</u></div>\n<div><strike class=\"amendmentDeletedText\">red struck out text denotes deleted text</strike></div></td> <td align=\"right\"><a href=\"https://www.lexisnexis.com/statenet/\"><img alt=\"Powered by State Net\" src=\"https://custom.statenet.com/network/poweredby.gif\" /></a></td></tr></table></div><table id=\"text-identifier\"><tr><td class=\"key\">2025 ND H 1429</td> <td><table><tr><td class=\"label\">Author:</td> <td>Holle</td></tr> <tr><td class=\"label\">Version:</td> <td>Enrolled</td></tr> <tr><td class=\"label\">Version Date:</td> <td>04/15/2025</td></tr></table></td></tr></table><div class=\"documentBody\">\n  <a name=\"head_document_section\"></a><div class=\"head\">\n   <p class=\"center\">\n    <b>Sixty-ninth Legislative Assembly of North Dakota</b>\n   </p>\n   <p class=\"center\">\n    <b>In Regular Session Commencing Tuesday, January 7, 2025</b>\n   </p>\n   <p class=\"center\">\n    <b>HOUSE BILL NO. 1429</b>\n   </p>\n   <p class=\"center\">(Representatives Holle, Dobervich, Headland, Henderson, Koppelman, Tveit, Brandenburg)</p>\n   <p class=\"center\">(Senators Lemm, Magrum)</p>\n  </div>\n  <a name=\"code_document_section\"></a><div class=\"code\">\n   <p class=\"indent\">AN ACT to amend and reenact sections 12.1-17-07 and 12.1-17-07.1 of the North Dakota Century Code, relating to harassment and stalking with a robot; and to provide a penalty.</p>\n  </div>\n  <a name=\"text_document_section\"></a><div class=\"text\">\n   <span>\n    <p class=\"indent\">\n     <b>BE IT ENACTED BY THE LEGISLATIVE ASSEMBLY OF NORTH DAKOTA:</b>\n    </p>\n   </span>\n   <p class=\"indent\">\n    <b>SECTION 1. AMENDMENT. </b> Section 12.1-17-07 of the North Dakota Century Code is amended and reenacted as follows:</p>\n   <p class=\"indent\">\n    <b>12.1-17-07. Harassment.</b>\n   </p>\n   <p class=\"indent\">1. <u class=\"amendmentInsertedText\">As used in this section &quot;robot&quot; means an artificial object or system that senses, processes, and acts using technology, including the associated elements, communication links, and artificial intelligence. The term includes remotely piloted aircraft.</u>\n   </p>\n   <p class=\"indent\">\n    <u class=\"amendmentInsertedText\">2.</u> A person is guilty of an offense if, with intent to frighten or harass another, the person:</p>\n   <p class=\"indent\">a. Communicates in writing or by electronic communication a threat to inflict injury on any person, to any person&#39;s reputation, or to any property;</p>\n   <p class=\"indent\">b. Makes a telephone call anonymously or in offensively coarse language;</p>\n   <p class=\"indent\">c. Makes repeated telephone calls or other electronic communication, whether or not a conversation ensues, with no purpose of legitimate communication; <strike class=\"amendmentDeletedText\">or</strike>\n   </p>\n   <p class=\"indent\">d. Communicates a falsehood in writing or by electronic communication and causes mental anguish<u class=\"amendmentInsertedText\">; or</u>\n   </p>\n   <p class=\"indent\">\n    <u class=\"amendmentInsertedText\">e. Uses a robot to engage in offensive conduct with no legitimate purpose</u>.</p>\n   <p class=\"indent\">\n    <strike class=\"amendmentDeletedText\">2.</strike>\n    <u class=\"amendmentInsertedText\">3.</u> The offense is a class A misdemeanor if it is under subdivision a of subsection 1 or subsection 4. Otherwise it is a class B misdemeanor.</p>\n   <p class=\"indent\">\n    <strike class=\"amendmentDeletedText\">3.</strike>\n    <u class=\"amendmentInsertedText\">4.</u> Any offense defined herein and committed by use of electronic communication may be deemed to have been committed at either the place at which the electronic communication was made or at the place where the electronic communication was received.</p>\n   <p class=\"indent\">\n    <strike class=\"amendmentDeletedText\">4.</strike>\n    <u class=\"amendmentInsertedText\">5.</u> A person is guilty of an offense if the person initiates communication with a 911 emergency line, public safety answering point, or an emergency responder communication system with the intent to annoy or harass another person or a public safety agency or who makes a false report to a public safety agency.</p>\n   <p class=\"indent\">a. Intent to annoy or harass is established by proof of one or more calls with no legitimate emergency purpose.</p>\n   <p class=\"indent\">b. Upon conviction of a violation of this subsection, a person is also liable for all costs incurred by any unnecessary emergency response.</p>\n   <p class=\"indent\">\n    <strike class=\"amendmentDeletedText\">5.</strike>\n    <u class=\"amendmentInsertedText\">6.</u> Any offense defined herein is deemed communicated in writing if it is transmitted electronically, by electronic mail, facsimile, or other similar means. Electronic communication means transfer of signs, signals, writing, images, sounds, data, or intelligence of any nature transmitted in whole or in part by a wire, radio, electromagnetic, photo-electronic, or photo-optical system.</p>\n   <p class=\"indent\">\n    <b>SECTION 2. AMENDMENT. </b> Section 12.1-17-07.1 of the North Dakota Century Code is amended and reenacted as follows:</p>\n   <p class=\"indent\">\n    <b>12.1-17-07.1. Stalking.</b>\n   </p>\n   <p class=\"indent\">1. As used in this section:</p>\n   <p class=\"indent\">a. &quot;Course of conduct&quot; means a pattern of conduct consisting of two or more acts evidencing a continuity of purpose. <u class=\"amendmentInsertedText\">The term includes an act conducted with a robot in the direct control of the person.</u> The term does not include constitutionally protected activity.</p>\n   <p class=\"indent\">b. &quot;Immediate family&quot; means a spouse, parent, child, or sibling. The term also includes any other individual who regularly resides in the household or who within the prior six months regularly resided in the household.</p>\n   <p class=\"indent\">c. <u class=\"amendmentInsertedText\">&quot;Robot&quot; means an artificial object or system that senses, processes, and acts using technology, including the associated elements, communication links, and artificial intelligence. The term includes remotely piloted aircraft.</u>\n   </p>\n   <p class=\"indent\">\n    <u class=\"amendmentInsertedText\">d.</u> &quot;Stalk&quot; means:</p>\n   <p class=\"indent\">(1) To engage in an intentional course of conduct directed at a specific person which frightens, intimidates, or harasses that person and which serves no legitimate purpose. The course of conduct may be directed toward that person or a member of that person&#39;s immediate family and must cause a reasonable person to experience fear, intimidation, or harassment; or</p>\n   <p class=\"indent\">(2) The unauthorized tracking of the person&#39;s movements or location through the use of a global positioning system<u class=\"amendmentInsertedText\">, robot,</u> or other electronic means that would cause a reasonable person to be frightened, intimidated, or harassed and which serves no legitimate purpose.</p>\n   <p class=\"indent\">2. A person may not intentionally stalk another person.</p>\n   <p class=\"indent\">3. In any prosecution under this section, it is not a defense that the actor was not given actual notice that the person did not want the actor to contact or follow the person; nor is it a defense that the actor did not intend to frighten, intimidate, or harass the person. An attempt to contact or follow a person after being given actual notice that the person does not want to be contacted or followed is prima facie evidence that the actor intends to stalk that person.</p>\n   <p class=\"indent\">4. In any prosecution under this section, it is a defense that a private investigator licensed under chapter 43-30 or a peace officer licensed under chapter 12-63 was acting within the scope of employment.</p>\n   <p class=\"indent\">5. If a person claims to have been engaged in a constitutionally protected activity, the court shall determine the validity of the claim as a matter of law and, if found valid, shall exclude evidence of the activity.</p>\n   <p class=\"indent\">6. a. A person who violates this section is guilty of a class C felony if:</p>\n   <p class=\"indent\">(1) The person previously has been convicted of violating section 12.1-17-01, 12.1-17-01.1, 12.1-17-01.2, 12.1-17-02, 12.1-17-04, 12.1-17-05, or 12.1-17-07, or a similar offense from another court in North Dakota, a court of record in the United States, or a tribal court, involving the victim of the stalking;</p>\n   <p class=\"indent\">(2) The stalking violates a court order issued under chapter 14-07.1 protecting the victim of the stalking, if the person had notice of the court order; or</p>\n   <p class=\"indent\">(3) The person previously has been convicted of violating this section.</p>\n   <p class=\"indent\">b. If subdivision a does not apply, a person who violates this section is guilty of a class A misdemeanor.</p>\n  </div>\n </div>\n    </div>\t\n<table cellpadding=0 cellspacing=0 width=\"100%\">\n   <tr>\n      <td>\n          Copyright &copy; 2025 State Net\n      </td>\n<BR>\n<!--???MOVED INTO resources.cgi      <td align=\"right\">\n          <img src=\"https://custom.statenet.com/network/poweredby.gif\" alt=\"Powered by State Net\">\n      </td>-->\n\n    </tr>\n</table>\n</body></html>\n",
      "markdown": "The following has special meaning: _green underline denotes added text_ ~~red struck out text denotes deleted text~~ | [![Powered by State Net](https://custom.statenet.com/network/poweredby.gif)](https://www.lexisnexis.com/statenet/)  \n---|---  \n  \n2025 ND H 1429 | | Author: | Holle  \n---|---  \nVersion: | Enrolled  \nVersion Date: | 04/15/2025  \n  \n**Sixty-ninth Legislative Assembly of North Dakota**\n\n**In Regular Session Commencing Tuesday, January 7, 2025**\n\n**HOUSE BILL NO. 1429**\n\n(Representatives Holle, Dobervich, Headland, Henderson, Koppelman, Tveit,\nBrandenburg)\n\n(Senators Lemm, Magrum)\n\nAN ACT to amend and reenact sections 12.1-17-07 and 12.1-17-07.1 of the North\nDakota Century Code, relating to harassment and stalking with a robot; and to\nprovide a penalty.\n\n**BE IT ENACTED BY THE LEGISLATIVE ASSEMBLY OF NORTH DAKOTA:**\n\n**SECTION 1. AMENDMENT.** Section 12.1-17-07 of the North Dakota Century Code\nis amended and reenacted as follows:\n\n**12.1-17-07. Harassment.**\n\n1\\. _As used in this section \"robot\" means an artificial object or system that\nsenses, processes, and acts using technology, including the associated\nelements, communication links, and artificial intelligence. The term includes\nremotely piloted aircraft._\n\n_2._ A person is guilty of an offense if, with intent to frighten or harass\nanother, the person:\n\na. Communicates in writing or by electronic communication a threat to inflict\ninjury on any person, to any person's reputation, or to any property;\n\nb. Makes a telephone call anonymously or in offensively coarse language;\n\nc. Makes repeated telephone calls or other electronic communication, whether\nor not a conversation ensues, with no purpose of legitimate communication;\n~~or~~\n\nd. Communicates a falsehood in writing or by electronic communication and\ncauses mental anguish _; or_\n\n_e. Uses a robot to engage in offensive conduct with no legitimate purpose_.\n\n~~2.~~ _3._ The offense is a class A misdemeanor if it is under subdivision a\nof subsection 1 or subsection 4. Otherwise it is a class B misdemeanor.\n\n~~3.~~ _4._ Any offense defined herein and committed by use of electronic\ncommunication may be deemed to have been committed at either the place at\nwhich the electronic communication was made or at the place where the\nelectronic communication was received.\n\n~~4.~~ _5._ A person is guilty of an offense if the person initiates\ncommunication with a 911 emergency line, public safety answering point, or an\nemergency responder communication system with the intent to annoy or harass\nanother person or a public safety agency or who makes a false report to a\npublic safety agency.\n\na. Intent to annoy or harass is established by proof of one or more calls with\nno legitimate emergency purpose.\n\nb. Upon conviction of a violation of this subsection, a person is also liable\nfor all costs incurred by any unnecessary emergency response.\n\n~~5.~~ _6._ Any offense defined herein is deemed communicated in writing if it\nis transmitted electronically, by electronic mail, facsimile, or other similar\nmeans. Electronic communication means transfer of signs, signals, writing,\nimages, sounds, data, or intelligence of any nature transmitted in whole or in\npart by a wire, radio, electromagnetic, photo-electronic, or photo-optical\nsystem.\n\n**SECTION 2. AMENDMENT.** Section 12.1-17-07.1 of the North Dakota Century\nCode is amended and reenacted as follows:\n\n**12.1-17-07.1. Stalking.**\n\n1\\. As used in this section:\n\na. \"Course of conduct\" means a pattern of conduct consisting of two or more\nacts evidencing a continuity of purpose. _The term includes an act conducted\nwith a robot in the direct control of the person._ The term does not include\nconstitutionally protected activity.\n\nb. \"Immediate family\" means a spouse, parent, child, or sibling. The term also\nincludes any other individual who regularly resides in the household or who\nwithin the prior six months regularly resided in the household.\n\nc. _\" Robot\" means an artificial object or system that senses, processes, and\nacts using technology, including the associated elements, communication links,\nand artificial intelligence. The term includes remotely piloted aircraft._\n\n_d._ \"Stalk\" means:\n\n(1) To engage in an intentional course of conduct directed at a specific\nperson which frightens, intimidates, or harasses that person and which serves\nno legitimate purpose. The course of conduct may be directed toward that\nperson or a member of that person's immediate family and must cause a\nreasonable person to experience fear, intimidation, or harassment; or\n\n(2) The unauthorized tracking of the person's movements or location through\nthe use of a global positioning system _, robot,_ or other electronic means\nthat would cause a reasonable person to be frightened, intimidated, or\nharassed and which serves no legitimate purpose.\n\n2\\. A person may not intentionally stalk another person.\n\n3\\. In any prosecution under this section, it is not a defense that the actor\nwas not given actual notice that the person did not want the actor to contact\nor follow the person; nor is it a defense that the actor did not intend to\nfrighten, intimidate, or harass the person. An attempt to contact or follow a\nperson after being given actual notice that the person does not want to be\ncontacted or followed is prima facie evidence that the actor intends to stalk\nthat person.\n\n4\\. In any prosecution under this section, it is a defense that a private\ninvestigator licensed under chapter 43-30 or a peace officer licensed under\nchapter 12-63 was acting within the scope of employment.\n\n5\\. If a person claims to have been engaged in a constitutionally protected\nactivity, the court shall determine the validity of the claim as a matter of\nlaw and, if found valid, shall exclude evidence of the activity.\n\n6\\. a. A person who violates this section is guilty of a class C felony if:\n\n(1) The person previously has been convicted of violating section 12.1-17-01,\n12.1-17-01.1, 12.1-17-01.2, 12.1-17-02, 12.1-17-04, 12.1-17-05, or 12.1-17-07,\nor a similar offense from another court in North Dakota, a court of record in\nthe United States, or a tribal court, involving the victim of the stalking;\n\n(2) The stalking violates a court order issued under chapter 14-07.1\nprotecting the victim of the stalking, if the person had notice of the court\norder; or\n\n(3) The person previously has been convicted of violating this section.\n\nb. If subdivision a does not apply, a person who violates this section is\nguilty of a class A misdemeanor.\n\nCopyright (C) 2025 State Net  \n  \n---\n\n",
      "latest_version": false
    },
    {
      "date": "04/21/2025",
      "label": "Enacted",
      "url": "https://custom.statenet.com/public/resources.cgi?mode=show_text&id=ID:bill:ND2025000H1429&verid=ND2025000H1429_20250421_0_E&",
      "raw_html": "<html>\n<head>\n<title>Bill Resource</title>\n\n<!--   <link href=\"https://custom.statenet.com/network/Common/css/extregtext.css\" rel=\"stylesheet\" type=\"text/css\" />-->\n   <link href=\"https://custom.statenet.com/network/Common/css/xmltext-2.0.css\" rel=\"stylesheet\" type=\"text/css\" />\n   <link href=\"https://custom.statenet.com/network/Common/css/additional-text.css\" rel=\"stylesheet\" type=\"text/css\" />\n\n\t<style type=\"text/css\">\n<!--\n\ntd, body {\n     background-color: white;\n\tfont-family: Verdana, Arial, Helvetica, sans-serif;\n\tfont-size: 12px;\n}\n\n.resourceContainer {\n   border: 1px solid black;\n}\n-->\n</style>\n</head>\n<body>\n\n    <div style=\"width: 750px; margin: auto\">\n       <div style=\"font-size: .8em;margin-bottom: 10px\"><table width=\"100%\"><tr><td align=\"left\" style=\"font-size: .8em;\"><div>The following has special meaning:</div>\n<div><u class=\"amendmentInsertedText\">green underline denotes added text</u></div>\n<div><strike class=\"amendmentDeletedText\">red struck out text denotes deleted text</strike></div></td> <td align=\"right\"><a href=\"https://www.lexisnexis.com/statenet/\"><img alt=\"Powered by State Net\" src=\"https://custom.statenet.com/network/poweredby.gif\" /></a></td></tr></table></div><table id=\"text-identifier\"><tr><td class=\"key\">2025 ND H 1429</td> <td><table><tr><td class=\"label\">Author:</td> <td>Holle</td></tr> <tr><td class=\"label\">Version:</td> <td>Enacted</td></tr> <tr><td class=\"label\">Version Date:</td> <td>04/21/2025</td></tr></table></td></tr></table><div class=\"documentBody\">\n  <a name=\"head_document_section\"></a><div class=\"head\">\n   <p class=\"center\">\n    <b>Sixty-ninth Legislative Assembly of North Dakota</b>\n   </p>\n   <p class=\"center\">\n    <b>In Regular Session Commencing Tuesday, January 7, 2025</b>\n   </p>\n   <p class=\"center\">\n    <b>HOUSE BILL NO. 1429</b>\n   </p>\n   <p class=\"center\">(Representatives Holle, Dobervich, Headland, Henderson, Koppelman, Tveit, Brandenburg)</p>\n   <p class=\"center\">(Senators Lemm, Magrum)</p>\n  </div>\n  <a name=\"code_document_section\"></a><div class=\"code\">\n   <p class=\"indent\">AN ACT to amend and reenact sections 12.1-17-07 and 12.1-17-07.1 of the North Dakota Century Code, relating to harassment and stalking with a robot; and to provide a penalty.</p>\n  </div>\n  <a name=\"text_document_section\"></a><div class=\"text\">\n   <span>\n    <p class=\"indent\">\n     <b>BE IT ENACTED BY THE LEGISLATIVE ASSEMBLY OF NORTH DAKOTA:</b>\n    </p>\n   </span>\n   <p class=\"indent\">\n    <b>SECTION 1. AMENDMENT. </b> Section 12.1-17-07 of the North Dakota Century Code is amended and reenacted as follows:</p>\n   <a name=\"section-12.1-17-07-amended\"></a><div title=\"Section: 12.1-17-07, Action: &quot;amended&quot;\" class=\"sectionContent\">\n    <p class=\"indent\">\n     <b>12.1-17-07. Harassment.</b>\n    </p>\n    <p class=\"indent\">1. <u class=\"amendmentInsertedText\">As used in this section &quot;robot&quot; means an artificial object or system that senses, processes, and acts using technology, including the associated elements, communication links, and artificial intelligence. The term includes remotely piloted aircraft.</u>\n    </p>\n    <p class=\"indent\">\n     <u class=\"amendmentInsertedText\">2.</u> A person is guilty of an offense if, with intent to frighten or harass another, the person:</p>\n    <p class=\"indent\">a. Communicates in writing or by electronic communication a threat to inflict injury on any person, to any person&#39;s reputation, or to any property;</p>\n    <p class=\"indent\">b. Makes a telephone call anonymously or in offensively coarse language;</p>\n    <p class=\"indent\">c. Makes repeated telephone calls or other electronic communication, whether or not a conversation ensues, with no purpose of legitimate communication; <strike class=\"amendmentDeletedText\">or</strike>\n    </p>\n    <p class=\"indent\">d. Communicates a falsehood in writing or by electronic communication and causes mental anguish<u class=\"amendmentInsertedText\">; or</u>\n    </p>\n    <p class=\"indent\">\n     <u class=\"amendmentInsertedText\">e. Uses a robot to engage in offensive conduct with no legitimate purpose</u>.</p>\n    <p class=\"indent\">\n     <strike class=\"amendmentDeletedText\">2.</strike>\n     <u class=\"amendmentInsertedText\">3.</u> The offense is a class A misdemeanor if it is under subdivision a of subsection 1 or subsection 4. Otherwise it is a class B misdemeanor.</p>\n    <p class=\"indent\">\n     <strike class=\"amendmentDeletedText\">3.</strike>\n     <u class=\"amendmentInsertedText\">4.</u> Any offense defined herein and committed by use of electronic communication may be deemed to have been committed at either the place at which the electronic communication was made or at the place where the electronic communication was received.</p>\n    <p class=\"indent\">\n     <strike class=\"amendmentDeletedText\">4.</strike>\n     <u class=\"amendmentInsertedText\">5.</u> A person is guilty of an offense if the person initiates communication with a 911 emergency line, public safety answering point, or an emergency responder communication system with the intent to annoy or harass another person or a public safety agency or who makes a false report to a public safety agency.</p>\n    <p class=\"indent\">a. Intent to annoy or harass is established by proof of one or more calls with no legitimate emergency purpose.</p>\n    <p class=\"indent\">b. Upon conviction of a violation of this subsection, a person is also liable for all costs incurred by any unnecessary emergency response.</p>\n    <p class=\"indent\">\n     <strike class=\"amendmentDeletedText\">5.</strike>\n     <u class=\"amendmentInsertedText\">6.</u> Any offense defined herein is deemed communicated in writing if it is transmitted electronically, by electronic mail, facsimile, or other similar means. Electronic communication means transfer of signs, signals, writing, images, sounds, data, or intelligence of any nature transmitted in whole or in part by a wire, radio, electromagnetic, photo-electronic, or photo-optical system.</p>\n   </div>\n   <p class=\"indent\">\n    <b>SECTION 2. AMENDMENT. </b> Section 12.1-17-07.1 of the North Dakota Century Code is amended and reenacted as follows:</p>\n   <a name=\"section-12.1-17-07.1-amended\"></a><div class=\"sectionContent\" title=\"Section: 12.1-17-07.1, Action: &quot;amended&quot;\">\n    <p class=\"indent\">\n     <b>12.1-17-07.1. Stalking.</b>\n    </p>\n    <p class=\"indent\">1. As used in this section:</p>\n    <p class=\"indent\">a. &quot;Course of conduct&quot; means a pattern of conduct consisting of two or more acts evidencing a continuity of purpose. <u class=\"amendmentInsertedText\">The term includes an act conducted with a robot in the direct control of the person.</u> The term does not include constitutionally protected activity.</p>\n    <p class=\"indent\">b. &quot;Immediate family&quot; means a spouse, parent, child, or sibling. The term also includes any other individual who regularly resides in the household or who within the prior six months regularly resided in the household.</p>\n    <p class=\"indent\">c. <u class=\"amendmentInsertedText\">&quot;Robot&quot; means an artificial object or system that senses, processes, and acts using technology, including the associated elements, communication links, and artificial intelligence. The term includes remotely piloted aircraft.</u>\n    </p>\n    <p class=\"indent\">\n     <u class=\"amendmentInsertedText\">d.</u> &quot;Stalk&quot; means:</p>\n    <p class=\"indent\">(1) To engage in an intentional course of conduct directed at a specific person which frightens, intimidates, or harasses that person and which serves no legitimate purpose. The course of conduct may be directed toward that person or a member of that person&#39;s immediate family and must cause a reasonable person to experience fear, intimidation, or harassment; or</p>\n    <p class=\"indent\">(2) The unauthorized tracking of the person&#39;s movements or location through the use of a global positioning system<u class=\"amendmentInsertedText\">, robot,</u> or other electronic means that would cause a reasonable person to be frightened, intimidated, or harassed and which serves no legitimate purpose.</p>\n    <p class=\"indent\">2. A person may not intentionally stalk another person.</p>\n    <p class=\"indent\">3. In any prosecution under this section, it is not a defense that the actor was not given actual notice that the person did not want the actor to contact or follow the person; nor is it a defense that the actor did not intend to frighten, intimidate, or harass the person. An attempt to contact or follow a person after being given actual notice that the person does not want to be contacted or followed is prima facie evidence that the actor intends to stalk that person.</p>\n    <p class=\"indent\">4. In any prosecution under this section, it is a defense that a private investigator licensed under chapter 43-30 or a peace officer licensed under chapter 12-63 was acting within the scope of employment.</p>\n    <p class=\"indent\">5. If a person claims to have been engaged in a constitutionally protected activity, the court shall determine the validity of the claim as a matter of law and, if found valid, shall exclude evidence of the activity.</p>\n    <p class=\"indent\">6. a. A person who violates this section is guilty of a class C felony if:</p>\n    <p class=\"indent\">(1) The person previously has been convicted of violating section 12.1-17-01, 12.1-17-01.1, 12.1-17-01.2, 12.1-17-02, 12.1-17-04, 12.1-17-05, or 12.1-17-07, or a similar offense from another court in North Dakota, a court of record in the United States, or a tribal court, involving the victim of the stalking;</p>\n    <p class=\"indent\">(2) The stalking violates a court order issued under chapter 14-07.1 protecting the victim of the stalking, if the person had notice of the court order; or</p>\n    <p class=\"indent\">(3) The person previously has been convicted of violating this section.</p>\n    <p class=\"indent\">b. If subdivision a does not apply, a person who violates this section is guilty of a class A misdemeanor.</p>\n   </div>\n  </div>\n </div>\n    </div>\t\n<table cellpadding=0 cellspacing=0 width=\"100%\">\n   <tr>\n      <td>\n          Copyright &copy; 2025 State Net\n      </td>\n<BR>\n<!--???MOVED INTO resources.cgi      <td align=\"right\">\n          <img src=\"https://custom.statenet.com/network/poweredby.gif\" alt=\"Powered by State Net\">\n      </td>-->\n\n    </tr>\n</table>\n</body></html>\n",
      "markdown": "The following has special meaning: _green underline denotes added text_ ~~red struck out text denotes deleted text~~ | [![Powered by State Net](https://custom.statenet.com/network/poweredby.gif)](https://www.lexisnexis.com/statenet/)  \n---|---  \n  \n2025 ND H 1429 | | Author: | Holle  \n---|---  \nVersion: | Enacted  \nVersion Date: | 04/21/2025  \n  \n**Sixty-ninth Legislative Assembly of North Dakota**\n\n**In Regular Session Commencing Tuesday, January 7, 2025**\n\n**HOUSE BILL NO. 1429**\n\n(Representatives Holle, Dobervich, Headland, Henderson, Koppelman, Tveit,\nBrandenburg)\n\n(Senators Lemm, Magrum)\n\nAN ACT to amend and reenact sections 12.1-17-07 and 12.1-17-07.1 of the North\nDakota Century Code, relating to harassment and stalking with a robot; and to\nprovide a penalty.\n\n**BE IT ENACTED BY THE LEGISLATIVE ASSEMBLY OF NORTH DAKOTA:**\n\n**SECTION 1. AMENDMENT.** Section 12.1-17-07 of the North Dakota Century Code\nis amended and reenacted as follows:\n\n**12.1-17-07. Harassment.**\n\n1\\. _As used in this section \"robot\" means an artificial object or system that\nsenses, processes, and acts using technology, including the associated\nelements, communication links, and artificial intelligence. The term includes\nremotely piloted aircraft._\n\n_2._ A person is guilty of an offense if, with intent to frighten or harass\nanother, the person:\n\na. Communicates in writing or by electronic communication a threat to inflict\ninjury on any person, to any person's reputation, or to any property;\n\nb. Makes a telephone call anonymously or in offensively coarse language;\n\nc. Makes repeated telephone calls or other electronic communication, whether\nor not a conversation ensues, with no purpose of legitimate communication;\n~~or~~\n\nd. Communicates a falsehood in writing or by electronic communication and\ncauses mental anguish _; or_\n\n_e. Uses a robot to engage in offensive conduct with no legitimate purpose_.\n\n~~2.~~ _3._ The offense is a class A misdemeanor if it is under subdivision a\nof subsection 1 or subsection 4. Otherwise it is a class B misdemeanor.\n\n~~3.~~ _4._ Any offense defined herein and committed by use of electronic\ncommunication may be deemed to have been committed at either the place at\nwhich the electronic communication was made or at the place where the\nelectronic communication was received.\n\n~~4.~~ _5._ A person is guilty of an offense if the person initiates\ncommunication with a 911 emergency line, public safety answering point, or an\nemergency responder communication system with the intent to annoy or harass\nanother person or a public safety agency or who makes a false report to a\npublic safety agency.\n\na. Intent to annoy or harass is established by proof of one or more calls with\nno legitimate emergency purpose.\n\nb. Upon conviction of a violation of this subsection, a person is also liable\nfor all costs incurred by any unnecessary emergency response.\n\n~~5.~~ _6._ Any offense defined herein is deemed communicated in writing if it\nis transmitted electronically, by electronic mail, facsimile, or other similar\nmeans. Electronic communication means transfer of signs, signals, writing,\nimages, sounds, data, or intelligence of any nature transmitted in whole or in\npart by a wire, radio, electromagnetic, photo-electronic, or photo-optical\nsystem.\n\n**SECTION 2. AMENDMENT.** Section 12.1-17-07.1 of the North Dakota Century\nCode is amended and reenacted as follows:\n\n**12.1-17-07.1. Stalking.**\n\n1\\. As used in this section:\n\na. \"Course of conduct\" means a pattern of conduct consisting of two or more\nacts evidencing a continuity of purpose. _The term includes an act conducted\nwith a robot in the direct control of the person._ The term does not include\nconstitutionally protected activity.\n\nb. \"Immediate family\" means a spouse, parent, child, or sibling. The term also\nincludes any other individual who regularly resides in the household or who\nwithin the prior six months regularly resided in the household.\n\nc. _\" Robot\" means an artificial object or system that senses, processes, and\nacts using technology, including the associated elements, communication links,\nand artificial intelligence. The term includes remotely piloted aircraft._\n\n_d._ \"Stalk\" means:\n\n(1) To engage in an intentional course of conduct directed at a specific\nperson which frightens, intimidates, or harasses that person and which serves\nno legitimate purpose. The course of conduct may be directed toward that\nperson or a member of that person's immediate family and must cause a\nreasonable person to experience fear, intimidation, or harassment; or\n\n(2) The unauthorized tracking of the person's movements or location through\nthe use of a global positioning system _, robot,_ or other electronic means\nthat would cause a reasonable person to be frightened, intimidated, or\nharassed and which serves no legitimate purpose.\n\n2\\. A person may not intentionally stalk another person.\n\n3\\. In any prosecution under this section, it is not a defense that the actor\nwas not given actual notice that the person did not want the actor to contact\nor follow the person; nor is it a defense that the actor did not intend to\nfrighten, intimidate, or harass the person. An attempt to contact or follow a\nperson after being given actual notice that the person does not want to be\ncontacted or followed is prima facie evidence that the actor intends to stalk\nthat person.\n\n4\\. In any prosecution under this section, it is a defense that a private\ninvestigator licensed under chapter 43-30 or a peace officer licensed under\nchapter 12-63 was acting within the scope of employment.\n\n5\\. If a person claims to have been engaged in a constitutionally protected\nactivity, the court shall determine the validity of the claim as a matter of\nlaw and, if found valid, shall exclude evidence of the activity.\n\n6\\. a. A person who violates this section is guilty of a class C felony if:\n\n(1) The person previously has been convicted of violating section 12.1-17-01,\n12.1-17-01.1, 12.1-17-01.2, 12.1-17-02, 12.1-17-04, 12.1-17-05, or 12.1-17-07,\nor a similar offense from another court in North Dakota, a court of record in\nthe United States, or a tribal court, involving the victim of the stalking;\n\n(2) The stalking violates a court order issued under chapter 14-07.1\nprotecting the victim of the stalking, if the person had notice of the court\norder; or\n\n(3) The person previously has been convicted of violating this section.\n\nb. If subdivision a does not apply, a person who violates this section is\nguilty of a class A misdemeanor.\n\nCopyright (C) 2025 State Net  \n  \n---\n\n",
      "latest_version": true
    }
  ]
}