{
  "bill_id": "NH2025000H558",
  "source_url": "http://custom.statenet.com/public/resources.cgi?id=ID:bill:NH2025000H558&cuiq=93d84396-c63b-526a-b152-38b7f79b4cfd&client_md=e4f6fea4-27b4-5d41-b7d3-766fe52569f0",
  "versions": [
    {
      "date": "01/14/2025",
      "label": "Introduced",
      "url": "https://custom.statenet.com/public/resources.cgi?mode=show_text&id=ID:bill:NH2025000H558&verid=NH2025000H558_20250114_0_I&",
      "raw_html": "<html>\n<head>\n<title>Bill Resource</title>\n\n<!--   <link href=\"https://custom.statenet.com/network/Common/css/extregtext.css\" rel=\"stylesheet\" type=\"text/css\" />-->\n   <link href=\"https://custom.statenet.com/network/Common/css/xmltext-2.0.css\" rel=\"stylesheet\" type=\"text/css\" />\n   <link href=\"https://custom.statenet.com/network/Common/css/additional-text.css\" rel=\"stylesheet\" type=\"text/css\" />\n\n\t<style type=\"text/css\">\n<!--\n\ntd, body {\n     background-color: white;\n\tfont-family: Verdana, Arial, Helvetica, sans-serif;\n\tfont-size: 12px;\n}\n\n.resourceContainer {\n   border: 1px solid black;\n}\n-->\n</style>\n</head>\n<body>\n\n    <div style=\"width: 750px; margin: auto\">\n       <div style=\"font-size: .8em;margin-bottom: 10px\"><table width=\"100%\"><tr><td align=\"left\" style=\"font-size: .8em;\"><div>The following has special meaning:</div>\n<div><u class=\"amendmentInsertedText\">green underline denotes added text</u></div>\n<div><strike class=\"amendmentDeletedText\">red struck out text denotes deleted text</strike></div></td> <td align=\"right\"><a href=\"https://www.lexisnexis.com/statenet/\"><img alt=\"Powered by State Net\" src=\"https://custom.statenet.com/network/poweredby.gif\" /></a></td></tr></table></div><table id=\"text-identifier\"><tr><td class=\"key\">2025 NH H 558</td> <td><table><tr><td class=\"label\">Author:</td> <td>Read</td></tr> <tr><td class=\"label\">Version:</td> <td>Introduced</td></tr> <tr><td class=\"label\">Version Date:</td> <td>01/14/2025</td></tr></table></td></tr></table><div class=\"documentBody\">\n  <a name=\"head_document_section\"></a><div class=\"head\">\n   <p class=\"center\">\n    <b>HB 558-FN - AS INTRODUCED</b>\n   </p>\n   <p class=\"center\">2025 SESSION</p>\n   <p class=\"indent\">25-0837</p>\n   <p class=\"indent\">09/11</p>\n   <p class=\"indent\">HOUSE BILL 558-FN</p>\n   <p class=\"indent\">AN ACT creating a public county registry of the monthly rent charged by landlords for each owned unit and prohibiting landlords from using algorithms or software to determine rental rates.</p>\n   <p class=\"indent\">SPONSORS: Rep. Read, Rock. 10; Rep. Newell, Ches. 4; Rep. Seibert, Hills. 21; Rep. Staub, Hills. 25; Rep. Veilleux, Hills. 34</p>\n   <p class=\"indent\">COMMITTEE: Housing </p>\n  </div>\n  <a name=\"digest_document_section\"></a><div class=\"digest\">\n   <p class=\"center\">ANALYSIS</p>\n   <p class=\"indent\">This bill creates a public registry of rents and prohibits landlords from using any algorithms or software to determine rental rates, and requires an affidavit attesting to compliance.</p>\n  </div>\n  <a name=\"title_document_section\"></a><div class=\"title\">\n   <p class=\"center\">STATE OF NEW HAMPSHIRE</p>\n   <p class=\"center\">\n    <i>In the Year of Our Lord Two Thousand Twenty Five</i>\n   </p>\n   <p class=\"indent\">AN ACT creating a public county registry of the monthly rent charged by landlords for each owned unit and prohibiting landlords from using algorithms or software to determine rental rates.</p>\n  </div>\n  <a name=\"text_document_section\"></a><div class=\"text\">\n   <span>\n    <p class=\"center\">\n     <i>Be it Enacted by the Senate and House of Representatives in General Court convened:</i>\n    </p>\n   </span>\n   <p class=\"indent\">1 New Section; Registry of Rents. Amend RSA 478 by inserting after section 17-j the following new section:</p>\n   <p class=\"indent\">478:17-k Registry of Rents. </p>\n   <p class=\"indent\">I. The register of deeds shall create a registry for properties leased within the county that details:</p>\n   <p class=\"indent\">(a) The monthly rent charged for the property.</p>\n   <p class=\"indent\">(b) The specifications of each property, including square footage, number of bedrooms and bathrooms, location, and any other relevant amenities. </p>\n   <p class=\"indent\">II. Landlords, as defined by RSA 540-A:1, I, who own property within the county shall submit to the register of deeds annually by December 31:</p>\n   <p class=\"indent\">(a) A list recording the information in paragraph I.</p>\n   <p class=\"indent\">(b) A signed and notarized affidavit attesting that the landlord has not used any algorithm or software to make the determination of what rate to set, in compliance with RSA 540-A:3, X.</p>\n   <p class=\"indent\">III. If the landlord changes the rent, he or she shall have 30 days to notify the register of deeds of the change in rent. </p>\n   <p class=\"indent\">IV. Such registry shall be made available to the public.</p>\n   <p class=\"indent\">2 New Paragraph; Prohibited Practices; Landlord and Tenant; Certain Specific Acts Prohibited. Amend RSA 540-A:3 by inserting after paragraph IX the following new paragraph:</p>\n   <p class=\"indent\">X. No landlord shall use any algorithm or software to make the determination of what rate to set in any rental unit. </p>\n   <p class=\"indent\">3 Effective Date. This act shall take effect 60 days after its passage.</p>\n  </div>\n </div>\n    </div>\t\n<table cellpadding=0 cellspacing=0 width=\"100%\">\n   <tr>\n      <td>\n          Copyright &copy; 2025 State Net\n      </td>\n<BR>\n<!--???MOVED INTO resources.cgi      <td align=\"right\">\n          <img src=\"https://custom.statenet.com/network/poweredby.gif\" alt=\"Powered by State Net\">\n      </td>-->\n\n    </tr>\n</table>\n</body></html>\n",
      "markdown": "The following has special meaning: _green underline denotes added text_ ~~red struck out text denotes deleted text~~ | [![Powered by State Net](https://custom.statenet.com/network/poweredby.gif)](https://www.lexisnexis.com/statenet/)  \n---|---  \n  \n2025 NH H 558 | | Author: | Read  \n---|---  \nVersion: | Introduced  \nVersion Date: | 01/14/2025  \n  \n**HB 558-FN - AS INTRODUCED**\n\n2025 SESSION\n\n25-0837\n\n09/11\n\nHOUSE BILL 558-FN\n\nAN ACT creating a public county registry of the monthly rent charged by\nlandlords for each owned unit and prohibiting landlords from using algorithms\nor software to determine rental rates.\n\nSPONSORS: Rep. Read, Rock. 10; Rep. Newell, Ches. 4; Rep. Seibert, Hills. 21;\nRep. Staub, Hills. 25; Rep. Veilleux, Hills. 34\n\nCOMMITTEE: Housing\n\nANALYSIS\n\nThis bill creates a public registry of rents and prohibits landlords from\nusing any algorithms or software to determine rental rates, and requires an\naffidavit attesting to compliance.\n\nSTATE OF NEW HAMPSHIRE\n\n_In the Year of Our Lord Two Thousand Twenty Five_\n\nAN ACT creating a public county registry of the monthly rent charged by\nlandlords for each owned unit and prohibiting landlords from using algorithms\nor software to determine rental rates.\n\n_Be it Enacted by the Senate and House of Representatives in General Court\nconvened:_\n\n1 New Section; Registry of Rents. Amend RSA 478 by inserting after section\n17-j the following new section:\n\n478:17-k Registry of Rents.\n\nI. The register of deeds shall create a registry for properties leased within\nthe county that details:\n\n(a) The monthly rent charged for the property.\n\n(b) The specifications of each property, including square footage, number of\nbedrooms and bathrooms, location, and any other relevant amenities.\n\nII. Landlords, as defined by RSA 540-A:1, I, who own property within the\ncounty shall submit to the register of deeds annually by December 31:\n\n(a) A list recording the information in paragraph I.\n\n(b) A signed and notarized affidavit attesting that the landlord has not used\nany algorithm or software to make the determination of what rate to set, in\ncompliance with RSA 540-A:3, X.\n\nIII. If the landlord changes the rent, he or she shall have 30 days to notify\nthe register of deeds of the change in rent.\n\nIV. Such registry shall be made available to the public.\n\n2 New Paragraph; Prohibited Practices; Landlord and Tenant; Certain Specific\nActs Prohibited. Amend RSA 540-A:3 by inserting after paragraph IX the\nfollowing new paragraph:\n\nX. No landlord shall use any algorithm or software to make the determination\nof what rate to set in any rental unit.\n\n3 Effective Date. This act shall take effect 60 days after its passage.\n\nCopyright (C) 2025 State Net  \n  \n---\n\n",
      "latest_version": true
    }
  ]
}