{
  "bill_id": "NH2025000S263",
  "source_url": "http://custom.statenet.com/public/resources.cgi?id=ID:bill:NH2025000S263&cuiq=93d84396-c63b-526a-b152-38b7f79b4cfd&client_md=e4f6fea4-27b4-5d41-b7d3-766fe52569f0",
  "versions": [
    {
      "date": "01/09/2025",
      "label": "Introduced",
      "url": "https://custom.statenet.com/public/resources.cgi?mode=show_text&id=ID:bill:NH2025000S263&verid=NH2025000S263_20250109_0_I&",
      "raw_html": "<html>\n<head>\n<title>Bill Resource</title>\n\n<!--   <link href=\"https://custom.statenet.com/network/Common/css/extregtext.css\" rel=\"stylesheet\" type=\"text/css\" />-->\n   <link href=\"https://custom.statenet.com/network/Common/css/xmltext-2.0.css\" rel=\"stylesheet\" type=\"text/css\" />\n   <link href=\"https://custom.statenet.com/network/Common/css/additional-text.css\" rel=\"stylesheet\" type=\"text/css\" />\n\n\t<style type=\"text/css\">\n<!--\n\ntd, body {\n     background-color: white;\n\tfont-family: Verdana, Arial, Helvetica, sans-serif;\n\tfont-size: 12px;\n}\n\n.resourceContainer {\n   border: 1px solid black;\n}\n-->\n</style>\n</head>\n<body>\n\n    <div style=\"width: 750px; margin: auto\">\n       <div style=\"font-size: .8em;margin-bottom: 10px\"><table width=\"100%\"><tr><td align=\"left\" style=\"font-size: .8em;\"><div>The following has special meaning:</div>\n<div><u class=\"amendmentInsertedText\">green underline denotes added text</u></div>\n<div><strike class=\"amendmentDeletedText\">red struck out text denotes deleted text</strike></div></td> <td align=\"right\"><a href=\"https://www.lexisnexis.com/statenet/\"><img alt=\"Powered by State Net\" src=\"https://custom.statenet.com/network/poweredby.gif\" /></a></td></tr></table></div><table id=\"text-identifier\"><tr><td class=\"key\">2025 NH S 263</td> <td><table><tr><td class=\"label\">Author:</td> <td>Office of Carson</td></tr> <tr><td class=\"label\">Version:</td> <td>Introduced</td></tr> <tr><td class=\"label\">Version Date:</td> <td>01/09/2025</td></tr></table></td></tr></table><div class=\"documentBody\">\n  <a name=\"head_document_section\"></a><div class=\"head\">\n   <p class=\"center\">\n    <b>SB 263 - AS INTRODUCED</b>\n   </p>\n   <p class=\"center\">2025 SESSION</p>\n   <p class=\"indent\">25-1152</p>\n   <p class=\"indent\">11/09</p>\n   <p class=\"indent\">SENATE BILL 263</p>\n   <p class=\"indent\">AN ACT criminalizing and creating a private right of action for the facilitation, encouragement, offer, solicitation, or recommendation of certain acts or actions through a responsive generative communication to a child.</p>\n   <p class=\"indent\">SPONSORS: Sen. Carson, Dist 14; Sen. Innis, Dist 7; Sen. Lang, Dist 2; Rep. Osborne, Rock. 2; Rep. Kofalt, Hills. 32; Rep. Packard, Rock. 16</p>\n   <p class=\"indent\">COMMITTEE: Judiciary</p>\n  </div>\n  <a name=\"digest_document_section\"></a><div class=\"digest\">\n   <p class=\"center\">ANALYSIS</p>\n   <p class=\"indent\">This bill criminalizes and creates a private right of action for the facilitation, encouragement, offer, solicitation, or recommendation of certain acts or actions through a responsive generative communication to a child.</p>\n  </div>\n  <a name=\"title_document_section\"></a><div class=\"title\">\n   <p class=\"center\">STATE OF NEW HAMPSHIRE</p>\n   <p class=\"center\">\n    <i>In the Year of Our Lord Two Thousand Twenty Five</i>\n   </p>\n   <p class=\"indent\">AN ACT criminalizing and creating a private right of action for the facilitation, encouragement, offer, solicitation, or recommendation of certain acts or actions through a responsive generative communication to a child.</p>\n  </div>\n  <a name=\"text_document_section\"></a><div class=\"text\">\n   <span>\n    <p class=\"center\">\n     <i>Be it Enacted by the Senate and House of Representatives in General Court convened:</i>\n    </p>\n   </span>\n   <p class=\"indent\">1 New Paragraph; Endangering Welfare of a Child; Responsive Generative Communication. Amend RSA 639:3 by inserting after paragraph III the following new paragraph:</p>\n   <p class=\"indent\">III-a. In the prosecution of any person under this section, an owner or operator of a computer online service, internet service, or bulletin board service, including a provider of an artificial intelligence (AI) chat program, large language model artificial intelligence bot, chat bot, character AI, or other computer application that provides responsive generative communication through the use of artificial intelligence, constitutes endangering the welfare of a child if the communication facilitates, encourages, offers, solicits, or recommends that any child engage in:</p>\n   <p class=\"indent\">(a)  Sexually explicit conduct.</p>\n   <p class=\"indent\">(b)  The production or participation in the production of a visual depiction of such conduct.</p>\n   <p class=\"indent\">(c)  The illegal use or drugs or alcohol.</p>\n   <p class=\"indent\">(d)  Acts of self-harm or suicide.</p>\n   <p class=\"indent\">(e)  Any crime of violence against another person.</p>\n   <p class=\"indent\">2 New Section; Private Right of Action; Responsive Generative Communication with Children. Amend RSA 507 by inserting after section 8-j the following new section:</p>\n   <p class=\"indent\">507:8-k Private Right of Action for Solicitation of Children Through Responsive Generative Communication.</p>\n   <p class=\"indent\">I. Any owner or operator of a computer online service, internet service, or bulletin board service, including a provider of an artificial intelligence (AI) chat program, large language model artificial intelligence bot, chat bot, character AI, or other computer application that provides responsive generative communication through the use of artificial intelligence shall be liable to a child, parent of such child, or next friend of such child, for any communication with a child that facilitates, encourages, offers, solicits, or recommends that any child engage in:</p>\n   <p class=\"indent\">(a) Sexually explicit conduct.</p>\n   <p class=\"indent\">(b) The production or participation in the production of a visual depiction of such conduct.</p>\n   <p class=\"indent\">(c) The illegal use or drugs or alcohol.</p>\n   <p class=\"indent\">(d) Acts of self-harm or suicide.</p>\n   <p class=\"indent\">(e) Any crime of violence against another person.</p>\n   <p class=\"indent\">II. The owner or operator of such service shall be liable to the child, the child&rsquo;s parent, or the child&rsquo;s next friend for damages proximately caused thereby, but in no instance liable for an amount less than liquidated damages in the amount of $1,000 per violation.</p>\n   <p class=\"indent\">III. In addition to any damages set forth in this section, the owner or operator of a computer service described in this chapter shall be liable for the attorney&rsquo;s fees of any plaintiff prevailing in an action brought pursuant to this section.</p>\n   <p class=\"indent\">3 Effective Date. This act shall take effect January 1, 2026.</p>\n  </div>\n </div>\n    </div>\t\n<table cellpadding=0 cellspacing=0 width=\"100%\">\n   <tr>\n      <td>\n          Copyright &copy; 2025 State Net\n      </td>\n<BR>\n<!--???MOVED INTO resources.cgi      <td align=\"right\">\n          <img src=\"https://custom.statenet.com/network/poweredby.gif\" alt=\"Powered by State Net\">\n      </td>-->\n\n    </tr>\n</table>\n</body></html>\n",
      "markdown": "The following has special meaning: _green underline denotes added text_ ~~red struck out text denotes deleted text~~ | [![Powered by State Net](https://custom.statenet.com/network/poweredby.gif)](https://www.lexisnexis.com/statenet/)  \n---|---  \n  \n2025 NH S 263 | | Author: | Office of Carson  \n---|---  \nVersion: | Introduced  \nVersion Date: | 01/09/2025  \n  \n**SB 263 - AS INTRODUCED**\n\n2025 SESSION\n\n25-1152\n\n11/09\n\nSENATE BILL 263\n\nAN ACT criminalizing and creating a private right of action for the\nfacilitation, encouragement, offer, solicitation, or recommendation of certain\nacts or actions through a responsive generative communication to a child.\n\nSPONSORS: Sen. Carson, Dist 14; Sen. Innis, Dist 7; Sen. Lang, Dist 2; Rep.\nOsborne, Rock. 2; Rep. Kofalt, Hills. 32; Rep. Packard, Rock. 16\n\nCOMMITTEE: Judiciary\n\nANALYSIS\n\nThis bill criminalizes and creates a private right of action for the\nfacilitation, encouragement, offer, solicitation, or recommendation of certain\nacts or actions through a responsive generative communication to a child.\n\nSTATE OF NEW HAMPSHIRE\n\n_In the Year of Our Lord Two Thousand Twenty Five_\n\nAN ACT criminalizing and creating a private right of action for the\nfacilitation, encouragement, offer, solicitation, or recommendation of certain\nacts or actions through a responsive generative communication to a child.\n\n_Be it Enacted by the Senate and House of Representatives in General Court\nconvened:_\n\n1 New Paragraph; Endangering Welfare of a Child; Responsive Generative\nCommunication. Amend RSA 639:3 by inserting after paragraph III the following\nnew paragraph:\n\nIII-a. In the prosecution of any person under this section, an owner or\noperator of a computer online service, internet service, or bulletin board\nservice, including a provider of an artificial intelligence (AI) chat program,\nlarge language model artificial intelligence bot, chat bot, character AI, or\nother computer application that provides responsive generative communication\nthrough the use of artificial intelligence, constitutes endangering the\nwelfare of a child if the communication facilitates, encourages, offers,\nsolicits, or recommends that any child engage in:\n\n(a) Sexually explicit conduct.\n\n(b) The production or participation in the production of a visual depiction of\nsuch conduct.\n\n(c) The illegal use or drugs or alcohol.\n\n(d) Acts of self-harm or suicide.\n\n(e) Any crime of violence against another person.\n\n2 New Section; Private Right of Action; Responsive Generative Communication\nwith Children. Amend RSA 507 by inserting after section 8-j the following new\nsection:\n\n507:8-k Private Right of Action for Solicitation of Children Through\nResponsive Generative Communication.\n\nI. Any owner or operator of a computer online service, internet service, or\nbulletin board service, including a provider of an artificial intelligence\n(AI) chat program, large language model artificial intelligence bot, chat bot,\ncharacter AI, or other computer application that provides responsive\ngenerative communication through the use of artificial intelligence shall be\nliable to a child, parent of such child, or next friend of such child, for any\ncommunication with a child that facilitates, encourages, offers, solicits, or\nrecommends that any child engage in:\n\n(a) Sexually explicit conduct.\n\n(b) The production or participation in the production of a visual depiction of\nsuch conduct.\n\n(c) The illegal use or drugs or alcohol.\n\n(d) Acts of self-harm or suicide.\n\n(e) Any crime of violence against another person.\n\nII. The owner or operator of such service shall be liable to the child, the\nchild's parent, or the child's next friend for damages proximately caused\nthereby, but in no instance liable for an amount less than liquidated damages\nin the amount of $1,000 per violation.\n\nIII. In addition to any damages set forth in this section, the owner or\noperator of a computer service described in this chapter shall be liable for\nthe attorney's fees of any plaintiff prevailing in an action brought pursuant\nto this section.\n\n3 Effective Date. This act shall take effect January 1, 2026.\n\nCopyright (C) 2025 State Net  \n  \n---\n\n",
      "latest_version": false
    },
    {
      "date": "03/20/2025",
      "label": "Amended",
      "url": "https://custom.statenet.com/public/resources.cgi?mode=show_text&id=ID:bill:NH2025000S263&verid=NH2025000S263_20250320_0_A&",
      "raw_html": "<html>\n<head>\n<title>Bill Resource</title>\n\n<!--   <link href=\"https://custom.statenet.com/network/Common/css/extregtext.css\" rel=\"stylesheet\" type=\"text/css\" />-->\n   <link href=\"https://custom.statenet.com/network/Common/css/xmltext-2.0.css\" rel=\"stylesheet\" type=\"text/css\" />\n   <link href=\"https://custom.statenet.com/network/Common/css/additional-text.css\" rel=\"stylesheet\" type=\"text/css\" />\n\n\t<style type=\"text/css\">\n<!--\n\ntd, body {\n     background-color: white;\n\tfont-family: Verdana, Arial, Helvetica, sans-serif;\n\tfont-size: 12px;\n}\n\n.resourceContainer {\n   border: 1px solid black;\n}\n-->\n</style>\n</head>\n<body>\n\n    <div style=\"width: 750px; margin: auto\">\n       <div style=\"font-size: .8em;margin-bottom: 10px\"><table width=\"100%\"><tr><td align=\"left\" style=\"font-size: .8em;\"><div>The following has special meaning:</div>\n<div><u class=\"amendmentInsertedText\">green underline denotes added text</u></div>\n<div><strike class=\"amendmentDeletedText\">red struck out text denotes deleted text</strike></div></td> <td align=\"right\"><a href=\"https://www.lexisnexis.com/statenet/\"><img alt=\"Powered by State Net\" src=\"https://custom.statenet.com/network/poweredby.gif\" /></a></td></tr></table></div><table id=\"text-identifier\"><tr><td class=\"key\">2025 NH S 263</td> <td><table><tr><td class=\"label\">Author:</td> <td>Office of Carson</td></tr> <tr><td class=\"label\">Version:</td> <td>Amended</td></tr> <tr><td class=\"label\">Version Date:</td> <td>03/20/2025</td></tr></table></td></tr></table><div class=\"documentBody\">\n  <a name=\"head_document_section\"></a><div class=\"head\">\n   <p class=\"center\">\n    <b>SB 263 - AS AMENDED BY THE SENATE</b>\n   </p>\n   <p class=\"indent\">03/20/2025 0745s</p>\n   <p class=\"center\">2025 SESSION</p>\n   <p class=\"indent\">25-1152</p>\n   <p class=\"indent\">11/09</p>\n   <p class=\"indent\">SENATE BILL 263</p>\n   <p class=\"indent\">AN ACT criminalizing and creating a private right of action for the facilitation, encouragement, offer, solicitation, or recommendation of certain acts or actions through a responsive generative communication to a child.</p>\n   <p class=\"indent\">SPONSORS: Sen. Carson, Dist 14; Sen. Innis, Dist 7; Sen. Lang, Dist 2; Rep. Osborne, Rock. 2; Rep. Kofalt, Hills. 32; Rep. Packard, Rock. 16</p>\n   <p class=\"indent\">COMMITTEE: Judiciary</p>\n  </div>\n  <a name=\"digest_document_section\"></a><div class=\"digest\">\n   <p class=\"center\">ANALYSIS</p>\n   <p class=\"indent\">This bill criminalizes and creates a private right of action for the facilitation, encouragement, offer, solicitation, or recommendation of certain acts or actions through a responsive generative communication to a child.</p>\n  </div>\n  <a name=\"title_document_section\"></a><div class=\"title\">\n   <p class=\"center\">STATE OF NEW HAMPSHIRE</p>\n   <p class=\"center\">\n    <i>In the Year of Our Lord Two Thousand Twenty Five</i>\n   </p>\n   <p class=\"indent\">AN ACT criminalizing and creating a private right of action for the facilitation, encouragement, offer, solicitation, or recommendation of certain acts or actions through a responsive generative communication to a child.</p>\n  </div>\n  <a name=\"text_document_section\"></a><div class=\"text\">\n   <span>\n    <p class=\"center\">\n     <i>Be it Enacted by the Senate and House of Representatives in General Court convened:</i>\n    </p>\n   </span>\n   <p class=\"indent\">1 New Paragraph; Endangering Welfare of a Child; Responsive Generative Communication. Amend RSA 639:3 by inserting after paragraph III the following new paragraph:</p>\n   <p class=\"indent\">III-a.(a) In the prosecution of any person under this section, an owner or operator of a computer online service, internet service, or bulletin board service, including a provider of an artificial intelligence (AI) chat program, large language model artificial intelligence bot, chat bot, character AI, or other computer application whose sole purpose is to provide responsive open-ended generative communication through the use of artificial intelligence, constitutes endangering the welfare of a child if the communication is made with the intent to facilitate, encourage, offer, solicit, or recommend that the child imminently engage in:</p>\n   <p class=\"indent\">(1)  Sexually explicit conduct.</p>\n   <p class=\"indent\">(2)  The production or participation in the production of a visual depiction of such conduct.</p>\n   <p class=\"indent\">(3)  The illegal use or drugs or alcohol.</p>\n   <p class=\"indent\">(4)  Acts of self-harm or suicide.</p>\n   <p class=\"indent\">(5)  Any crime of violence against another person.</p>\n   <p class=\"indent\">(b) This paragraph shall not apply to:</p>\n   <p class=\"indent\">(1) A provider of a telecommunications service or an information service, as defined in 47 U.S.C. section?153, for the provision of content created by or supplied on behalf of another person; or</p>\n   <p class=\"indent\">(2) Any product, service, website, or application that provides an AI chat program or character that is integral or incidental to a video game, television, streaming, movie, or other similar interactive experience.</p>\n   <p class=\"indent\">2 New Section; Private Right of Action; Responsive Generative Communication with Children. Amend RSA 507 by inserting after section 8-j the following new section:</p>\n   <p class=\"indent\">507:8-k Private Right of Action for Solicitation of Children Through Responsive Generative Communication.</p>\n   <p class=\"indent\">I. Any owner or operator of a computer online service, internet service, or bulletin board service, including a provider of an artificial intelligence (AI) chat program, large language model artificial intelligence bot, chat bot, character AI, or other computer application whose sole purpose is to provide responsive open-ended generative communication through the use of artificial intelligence, shall be liable to a child, parent of such child, or next friend of such child, for any communication made with the intent to facilitate, encourage, offer, solicit, or recommend that the child imminently engage in:</p>\n   <p class=\"indent\">(1) Sexually explicit conduct.</p>\n   <p class=\"indent\">(2) The production or participation in the production of a visual depiction of such conduct.</p>\n   <p class=\"indent\">(3) The illegal use or drugs or alcohol.</p>\n   <p class=\"indent\">(4) Acts of self-harm or suicide.</p>\n   <p class=\"indent\">(5) Any crime of violence against another person.</p>\n   <p class=\"indent\">II. The owner or operator of such service shall be liable to the child, the child&rsquo;s parent, or the child&rsquo;s next friend for damages proximately caused thereby, but in no instance liable for an amount less than liquidated damages in the amount of $1,000 per violation.</p>\n   <p class=\"indent\">III. In addition to any damages set forth in this section, the owner or operator of a computer service described in this chapter shall be liable for the attorney&rsquo;s fees of any plaintiff prevailing in an action brought pursuant to this section.</p>\n   <p class=\"indent\">IV. This section shall not apply to:</p>\n   <p class=\"indent\">(1) A provider of a telecommunications service or an information service, as defined in 47 U.S.C. section?153, for the provision of content created by or supplied on behalf of another person; or</p>\n   <p class=\"indent\">(2) Any product, service, website, or application that provides an AI chat program or character that is integral or incidental to a video game, television, streaming, movie, or other similar interactive experience.</p>\n   <p class=\"indent\">3 Effective Date. This act shall take effect January 1, 2026.</p>\n  </div>\n </div>\n    </div>\t\n<table cellpadding=0 cellspacing=0 width=\"100%\">\n   <tr>\n      <td>\n          Copyright &copy; 2025 State Net\n      </td>\n<BR>\n<!--???MOVED INTO resources.cgi      <td align=\"right\">\n          <img src=\"https://custom.statenet.com/network/poweredby.gif\" alt=\"Powered by State Net\">\n      </td>-->\n\n    </tr>\n</table>\n</body></html>\n",
      "markdown": "The following has special meaning: _green underline denotes added text_ ~~red struck out text denotes deleted text~~ | [![Powered by State Net](https://custom.statenet.com/network/poweredby.gif)](https://www.lexisnexis.com/statenet/)  \n---|---  \n  \n2025 NH S 263 | | Author: | Office of Carson  \n---|---  \nVersion: | Amended  \nVersion Date: | 03/20/2025  \n  \n**SB 263 - AS AMENDED BY THE SENATE**\n\n03/20/2025 0745s\n\n2025 SESSION\n\n25-1152\n\n11/09\n\nSENATE BILL 263\n\nAN ACT criminalizing and creating a private right of action for the\nfacilitation, encouragement, offer, solicitation, or recommendation of certain\nacts or actions through a responsive generative communication to a child.\n\nSPONSORS: Sen. Carson, Dist 14; Sen. Innis, Dist 7; Sen. Lang, Dist 2; Rep.\nOsborne, Rock. 2; Rep. Kofalt, Hills. 32; Rep. Packard, Rock. 16\n\nCOMMITTEE: Judiciary\n\nANALYSIS\n\nThis bill criminalizes and creates a private right of action for the\nfacilitation, encouragement, offer, solicitation, or recommendation of certain\nacts or actions through a responsive generative communication to a child.\n\nSTATE OF NEW HAMPSHIRE\n\n_In the Year of Our Lord Two Thousand Twenty Five_\n\nAN ACT criminalizing and creating a private right of action for the\nfacilitation, encouragement, offer, solicitation, or recommendation of certain\nacts or actions through a responsive generative communication to a child.\n\n_Be it Enacted by the Senate and House of Representatives in General Court\nconvened:_\n\n1 New Paragraph; Endangering Welfare of a Child; Responsive Generative\nCommunication. Amend RSA 639:3 by inserting after paragraph III the following\nnew paragraph:\n\nIII-a.(a) In the prosecution of any person under this section, an owner or\noperator of a computer online service, internet service, or bulletin board\nservice, including a provider of an artificial intelligence (AI) chat program,\nlarge language model artificial intelligence bot, chat bot, character AI, or\nother computer application whose sole purpose is to provide responsive open-\nended generative communication through the use of artificial intelligence,\nconstitutes endangering the welfare of a child if the communication is made\nwith the intent to facilitate, encourage, offer, solicit, or recommend that\nthe child imminently engage in:\n\n(1) Sexually explicit conduct.\n\n(2) The production or participation in the production of a visual depiction of\nsuch conduct.\n\n(3) The illegal use or drugs or alcohol.\n\n(4) Acts of self-harm or suicide.\n\n(5) Any crime of violence against another person.\n\n(b) This paragraph shall not apply to:\n\n(1) A provider of a telecommunications service or an information service, as\ndefined in 47 U.S.C. section?153, for the provision of content created by or\nsupplied on behalf of another person; or\n\n(2) Any product, service, website, or application that provides an AI chat\nprogram or character that is integral or incidental to a video game,\ntelevision, streaming, movie, or other similar interactive experience.\n\n2 New Section; Private Right of Action; Responsive Generative Communication\nwith Children. Amend RSA 507 by inserting after section 8-j the following new\nsection:\n\n507:8-k Private Right of Action for Solicitation of Children Through\nResponsive Generative Communication.\n\nI. Any owner or operator of a computer online service, internet service, or\nbulletin board service, including a provider of an artificial intelligence\n(AI) chat program, large language model artificial intelligence bot, chat bot,\ncharacter AI, or other computer application whose sole purpose is to provide\nresponsive open-ended generative communication through the use of artificial\nintelligence, shall be liable to a child, parent of such child, or next friend\nof such child, for any communication made with the intent to facilitate,\nencourage, offer, solicit, or recommend that the child imminently engage in:\n\n(1) Sexually explicit conduct.\n\n(2) The production or participation in the production of a visual depiction of\nsuch conduct.\n\n(3) The illegal use or drugs or alcohol.\n\n(4) Acts of self-harm or suicide.\n\n(5) Any crime of violence against another person.\n\nII. The owner or operator of such service shall be liable to the child, the\nchild's parent, or the child's next friend for damages proximately caused\nthereby, but in no instance liable for an amount less than liquidated damages\nin the amount of $1,000 per violation.\n\nIII. In addition to any damages set forth in this section, the owner or\noperator of a computer service described in this chapter shall be liable for\nthe attorney's fees of any plaintiff prevailing in an action brought pursuant\nto this section.\n\nIV. This section shall not apply to:\n\n(1) A provider of a telecommunications service or an information service, as\ndefined in 47 U.S.C. section?153, for the provision of content created by or\nsupplied on behalf of another person; or\n\n(2) Any product, service, website, or application that provides an AI chat\nprogram or character that is integral or incidental to a video game,\ntelevision, streaming, movie, or other similar interactive experience.\n\n3 Effective Date. This act shall take effect January 1, 2026.\n\nCopyright (C) 2025 State Net  \n  \n---\n\n",
      "latest_version": false
    },
    {
      "date": "05/08/2025",
      "label": "Amended",
      "url": "https://custom.statenet.com/public/resources.cgi?mode=show_text&id=ID:bill:NH2025000S263&verid=NH2025000S263_20250508_0_A&",
      "raw_html": "<html>\n<head>\n<title>Bill Resource</title>\n\n<!--   <link href=\"https://custom.statenet.com/network/Common/css/extregtext.css\" rel=\"stylesheet\" type=\"text/css\" />-->\n   <link href=\"https://custom.statenet.com/network/Common/css/xmltext-2.0.css\" rel=\"stylesheet\" type=\"text/css\" />\n   <link href=\"https://custom.statenet.com/network/Common/css/additional-text.css\" rel=\"stylesheet\" type=\"text/css\" />\n\n\t<style type=\"text/css\">\n<!--\n\ntd, body {\n     background-color: white;\n\tfont-family: Verdana, Arial, Helvetica, sans-serif;\n\tfont-size: 12px;\n}\n\n.resourceContainer {\n   border: 1px solid black;\n}\n-->\n</style>\n</head>\n<body>\n\n    <div style=\"width: 750px; margin: auto\">\n       <div style=\"font-size: .8em;margin-bottom: 10px\"><table width=\"100%\"><tr><td align=\"left\" style=\"font-size: .8em;\"><div>The following has special meaning:</div>\n<div><u class=\"amendmentInsertedText\">green underline denotes added text</u></div>\n<div><strike class=\"amendmentDeletedText\">red struck out text denotes deleted text</strike></div></td> <td align=\"right\"><a href=\"https://www.lexisnexis.com/statenet/\"><img alt=\"Powered by State Net\" src=\"https://custom.statenet.com/network/poweredby.gif\" /></a></td></tr></table></div><table id=\"text-identifier\"><tr><td class=\"key\">2025 NH S 263</td> <td><table><tr><td class=\"label\">Author:</td> <td>Office of Carson</td></tr> <tr><td class=\"label\">Version:</td> <td>Amended</td></tr> <tr><td class=\"label\">Version Date:</td> <td>05/08/2025</td></tr></table></td></tr></table><div class=\"documentBody\">\n  <a name=\"head_document_section\"></a><div class=\"head\">\n   <p class=\"center\">\n    <b>SB 263 - AS AMENDED BY THE HOUSE</b>\n   </p>\n   <p class=\"indent\">03/20/2025 0745s</p>\n   <p class=\"indent\">8May2025... 1717h</p>\n   <p class=\"center\">2025 SESSION</p>\n   <p class=\"indent\">25-1152</p>\n   <p class=\"indent\">11/09</p>\n   <p class=\"indent\">SENATE BILL 263</p>\n   <p class=\"indent\">AN ACT criminalizing and creating a private right of action for the facilitation, encouragement, offer, solicitation, or recommendation of certain acts or actions through a responsive generative communication to a child.</p>\n   <p class=\"indent\">SPONSORS: Sen. Carson, Dist 14; Sen. Innis, Dist 7; Sen. Lang, Dist 2; Rep. Osborne, Rock. 2; Rep. Kofalt, Hills. 32; Rep. Packard, Rock. 16</p>\n   <p class=\"indent\">COMMITTEE: Judiciary</p>\n  </div>\n  <a name=\"digest_document_section\"></a><div class=\"digest\">\n   <p class=\"center\">ANALYSIS</p>\n   <p class=\"indent\">This bill criminalizes and creates a private right of action for the facilitation, encouragement, offer, solicitation, or recommendation of certain acts or actions through a responsive generative communication to a child.</p>\n  </div>\n  <a name=\"title_document_section\"></a><div class=\"title\">\n   <p class=\"center\">STATE OF NEW HAMPSHIRE</p>\n   <p class=\"center\">\n    <i>In the Year of Our Lord Two Thousand Twenty Five</i>\n   </p>\n   <p class=\"indent\">AN ACT criminalizing and creating a private right of action for the facilitation, encouragement, offer, solicitation, or recommendation of certain acts or actions through a responsive generative communication to a child.</p>\n  </div>\n  <a name=\"text_document_section\"></a><div class=\"text\">\n   <span>\n    <p class=\"center\">\n     <i>Be it Enacted by the Senate and House of Representatives in General Court convened:</i>\n    </p>\n   </span>\n   <p class=\"indent\">1 New Paragraph; Endangering Welfare of a Child; Responsive Generative Communication. Amend RSA 639:3 by inserting after paragraph III the following new paragraph:</p>\n   <p class=\"indent\">III-a.(a) For the purposes of prosecution under this section, an owner or operator of a computer online service, Internet service, or bulletin board service, including a provider of an artificial intelligence (AI) chat program, large language model artificial intelligence bot, chat bot, character AI, or other computer application, the sole purpose of which is to provide responsive open-ended generative communication through the use of artificial intelligence, commits the offense of endangering the welfare of a child if the owner or operator knows at the time that they direct the communication to the child that the communication is made with the intent to facilitate, encourage, offer, solicit, or recommend that the child imminently engage in:</p>\n   <p class=\"indent\">(1) Sexually explicit conduct.</p>\n   <p class=\"indent\">(2) The production or participation in the production of a visual depiction of such conduct.</p>\n   <p class=\"indent\">(3) The illegal use of drugs or alcohol.</p>\n   <p class=\"indent\">(4) Acts of self-harm or suicide.</p>\n   <p class=\"indent\">(5) Any crime of violence against another person.</p>\n   <p class=\"indent\">(b) This paragraph shall not apply to:</p>\n   <p class=\"indent\">(1) A cloud service provider, or a provider of a telecommunications service or an information service, as defined in 47 U.S.C. section?153, with respect to the provision of content created by or supplied on behalf of another person; or</p>\n   <p class=\"indent\">(2) Any product, service, website, or application that provides an AI chat program or character that is integral or incidental to a video game, television, streaming, movie, or other similar interactive experience.</p>\n   <p class=\"indent\">2 New Section; Enforcement; Responsive Generative Communication with Children. Amend RSA 507 by inserting after section 8-j the following new section:</p>\n   <p class=\"indent\">507:8-k Enforcement Action for Solicitation of Children Through Responsive Generative Communication.</p>\n   <p class=\"indent\">I. Any owner or operator of a computer online service, Internet service, or bulletin board service, including a provider of an artificial intelligence (AI) chat program, large language model artificial intelligence bot, chat bot, character AI, or other computer application, the sole purpose of which is to provide responsive open-ended generative communication through the use of artificial intelligence, shall be liable to a child, parent of such child, or next friend of such child if the owner or operator knows at the time that they direct the communication to the child that the communication is made with the intent to facilitate, encourage, offer, solicit, or recommend that the child imminently engage in:</p>\n   <p class=\"indent\">(1) Sexually explicit conduct.</p>\n   <p class=\"indent\">(2) The production or participation in the production of a visual depiction of such conduct.</p>\n   <p class=\"indent\">(3) The illegal use of drugs or alcohol.</p>\n   <p class=\"indent\">(4) Acts of self-harm or suicide.</p>\n   <p class=\"indent\">(5) Any crime of violence against another person.</p>\n   <p class=\"indent\">II. The attorney general may bring an action against an owner or operator that violates this section for damages proximately caused to a child, as provided in paragraph III, or for appropriate injunctive relief. Prior to initiating such action, the attorney general shall provide the owner or operator with written notice of each alleged violation and the factual basis thereof, and shall give the owner or operator 90 days to provide assurances satisfactory to the attorney general that the owner or operator has cured the violations and has taken adequate steps to prevent future violations. If such assurances satisfactory to the attorney general are provided, the attorney general shall not initiate an action against the owner or operator for such violations. The attorney general shall have the sole right of action for a violation of this section.</p>\n   <p class=\"indent\">III. An owner or operator of such service shall be liable to a child, or the parent or next friend of the child, for damages proximately caused by a violation of paragraph I, but in no instance liable for an amount less than liquidated damages in the amount of $1,000 per violation.</p>\n   <p class=\"indent\">IV. This section shall not apply to:</p>\n   <p class=\"indent\">(1) A cloud service provider, or a provider of a telecommunications service or an information service, as defined in 47 U.S.C. section?153, with respect to the provision of content created by or supplied on behalf of another person; or</p>\n   <p class=\"indent\">(2) Any product, service, website, or application that provides an AI chat program or character that is integral or incidental to a video game, television, streaming, movie, or other similar interactive experience.</p>\n   <p class=\"indent\">3 Effective Date. This act shall take effect January 1, 2026.</p>\n  </div>\n </div>\n    </div>\t\n<table cellpadding=0 cellspacing=0 width=\"100%\">\n   <tr>\n      <td>\n          Copyright &copy; 2025 State Net\n      </td>\n<BR>\n<!--???MOVED INTO resources.cgi      <td align=\"right\">\n          <img src=\"https://custom.statenet.com/network/poweredby.gif\" alt=\"Powered by State Net\">\n      </td>-->\n\n    </tr>\n</table>\n</body></html>\n",
      "markdown": "The following has special meaning: _green underline denotes added text_ ~~red struck out text denotes deleted text~~ | [![Powered by State Net](https://custom.statenet.com/network/poweredby.gif)](https://www.lexisnexis.com/statenet/)  \n---|---  \n  \n2025 NH S 263 | | Author: | Office of Carson  \n---|---  \nVersion: | Amended  \nVersion Date: | 05/08/2025  \n  \n**SB 263 - AS AMENDED BY THE HOUSE**\n\n03/20/2025 0745s\n\n8May2025... 1717h\n\n2025 SESSION\n\n25-1152\n\n11/09\n\nSENATE BILL 263\n\nAN ACT criminalizing and creating a private right of action for the\nfacilitation, encouragement, offer, solicitation, or recommendation of certain\nacts or actions through a responsive generative communication to a child.\n\nSPONSORS: Sen. Carson, Dist 14; Sen. Innis, Dist 7; Sen. Lang, Dist 2; Rep.\nOsborne, Rock. 2; Rep. Kofalt, Hills. 32; Rep. Packard, Rock. 16\n\nCOMMITTEE: Judiciary\n\nANALYSIS\n\nThis bill criminalizes and creates a private right of action for the\nfacilitation, encouragement, offer, solicitation, or recommendation of certain\nacts or actions through a responsive generative communication to a child.\n\nSTATE OF NEW HAMPSHIRE\n\n_In the Year of Our Lord Two Thousand Twenty Five_\n\nAN ACT criminalizing and creating a private right of action for the\nfacilitation, encouragement, offer, solicitation, or recommendation of certain\nacts or actions through a responsive generative communication to a child.\n\n_Be it Enacted by the Senate and House of Representatives in General Court\nconvened:_\n\n1 New Paragraph; Endangering Welfare of a Child; Responsive Generative\nCommunication. Amend RSA 639:3 by inserting after paragraph III the following\nnew paragraph:\n\nIII-a.(a) For the purposes of prosecution under this section, an owner or\noperator of a computer online service, Internet service, or bulletin board\nservice, including a provider of an artificial intelligence (AI) chat program,\nlarge language model artificial intelligence bot, chat bot, character AI, or\nother computer application, the sole purpose of which is to provide responsive\nopen-ended generative communication through the use of artificial\nintelligence, commits the offense of endangering the welfare of a child if the\nowner or operator knows at the time that they direct the communication to the\nchild that the communication is made with the intent to facilitate, encourage,\noffer, solicit, or recommend that the child imminently engage in:\n\n(1) Sexually explicit conduct.\n\n(2) The production or participation in the production of a visual depiction of\nsuch conduct.\n\n(3) The illegal use of drugs or alcohol.\n\n(4) Acts of self-harm or suicide.\n\n(5) Any crime of violence against another person.\n\n(b) This paragraph shall not apply to:\n\n(1) A cloud service provider, or a provider of a telecommunications service or\nan information service, as defined in 47 U.S.C. section?153, with respect to\nthe provision of content created by or supplied on behalf of another person;\nor\n\n(2) Any product, service, website, or application that provides an AI chat\nprogram or character that is integral or incidental to a video game,\ntelevision, streaming, movie, or other similar interactive experience.\n\n2 New Section; Enforcement; Responsive Generative Communication with Children.\nAmend RSA 507 by inserting after section 8-j the following new section:\n\n507:8-k Enforcement Action for Solicitation of Children Through Responsive\nGenerative Communication.\n\nI. Any owner or operator of a computer online service, Internet service, or\nbulletin board service, including a provider of an artificial intelligence\n(AI) chat program, large language model artificial intelligence bot, chat bot,\ncharacter AI, or other computer application, the sole purpose of which is to\nprovide responsive open-ended generative communication through the use of\nartificial intelligence, shall be liable to a child, parent of such child, or\nnext friend of such child if the owner or operator knows at the time that they\ndirect the communication to the child that the communication is made with the\nintent to facilitate, encourage, offer, solicit, or recommend that the child\nimminently engage in:\n\n(1) Sexually explicit conduct.\n\n(2) The production or participation in the production of a visual depiction of\nsuch conduct.\n\n(3) The illegal use of drugs or alcohol.\n\n(4) Acts of self-harm or suicide.\n\n(5) Any crime of violence against another person.\n\nII. The attorney general may bring an action against an owner or operator that\nviolates this section for damages proximately caused to a child, as provided\nin paragraph III, or for appropriate injunctive relief. Prior to initiating\nsuch action, the attorney general shall provide the owner or operator with\nwritten notice of each alleged violation and the factual basis thereof, and\nshall give the owner or operator 90 days to provide assurances satisfactory to\nthe attorney general that the owner or operator has cured the violations and\nhas taken adequate steps to prevent future violations. If such assurances\nsatisfactory to the attorney general are provided, the attorney general shall\nnot initiate an action against the owner or operator for such violations. The\nattorney general shall have the sole right of action for a violation of this\nsection.\n\nIII. An owner or operator of such service shall be liable to a child, or the\nparent or next friend of the child, for damages proximately caused by a\nviolation of paragraph I, but in no instance liable for an amount less than\nliquidated damages in the amount of $1,000 per violation.\n\nIV. This section shall not apply to:\n\n(1) A cloud service provider, or a provider of a telecommunications service or\nan information service, as defined in 47 U.S.C. section?153, with respect to\nthe provision of content created by or supplied on behalf of another person;\nor\n\n(2) Any product, service, website, or application that provides an AI chat\nprogram or character that is integral or incidental to a video game,\ntelevision, streaming, movie, or other similar interactive experience.\n\n3 Effective Date. This act shall take effect January 1, 2026.\n\nCopyright (C) 2025 State Net  \n  \n---\n\n",
      "latest_version": false
    },
    {
      "date": "06/05/2025",
      "label": "Amended",
      "url": "https://custom.statenet.com/public/resources.cgi?mode=show_text&id=ID:bill:NH2025000S263&verid=NH2025000S263_20250605_0_A&",
      "raw_html": "<html>\n<head>\n<title>Bill Resource</title>\n\n<!--   <link href=\"https://custom.statenet.com/network/Common/css/extregtext.css\" rel=\"stylesheet\" type=\"text/css\" />-->\n   <link href=\"https://custom.statenet.com/network/Common/css/xmltext-2.0.css\" rel=\"stylesheet\" type=\"text/css\" />\n   <link href=\"https://custom.statenet.com/network/Common/css/additional-text.css\" rel=\"stylesheet\" type=\"text/css\" />\n\n\t<style type=\"text/css\">\n<!--\n\ntd, body {\n     background-color: white;\n\tfont-family: Verdana, Arial, Helvetica, sans-serif;\n\tfont-size: 12px;\n}\n\n.resourceContainer {\n   border: 1px solid black;\n}\n-->\n</style>\n</head>\n<body>\n\n    <div style=\"width: 750px; margin: auto\">\n       <div style=\"font-size: .8em;margin-bottom: 10px\"><table width=\"100%\"><tr><td align=\"left\" style=\"font-size: .8em;\"><div>The following has special meaning:</div>\n<div><u class=\"amendmentInsertedText\">green underline denotes added text</u></div>\n<div><strike class=\"amendmentDeletedText\">red struck out text denotes deleted text</strike></div></td> <td align=\"right\"><a href=\"https://www.lexisnexis.com/statenet/\"><img alt=\"Powered by State Net\" src=\"https://custom.statenet.com/network/poweredby.gif\" /></a></td></tr></table></div><table id=\"text-identifier\"><tr><td class=\"key\">2025 NH S 263</td> <td><table><tr><td class=\"label\">Author:</td> <td>Office of Carson</td></tr> <tr><td class=\"label\">Version:</td> <td>Amended</td></tr> <tr><td class=\"label\">Version Date:</td> <td>06/05/2025</td></tr></table></td></tr></table><div class=\"documentBody\">\n  <a name=\"head_document_section\"></a><div class=\"head\">\n   <p class=\"center\">\n    <b>SB 263 - AS AMENDED BY THE HOUSE</b>\n   </p>\n   <p class=\"indent\">03/20/2025 0745s</p>\n   <p class=\"indent\">8May2025... 1717h</p>\n   <p class=\"indent\">5Jun2025... 2567h</p>\n   <p class=\"center\">2025 SESSION</p>\n   <p class=\"indent\">25-1152</p>\n   <p class=\"indent\">11/09</p>\n   <p class=\"indent\">SENATE BILL 263</p>\n   <p class=\"indent\">AN ACT criminalizing and creating a private right of action for the facilitation, encouragement, offer, solicitation, or recommendation of certain acts or actions through a responsive generative communication to a child, and relative to the termination of tenancy at the expiration of the tenancy or lease term.</p>\n   <p class=\"indent\">SPONSORS: Sen. Carson, Dist 14; Sen. Innis, Dist 7; Sen. Lang, Dist 2; Rep. Osborne, Rock. 2; Rep. Kofalt, Hills. 32; Rep. Packard, Rock. 16</p>\n   <p class=\"indent\">COMMITTEE: Judiciary</p>\n  </div>\n  <a name=\"digest_document_section\"></a><div class=\"digest\">\n   <p class=\"center\">AMENDED ANALYSIS</p>\n   <p class=\"indent\">This bill:</p>\n   <p class=\"indent\">I. Criminalizes and creates a private right of action for the facilitation, encouragement, offer, solicitation, or recommendation of certain acts or actions through a responsive generative communication to a child.</p>\n   <p class=\"indent\">II. Adds the expiration of the term of the lease or tenancy if over 6 months as grounds for an eviction.</p>\n  </div>\n  <a name=\"title_document_section\"></a><div class=\"title\">\n   <p class=\"center\">STATE OF NEW HAMPSHIRE</p>\n   <p class=\"center\">\n    <i>In the Year of Our Lord Two Thousand Twenty Five</i>\n   </p>\n   <p class=\"indent\">AN ACT criminalizing and creating a private right of action for the facilitation, encouragement, offer, solicitation, or recommendation of certain acts or actions through a responsive generative communication to a child, and relative to the termination of tenancy at the expiration of the tenancy or lease term.</p>\n  </div>\n  <a name=\"text_document_section\"></a><div class=\"text\">\n   <span>\n    <p class=\"center\">\n     <i>Be it Enacted by the Senate and House of Representatives in General Court convened:</i>\n    </p>\n   </span>\n   <p class=\"indent\">1 New Paragraph; Endangering Welfare of a Child; Responsive Generative Communication. Amend RSA 639:3 by inserting after paragraph III the following new paragraph:</p>\n   <p class=\"indent\">III-a.(a) For the purposes of prosecution under this section, an owner or operator of a computer online service, Internet service, or bulletin board service, including a provider of an artificial intelligence (AI) chat program, large language model artificial intelligence bot, chat bot, character AI, or other computer application, the sole purpose of which is to provide responsive open-ended generative communication through the use of artificial intelligence, commits the offense of endangering the welfare of a child if the owner or operator knows at the time that they direct the communication to the child that the communication is made with the intent to facilitate, encourage, offer, solicit, or recommend that the child imminently engage in:</p>\n   <p class=\"indent\">(1) Sexually explicit conduct.</p>\n   <p class=\"indent\">(2) The production or participation in the production of a visual depiction of such conduct.</p>\n   <p class=\"indent\">(3) The illegal use of drugs or alcohol.</p>\n   <p class=\"indent\">(4) Acts of self-harm or suicide.</p>\n   <p class=\"indent\">(5) Any crime of violence against another person.</p>\n   <p class=\"indent\">(b) This paragraph shall not apply to:</p>\n   <p class=\"indent\">(1) A cloud service provider, or a provider of a telecommunications service or an information service, as defined in 47 U.S.C. section?153, with respect to the provision of content created by or supplied on behalf of another person; or</p>\n   <p class=\"indent\">(2) Any product, service, website, or application that provides an AI chat program or character that is integral or incidental to a video game, television, streaming, movie, or other similar interactive experience.</p>\n   <p class=\"indent\">2 New Section; Enforcement; Responsive Generative Communication with Children. Amend RSA 507 by inserting after section 8-j the following new section:</p>\n   <p class=\"indent\">507:8-k Enforcement Action for Solicitation of Children Through Responsive Generative Communication.</p>\n   <p class=\"indent\">I. Any owner or operator of a computer online service, Internet service, or bulletin board service, including a provider of an artificial intelligence (AI) chat program, large language model artificial intelligence bot, chat bot, character AI, or other computer application, the sole purpose of which is to provide responsive open-ended generative communication through the use of artificial intelligence, shall be liable to a child, parent of such child, or next friend of such child if the owner or operator knows at the time that they direct the communication to the child that the communication is made with the intent to facilitate, encourage, offer, solicit, or recommend that the child imminently engage in:</p>\n   <p class=\"indent\">(1) Sexually explicit conduct.</p>\n   <p class=\"indent\">(2) The production or participation in the production of a visual depiction of such conduct.</p>\n   <p class=\"indent\">(3) The illegal use of drugs or alcohol.</p>\n   <p class=\"indent\">(4) Acts of self-harm or suicide.</p>\n   <p class=\"indent\">(5) Any crime of violence against another person.</p>\n   <p class=\"indent\">II. The attorney general may bring an action against an owner or operator that violates this section for damages proximately caused to a child, as provided in paragraph III, or for appropriate injunctive relief. Prior to initiating such action, the attorney general shall provide the owner or operator with written notice of each alleged violation and the factual basis thereof, and shall give the owner or operator 90 days to provide assurances satisfactory to the attorney general that the owner or operator has cured the violations and has taken adequate steps to prevent future violations. If such assurances satisfactory to the attorney general are provided, the attorney general shall not initiate an action against the owner or operator for such violations. The attorney general shall have the sole right of action for a violation of this section.</p>\n   <p class=\"indent\">III. An owner or operator of such service shall be liable to a child, or the parent or next friend of the child, for damages proximately caused by a violation of paragraph I, but in no instance liable for an amount less than liquidated damages in the amount of $1,000 per violation.</p>\n   <p class=\"indent\">IV. This section shall not apply to:</p>\n   <p class=\"indent\">(1) A cloud service provider, or a provider of a telecommunications service or an information service, as defined in 47 U.S.C. section?153, with respect to the provision of content created by or supplied on behalf of another person; or</p>\n   <p class=\"indent\">(2) Any product, service, website, or application that provides an AI chat program or character that is integral or incidental to a video game, television, streaming, movie, or other similar interactive experience.</p>\n   <p class=\"indent\">3 New Subparagraph; Termination of Tenancy; Expiration of Term. Amend RSA 540:2, II by inserting after subparagraph (h) the following new subparagraph:</p>\n   <p class=\"indent\">(i) For a lease or tenancy the original term of which is 6 months or longer, or for a lease or tenancy the term of which is less than 6 months, but which has been renewed for a total period of 6 months or longer, the expiration of the term of the lease or tenancy, provided that the landlord has provided the tenant with written notice at least 60 days in advance of the termination date of the lease term that the lease will not be renewed and that the tenant must vacate the rental property at the end of the lease term.</p>\n   <p class=\"indent\">4 Effective Date. This act shall take effect January 1, 2026.</p>\n  </div>\n </div>\n    </div>\t\n<table cellpadding=0 cellspacing=0 width=\"100%\">\n   <tr>\n      <td>\n          Copyright &copy; 2025 State Net\n      </td>\n<BR>\n<!--???MOVED INTO resources.cgi      <td align=\"right\">\n          <img src=\"https://custom.statenet.com/network/poweredby.gif\" alt=\"Powered by State Net\">\n      </td>-->\n\n    </tr>\n</table>\n</body></html>\n",
      "markdown": "The following has special meaning: _green underline denotes added text_ ~~red struck out text denotes deleted text~~ | [![Powered by State Net](https://custom.statenet.com/network/poweredby.gif)](https://www.lexisnexis.com/statenet/)  \n---|---  \n  \n2025 NH S 263 | | Author: | Office of Carson  \n---|---  \nVersion: | Amended  \nVersion Date: | 06/05/2025  \n  \n**SB 263 - AS AMENDED BY THE HOUSE**\n\n03/20/2025 0745s\n\n8May2025... 1717h\n\n5Jun2025... 2567h\n\n2025 SESSION\n\n25-1152\n\n11/09\n\nSENATE BILL 263\n\nAN ACT criminalizing and creating a private right of action for the\nfacilitation, encouragement, offer, solicitation, or recommendation of certain\nacts or actions through a responsive generative communication to a child, and\nrelative to the termination of tenancy at the expiration of the tenancy or\nlease term.\n\nSPONSORS: Sen. Carson, Dist 14; Sen. Innis, Dist 7; Sen. Lang, Dist 2; Rep.\nOsborne, Rock. 2; Rep. Kofalt, Hills. 32; Rep. Packard, Rock. 16\n\nCOMMITTEE: Judiciary\n\nAMENDED ANALYSIS\n\nThis bill:\n\nI. Criminalizes and creates a private right of action for the facilitation,\nencouragement, offer, solicitation, or recommendation of certain acts or\nactions through a responsive generative communication to a child.\n\nII. Adds the expiration of the term of the lease or tenancy if over 6 months\nas grounds for an eviction.\n\nSTATE OF NEW HAMPSHIRE\n\n_In the Year of Our Lord Two Thousand Twenty Five_\n\nAN ACT criminalizing and creating a private right of action for the\nfacilitation, encouragement, offer, solicitation, or recommendation of certain\nacts or actions through a responsive generative communication to a child, and\nrelative to the termination of tenancy at the expiration of the tenancy or\nlease term.\n\n_Be it Enacted by the Senate and House of Representatives in General Court\nconvened:_\n\n1 New Paragraph; Endangering Welfare of a Child; Responsive Generative\nCommunication. Amend RSA 639:3 by inserting after paragraph III the following\nnew paragraph:\n\nIII-a.(a) For the purposes of prosecution under this section, an owner or\noperator of a computer online service, Internet service, or bulletin board\nservice, including a provider of an artificial intelligence (AI) chat program,\nlarge language model artificial intelligence bot, chat bot, character AI, or\nother computer application, the sole purpose of which is to provide responsive\nopen-ended generative communication through the use of artificial\nintelligence, commits the offense of endangering the welfare of a child if the\nowner or operator knows at the time that they direct the communication to the\nchild that the communication is made with the intent to facilitate, encourage,\noffer, solicit, or recommend that the child imminently engage in:\n\n(1) Sexually explicit conduct.\n\n(2) The production or participation in the production of a visual depiction of\nsuch conduct.\n\n(3) The illegal use of drugs or alcohol.\n\n(4) Acts of self-harm or suicide.\n\n(5) Any crime of violence against another person.\n\n(b) This paragraph shall not apply to:\n\n(1) A cloud service provider, or a provider of a telecommunications service or\nan information service, as defined in 47 U.S.C. section?153, with respect to\nthe provision of content created by or supplied on behalf of another person;\nor\n\n(2) Any product, service, website, or application that provides an AI chat\nprogram or character that is integral or incidental to a video game,\ntelevision, streaming, movie, or other similar interactive experience.\n\n2 New Section; Enforcement; Responsive Generative Communication with Children.\nAmend RSA 507 by inserting after section 8-j the following new section:\n\n507:8-k Enforcement Action for Solicitation of Children Through Responsive\nGenerative Communication.\n\nI. Any owner or operator of a computer online service, Internet service, or\nbulletin board service, including a provider of an artificial intelligence\n(AI) chat program, large language model artificial intelligence bot, chat bot,\ncharacter AI, or other computer application, the sole purpose of which is to\nprovide responsive open-ended generative communication through the use of\nartificial intelligence, shall be liable to a child, parent of such child, or\nnext friend of such child if the owner or operator knows at the time that they\ndirect the communication to the child that the communication is made with the\nintent to facilitate, encourage, offer, solicit, or recommend that the child\nimminently engage in:\n\n(1) Sexually explicit conduct.\n\n(2) The production or participation in the production of a visual depiction of\nsuch conduct.\n\n(3) The illegal use of drugs or alcohol.\n\n(4) Acts of self-harm or suicide.\n\n(5) Any crime of violence against another person.\n\nII. The attorney general may bring an action against an owner or operator that\nviolates this section for damages proximately caused to a child, as provided\nin paragraph III, or for appropriate injunctive relief. Prior to initiating\nsuch action, the attorney general shall provide the owner or operator with\nwritten notice of each alleged violation and the factual basis thereof, and\nshall give the owner or operator 90 days to provide assurances satisfactory to\nthe attorney general that the owner or operator has cured the violations and\nhas taken adequate steps to prevent future violations. If such assurances\nsatisfactory to the attorney general are provided, the attorney general shall\nnot initiate an action against the owner or operator for such violations. The\nattorney general shall have the sole right of action for a violation of this\nsection.\n\nIII. An owner or operator of such service shall be liable to a child, or the\nparent or next friend of the child, for damages proximately caused by a\nviolation of paragraph I, but in no instance liable for an amount less than\nliquidated damages in the amount of $1,000 per violation.\n\nIV. This section shall not apply to:\n\n(1) A cloud service provider, or a provider of a telecommunications service or\nan information service, as defined in 47 U.S.C. section?153, with respect to\nthe provision of content created by or supplied on behalf of another person;\nor\n\n(2) Any product, service, website, or application that provides an AI chat\nprogram or character that is integral or incidental to a video game,\ntelevision, streaming, movie, or other similar interactive experience.\n\n3 New Subparagraph; Termination of Tenancy; Expiration of Term. Amend RSA\n540:2, II by inserting after subparagraph (h) the following new subparagraph:\n\n(i) For a lease or tenancy the original term of which is 6 months or longer,\nor for a lease or tenancy the term of which is less than 6 months, but which\nhas been renewed for a total period of 6 months or longer, the expiration of\nthe term of the lease or tenancy, provided that the landlord has provided the\ntenant with written notice at least 60 days in advance of the termination date\nof the lease term that the lease will not be renewed and that the tenant must\nvacate the rental property at the end of the lease term.\n\n4 Effective Date. This act shall take effect January 1, 2026.\n\nCopyright (C) 2025 State Net  \n  \n---\n\n",
      "latest_version": true
    }
  ]
}