{
  "bill_id": "NJ2024000S3046",
  "source_url": "http://custom.statenet.com/public/resources.cgi?id=ID:bill:NJ2024000S3046&cuiq=93d84396-c63b-526a-b152-38b7f79b4cfd&client_md=e4f6fea4-27b4-5d41-b7d3-766fe52569f0",
  "versions": [
    {
      "date": "04/08/2024",
      "label": "Introduced",
      "url": "https://custom.statenet.com/public/resources.cgi?mode=show_text&id=ID:bill:NJ2024000S3046&verid=NJ2024000S3046_20240408_0_I&",
      "raw_html": "<html>\n<head>\n<title>Bill Resource</title>\n\n<!--   <link href=\"https://custom.statenet.com/network/Common/css/extregtext.css\" rel=\"stylesheet\" type=\"text/css\" />-->\n   <link href=\"https://custom.statenet.com/network/Common/css/xmltext-2.0.css\" rel=\"stylesheet\" type=\"text/css\" />\n   <link href=\"https://custom.statenet.com/network/Common/css/additional-text.css\" rel=\"stylesheet\" type=\"text/css\" />\n\n\t<style type=\"text/css\">\n<!--\n\ntd, body {\n     background-color: white;\n\tfont-family: Verdana, Arial, Helvetica, sans-serif;\n\tfont-size: 12px;\n}\n\n.resourceContainer {\n   border: 1px solid black;\n}\n-->\n</style>\n</head>\n<body>\n\n    <div style=\"width: 750px; margin: auto\">\n       <div style=\"font-size: .8em;margin-bottom: 10px\"><table width=\"100%\"><tr><td align=\"left\" style=\"font-size: .8em;\"><div>The following has special meaning:</div>\n<div><u class=\"amendmentInsertedText\">green underline denotes added text</u></div>\n<div><strike class=\"amendmentDeletedText\">red struck out text denotes deleted text</strike></div></td> <td align=\"right\"><a href=\"https://www.lexisnexis.com/statenet/\"><img alt=\"Powered by State Net\" src=\"https://custom.statenet.com/network/poweredby.gif\" /></a></td></tr></table></div><table id=\"text-identifier\"><tr><td class=\"key\">2024 NJ S 3046</td> <td><table><tr><td class=\"label\">Author:</td> <td>Henry</td></tr> <tr><td class=\"label\">Version:</td> <td>Introduced</td></tr> <tr><td class=\"label\">Version Date:</td> <td>04/08/2024</td></tr></table></td></tr></table><div class=\"documentBody\">\n  <a name=\"head_document_section\"></a><div class=\"head\">\n   <p class=\"center\">SENATE, No. 3046 </p>\n   <p class=\"indent\">STATE OF NEW JERSEY</p>\n   <p class=\"center\">221st LEGISLATURE</p>\n   <p class=\"center\">INTRODUCED APRIL 8, 2024</p>\n   <p class=\"indent\">Sponsored by:</p>\n   <p class=\"indent\">Senator OWEN HENRY</p>\n   <p class=\"indent\">District 12 (Burlington, Middlesex, Monmouth and Ocean)</p>\n   <p class=\"indent\">SYNOPSIS</p>\n   <p class=\"indent\"> Provides corporation business and gross income tax credit for employment of persons who have experienced job loss due to automation.</p>\n   <p class=\"indent\">CURRENT VERSION OF TEXT </p>\n   <p class=\"indent\"> As introduced.</p>\n  </div>\n  <a name=\"code_document_section\"></a><div class=\"code\">\n   <p class=\"left\">An Act providing a tax credit for the employment of persons who have experienced job loss due to automation, supplementing P.L.1945, c.162 (C.54:10A-1 et seq.) and chapter 4 of Title 54A of the New Jersey Statutes.</p>\n  </div>\n  <a name=\"text_document_section\"></a><div class=\"text\">\n   <span>\n    <p class=\"indent\"> Be It Enacted by the Senate and General Assembly of the State of New Jersey:</p>\n   </span>\n   <p class=\"indent\"> 1. a. A taxpayer with a headquarters in New Jersey shall be allowed a credit against the tax due pursuant to section 5 of P.L.1945, c.162 (C.54:10A-5) in an amount equal to 10 percent of the salary and wages paid to each person employed by the taxpayer whose previous employment with another taxpayer was terminated as a result of automation during the immediately preceding privilege period. In order to qualify for the credit, the taxpayer shall employ the person for at least seven months of the privilege period for which the taxpayer claims the credit. The credit allowed pursuant to this section shall not exceed $2,500 per employee per privilege period. </p>\n   <p class=\"indent\"> b. The order of priority of the application of the credit allowed pursuant to this section and any other credits allowed against the tax imposed pursuant to section 5 of P.L.1945, c.162 (C.54:10A-5) for a privilege period shall be as prescribed by the director. The amount of the credit applied pursuant to this section against the tax imposed pursuant to section 5 of P.L.1945, c.162 (C.54:10A-5) shall not reduce a qualified taxpayer&#39;s tax liability for a privilege period to an amount less than the statutory minimum provided in subsection (e) of section 5 of P.L.1945, c.162 (C.54:10A-5).</p>\n   <p class=\"indent\"> c. As used in this section, &quot;automation&quot; means a device, process, or system that functions without continuous input from a human operator.</p>\n   <p class=\"indent\"> 2. a. A taxpayer with a headquarters in New Jersey shall be allowed a credit against the &quot;New Jersey Gross Income Tax Act,&quot; N.J.S.54A:1-1 et seq., in an amount equal to 10 percent of the salary and wages paid to each person employed by the taxpayer whose previous employment with another taxpayer was terminated as a result of automation during the immediately preceding taxable year. In order to qualify for the credit, the taxpayer shall employ the person for at least seven months of the taxable year for which the taxpayer claims the credit. The credit allowed pursuant to this section shall not exceed $2,500 per qualifying employee per taxable year.</p>\n   <p class=\"indent\"> b. The order of priority of the application of the credit allowed pursuant to this section and any other credits allowed against the tax imposed pursuant to N.J.S.54A:1-1 et seq. for a taxable year shall be as prescribed by the director. The amount of the credit applied pursuant to this section against the tax imposed pursuant to N.J.S.54A:1-1 et seq. shall not reduce a taxpayer&#39;s tax liability for a taxable year to an amount less than zero.</p>\n   <p class=\"indent\"> c. As used in this section, &quot;automation&quot; means a device, process, or system that replaces human labor and functions without continuous input from an operator.</p>\n   <effective_clause>\n    <p class=\"indent\"> 3. This act shall take effect immediately and shall apply to privilege periods and taxable years beginning on or after January 1 of the year next following the date of enactment.</p>\n   </effective_clause>\n  </div>\n  <a name=\"digest_document_section\"></a><div class=\"digest\">\n   <p class=\"center\">STATEMENT</p>\n   <p class=\"indent\"> This bill would provide a corporation business and gross income tax credit for businesses with a headquarters in New Jersey for employment of persons who have experienced job loss due to automation. According to a 2020 ALICE report (Asset Limited, Income Constrained, Employed) from United Way of New Jersey analyzing living conditions for households with incomes above the Federal Poverty Level but below the basic cost of living, found that 84 percent of jobs paying less than $20 per hour and 42 percent of jobs paying more than $20 per hour in the State are at high risk of becoming automated. The sponsor notes that Ocean County is among the State&#39;s counties with the highest rates of these types of jobs, leaving many of the county&#39;s residents and families vulnerable to the impact of job loss due to automation. </p>\n   <p class=\"indent\"> The amount of the credit would be equal to 10 percent of the salary and wages paid to each person employed by the taxpayer whose previous employment with another taxpayer was terminated as a result of automation during the immediately preceding privilege period or taxable year, as the case may be. In order to qualify for the credit, the taxpayer would be required to employ the person for at least seven months of the privilege period or taxable year for which the taxpayer claims the credit. The amount of the credit would not exceed $2,500 per employee per privilege period or taxable year. The bill defines &quot;automation&quot; as a device, process, or system that replaces human labor and functions without continuous input from an operator.</p>\n  </div>\n </div>\n    </div>\t\n<table cellpadding=0 cellspacing=0 width=\"100%\">\n   <tr>\n      <td>\n          Copyright &copy; 2025 State Net\n      </td>\n<BR>\n<!--???MOVED INTO resources.cgi      <td align=\"right\">\n          <img src=\"https://custom.statenet.com/network/poweredby.gif\" alt=\"Powered by State Net\">\n      </td>-->\n\n    </tr>\n</table>\n</body></html>\n",
      "markdown": "The following has special meaning: _green underline denotes added text_ ~~red struck out text denotes deleted text~~ | [![Powered by State Net](https://custom.statenet.com/network/poweredby.gif)](https://www.lexisnexis.com/statenet/)  \n---|---  \n  \n2024 NJ S 3046 | | Author: | Henry  \n---|---  \nVersion: | Introduced  \nVersion Date: | 04/08/2024  \n  \nSENATE, No. 3046\n\nSTATE OF NEW JERSEY\n\n221st LEGISLATURE\n\nINTRODUCED APRIL 8, 2024\n\nSponsored by:\n\nSenator OWEN HENRY\n\nDistrict 12 (Burlington, Middlesex, Monmouth and Ocean)\n\nSYNOPSIS\n\nProvides corporation business and gross income tax credit for employment of\npersons who have experienced job loss due to automation.\n\nCURRENT VERSION OF TEXT\n\nAs introduced.\n\nAn Act providing a tax credit for the employment of persons who have\nexperienced job loss due to automation, supplementing P.L.1945, c.162\n(C.54:10A-1 et seq.) and chapter 4 of Title 54A of the New Jersey Statutes.\n\nBe It Enacted by the Senate and General Assembly of the State of New Jersey:\n\n1\\. a. A taxpayer with a headquarters in New Jersey shall be allowed a credit\nagainst the tax due pursuant to section 5 of P.L.1945, c.162 (C.54:10A-5) in\nan amount equal to 10 percent of the salary and wages paid to each person\nemployed by the taxpayer whose previous employment with another taxpayer was\nterminated as a result of automation during the immediately preceding\nprivilege period. In order to qualify for the credit, the taxpayer shall\nemploy the person for at least seven months of the privilege period for which\nthe taxpayer claims the credit. The credit allowed pursuant to this section\nshall not exceed $2,500 per employee per privilege period.\n\nb. The order of priority of the application of the credit allowed pursuant to\nthis section and any other credits allowed against the tax imposed pursuant to\nsection 5 of P.L.1945, c.162 (C.54:10A-5) for a privilege period shall be as\nprescribed by the director. The amount of the credit applied pursuant to this\nsection against the tax imposed pursuant to section 5 of P.L.1945, c.162\n(C.54:10A-5) shall not reduce a qualified taxpayer's tax liability for a\nprivilege period to an amount less than the statutory minimum provided in\nsubsection (e) of section 5 of P.L.1945, c.162 (C.54:10A-5).\n\nc. As used in this section, \"automation\" means a device, process, or system\nthat functions without continuous input from a human operator.\n\n2\\. a. A taxpayer with a headquarters in New Jersey shall be allowed a credit\nagainst the \"New Jersey Gross Income Tax Act,\" N.J.S.54A:1-1 et seq., in an\namount equal to 10 percent of the salary and wages paid to each person\nemployed by the taxpayer whose previous employment with another taxpayer was\nterminated as a result of automation during the immediately preceding taxable\nyear. In order to qualify for the credit, the taxpayer shall employ the person\nfor at least seven months of the taxable year for which the taxpayer claims\nthe credit. The credit allowed pursuant to this section shall not exceed\n$2,500 per qualifying employee per taxable year.\n\nb. The order of priority of the application of the credit allowed pursuant to\nthis section and any other credits allowed against the tax imposed pursuant to\nN.J.S.54A:1-1 et seq. for a taxable year shall be as prescribed by the\ndirector. The amount of the credit applied pursuant to this section against\nthe tax imposed pursuant to N.J.S.54A:1-1 et seq. shall not reduce a\ntaxpayer's tax liability for a taxable year to an amount less than zero.\n\nc. As used in this section, \"automation\" means a device, process, or system\nthat replaces human labor and functions without continuous input from an\noperator.\n\n3\\. This act shall take effect immediately and shall apply to privilege\nperiods and taxable years beginning on or after January 1 of the year next\nfollowing the date of enactment.\n\nSTATEMENT\n\nThis bill would provide a corporation business and gross income tax credit for\nbusinesses with a headquarters in New Jersey for employment of persons who\nhave experienced job loss due to automation. According to a 2020 ALICE report\n(Asset Limited, Income Constrained, Employed) from United Way of New Jersey\nanalyzing living conditions for households with incomes above the Federal\nPoverty Level but below the basic cost of living, found that 84 percent of\njobs paying less than $20 per hour and 42 percent of jobs paying more than $20\nper hour in the State are at high risk of becoming automated. The sponsor\nnotes that Ocean County is among the State's counties with the highest rates\nof these types of jobs, leaving many of the county's residents and families\nvulnerable to the impact of job loss due to automation.\n\nThe amount of the credit would be equal to 10 percent of the salary and wages\npaid to each person employed by the taxpayer whose previous employment with\nanother taxpayer was terminated as a result of automation during the\nimmediately preceding privilege period or taxable year, as the case may be. In\norder to qualify for the credit, the taxpayer would be required to employ the\nperson for at least seven months of the privilege period or taxable year for\nwhich the taxpayer claims the credit. The amount of the credit would not\nexceed $2,500 per employee per privilege period or taxable year. The bill\ndefines \"automation\" as a device, process, or system that replaces human labor\nand functions without continuous input from an operator.\n\nCopyright (C) 2025 State Net  \n  \n---\n\n",
      "latest_version": true
    }
  ]
}