{
  "bill_id": "NJ2024000S4119",
  "source_url": "http://custom.statenet.com/public/resources.cgi?id=ID:bill:NJ2024000S4119&cuiq=93d84396-c63b-526a-b152-38b7f79b4cfd&client_md=e4f6fea4-27b4-5d41-b7d3-766fe52569f0",
  "versions": [
    {
      "date": "01/30/2025",
      "label": "Introduced",
      "url": "https://custom.statenet.com/public/resources.cgi?mode=show_text&id=ID:bill:NJ2024000S4119&verid=NJ2024000S4119_20250130_0_I&",
      "raw_html": "<html>\n<head>\n<title>Bill Resource</title>\n\n<!--   <link href=\"https://custom.statenet.com/network/Common/css/extregtext.css\" rel=\"stylesheet\" type=\"text/css\" />-->\n   <link href=\"https://custom.statenet.com/network/Common/css/xmltext-2.0.css\" rel=\"stylesheet\" type=\"text/css\" />\n   <link href=\"https://custom.statenet.com/network/Common/css/additional-text.css\" rel=\"stylesheet\" type=\"text/css\" />\n\n\t<style type=\"text/css\">\n<!--\n\ntd, body {\n     background-color: white;\n\tfont-family: Verdana, Arial, Helvetica, sans-serif;\n\tfont-size: 12px;\n}\n\n.resourceContainer {\n   border: 1px solid black;\n}\n-->\n</style>\n</head>\n<body>\n\n    <div style=\"width: 750px; margin: auto\">\n       <div style=\"font-size: .8em;margin-bottom: 10px\"><table width=\"100%\"><tr><td align=\"left\" style=\"font-size: .8em;\"><div>The following has special meaning:</div>\n<div><u class=\"amendmentInsertedText\">green underline denotes added text</u></div>\n<div><strike class=\"amendmentDeletedText\">red struck out text denotes deleted text</strike></div></td> <td align=\"right\"><a href=\"https://www.lexisnexis.com/statenet/\"><img alt=\"Powered by State Net\" src=\"https://custom.statenet.com/network/poweredby.gif\" /></a></td></tr></table></div><table id=\"text-identifier\"><tr><td class=\"key\">2024 NJ S 4119</td> <td><table><tr><td class=\"label\">Author:</td> <td>Zwicker</td></tr> <tr><td class=\"label\">Version:</td> <td>Introduced</td></tr> <tr><td class=\"label\">Version Date:</td> <td>01/30/2025</td></tr></table></td></tr></table><div class=\"documentBody\">\n  <a name=\"head_document_section\"></a><div class=\"head\">\n   <p class=\"center\">SENATE, No. 4119 </p>\n   <p class=\"indent\">STATE OF NEW JERSEY</p>\n   <p class=\"center\">221st LEGISLATURE</p>\n   <p class=\"center\">INTRODUCED JANUARY 30, 2025</p>\n   <p class=\"indent\">Sponsored by:</p>\n   <p class=\"indent\">Senator ANDREW ZWICKER</p>\n   <p class=\"indent\">District 16 (Hunterdon, Mercer, Middlesex and Somerset)</p>\n   <p class=\"indent\">SYNOPSIS</p>\n   <p class=\"indent\"> Establishes various programs to support neurodiverse students at county colleges; appropriates $1.475 million. </p>\n   <p class=\"indent\">CURRENT VERSION OF TEXT </p>\n   <p class=\"indent\"> As introduced.</p>\n  </div>\n  <a name=\"code_document_section\"></a><div class=\"code\">\n   <p class=\"left\">An Act concerning the education of neurodiverse individuals, supplementing P.L.1989, c.141 (C.18A:64A-28.1 et al.), chapter 64A of Title 18A of the New Jersey Statutes, chapter 3B of Title 18A of the New Jersey Statutes, and making an appropriation. </p>\n  </div>\n  <a name=\"text_document_section\"></a><div class=\"text\">\n   <span>\n    <p class=\"indent\"> Be It Enacted by the Senate and General Assembly of the State of New Jersey:</p>\n   </span>\n   <p class=\"indent\"> 1. a. Beginning with the first full academic year following the date of enactment of P.L. , c. (C. ) (pending before the Legislature as this bill), the Office of the Secretary of Higher Education, in coordination with the New Jersey Council of County Colleges, shall establish a two-year Accessibility Coordinator Pilot Program. The purpose of the pilot program shall be to allocate funds to three county colleges to support the hiring of accessibility coordinators. Accessibility coordinators at selected county colleges shall be qualified by training and experience to effectively counsel neurodiverse students. The coordinators shall promote the academic and career success of neurodiverse students by, at a minimum:</p>\n   <p class=\"indent\"> (1) providing intentional academic advising;</p>\n   <p class=\"indent\"> (2) assisting these students in navigating and accessing campus and community resources that may be beneficial to the students&#39; academic and career growth; and</p>\n   <p class=\"indent\"> (3) connecting these students to job opportunities and employers.</p>\n   <p class=\"indent\"> b. The Office of the Secretary of Higher Education shall oversee the administration of the pilot program and coordinate with the New Jersey Council of County Colleges to ensure the effective administration of the program. The office shall select to participate in the pilot program one county college in each of the northern, central, and southern regions of the State. The county colleges shall be selected following a competitive application process to be established by the office. The application process shall, at a minimum, require applicant county colleges to submit proposals detailing:</p>\n   <p class=\"indent\"> (1) the responsibilities of the accessibility coordinator to be hired by the county college pursuant to the pilot program;</p>\n   <p class=\"indent\"> (2) the qualifications that will be sought by the county college in hiring an accessibility coordinator; </p>\n   <p class=\"indent\"> (3) any professional development or training opportunities that the county college will provide to the accessibility coordinator; and</p>\n   <p class=\"indent\"> (4) any partnerships or existing relationships with programs or other resources in the State that support the needs of neurodiverse students. </p>\n   <p class=\"indent\"> c. Following the completion of the first year of the pilot program, the Office of the Secretary of Higher Education shall submit to the Governor and to the Legislature, pursuant to section 2 of P.L.1991, c.164 (C.52:14-19.1), a report assessing the progress of the pilot program. County colleges selected for participation in the pilot program shall provide the office with data and other information that may be deemed necessary to produce the report. </p>\n   <p class=\"indent\"> d. Following the completion of the two-year pilot program, the Office of the Secretary of Higher Education shall submit to the Governor and to the Legislature, pursuant to section 2 of P.L.1991, c.164 (C.52:14-19.1), a report measuring the effectiveness of the pilot program. County colleges selected for participation in the pilot program shall provide the office with data and other information that may be deemed necessary to produce the report. </p>\n   <p class=\"indent\"> 2. a. Beginning with the first full academic year following the date of enactment of P.L. , c. (C. ) (pending before the Legislature as this bill), the New Jersey Council of County Colleges shall provide to county college faculty and staff professional development and training sessions related to teaching and supporting neurodiverse students enrolled in the county colleges. The council is encouraged to collaborate with existing programs and resources in the State, which support the needs of neurodiverse students, to provide professional development and training sessions pursuant to this section. The professional development and training sessions shall:</p>\n   <p class=\"indent\"> (1) emphasize an understanding that individuals experience and interact with the world in many different ways;</p>\n   <p class=\"indent\"> (2) promote student inclusiveness and success;</p>\n   <p class=\"indent\"> (3) provide resources designed to assist faculty and staff in supporting neurodiverse students with the transition to postsecondary education and the workforce; and </p>\n   <p class=\"indent\"> (4) provide overviews of how to effectively identify the needs of neurodiverse students, modify curricula to accommodate neurodiverse student needs, and determine individualized support services. </p>\n   <p class=\"indent\"> b. The professional development and training sessions may include, but not be limited to: </p>\n   <p class=\"indent\"> (1) Statewide professional development or training sessions to which all county colleges have access; and </p>\n   <p class=\"indent\"> (2) a series of half-day workshops, which may be available in-person or through virtual or remote means. </p>\n   <p class=\"indent\"> 3. a. The Secretary of Higher Education shall establish a &quot;County College Inclusive STEM Infrastructure Grant Program.&quot; The purpose of the program shall be to provide grants to county colleges for the cost, or a portion of the cost, of a capital construction project that extends or improves an instructional, laboratory, communication, or research facility to better accommodate the needs of neurodiverse students, provided that the facility for which a county college may receive a grant is in whole or in part utilized for instruction or research in science, technology, engineering, and mathematics (STEM) or artificial intelligence. </p>\n   <p class=\"indent\"> b. (1) Beginning with the first full academic year following the date of enactment of P.L. , c. (C. ) (pending before the Legislature as this bill), the Secretary of Higher Education shall establish a process by which a county college may apply for a grant pursuant to this section. In order to ensure the most effective utilization of moneys appropriated to the grant program and to guide county colleges that elect to apply for a grant, the secretary shall establish a list of selection criteria that account for a county college&#39;s infrastructure needs and expected capital construction project costs. The secretary is encouraged to collaborate with existing programs and resources in the State, which support the needs of neurodiverse students, to develop the selection criteria. An application submitted pursuant to this subsection shall, at a minimum:</p>\n   <p class=\"indent\"> (a) include a resolution adopted by the governing board of a county college that demonstrates a determination to apply for a grant pursuant to this section; </p>\n   <p class=\"indent\"> (b) include a complete description of the project to be financed through a grant awarded pursuant to this section; </p>\n   <p class=\"indent\"> (c) identify any additional sources of revenue to be used to finance the costs of the capital construction project; and</p>\n   <p class=\"indent\"> (d) provide pertinent information related to any partnerships or existing relationships with programs or other resources in the State that support the needs of neurodiverse students and the extent to which those partnerships and relationships have informed the project to be financed through a grant awarded pursuant to this section. </p>\n   <p class=\"indent\"> (2) Project costs that may be financed through the proceeds of a grant awarded pursuant to this section shall include, but not be limited to, lighting modifications, soft furniture and flexible seating options, sensory-friendly rooms, and equipment necessary to implement interactive learning platforms or assistive technology. </p>\n   <p class=\"indent\"> (3) The Secretary of Higher Education shall review the applications submitted pursuant to this subsection and approve or disapprove the grant. The secretary shall establish the amount of each grant that is approved, provided that an individual grant shall be no less than $25,000 and no more than $50,000. </p>\n   <p class=\"indent\"> 4. County colleges and four-year institutions of higher education are encouraged to collaborate on efforts to: </p>\n   <p class=\"indent\"> a. bolster professional development and training supports to faculty and staff who work with neurodiverse students; </p>\n   <p class=\"indent\"> b. better align courses to support the unique needs of neurodiverse students who may be transferring from a county college to a four-year institution of higher education; and</p>\n   <p class=\"indent\"> c. develop partnerships between neurodiverse student programs offered at the county colleges and four-year institutions of higher education, to better support these students. </p>\n   <p class=\"indent\"> 5. There is appropriated from the General Fund to the Office of the Secretary of Higher Education the following sums for the purposes specified:</p>\n   <p class=\"indent\"> a. $900,000 for the purpose of allocating funds to county colleges pursuant to subsection a. of section 1 of this act;</p>\n   <p class=\"indent\"> b. $75,000 for distribution to the New Jersey Council of County Colleges to effectuate the provisions of section 2 of this act; and</p>\n   <p class=\"indent\"> c. $500,000 to effectuate the provisions of section 3 of this act.</p>\n   <effective_clause>\n    <p class=\"indent\"> 6. This act shall take effect immediately. </p>\n   </effective_clause>\n  </div>\n  <a name=\"digest_document_section\"></a><div class=\"digest\">\n   <p class=\"center\">STATEMENT</p>\n   <p class=\"indent\"> This bill establishes various programs to support the needs of neurodiverse students at county colleges in the State. In general, the term &quot;neurodiversity&quot; refers to the range of differences in individual brain function and behavioral traits, regarded as part of normal variation in the human population. </p>\n   <p class=\"indent\"> The bill requires the Office of the Secretary of Higher Education, in coordination with the New Jersey Council of County Colleges, to establish a two-year Accessibility Coordinator Pilot Program. The purpose of the pilot program is to distribute funds, throughout the course of the pilot program, to a total of three county colleges across the State to support the hiring of accessibility coordinators. The bill appropriates $900,000 for distribution to county colleges. The coordinators are to promote the academic and career success of neurodiverse students by, at a minimum: providing intentional academic advising; assisting students in navigating and accessing campus and community resources that may be beneficial to the students&#39; academic and career growth; and connecting neurodiverse students to job opportunities and employers. The county colleges are to be selected following a competitive application process to be established by the office. </p>\n   <p class=\"indent\"> The bill requires the New Jersey Council of County Colleges to offer to county college faculty and staff professional development and training opportunities related to teaching and supporting neurodiverse students enrolled in the county colleges. The bill appropriates $75,000 for distribution to the council to support the costs of providing professional development and training opportunities.</p>\n   <p class=\"indent\"> The bill requires the Secretary of Higher Education to establish a &quot;County College Inclusive STEM Infrastructure Grant Program.&quot; The purpose of the program is to provide grants to county colleges for the cost, or a portion of the cost, of capital construction projects that extend or improve an instructional, laboratory, communication, or research facility to better accommodate the needs of neurodiverse students. Projects that receive funding pursuant to the program are required to extend or improve facilities that are utilized for instruction or research in science, technology, engineering, and mathematics (STEM) or artificial intelligence. The bill appropriates $500,000 for this grant program. </p>\n   <p class=\"indent\"> Pursuant to the bill, county colleges and four-year institutions of higher education are encouraged to collaborate on efforts to: bolster professional development and training supports to faculty and staff who work with neurodiverse students; better align courses to support the unique needs of students who may be transferring from a county college to a four-year institution of higher education; and develop partnerships between neurodiverse student programs offered at the county colleges and four-year institutions of higher education, to better support these students. </p>\n  </div>\n </div>\n    </div>\t\n<table cellpadding=0 cellspacing=0 width=\"100%\">\n   <tr>\n      <td>\n          Copyright &copy; 2025 State Net\n      </td>\n<BR>\n<!--???MOVED INTO resources.cgi      <td align=\"right\">\n          <img src=\"https://custom.statenet.com/network/poweredby.gif\" alt=\"Powered by State Net\">\n      </td>-->\n\n    </tr>\n</table>\n</body></html>\n",
      "markdown": "The following has special meaning: _green underline denotes added text_ ~~red struck out text denotes deleted text~~ | [![Powered by State Net](https://custom.statenet.com/network/poweredby.gif)](https://www.lexisnexis.com/statenet/)  \n---|---  \n  \n2024 NJ S 4119 | | Author: | Zwicker  \n---|---  \nVersion: | Introduced  \nVersion Date: | 01/30/2025  \n  \nSENATE, No. 4119\n\nSTATE OF NEW JERSEY\n\n221st LEGISLATURE\n\nINTRODUCED JANUARY 30, 2025\n\nSponsored by:\n\nSenator ANDREW ZWICKER\n\nDistrict 16 (Hunterdon, Mercer, Middlesex and Somerset)\n\nSYNOPSIS\n\nEstablishes various programs to support neurodiverse students at county\ncolleges; appropriates $1.475 million.\n\nCURRENT VERSION OF TEXT\n\nAs introduced.\n\nAn Act concerning the education of neurodiverse individuals, supplementing\nP.L.1989, c.141 (C.18A:64A-28.1 et al.), chapter 64A of Title 18A of the New\nJersey Statutes, chapter 3B of Title 18A of the New Jersey Statutes, and\nmaking an appropriation.\n\nBe It Enacted by the Senate and General Assembly of the State of New Jersey:\n\n1\\. a. Beginning with the first full academic year following the date of\nenactment of P.L. , c. (C. ) (pending before the Legislature as this bill),\nthe Office of the Secretary of Higher Education, in coordination with the New\nJersey Council of County Colleges, shall establish a two-year Accessibility\nCoordinator Pilot Program. The purpose of the pilot program shall be to\nallocate funds to three county colleges to support the hiring of accessibility\ncoordinators. Accessibility coordinators at selected county colleges shall be\nqualified by training and experience to effectively counsel neurodiverse\nstudents. The coordinators shall promote the academic and career success of\nneurodiverse students by, at a minimum:\n\n(1) providing intentional academic advising;\n\n(2) assisting these students in navigating and accessing campus and community\nresources that may be beneficial to the students' academic and career growth;\nand\n\n(3) connecting these students to job opportunities and employers.\n\nb. The Office of the Secretary of Higher Education shall oversee the\nadministration of the pilot program and coordinate with the New Jersey Council\nof County Colleges to ensure the effective administration of the program. The\noffice shall select to participate in the pilot program one county college in\neach of the northern, central, and southern regions of the State. The county\ncolleges shall be selected following a competitive application process to be\nestablished by the office. The application process shall, at a minimum,\nrequire applicant county colleges to submit proposals detailing:\n\n(1) the responsibilities of the accessibility coordinator to be hired by the\ncounty college pursuant to the pilot program;\n\n(2) the qualifications that will be sought by the county college in hiring an\naccessibility coordinator;\n\n(3) any professional development or training opportunities that the county\ncollege will provide to the accessibility coordinator; and\n\n(4) any partnerships or existing relationships with programs or other\nresources in the State that support the needs of neurodiverse students.\n\nc. Following the completion of the first year of the pilot program, the Office\nof the Secretary of Higher Education shall submit to the Governor and to the\nLegislature, pursuant to section 2 of P.L.1991, c.164 (C.52:14-19.1), a report\nassessing the progress of the pilot program. County colleges selected for\nparticipation in the pilot program shall provide the office with data and\nother information that may be deemed necessary to produce the report.\n\nd. Following the completion of the two-year pilot program, the Office of the\nSecretary of Higher Education shall submit to the Governor and to the\nLegislature, pursuant to section 2 of P.L.1991, c.164 (C.52:14-19.1), a report\nmeasuring the effectiveness of the pilot program. County colleges selected for\nparticipation in the pilot program shall provide the office with data and\nother information that may be deemed necessary to produce the report.\n\n2\\. a. Beginning with the first full academic year following the date of\nenactment of P.L. , c. (C. ) (pending before the Legislature as this bill),\nthe New Jersey Council of County Colleges shall provide to county college\nfaculty and staff professional development and training sessions related to\nteaching and supporting neurodiverse students enrolled in the county colleges.\nThe council is encouraged to collaborate with existing programs and resources\nin the State, which support the needs of neurodiverse students, to provide\nprofessional development and training sessions pursuant to this section. The\nprofessional development and training sessions shall:\n\n(1) emphasize an understanding that individuals experience and interact with\nthe world in many different ways;\n\n(2) promote student inclusiveness and success;\n\n(3) provide resources designed to assist faculty and staff in supporting\nneurodiverse students with the transition to postsecondary education and the\nworkforce; and\n\n(4) provide overviews of how to effectively identify the needs of neurodiverse\nstudents, modify curricula to accommodate neurodiverse student needs, and\ndetermine individualized support services.\n\nb. The professional development and training sessions may include, but not be\nlimited to:\n\n(1) Statewide professional development or training sessions to which all\ncounty colleges have access; and\n\n(2) a series of half-day workshops, which may be available in-person or\nthrough virtual or remote means.\n\n3\\. a. The Secretary of Higher Education shall establish a \"County College\nInclusive STEM Infrastructure Grant Program.\" The purpose of the program shall\nbe to provide grants to county colleges for the cost, or a portion of the\ncost, of a capital construction project that extends or improves an\ninstructional, laboratory, communication, or research facility to better\naccommodate the needs of neurodiverse students, provided that the facility for\nwhich a county college may receive a grant is in whole or in part utilized for\ninstruction or research in science, technology, engineering, and mathematics\n(STEM) or artificial intelligence.\n\nb. (1) Beginning with the first full academic year following the date of\nenactment of P.L. , c. (C. ) (pending before the Legislature as this bill),\nthe Secretary of Higher Education shall establish a process by which a county\ncollege may apply for a grant pursuant to this section. In order to ensure the\nmost effective utilization of moneys appropriated to the grant program and to\nguide county colleges that elect to apply for a grant, the secretary shall\nestablish a list of selection criteria that account for a county college's\ninfrastructure needs and expected capital construction project costs. The\nsecretary is encouraged to collaborate with existing programs and resources in\nthe State, which support the needs of neurodiverse students, to develop the\nselection criteria. An application submitted pursuant to this subsection\nshall, at a minimum:\n\n(a) include a resolution adopted by the governing board of a county college\nthat demonstrates a determination to apply for a grant pursuant to this\nsection;\n\n(b) include a complete description of the project to be financed through a\ngrant awarded pursuant to this section;\n\n(c) identify any additional sources of revenue to be used to finance the costs\nof the capital construction project; and\n\n(d) provide pertinent information related to any partnerships or existing\nrelationships with programs or other resources in the State that support the\nneeds of neurodiverse students and the extent to which those partnerships and\nrelationships have informed the project to be financed through a grant awarded\npursuant to this section.\n\n(2) Project costs that may be financed through the proceeds of a grant awarded\npursuant to this section shall include, but not be limited to, lighting\nmodifications, soft furniture and flexible seating options, sensory-friendly\nrooms, and equipment necessary to implement interactive learning platforms or\nassistive technology.\n\n(3) The Secretary of Higher Education shall review the applications submitted\npursuant to this subsection and approve or disapprove the grant. The secretary\nshall establish the amount of each grant that is approved, provided that an\nindividual grant shall be no less than $25,000 and no more than $50,000.\n\n4\\. County colleges and four-year institutions of higher education are\nencouraged to collaborate on efforts to:\n\na. bolster professional development and training supports to faculty and staff\nwho work with neurodiverse students;\n\nb. better align courses to support the unique needs of neurodiverse students\nwho may be transferring from a county college to a four-year institution of\nhigher education; and\n\nc. develop partnerships between neurodiverse student programs offered at the\ncounty colleges and four-year institutions of higher education, to better\nsupport these students.\n\n5\\. There is appropriated from the General Fund to the Office of the Secretary\nof Higher Education the following sums for the purposes specified:\n\na. $900,000 for the purpose of allocating funds to county colleges pursuant to\nsubsection a. of section 1 of this act;\n\nb. $75,000 for distribution to the New Jersey Council of County Colleges to\neffectuate the provisions of section 2 of this act; and\n\nc. $500,000 to effectuate the provisions of section 3 of this act.\n\n6\\. This act shall take effect immediately.\n\nSTATEMENT\n\nThis bill establishes various programs to support the needs of neurodiverse\nstudents at county colleges in the State. In general, the term\n\"neurodiversity\" refers to the range of differences in individual brain\nfunction and behavioral traits, regarded as part of normal variation in the\nhuman population.\n\nThe bill requires the Office of the Secretary of Higher Education, in\ncoordination with the New Jersey Council of County Colleges, to establish a\ntwo-year Accessibility Coordinator Pilot Program. The purpose of the pilot\nprogram is to distribute funds, throughout the course of the pilot program, to\na total of three county colleges across the State to support the hiring of\naccessibility coordinators. The bill appropriates $900,000 for distribution to\ncounty colleges. The coordinators are to promote the academic and career\nsuccess of neurodiverse students by, at a minimum: providing intentional\nacademic advising; assisting students in navigating and accessing campus and\ncommunity resources that may be beneficial to the students' academic and\ncareer growth; and connecting neurodiverse students to job opportunities and\nemployers. The county colleges are to be selected following a competitive\napplication process to be established by the office.\n\nThe bill requires the New Jersey Council of County Colleges to offer to county\ncollege faculty and staff professional development and training opportunities\nrelated to teaching and supporting neurodiverse students enrolled in the\ncounty colleges. The bill appropriates $75,000 for distribution to the council\nto support the costs of providing professional development and training\nopportunities.\n\nThe bill requires the Secretary of Higher Education to establish a \"County\nCollege Inclusive STEM Infrastructure Grant Program.\" The purpose of the\nprogram is to provide grants to county colleges for the cost, or a portion of\nthe cost, of capital construction projects that extend or improve an\ninstructional, laboratory, communication, or research facility to better\naccommodate the needs of neurodiverse students. Projects that receive funding\npursuant to the program are required to extend or improve facilities that are\nutilized for instruction or research in science, technology, engineering, and\nmathematics (STEM) or artificial intelligence. The bill appropriates $500,000\nfor this grant program.\n\nPursuant to the bill, county colleges and four-year institutions of higher\neducation are encouraged to collaborate on efforts to: bolster professional\ndevelopment and training supports to faculty and staff who work with\nneurodiverse students; better align courses to support the unique needs of\nstudents who may be transferring from a county college to a four-year\ninstitution of higher education; and develop partnerships between neurodiverse\nstudent programs offered at the county colleges and four-year institutions of\nhigher education, to better support these students.\n\nCopyright (C) 2025 State Net  \n  \n---\n\n",
      "latest_version": true
    }
  ]
}