{
  "bill_id": "NJ2024000S3143",
  "source_url": "http://custom.statenet.com/public/resources.cgi?id=ID:bill:NJ2024000S3143&cuiq=93d84396-c63b-526a-b152-38b7f79b4cfd&client_md=e4f6fea4-27b4-5d41-b7d3-766fe52569f0",
  "versions": [
    {
      "date": "05/06/2024",
      "label": "Introduced",
      "url": "https://custom.statenet.com/public/resources.cgi?mode=show_text&id=ID:bill:NJ2024000S3143&verid=NJ2024000S3143_20240506_0_I&",
      "raw_html": "<html>\n<head>\n<title>Bill Resource</title>\n\n<!--   <link href=\"https://custom.statenet.com/network/Common/css/extregtext.css\" rel=\"stylesheet\" type=\"text/css\" />-->\n   <link href=\"https://custom.statenet.com/network/Common/css/xmltext-2.0.css\" rel=\"stylesheet\" type=\"text/css\" />\n   <link href=\"https://custom.statenet.com/network/Common/css/additional-text.css\" rel=\"stylesheet\" type=\"text/css\" />\n\n\t<style type=\"text/css\">\n<!--\n\ntd, body {\n     background-color: white;\n\tfont-family: Verdana, Arial, Helvetica, sans-serif;\n\tfont-size: 12px;\n}\n\n.resourceContainer {\n   border: 1px solid black;\n}\n-->\n</style>\n</head>\n<body>\n\n    <div style=\"width: 750px; margin: auto\">\n       <div style=\"font-size: .8em;margin-bottom: 10px\"><table width=\"100%\"><tr><td align=\"left\" style=\"font-size: .8em;\"><div>The following has special meaning:</div>\n<div><u class=\"amendmentInsertedText\">green underline denotes added text</u></div>\n<div><strike class=\"amendmentDeletedText\">red struck out text denotes deleted text</strike></div></td> <td align=\"right\"><a href=\"https://www.lexisnexis.com/statenet/\"><img alt=\"Powered by State Net\" src=\"https://custom.statenet.com/network/poweredby.gif\" /></a></td></tr></table></div><table id=\"text-identifier\"><tr><td class=\"key\">2024 NJ S 3143</td> <td><table><tr><td class=\"label\">Author:</td> <td>Singer</td></tr> <tr><td class=\"label\">Version:</td> <td>Introduced</td></tr> <tr><td class=\"label\">Version Date:</td> <td>05/06/2024</td></tr></table></td></tr></table><div class=\"documentBody\">\n  <a name=\"head_document_section\"></a><div class=\"head\">\n   <p class=\"center\">SENATE, No. 3143 </p>\n   <p class=\"indent\">STATE OF NEW JERSEY</p>\n   <p class=\"center\">221st LEGISLATURE</p>\n   <p class=\"center\">INTRODUCED MAY 6, 2024</p>\n   <p class=\"indent\">Sponsored by:</p>\n   <p class=\"indent\">Senator ROBERT W. SINGER</p>\n   <p class=\"indent\">District 30 (Monmouth and Ocean)</p>\n   <p class=\"indent\">Senator ANGELA V. MCKNIGHT</p>\n   <p class=\"indent\">District 31 (Hudson)</p>\n   <p class=\"indent\">Co-Sponsored by:</p>\n   <p class=\"indent\">Senator Greenstein</p>\n   <p class=\"indent\">SYNOPSIS</p>\n   <p class=\"indent\"> Requires hospitals and nursing homes to provide access to certain interpreter services for deaf and hard of hearing.</p>\n   <p class=\"indent\">CURRENT VERSION OF TEXT </p>\n   <p class=\"indent\"> As introduced.</p>\n  </div>\n  <a name=\"code_document_section\"></a><div class=\"code\">\n   <p class=\"left\">An Act concerning interpreter services and supplementing Title 26 of the Revised Statutes.</p>\n  </div>\n  <a name=\"text_document_section\"></a><div class=\"text\">\n   <span>\n    <p class=\"indent\"> Be It Enacted by the Senate and General Assembly of the State of New Jersey:</p>\n   </span>\n   <p class=\"indent\"> 1. a. Each hospital and nursing home licensed pursuant to P.L.1971, c.136 (C.26:2H-1 et seq.) shall make interpreter services for the deaf and hard of hearing available to patients 24 hours per day, seven days per week. Interpreter services shall include, at minimum, interpreter services provided through electronic means including, but not limited to, video remote interpreting services and artificial intelligence-assisted interpreting services, as approved by the Commissioner of Health.</p>\n   <effective_clause>\n    <p class=\"indent\"> 2. This act shall take effect 180 days after the date of enactment.</p>\n   </effective_clause>\n  </div>\n  <a name=\"digest_document_section\"></a><div class=\"digest\">\n   <p class=\"center\">STATEMENT</p>\n   <p class=\"indent\"> This bill requires each hospital and nursing home licensed pursuant to P.L.1971, c.136 (C.26:2H-1 et seq.) to make interpreter services for the deaf and hard of hearing available to patients 24 hours per day, seven days per week. Interpreter services will include, at minimum, interpreter services provided through electronic means including, but not limited to, video remote interpreting services and artificial intelligence-assisted interpreting services, as approved by the Commissioner of Health.</p>\n  </div>\n </div>\n    </div>\t\n<table cellpadding=0 cellspacing=0 width=\"100%\">\n   <tr>\n      <td>\n          Copyright &copy; 2025 State Net\n      </td>\n<BR>\n<!--???MOVED INTO resources.cgi      <td align=\"right\">\n          <img src=\"https://custom.statenet.com/network/poweredby.gif\" alt=\"Powered by State Net\">\n      </td>-->\n\n    </tr>\n</table>\n</body></html>\n",
      "markdown": "The following has special meaning: _green underline denotes added text_ ~~red struck out text denotes deleted text~~ | [![Powered by State Net](https://custom.statenet.com/network/poweredby.gif)](https://www.lexisnexis.com/statenet/)  \n---|---  \n  \n2024 NJ S 3143 | | Author: | Singer  \n---|---  \nVersion: | Introduced  \nVersion Date: | 05/06/2024  \n  \nSENATE, No. 3143\n\nSTATE OF NEW JERSEY\n\n221st LEGISLATURE\n\nINTRODUCED MAY 6, 2024\n\nSponsored by:\n\nSenator ROBERT W. SINGER\n\nDistrict 30 (Monmouth and Ocean)\n\nSenator ANGELA V. MCKNIGHT\n\nDistrict 31 (Hudson)\n\nCo-Sponsored by:\n\nSenator Greenstein\n\nSYNOPSIS\n\nRequires hospitals and nursing homes to provide access to certain interpreter\nservices for deaf and hard of hearing.\n\nCURRENT VERSION OF TEXT\n\nAs introduced.\n\nAn Act concerning interpreter services and supplementing Title 26 of the\nRevised Statutes.\n\nBe It Enacted by the Senate and General Assembly of the State of New Jersey:\n\n1\\. a. Each hospital and nursing home licensed pursuant to P.L.1971, c.136\n(C.26:2H-1 et seq.) shall make interpreter services for the deaf and hard of\nhearing available to patients 24 hours per day, seven days per week.\nInterpreter services shall include, at minimum, interpreter services provided\nthrough electronic means including, but not limited to, video remote\ninterpreting services and artificial intelligence-assisted interpreting\nservices, as approved by the Commissioner of Health.\n\n2\\. This act shall take effect 180 days after the date of enactment.\n\nSTATEMENT\n\nThis bill requires each hospital and nursing home licensed pursuant to\nP.L.1971, c.136 (C.26:2H-1 et seq.) to make interpreter services for the deaf\nand hard of hearing available to patients 24 hours per day, seven days per\nweek. Interpreter services will include, at minimum, interpreter services\nprovided through electronic means including, but not limited to, video remote\ninterpreting services and artificial intelligence-assisted interpreting\nservices, as approved by the Commissioner of Health.\n\nCopyright (C) 2025 State Net  \n  \n---\n\n",
      "latest_version": true
    }
  ]
}