{
  "bill_id": "NJ2024000S3298",
  "source_url": "http://custom.statenet.com/public/resources.cgi?id=ID:bill:NJ2024000S3298&cuiq=93d84396-c63b-526a-b152-38b7f79b4cfd&client_md=e4f6fea4-27b4-5d41-b7d3-766fe52569f0",
  "versions": [
    {
      "date": "05/20/2024",
      "label": "Introduced",
      "url": "https://custom.statenet.com/public/resources.cgi?mode=show_text&id=ID:bill:NJ2024000S3298&verid=NJ2024000S3298_20240520_0_I&",
      "raw_html": "<html>\n<head>\n<title>Bill Resource</title>\n\n<!--   <link href=\"https://custom.statenet.com/network/Common/css/extregtext.css\" rel=\"stylesheet\" type=\"text/css\" />-->\n   <link href=\"https://custom.statenet.com/network/Common/css/xmltext-2.0.css\" rel=\"stylesheet\" type=\"text/css\" />\n   <link href=\"https://custom.statenet.com/network/Common/css/additional-text.css\" rel=\"stylesheet\" type=\"text/css\" />\n\n\t<style type=\"text/css\">\n<!--\n\ntd, body {\n     background-color: white;\n\tfont-family: Verdana, Arial, Helvetica, sans-serif;\n\tfont-size: 12px;\n}\n\n.resourceContainer {\n   border: 1px solid black;\n}\n-->\n</style>\n</head>\n<body>\n\n    <div style=\"width: 750px; margin: auto\">\n       <div style=\"font-size: .8em;margin-bottom: 10px\"><table width=\"100%\"><tr><td align=\"left\" style=\"font-size: .8em;\"><div>The following has special meaning:</div>\n<div><u class=\"amendmentInsertedText\">green underline denotes added text</u></div>\n<div><strike class=\"amendmentDeletedText\">red struck out text denotes deleted text</strike></div></td> <td align=\"right\"><a href=\"https://www.lexisnexis.com/statenet/\"><img alt=\"Powered by State Net\" src=\"https://custom.statenet.com/network/poweredby.gif\" /></a></td></tr></table></div><table id=\"text-identifier\"><tr><td class=\"key\">2024 NJ S 3298</td> <td><table><tr><td class=\"label\">Author:</td> <td>Bramnick</td></tr> <tr><td class=\"label\">Version:</td> <td>Introduced</td></tr> <tr><td class=\"label\">Version Date:</td> <td>05/20/2024</td></tr></table></td></tr></table><div class=\"documentBody\">\n  <a name=\"head_document_section\"></a><div class=\"head\">\n   <p class=\"center\">SENATE, No. 3298 </p>\n   <p class=\"indent\">STATE OF NEW JERSEY</p>\n   <p class=\"center\">221st LEGISLATURE</p>\n   <p class=\"center\">INTRODUCED MAY 20, 2024</p>\n   <p class=\"indent\">Sponsored by:</p>\n   <p class=\"indent\">Senator JON M. BRAMNICK</p>\n   <p class=\"indent\">District 21 (Middlesex, Morris, Somerset and Union)</p>\n   <p class=\"indent\">SYNOPSIS</p>\n   <p class=\"indent\"> Requires collection of data by health insurers regarding health insurance claims and decisions made using automated utilization management systems. </p>\n   <p class=\"indent\">CURRENT VERSION OF TEXT </p>\n   <p class=\"indent\"> As introduced.</p>\n  </div>\n  <a name=\"code_document_section\"></a><div class=\"code\">\n   <p class=\"left\">An Act concerning collection of certain data regarding health insurance claims and automated utilization management systems and supplementing P.L.1999, c.352 (C.17B:30-26 et seq.) and P.L.2005, c.352 (C.17B:30-48 et seq.).</p>\n  </div>\n  <a name=\"text_document_section\"></a><div class=\"text\">\n   <span>\n    <p class=\"indent\"> Be It Enacted by the Senate and General Assembly of the State of New Jersey:</p>\n   </span>\n   <p class=\"indent\"> 1. a. In addition to requirements for the maintenance of records by a payer pursuant to section 5 of P.L.1999, c.155 (C.17B:30-30), a payer shall maintain, and the Department of Banking and Insurance shall make publicly available, data on health benefit plan claims in the following categories:</p>\n   <p class=\"indent\"> (1) claims submitted for in-network and out-of-network health care providers;</p>\n   <p class=\"indent\"> (2) claims originally denied that were appealed and the number of appeals sustained and overturned;</p>\n   <p class=\"indent\"> (3) claims approved and denied in the process of prior authorization;</p>\n   <p class=\"indent\"> (4) the procedures of each medical specialty for which a claim is most frequently denied; and</p>\n   <p class=\"indent\"> (5) any other data the Commissioner of Banking and Insurance requires.</p>\n   <p class=\"indent\"> b. The data to be submitted by a payer pursuant to this section shall be submitted annually, by a date and in a form and manner as determined by the commissioner.</p>\n   <p class=\"indent\"> c. A payer who is determined to have denied, without proper justification, at least 20 percent of claims received in a year shall, as a penalty, return to a covered person a dollar amount equal to the cost paid by the covered person for the services denied for coverage by the payer.</p>\n   <p class=\"indent\"> d. The commissioner shall adopt, pursuant to the &quot;Administrative Procedure Act,&quot; P.L.1968, c.410 (C.52:14B-1 et seq.), any rules and regulations necessary to effectuate the purposes of this section.</p>\n   <p class=\"indent\"> 2. a. Every claim submitted to a payer shall be reviewed by at least one medical director employed by or contracted with the payer.</p>\n   <p class=\"indent\"> b. A payer shall annually submit to the Department of Human Services and the Department of Banking and Insurance and publicly disclose, in a clear and conspicuous location on the payer&#39;s Internet website, the payer&#39;s claim rejection rates each year. The information to shall include, but not be limited to:</p>\n   <p class=\"indent\"> (a) the total number of claim denials and total number of claim approvals made by the payer;</p>\n   <p class=\"indent\"> (b) the total number of claim denials and total number of claim approvals by a physician or medical director;</p>\n   <p class=\"indent\"> (c) the average length of time the payer takes to review a claim; and</p>\n   <p class=\"indent\"> (d) the average length of time the payer takes to review a claim, arranged by physician and medical director.</p>\n   <p class=\"indent\"> c. A physician or medical director reviewing claims for a payer shall include on all denial notices the physician or medical director&#39;s claim denial rate and the average amount of time it takes for the physician or medical director to review a claim.</p>\n   <p class=\"indent\"> d. A physician or medical director reviewing claims for a payer shall include instructions, on all denial notices and explanation of benefits notices, explaining how to access consumer assistance through the Department of Banking and Insurance. The instructions shall include a link to the consumer assistance webpage of the Department of Banking and Insurance and shall include all the information contained therein.</p>\n   <p class=\"indent\"> e. A carrier shall disclose, in a clear and conspicuous location on the carrier&#39;s Internet website:</p>\n   <p class=\"indent\"> (1) whether or not the carrier uses an automated utilization management system; and</p>\n   <p class=\"indent\"> (2) how many claims were reviewed using the automated utilization management system in the previous year.</p>\n   <p class=\"indent\"> f. The Department of Banking and Insurance shall have the authority to audit at any time a payer&#39;s automated utilization management system and the data the payer collects pursuant to this section in using that system. If necessary, the department may contract with a third-party entity to perform the audit pursuant to this subsection.</p>\n   <p class=\"indent\"> g. The commissioner shall adopt, pursuant to the &quot;Administrative Procedure Act,&quot; P.L.1968, c.410 (C.52:14B-1 et seq.), any rules and regulations necessary to effectuate the purposes of this section.</p>\n   <p class=\"indent\"> h. As used in this section, &quot;automated utilization management system&quot; means an automated system for reviewing the appropriate and efficient allocation of health care services under a health benefits plan according to specified guidelines, in order to recommend or determine whether, or to what extent, a health care service given or proposed to be given to a covered person should or will be reimbursed, covered, paid for, or otherwise provided under the health benefits plan and which may use artificial intelligence or other type of software to automate the process of making recommendations or determinations. The system may include, but shall not be limited to: preadmission certification; the application of practice guidelines; continued stay review; discharge planning; prior authorization of ambulatory care procedures; and retrospective review.</p>\n   <effective_clause>\n    <p class=\"indent\"> 3. This act shall take effect on the first day of the thirteenth month next following the date of enactment and be applicable to claims approved, denied or appealed for health benefit plans that are delivered, issued, executed, or renewed on or after the effective date.</p>\n   </effective_clause>\n  </div>\n  <a name=\"digest_document_section\"></a><div class=\"digest\">\n   <p class=\"center\">STATEMENT</p>\n   <p class=\"indent\"> This bill modifies current law requiring the collection of certain data from health insurers. Specifically, the bill requires, on an annual basis, that a payer, or a carrier or an organized delivery system who is doing business in New Jersey and is under a contractual obligation to pay insured claims, maintain, and the Department of Banking and Insurance to make publicly available, data on health benefit plan claims regarding various matters, including the number of claims originally denied that were appealed and the number of appeals sustained and overturned and the procedures of each medical specialty for which a claim is most frequently denied. Additional data may be collected as authorized by the department. A payer who is determined to have denied, without proper justification, at least 20 percent of claims received in a year is, as a penalty, to return to a covered person a dollar amount equal to the cost paid by the covered person for the services denied for coverage by the payer. </p>\n   <p class=\"indent\"> Additionally, the bill modifies current law governing utilization management by establishing certain reporting requirements for data. Specifically, the bill requires that: (1) every claim submitted for utilization management be reviewed by at least one medical director employed by or contracted with a payer; and (2) payers submit annually to the Department of Human Services and the Department of Banking and Insurance and to publicly disclose, in a clear and conspicuous location on the payer&#39;s Internet website, certain information concerning the payer&#39;s claim rejection rates each year. </p>\n   <p class=\"indent\"> Pursuant to the bill, a physician or medical director reviewing claims for a payer is required to include on all denial notices the physician or medical director&#39;s claim denial rate and the average amount of time it takes for the physician or medical director to review a claim. Furthermore, a physician or medical director reviewing claims for a payer is to include instructions, on all denial notices and explanation of benefits notices, explaining how to access consumer assistance through the Department of Banking and Insurance. </p>\n   <p class=\"indent\"> Health insurance carriers are also required under the bill to disclose, in a clear and conspicuous location on the carrier&#39;s Internet website: (1) whether or not the carrier uses an automated utilization management system; and (2) how many claims were reviewed using the automated utilization management system in the previous year. Lastly, the bill authorizes the Department of Banking and Insurance to audit at any time a payer&#39;s automated utilization management system and the data the payer collects in using that system. </p>\n   <p class=\"indent\"> Under the bill, an &quot;automated utilization management system&quot; means an automated system for reviewing the appropriate and efficient allocation of health care services under a health benefits plan according to specified guidelines, in order to recommend or determine whether, or to what extent, a health care service given or proposed to be given to a covered person should or will be reimbursed, covered, paid for, or otherwise provided under the health benefits plan and which may use artificial intelligence or other type of software to automate the process of making recommendations or determinations. </p>\n  </div>\n </div>\n    </div>\t\n<table cellpadding=0 cellspacing=0 width=\"100%\">\n   <tr>\n      <td>\n          Copyright &copy; 2025 State Net\n      </td>\n<BR>\n<!--???MOVED INTO resources.cgi      <td align=\"right\">\n          <img src=\"https://custom.statenet.com/network/poweredby.gif\" alt=\"Powered by State Net\">\n      </td>-->\n\n    </tr>\n</table>\n</body></html>\n",
      "markdown": "The following has special meaning: _green underline denotes added text_ ~~red struck out text denotes deleted text~~ | [![Powered by State Net](https://custom.statenet.com/network/poweredby.gif)](https://www.lexisnexis.com/statenet/)  \n---|---  \n  \n2024 NJ S 3298 | | Author: | Bramnick  \n---|---  \nVersion: | Introduced  \nVersion Date: | 05/20/2024  \n  \nSENATE, No. 3298\n\nSTATE OF NEW JERSEY\n\n221st LEGISLATURE\n\nINTRODUCED MAY 20, 2024\n\nSponsored by:\n\nSenator JON M. BRAMNICK\n\nDistrict 21 (Middlesex, Morris, Somerset and Union)\n\nSYNOPSIS\n\nRequires collection of data by health insurers regarding health insurance\nclaims and decisions made using automated utilization management systems.\n\nCURRENT VERSION OF TEXT\n\nAs introduced.\n\nAn Act concerning collection of certain data regarding health insurance claims\nand automated utilization management systems and supplementing P.L.1999, c.352\n(C.17B:30-26 et seq.) and P.L.2005, c.352 (C.17B:30-48 et seq.).\n\nBe It Enacted by the Senate and General Assembly of the State of New Jersey:\n\n1\\. a. In addition to requirements for the maintenance of records by a payer\npursuant to section 5 of P.L.1999, c.155 (C.17B:30-30), a payer shall\nmaintain, and the Department of Banking and Insurance shall make publicly\navailable, data on health benefit plan claims in the following categories:\n\n(1) claims submitted for in-network and out-of-network health care providers;\n\n(2) claims originally denied that were appealed and the number of appeals\nsustained and overturned;\n\n(3) claims approved and denied in the process of prior authorization;\n\n(4) the procedures of each medical specialty for which a claim is most\nfrequently denied; and\n\n(5) any other data the Commissioner of Banking and Insurance requires.\n\nb. The data to be submitted by a payer pursuant to this section shall be\nsubmitted annually, by a date and in a form and manner as determined by the\ncommissioner.\n\nc. A payer who is determined to have denied, without proper justification, at\nleast 20 percent of claims received in a year shall, as a penalty, return to a\ncovered person a dollar amount equal to the cost paid by the covered person\nfor the services denied for coverage by the payer.\n\nd. The commissioner shall adopt, pursuant to the \"Administrative Procedure\nAct,\" P.L.1968, c.410 (C.52:14B-1 et seq.), any rules and regulations\nnecessary to effectuate the purposes of this section.\n\n2\\. a. Every claim submitted to a payer shall be reviewed by at least one\nmedical director employed by or contracted with the payer.\n\nb. A payer shall annually submit to the Department of Human Services and the\nDepartment of Banking and Insurance and publicly disclose, in a clear and\nconspicuous location on the payer's Internet website, the payer's claim\nrejection rates each year. The information to shall include, but not be\nlimited to:\n\n(a) the total number of claim denials and total number of claim approvals made\nby the payer;\n\n(b) the total number of claim denials and total number of claim approvals by a\nphysician or medical director;\n\n(c) the average length of time the payer takes to review a claim; and\n\n(d) the average length of time the payer takes to review a claim, arranged by\nphysician and medical director.\n\nc. A physician or medical director reviewing claims for a payer shall include\non all denial notices the physician or medical director's claim denial rate\nand the average amount of time it takes for the physician or medical director\nto review a claim.\n\nd. A physician or medical director reviewing claims for a payer shall include\ninstructions, on all denial notices and explanation of benefits notices,\nexplaining how to access consumer assistance through the Department of Banking\nand Insurance. The instructions shall include a link to the consumer\nassistance webpage of the Department of Banking and Insurance and shall\ninclude all the information contained therein.\n\ne. A carrier shall disclose, in a clear and conspicuous location on the\ncarrier's Internet website:\n\n(1) whether or not the carrier uses an automated utilization management\nsystem; and\n\n(2) how many claims were reviewed using the automated utilization management\nsystem in the previous year.\n\nf. The Department of Banking and Insurance shall have the authority to audit\nat any time a payer's automated utilization management system and the data the\npayer collects pursuant to this section in using that system. If necessary,\nthe department may contract with a third-party entity to perform the audit\npursuant to this subsection.\n\ng. The commissioner shall adopt, pursuant to the \"Administrative Procedure\nAct,\" P.L.1968, c.410 (C.52:14B-1 et seq.), any rules and regulations\nnecessary to effectuate the purposes of this section.\n\nh. As used in this section, \"automated utilization management system\" means an\nautomated system for reviewing the appropriate and efficient allocation of\nhealth care services under a health benefits plan according to specified\nguidelines, in order to recommend or determine whether, or to what extent, a\nhealth care service given or proposed to be given to a covered person should\nor will be reimbursed, covered, paid for, or otherwise provided under the\nhealth benefits plan and which may use artificial intelligence or other type\nof software to automate the process of making recommendations or\ndeterminations. The system may include, but shall not be limited to:\npreadmission certification; the application of practice guidelines; continued\nstay review; discharge planning; prior authorization of ambulatory care\nprocedures; and retrospective review.\n\n3\\. This act shall take effect on the first day of the thirteenth month next\nfollowing the date of enactment and be applicable to claims approved, denied\nor appealed for health benefit plans that are delivered, issued, executed, or\nrenewed on or after the effective date.\n\nSTATEMENT\n\nThis bill modifies current law requiring the collection of certain data from\nhealth insurers. Specifically, the bill requires, on an annual basis, that a\npayer, or a carrier or an organized delivery system who is doing business in\nNew Jersey and is under a contractual obligation to pay insured claims,\nmaintain, and the Department of Banking and Insurance to make publicly\navailable, data on health benefit plan claims regarding various matters,\nincluding the number of claims originally denied that were appealed and the\nnumber of appeals sustained and overturned and the procedures of each medical\nspecialty for which a claim is most frequently denied. Additional data may be\ncollected as authorized by the department. A payer who is determined to have\ndenied, without proper justification, at least 20 percent of claims received\nin a year is, as a penalty, to return to a covered person a dollar amount\nequal to the cost paid by the covered person for the services denied for\ncoverage by the payer.\n\nAdditionally, the bill modifies current law governing utilization management\nby establishing certain reporting requirements for data. Specifically, the\nbill requires that: (1) every claim submitted for utilization management be\nreviewed by at least one medical director employed by or contracted with a\npayer; and (2) payers submit annually to the Department of Human Services and\nthe Department of Banking and Insurance and to publicly disclose, in a clear\nand conspicuous location on the payer's Internet website, certain information\nconcerning the payer's claim rejection rates each year.\n\nPursuant to the bill, a physician or medical director reviewing claims for a\npayer is required to include on all denial notices the physician or medical\ndirector's claim denial rate and the average amount of time it takes for the\nphysician or medical director to review a claim. Furthermore, a physician or\nmedical director reviewing claims for a payer is to include instructions, on\nall denial notices and explanation of benefits notices, explaining how to\naccess consumer assistance through the Department of Banking and Insurance.\n\nHealth insurance carriers are also required under the bill to disclose, in a\nclear and conspicuous location on the carrier's Internet website: (1) whether\nor not the carrier uses an automated utilization management system; and (2)\nhow many claims were reviewed using the automated utilization management\nsystem in the previous year. Lastly, the bill authorizes the Department of\nBanking and Insurance to audit at any time a payer's automated utilization\nmanagement system and the data the payer collects in using that system.\n\nUnder the bill, an \"automated utilization management system\" means an\nautomated system for reviewing the appropriate and efficient allocation of\nhealth care services under a health benefits plan according to specified\nguidelines, in order to recommend or determine whether, or to what extent, a\nhealth care service given or proposed to be given to a covered person should\nor will be reimbursed, covered, paid for, or otherwise provided under the\nhealth benefits plan and which may use artificial intelligence or other type\nof software to automate the process of making recommendations or\ndeterminations.\n\nCopyright (C) 2025 State Net  \n  \n---\n\n",
      "latest_version": true
    }
  ]
}