{
  "bill_id": "NJ2024000A5540",
  "source_url": "http://custom.statenet.com/public/resources.cgi?id=ID:bill:NJ2024000A5540&cuiq=93d84396-c63b-526a-b152-38b7f79b4cfd&client_md=e4f6fea4-27b4-5d41-b7d3-766fe52569f0",
  "versions": [
    {
      "date": "04/10/2025",
      "label": "Introduced",
      "url": "https://custom.statenet.com/public/resources.cgi?mode=show_text&id=ID:bill:NJ2024000A5540&verid=NJ2024000A5540_20250410_0_I&",
      "raw_html": "<html>\n<head>\n<title>Bill Resource</title>\n\n<!--   <link href=\"https://custom.statenet.com/network/Common/css/extregtext.css\" rel=\"stylesheet\" type=\"text/css\" />-->\n   <link href=\"https://custom.statenet.com/network/Common/css/xmltext-2.0.css\" rel=\"stylesheet\" type=\"text/css\" />\n   <link href=\"https://custom.statenet.com/network/Common/css/additional-text.css\" rel=\"stylesheet\" type=\"text/css\" />\n\n\t<style type=\"text/css\">\n<!--\n\ntd, body {\n     background-color: white;\n\tfont-family: Verdana, Arial, Helvetica, sans-serif;\n\tfont-size: 12px;\n}\n\n.resourceContainer {\n   border: 1px solid black;\n}\n-->\n</style>\n</head>\n<body>\n\n    <div style=\"width: 750px; margin: auto\">\n       <div style=\"font-size: .8em;margin-bottom: 10px\"><table width=\"100%\"><tr><td align=\"left\" style=\"font-size: .8em;\"><div>The following has special meaning:</div>\n<div><u class=\"amendmentInsertedText\">green underline denotes added text</u></div>\n<div><strike class=\"amendmentDeletedText\">red struck out text denotes deleted text</strike></div></td> <td align=\"right\"><a href=\"https://www.lexisnexis.com/statenet/\"><img alt=\"Powered by State Net\" src=\"https://custom.statenet.com/network/poweredby.gif\" /></a></td></tr></table></div><table id=\"text-identifier\"><tr><td class=\"key\">2024 NJ A 5540</td> <td><table><tr><td class=\"label\">Author:</td> <td>Tully</td></tr> <tr><td class=\"label\">Version:</td> <td>Introduced</td></tr> <tr><td class=\"label\">Version Date:</td> <td>04/10/2025</td></tr></table></td></tr></table><div class=\"documentBody\">\n  <a name=\"head_document_section\"></a><div class=\"head\">\n   <p class=\"center\">ASSEMBLY, No. 5540 </p>\n   <p class=\"indent\">STATE OF NEW JERSEY</p>\n   <p class=\"center\">221st LEGISLATURE</p>\n   <p class=\"center\">INTRODUCED APRIL 10, 2025</p>\n   <p class=\"indent\">Sponsored by:</p>\n   <p class=\"indent\">Assemblyman CHRIS TULLY</p>\n   <p class=\"indent\">District 38 (Bergen)</p>\n   <p class=\"indent\">SYNOPSIS</p>\n   <p class=\"indent\"> Establishes Artificial Intelligence Grant Program in Office of Secretary of Higher Education.</p>\n   <p class=\"indent\">CURRENT VERSION OF TEXT </p>\n   <p class=\"indent\"> As introduced.</p>\n  </div>\n  <a name=\"code_document_section\"></a><div class=\"code\">\n   <p class=\"left\">An Act establishing the Artificial Intelligence Grant Program and supplementing Title 18A of the New Jersey Statutes.</p>\n  </div>\n  <a name=\"text_document_section\"></a><div class=\"text\">\n   <span>\n    <p class=\"indent\"> Be It Enacted by the Senate and General Assembly of the State of New Jersey:</p>\n   </span>\n   <p class=\"indent\"> 1. a. There is established in the Office of the Secretary of Higher Education the Artificial Intelligence Grant Program. The purpose of the program shall be to make funds available to nonprofit entities providing education and training in artificial intelligence.</p>\n   <p class=\"indent\"> b. A nonprofit entity that wishes to participate in the grant program shall submit an application to the Secretary of Higher Education in a manner and form determined by the secretary. </p>\n   <p class=\"indent\"> c. In order to receive a grant, a nonprofit entity shall demonstrate that it is providing comprehensive education and training programs in artificial intelligence.</p>\n   <p class=\"indent\"> d. In awarding grants to a nonprofit entity, the secretary shall consider the following factors:</p>\n   <p class=\"indent\"> (1) the number of artificial intelligence educational and mentorship initiatives offered by the nonprofit entity;</p>\n   <p class=\"indent\"> (2) whether the nonprofit entity conducts artificial intelligence startup challenges to promote and identify budding entrepreneurs;</p>\n   <p class=\"indent\"> (3) whether the nonprofit entity organizes events that provide a platform for the exchange of ideas, networking, and educational opportunities concerning the ethical use of artificial intelligence; </p>\n   <p class=\"indent\"> (4) whether the nonprofit entity has established partnerships with government agencies to ensure collaborative growth and streamlined efforts between the State and the private sector; and</p>\n   <p class=\"indent\"> (5) whether the nonprofit entity&#39;s board members include representatives from the State, such as public institutions of higher education, women and minority owned businesses, and financial institutions.</p>\n   <p class=\"indent\"> e. Under the program, the secretary shall annually select four nonprofit entities to receive grants in an amount not to exceed $25,000 per grant. </p>\n   <p class=\"indent\"> 2. A nonprofit entity participating in the grant program shall submit a report at the conclusion of the grant period to the Secretary of Higher Education, the Governor, and, pursuant to section 2 of P.L.1991, c.164 (C.52:14-19.1), the Legislature containing information on the use and impact of grant funds.</p>\n   <p class=\"indent\"> 3. a. There is established within the Office of the Secretary of Higher Education the &quot;Artificial Intelligence Education Fund.&quot; The fund shall be used to provide grants to nonprofit entities pursuant to section 1 of this act. </p>\n   <p class=\"indent\"> b. There shall be appropriated each State fiscal year to the &quot;Artificial Intelligence Education Fund&quot; such funds as are necessary to effectuate the provisions of this act.</p>\n   <effective_clause>\n    <p class=\"indent\"> 4. This act shall take effect immediately.</p>\n   </effective_clause>\n  </div>\n  <a name=\"digest_document_section\"></a><div class=\"digest\">\n   <p class=\"center\">STATEMENT</p>\n   <p class=\"indent\"> This bill establishes the Artificial Intelligence Grant Program, the purpose of which is to make funds available to nonprofit entities providing education and training in artificial intelligence.</p>\n   <p class=\"indent\"> Under the bill, a nonprofit entity that wishes to participate in the grant program is to submit an application to the Secretary of Higher Education in a manner and form determined by the secretary. In order to receive a grant, a nonprofit entity is required to demonstrate that it provides comprehensive education and training programs in artificial intelligence. The bill directs the secretary to consider a number of listed factors when awarding grants, including, among others, whether the nonprofit entity organizes events that provide a platform for the exchange of ideas, networking, and educational opportunities concerning the ethical use of artificial intelligence and whether the nonprofit entity has established partnerships with government agencies to ensure collaborative growth and streamlined efforts between the State and the private sector. The secretary is to annually select four nonprofit entities to receive grants in an amount not to exceed $25,000 per grant. A nonprofit entity that receives a grant under the provisions of the bill is to submit a report to the secretary, Governor, and Legislature on the use and impact of the grant funds.</p>\n   <p class=\"indent\"> The bill also establishes the &quot;Artificial Intelligence Education Fund,&quot; which is to be used to provide grants to nonprofit entities pursuant to the provisions of the bill. The bill provides that there is to be appropriated each State fiscal year to the &quot;Artificial Intelligence Education Fund&quot; such funds as are necessary to effectuate the provisions of the bill. </p>\n  </div>\n </div>\n    </div>\t\n<table cellpadding=0 cellspacing=0 width=\"100%\">\n   <tr>\n      <td>\n          Copyright &copy; 2025 State Net\n      </td>\n<BR>\n<!--???MOVED INTO resources.cgi      <td align=\"right\">\n          <img src=\"https://custom.statenet.com/network/poweredby.gif\" alt=\"Powered by State Net\">\n      </td>-->\n\n    </tr>\n</table>\n</body></html>\n",
      "markdown": "The following has special meaning: _green underline denotes added text_ ~~red struck out text denotes deleted text~~ | [![Powered by State Net](https://custom.statenet.com/network/poweredby.gif)](https://www.lexisnexis.com/statenet/)  \n---|---  \n  \n2024 NJ A 5540 | | Author: | Tully  \n---|---  \nVersion: | Introduced  \nVersion Date: | 04/10/2025  \n  \nASSEMBLY, No. 5540\n\nSTATE OF NEW JERSEY\n\n221st LEGISLATURE\n\nINTRODUCED APRIL 10, 2025\n\nSponsored by:\n\nAssemblyman CHRIS TULLY\n\nDistrict 38 (Bergen)\n\nSYNOPSIS\n\nEstablishes Artificial Intelligence Grant Program in Office of Secretary of\nHigher Education.\n\nCURRENT VERSION OF TEXT\n\nAs introduced.\n\nAn Act establishing the Artificial Intelligence Grant Program and\nsupplementing Title 18A of the New Jersey Statutes.\n\nBe It Enacted by the Senate and General Assembly of the State of New Jersey:\n\n1\\. a. There is established in the Office of the Secretary of Higher Education\nthe Artificial Intelligence Grant Program. The purpose of the program shall be\nto make funds available to nonprofit entities providing education and training\nin artificial intelligence.\n\nb. A nonprofit entity that wishes to participate in the grant program shall\nsubmit an application to the Secretary of Higher Education in a manner and\nform determined by the secretary.\n\nc. In order to receive a grant, a nonprofit entity shall demonstrate that it\nis providing comprehensive education and training programs in artificial\nintelligence.\n\nd. In awarding grants to a nonprofit entity, the secretary shall consider the\nfollowing factors:\n\n(1) the number of artificial intelligence educational and mentorship\ninitiatives offered by the nonprofit entity;\n\n(2) whether the nonprofit entity conducts artificial intelligence startup\nchallenges to promote and identify budding entrepreneurs;\n\n(3) whether the nonprofit entity organizes events that provide a platform for\nthe exchange of ideas, networking, and educational opportunities concerning\nthe ethical use of artificial intelligence;\n\n(4) whether the nonprofit entity has established partnerships with government\nagencies to ensure collaborative growth and streamlined efforts between the\nState and the private sector; and\n\n(5) whether the nonprofit entity's board members include representatives from\nthe State, such as public institutions of higher education, women and minority\nowned businesses, and financial institutions.\n\ne. Under the program, the secretary shall annually select four nonprofit\nentities to receive grants in an amount not to exceed $25,000 per grant.\n\n2\\. A nonprofit entity participating in the grant program shall submit a\nreport at the conclusion of the grant period to the Secretary of Higher\nEducation, the Governor, and, pursuant to section 2 of P.L.1991, c.164\n(C.52:14-19.1), the Legislature containing information on the use and impact\nof grant funds.\n\n3\\. a. There is established within the Office of the Secretary of Higher\nEducation the \"Artificial Intelligence Education Fund.\" The fund shall be used\nto provide grants to nonprofit entities pursuant to section 1 of this act.\n\nb. There shall be appropriated each State fiscal year to the \"Artificial\nIntelligence Education Fund\" such funds as are necessary to effectuate the\nprovisions of this act.\n\n4\\. This act shall take effect immediately.\n\nSTATEMENT\n\nThis bill establishes the Artificial Intelligence Grant Program, the purpose\nof which is to make funds available to nonprofit entities providing education\nand training in artificial intelligence.\n\nUnder the bill, a nonprofit entity that wishes to participate in the grant\nprogram is to submit an application to the Secretary of Higher Education in a\nmanner and form determined by the secretary. In order to receive a grant, a\nnonprofit entity is required to demonstrate that it provides comprehensive\neducation and training programs in artificial intelligence. The bill directs\nthe secretary to consider a number of listed factors when awarding grants,\nincluding, among others, whether the nonprofit entity organizes events that\nprovide a platform for the exchange of ideas, networking, and educational\nopportunities concerning the ethical use of artificial intelligence and\nwhether the nonprofit entity has established partnerships with government\nagencies to ensure collaborative growth and streamlined efforts between the\nState and the private sector. The secretary is to annually select four\nnonprofit entities to receive grants in an amount not to exceed $25,000 per\ngrant. A nonprofit entity that receives a grant under the provisions of the\nbill is to submit a report to the secretary, Governor, and Legislature on the\nuse and impact of the grant funds.\n\nThe bill also establishes the \"Artificial Intelligence Education Fund,\" which\nis to be used to provide grants to nonprofit entities pursuant to the\nprovisions of the bill. The bill provides that there is to be appropriated\neach State fiscal year to the \"Artificial Intelligence Education Fund\" such\nfunds as are necessary to effectuate the provisions of the bill.\n\nCopyright (C) 2025 State Net  \n  \n---\n\n",
      "latest_version": true
    }
  ]
}