{
  "bill_id": "NJ2024000S3871",
  "source_url": "http://custom.statenet.com/public/resources.cgi?id=ID:bill:NJ2024000S3871&cuiq=93d84396-c63b-526a-b152-38b7f79b4cfd&client_md=e4f6fea4-27b4-5d41-b7d3-766fe52569f0",
  "versions": [
    {
      "date": "11/18/2024",
      "label": "Introduced",
      "url": "https://custom.statenet.com/public/resources.cgi?mode=show_text&id=ID:bill:NJ2024000S3871&verid=NJ2024000S3871_20241118_0_I&",
      "raw_html": "<html>\n<head>\n<title>Bill Resource</title>\n\n<!--   <link href=\"https://custom.statenet.com/network/Common/css/extregtext.css\" rel=\"stylesheet\" type=\"text/css\" />-->\n   <link href=\"https://custom.statenet.com/network/Common/css/xmltext-2.0.css\" rel=\"stylesheet\" type=\"text/css\" />\n   <link href=\"https://custom.statenet.com/network/Common/css/additional-text.css\" rel=\"stylesheet\" type=\"text/css\" />\n\n\t<style type=\"text/css\">\n<!--\n\ntd, body {\n     background-color: white;\n\tfont-family: Verdana, Arial, Helvetica, sans-serif;\n\tfont-size: 12px;\n}\n\n.resourceContainer {\n   border: 1px solid black;\n}\n-->\n</style>\n</head>\n<body>\n\n    <div style=\"width: 750px; margin: auto\">\n       <div style=\"font-size: .8em;margin-bottom: 10px\"><table width=\"100%\"><tr><td align=\"left\" style=\"font-size: .8em;\"><div>The following has special meaning:</div>\n<div><u class=\"amendmentInsertedText\">green underline denotes added text</u></div>\n<div><strike class=\"amendmentDeletedText\">red struck out text denotes deleted text</strike></div></td> <td align=\"right\"><a href=\"https://www.lexisnexis.com/statenet/\"><img alt=\"Powered by State Net\" src=\"https://custom.statenet.com/network/poweredby.gif\" /></a></td></tr></table></div><table id=\"text-identifier\"><tr><td class=\"key\">2024 NJ S 3871</td> <td><table><tr><td class=\"label\">Author:</td> <td>McKnight</td></tr> <tr><td class=\"label\">Version:</td> <td>Introduced</td></tr> <tr><td class=\"label\">Version Date:</td> <td>11/18/2024</td></tr></table></td></tr></table><div class=\"documentBody\">\n  <a name=\"head_document_section\"></a><div class=\"head\">\n   <p class=\"center\">SENATE, No. 3871 </p>\n   <p class=\"indent\">STATE OF NEW JERSEY</p>\n   <p class=\"center\">221st LEGISLATURE</p>\n   <p class=\"center\">INTRODUCED NOVEMBER 18, 2024</p>\n   <p class=\"indent\">Sponsored by:</p>\n   <p class=\"indent\">Senator ANGELA V. MCKNIGHT</p>\n   <p class=\"indent\">District 31 (Hudson)</p>\n   <p class=\"indent\">SYNOPSIS</p>\n   <p class=\"indent\"> Establishes Artificial Intelligence Apprenticeship Program and artificial intelligence apprenticeship tax credit program.</p>\n   <p class=\"indent\">CURRENT VERSION OF TEXT </p>\n   <p class=\"indent\"> As introduced.</p>\n  </div>\n  <a name=\"code_document_section\"></a><div class=\"code\">\n   <p class=\"left\">An Act establishing an Artificial Intelligence Apprenticeship Program and supplementing P.L.1992, c.43 (C.34:15D-1 et seq.), P.L.1945, c.162 (C.54:10A-1 et seq.), and Title 54A of the New Jersey Statutes.</p>\n  </div>\n  <a name=\"text_document_section\"></a><div class=\"text\">\n   <span>\n    <p class=\"indent\"> Be It Enacted by the Senate and General Assembly of the State of New Jersey:</p>\n   </span>\n   <p class=\"indent\"> 1. a. The Artificial Intelligence Apprenticeship Program is established in the Department of Labor and Workforce Development.</p>\n   <p class=\"indent\"> b. The program shall:</p>\n   <p class=\"indent\"> (1) collaborate with companies in the artificial intelligence industry to offer apprenticeship opportunities that focus on artificial intelligence technology, data analytics, and automation;</p>\n   <p class=\"indent\"> (2) facilitate partnerships between employers and educational institutions to ensure that apprentices receive the necessary theoretical and practical training for placement in the artificial intelligence industry; </p>\n   <p class=\"indent\"> (3) assist employers in establishing and administering apprenticeship programs that comply with State and federal apprenticeship standards; and</p>\n   <p class=\"indent\"> (4) inform employers of the artificial intelligence apprenticeship tax credit program established pursuant to this act.</p>\n   <p class=\"indent\"> c. As used in this section: </p>\n   <p class=\"indent\"> &quot;Artificial intelligence industry&quot; means an artificial intelligence occupation involving the development of software and hardware and the end-use application of technologies that are able to perform tasks normally requiring human intelligence, including, but not limited to, visual perception, speech recognition, decision-making, translation between languages, and generative artificial intelligence, which generates new content in response to user inputs of data.</p>\n   <p class=\"indent\"> &quot;Program&quot; means the Artificial Intelligence Apprenticeship Program.</p>\n   <p class=\"indent\"> 2. a. For privilege periods beginning in 2026, a taxpayer shall be allowed a credit against the tax imposed pursuant to section 5 of P.L.1945, c.162 (C.54:10A-5) for the amount paid during the privilege period in an amount equal to one-half of the wages paid to a qualified artificial intelligence industry apprentice for the privilege period, but not to exceed $5,000 per apprentice per privilege period.</p>\n   <p class=\"indent\"> b. The order of priority of the application of the credit allowed pursuant to this section and any other credits allowed against the tax imposed pursuant to section 5 of P.L.1945, c.162 (C.54:10A-5) for a privilege period shall be as prescribed by the director. The amount of the credit applied pursuant to this section against the tax imposed pursuant to section 5 of P.L.1945, c.162 (C.54:10A-5), shall not reduce a taxpayer&#39;s tax liability to an amount less than the statutory minimum provided in subsection (e) of section 5 of P.L.1945, c.162 (C.54:10A-5).</p>\n   <p class=\"indent\"> c. A taxpayer shall apply in a form and manner to be determined by the director for the tax credit provided pursuant to this section.</p>\n   <p class=\"indent\"> d. As used in this section:</p>\n   <p class=\"indent\"> &quot;Artificial intelligence industry&quot; means an artificial intelligence occupation involving the development of software and hardware and the end-use application of technologies that are able to perform tasks normally requiring human intelligence, including, but not limited to, visual perception, speech recognition, decision-making, translation between languages, and generative artificial intelligence, which generates new content in response to user inputs of data.</p>\n   <p class=\"indent\"> &quot;Qualified artificial intelligence industry apprentice&quot; means an unskilled or semi-skilled person in the artificial intelligence industry, including data analytics and automation, that is employed by the taxpayer for no less than 20 calendar weeks in the privilege period as part of a term of artificial intelligence industry training in an apprenticeship program that complies with State and federal apprenticeship standards, not exceeding four privilege periods.</p>\n   <p class=\"indent\"> 3. a. For taxable years beginning in 2026, a taxpayer shall be allowed a credit against the New Jersey gross income tax due pursuant to N.J.S.54A:1-1 et seq. in an amount equal to one-half of the wages paid to a qualified artificial intelligence industry apprentice for the privilege period, but not to exceed $5,000 per apprentice per privilege period.</p>\n   <p class=\"indent\"> b. The order of priority of the application of the credit allowed pursuant to this section and any other credits allowed against the New Jersey gross income tax due pursuant to N.J.S.54A:1-1 et seq. for a taxable year shall be as prescribed by the director. The amount of the credit allowed against the New Jersey gross income tax due pursuant to N.J.S.54A:1-1 et seq., shall not reduce a taxpayer&#39;s tax liability to an amount less than the amount of New Jersey gross income tax liability due for the taxable year.</p>\n   <p class=\"indent\"> c. A taxpayer shall apply in a form and manner to be determined by the director for the tax credit provided pursuant to this section.</p>\n   <p class=\"indent\"> d. As used in this section:</p>\n   <p class=\"indent\"> &quot;Artificial intelligence industry&quot; means an artificial intelligence occupation involving the development of software and hardware and the end-use application of technologies that are able to perform tasks normally requiring human intelligence, including, but not limited to, visual perception, speech recognition, decision-making, translation between languages, and generative artificial intelligence, which generates new content in response to user inputs of data.</p>\n   <p class=\"indent\"> &quot;Qualified artificial intelligence industry apprentice&quot; means an unskilled or semi-skilled person in the artificial intelligence industry, including data analytics and automation, that is employed by the taxpayer for no less than 20 calendar weeks in the privilege period as part of a term of artificial intelligence industry training in an apprenticeship program that complies with State and federal apprenticeship standards, not exceeding four privilege periods.</p>\n   <effective_clause>\n    <p class=\"indent\"> 4. This act shall take effect on the 30th day next following enactment.</p>\n   </effective_clause>\n  </div>\n  <a name=\"digest_document_section\"></a><div class=\"digest\">\n   <p class=\"center\">STATEMENT</p>\n   <p class=\"indent\"> This bill establishes an Artificial Intelligence Apprenticeship Program in the Department of Labor and Workforce Development. Under the bill, the program will collaborate with companies in the artificial intelligence industry to offer apprenticeship opportunities that focus on artificial intelligence technology, data analytics, and automation; facilitate partnerships between employers and educational institutions; assist employers in establishing and administering apprenticeship programs; and inform employers of the artificial intelligence apprenticeship tax credit program.</p>\n   <p class=\"indent\"> The bill also establishes an artificial intelligence apprenticeship tax credit program under the gross income tax and corporation business tax. </p>\n   <p class=\"indent\"> The bill gives employers with qualified artificial intelligence industry apprenticeship programs the lesser of $5,000 per apprentice or one-half of an apprentice&#39;s wages. To qualify for credit, an apprenticeship must employee an unskilled or semi-skilled person in the artificial intelligence industry, including data analytics and automation, that is employed by the taxpayer for no less than 20 calendar weeks in the privilege period as part of a term of artificial intelligence industry training not exceeding four tax years. </p>\n  </div>\n </div>\n    </div>\t\n<table cellpadding=0 cellspacing=0 width=\"100%\">\n   <tr>\n      <td>\n          Copyright &copy; 2025 State Net\n      </td>\n<BR>\n<!--???MOVED INTO resources.cgi      <td align=\"right\">\n          <img src=\"https://custom.statenet.com/network/poweredby.gif\" alt=\"Powered by State Net\">\n      </td>-->\n\n    </tr>\n</table>\n</body></html>\n",
      "markdown": "The following has special meaning: _green underline denotes added text_ ~~red struck out text denotes deleted text~~ | [![Powered by State Net](https://custom.statenet.com/network/poweredby.gif)](https://www.lexisnexis.com/statenet/)  \n---|---  \n  \n2024 NJ S 3871 | | Author: | McKnight  \n---|---  \nVersion: | Introduced  \nVersion Date: | 11/18/2024  \n  \nSENATE, No. 3871\n\nSTATE OF NEW JERSEY\n\n221st LEGISLATURE\n\nINTRODUCED NOVEMBER 18, 2024\n\nSponsored by:\n\nSenator ANGELA V. MCKNIGHT\n\nDistrict 31 (Hudson)\n\nSYNOPSIS\n\nEstablishes Artificial Intelligence Apprenticeship Program and artificial\nintelligence apprenticeship tax credit program.\n\nCURRENT VERSION OF TEXT\n\nAs introduced.\n\nAn Act establishing an Artificial Intelligence Apprenticeship Program and\nsupplementing P.L.1992, c.43 (C.34:15D-1 et seq.), P.L.1945, c.162 (C.54:10A-1\net seq.), and Title 54A of the New Jersey Statutes.\n\nBe It Enacted by the Senate and General Assembly of the State of New Jersey:\n\n1\\. a. The Artificial Intelligence Apprenticeship Program is established in\nthe Department of Labor and Workforce Development.\n\nb. The program shall:\n\n(1) collaborate with companies in the artificial intelligence industry to\noffer apprenticeship opportunities that focus on artificial intelligence\ntechnology, data analytics, and automation;\n\n(2) facilitate partnerships between employers and educational institutions to\nensure that apprentices receive the necessary theoretical and practical\ntraining for placement in the artificial intelligence industry;\n\n(3) assist employers in establishing and administering apprenticeship programs\nthat comply with State and federal apprenticeship standards; and\n\n(4) inform employers of the artificial intelligence apprenticeship tax credit\nprogram established pursuant to this act.\n\nc. As used in this section:\n\n\"Artificial intelligence industry\" means an artificial intelligence occupation\ninvolving the development of software and hardware and the end-use application\nof technologies that are able to perform tasks normally requiring human\nintelligence, including, but not limited to, visual perception, speech\nrecognition, decision-making, translation between languages, and generative\nartificial intelligence, which generates new content in response to user\ninputs of data.\n\n\"Program\" means the Artificial Intelligence Apprenticeship Program.\n\n2\\. a. For privilege periods beginning in 2026, a taxpayer shall be allowed a\ncredit against the tax imposed pursuant to section 5 of P.L.1945, c.162\n(C.54:10A-5) for the amount paid during the privilege period in an amount\nequal to one-half of the wages paid to a qualified artificial intelligence\nindustry apprentice for the privilege period, but not to exceed $5,000 per\napprentice per privilege period.\n\nb. The order of priority of the application of the credit allowed pursuant to\nthis section and any other credits allowed against the tax imposed pursuant to\nsection 5 of P.L.1945, c.162 (C.54:10A-5) for a privilege period shall be as\nprescribed by the director. The amount of the credit applied pursuant to this\nsection against the tax imposed pursuant to section 5 of P.L.1945, c.162\n(C.54:10A-5), shall not reduce a taxpayer's tax liability to an amount less\nthan the statutory minimum provided in subsection (e) of section 5 of\nP.L.1945, c.162 (C.54:10A-5).\n\nc. A taxpayer shall apply in a form and manner to be determined by the\ndirector for the tax credit provided pursuant to this section.\n\nd. As used in this section:\n\n\"Artificial intelligence industry\" means an artificial intelligence occupation\ninvolving the development of software and hardware and the end-use application\nof technologies that are able to perform tasks normally requiring human\nintelligence, including, but not limited to, visual perception, speech\nrecognition, decision-making, translation between languages, and generative\nartificial intelligence, which generates new content in response to user\ninputs of data.\n\n\"Qualified artificial intelligence industry apprentice\" means an unskilled or\nsemi-skilled person in the artificial intelligence industry, including data\nanalytics and automation, that is employed by the taxpayer for no less than 20\ncalendar weeks in the privilege period as part of a term of artificial\nintelligence industry training in an apprenticeship program that complies with\nState and federal apprenticeship standards, not exceeding four privilege\nperiods.\n\n3\\. a. For taxable years beginning in 2026, a taxpayer shall be allowed a\ncredit against the New Jersey gross income tax due pursuant to N.J.S.54A:1-1\net seq. in an amount equal to one-half of the wages paid to a qualified\nartificial intelligence industry apprentice for the privilege period, but not\nto exceed $5,000 per apprentice per privilege period.\n\nb. The order of priority of the application of the credit allowed pursuant to\nthis section and any other credits allowed against the New Jersey gross income\ntax due pursuant to N.J.S.54A:1-1 et seq. for a taxable year shall be as\nprescribed by the director. The amount of the credit allowed against the New\nJersey gross income tax due pursuant to N.J.S.54A:1-1 et seq., shall not\nreduce a taxpayer's tax liability to an amount less than the amount of New\nJersey gross income tax liability due for the taxable year.\n\nc. A taxpayer shall apply in a form and manner to be determined by the\ndirector for the tax credit provided pursuant to this section.\n\nd. As used in this section:\n\n\"Artificial intelligence industry\" means an artificial intelligence occupation\ninvolving the development of software and hardware and the end-use application\nof technologies that are able to perform tasks normally requiring human\nintelligence, including, but not limited to, visual perception, speech\nrecognition, decision-making, translation between languages, and generative\nartificial intelligence, which generates new content in response to user\ninputs of data.\n\n\"Qualified artificial intelligence industry apprentice\" means an unskilled or\nsemi-skilled person in the artificial intelligence industry, including data\nanalytics and automation, that is employed by the taxpayer for no less than 20\ncalendar weeks in the privilege period as part of a term of artificial\nintelligence industry training in an apprenticeship program that complies with\nState and federal apprenticeship standards, not exceeding four privilege\nperiods.\n\n4\\. This act shall take effect on the 30th day next following enactment.\n\nSTATEMENT\n\nThis bill establishes an Artificial Intelligence Apprenticeship Program in the\nDepartment of Labor and Workforce Development. Under the bill, the program\nwill collaborate with companies in the artificial intelligence industry to\noffer apprenticeship opportunities that focus on artificial intelligence\ntechnology, data analytics, and automation; facilitate partnerships between\nemployers and educational institutions; assist employers in establishing and\nadministering apprenticeship programs; and inform employers of the artificial\nintelligence apprenticeship tax credit program.\n\nThe bill also establishes an artificial intelligence apprenticeship tax credit\nprogram under the gross income tax and corporation business tax.\n\nThe bill gives employers with qualified artificial intelligence industry\napprenticeship programs the lesser of $5,000 per apprentice or one-half of an\napprentice's wages. To qualify for credit, an apprenticeship must employee an\nunskilled or semi-skilled person in the artificial intelligence industry,\nincluding data analytics and automation, that is employed by the taxpayer for\nno less than 20 calendar weeks in the privilege period as part of a term of\nartificial intelligence industry training not exceeding four tax years.\n\nCopyright (C) 2025 State Net  \n  \n---\n\n",
      "latest_version": true
    }
  ]
}