{
  "bill_id": "NJ2024000A5053",
  "source_url": "http://custom.statenet.com/public/resources.cgi?id=ID:bill:NJ2024000A5053&cuiq=93d84396-c63b-526a-b152-38b7f79b4cfd&client_md=e4f6fea4-27b4-5d41-b7d3-766fe52569f0",
  "versions": [
    {
      "date": "12/09/2024",
      "label": "Introduced",
      "url": "https://custom.statenet.com/public/resources.cgi?mode=show_text&id=ID:bill:NJ2024000A5053&verid=NJ2024000A5053_20241209_0_I&",
      "raw_html": "<html>\n<head>\n<title>Bill Resource</title>\n\n<!--   <link href=\"https://custom.statenet.com/network/Common/css/extregtext.css\" rel=\"stylesheet\" type=\"text/css\" />-->\n   <link href=\"https://custom.statenet.com/network/Common/css/xmltext-2.0.css\" rel=\"stylesheet\" type=\"text/css\" />\n   <link href=\"https://custom.statenet.com/network/Common/css/additional-text.css\" rel=\"stylesheet\" type=\"text/css\" />\n\n\t<style type=\"text/css\">\n<!--\n\ntd, body {\n     background-color: white;\n\tfont-family: Verdana, Arial, Helvetica, sans-serif;\n\tfont-size: 12px;\n}\n\n.resourceContainer {\n   border: 1px solid black;\n}\n-->\n</style>\n</head>\n<body>\n\n    <div style=\"width: 750px; margin: auto\">\n       <div style=\"font-size: .8em;margin-bottom: 10px\"><table width=\"100%\"><tr><td align=\"left\" style=\"font-size: .8em;\"><div>The following has special meaning:</div>\n<div><u class=\"amendmentInsertedText\">green underline denotes added text</u></div>\n<div><strike class=\"amendmentDeletedText\">red struck out text denotes deleted text</strike></div></td> <td align=\"right\"><a href=\"https://www.lexisnexis.com/statenet/\"><img alt=\"Powered by State Net\" src=\"https://custom.statenet.com/network/poweredby.gif\" /></a></td></tr></table></div><table id=\"text-identifier\"><tr><td class=\"key\">2024 NJ A 5053</td> <td><table><tr><td class=\"label\">Author:</td> <td>Atkins</td></tr> <tr><td class=\"label\">Version:</td> <td>Introduced</td></tr> <tr><td class=\"label\">Version Date:</td> <td>12/09/2024</td></tr></table></td></tr></table><div class=\"documentBody\">\n  <a name=\"head_document_section\"></a><div class=\"head\">\n   <p class=\"center\">ASSEMBLY, No. 5053 </p>\n   <p class=\"indent\">STATE OF NEW JERSEY</p>\n   <p class=\"center\">221st LEGISLATURE</p>\n   <p class=\"center\">INTRODUCED DECEMBER 9, 2024</p>\n   <p class=\"indent\">Sponsored by:</p>\n   <p class=\"indent\">Assemblyman REGINALD W. ATKINS</p>\n   <p class=\"indent\">District 20 (Union)</p>\n   <p class=\"indent\">SYNOPSIS</p>\n   <p class=\"indent\"> Establishes Artificial Intelligence Ethics Board in DOLWD. </p>\n   <p class=\"indent\">CURRENT VERSION OF TEXT </p>\n   <p class=\"indent\"> As introduced.</p>\n  </div>\n  <a name=\"code_document_section\"></a><div class=\"code\">\n   <p class=\"left\">An Act concerning artificial intelligence and supplementing Title 34 of the Revised Statutes.</p>\n  </div>\n  <a name=\"text_document_section\"></a><div class=\"text\">\n   <span>\n    <p class=\"indent\"> Be It Enacted by the Senate and General Assembly of the State of New Jersey:</p>\n   </span>\n   <p class=\"indent\"> 1. As used in P.L. , c. (C. ) (pending before the Legislature as this bill):</p>\n   <p class=\"indent\"> &quot;Artificial intelligence&quot; means:</p>\n   <p class=\"indent\"> a. any artificial system that performs tasks under varying and unpredictable circumstances without significant human oversight or that can learn from experience and improve performance when exposed to data sets; </p>\n   <p class=\"indent\"> b. an artificial system developed in computer software, physical hardware, or other context that solves tasks requiring human-like perception, cognition, planning, learning, communication, or physical action; </p>\n   <p class=\"indent\"> c. an artificial system designed to think or act like a human, including cognitive architectures and neural networks; </p>\n   <p class=\"indent\"> d. a set of techniques, including machine learning, that is designed to approximate a cognitive task; or </p>\n   <p class=\"indent\"> e. an artificial system designed to act rationally, including an intelligent software agent or embodied robot that achieves goals using perception, planning, reasoning, learning, communicating, decision making, and acting.</p>\n   <p class=\"indent\"> &quot;Artificial Intelligence Impact Assessment&quot; means an impartial evaluation of an artificial intelligence technology, conducted by an independent auditor.</p>\n   <p class=\"indent\"> &quot;Artificial intelligence technology&quot; means a product or service that primarily uses artificial intelligence to perform its intended function.</p>\n   <p class=\"indent\"> &quot;Board&quot; means the Artificial Intelligence Ethics Board in but not of the Department of Labor and Workforce Development, established pursuant to section 2 of P.L. , c. (C. ) (pending before the Legislature as this bill).</p>\n   <p class=\"indent\"> &quot;Commissioner&quot; means the Commissioner of Labor and Workforce Development.</p>\n   <p class=\"indent\"> 2. a. There is established, in but not of the Department of Labor and Workforce Development, the Artificial Intelligence Ethics Board. The purpose of the board shall be to oversee the sale, use, and offer for sale of artificial intelligence technology in this State. The board shall place emphasis on bias prevention, privacy, transparency, and accountability in artificial intelligence technology.</p>\n   <p class=\"indent\"> b. The board shall be comprised of seven members, three of whom shall be appointed by the Governor, one of whom shall be appointed by the President of the Senate, one of whom shall be appointed by the Speaker of the General Assembly, one of whom shall be appointed by the Minority Leader of the Senate, and one of whom shall be appointed by the Minority Leader of the General Assembly. Of the members appointed by the Governor, one shall be an individual from among a list of nominees provided by the Executive Director of the New Jersey Economic Development Authority who are familiar with the programs administered by the authority, one shall be an individual from among a list of nominees provided by the commissioner who have expertise and experience in public policy analysis of artificial intelligence and employment, and one shall be an individual from among a list of nominees provided by the New Jersey Chief Technology Officer who have expertise and experience in ethical analysis of artificial intelligence technology.</p>\n   <p class=\"indent\"> c. Each member of the board shall serve for a term of three years; except that the members first appointed by the Minority Leader of the Senate and by the Minority Leader of the General Assembly shall each be appointed for a one-year term, the members first appointed by the President of the Senate and by the Speaker of the General Assembly shall each be appointed for a two-year term, and the members first appointed by the Governor shall each be appointed for a three-year term. Four members of the board shall constitute a quorum.</p>\n   <p class=\"indent\"> 3. a. The board shall establish minimum requirements for an artificial intelligence impact assessment required to be conducted pursuant to subsection b. of this section, which shall include but not be limited to:</p>\n   <p class=\"indent\"> (1) analyzing the actual and potential societal effects of an artificial intelligence technology, focusing on privacy and job displacement; and</p>\n   <p class=\"indent\"> (2) providing recommendations for ensuring user and data privacy, as well as minimizing job displacement.</p>\n   <p class=\"indent\"> b. A person or entity selling or offering for sale an artificial intelligence technology in this State shall conduct an artificial intelligence impact assessment on an artificial intelligence technology that complies with the board&#39;s requirements pursuant to subsection a. of this section prior to the sale or offer for sale of the artificial intelligence technology in this State. The artificial intelligence impact assessment shall be conducted within the immediately preceding year prior to the sale or offer for sale of the artificial intelligence technology in this State.</p>\n   <p class=\"indent\"> 4. The board shall recommend to the commissioner protections for workers who may be displaced as a result of the use of artificial intelligence technology by employers including, but not limited to:</p>\n   <p class=\"indent\"> a. at least one month advance notice from an employer prior to a worker&#39;s displacement as a result of the use of artificial intelligence technology by the employer;</p>\n   <p class=\"indent\"> b. retraining programs provided by the employer prior to a worker&#39;s displacement; and</p>\n   <p class=\"indent\"> c. severance packages for displaced workers.</p>\n   <p class=\"indent\"> 5. The Artificial Intelligence Ethics Board shall adopt, pursuant to the &quot;Administrative Procedure Act,&quot; P.L.1968, c.410 (C.52:14B-1 et seq.), rules and regulations as may be necessary to implement the provisions of P.L. , c. (C. ) (pending before the Legislature as this bill).</p>\n   <effective_clause>\n    <p class=\"indent\"> 6. This act shall take effect immediately.</p>\n   </effective_clause>\n  </div>\n  <a name=\"digest_document_section\"></a><div class=\"digest\">\n   <p class=\"center\">STATEMENT</p>\n   <p class=\"indent\"> This bill establishes the Artificial Intelligence Ethics Board (board) in, but not of, the Department of Labor and Workforce Development (department). The purpose of the board is to oversee the sale, use, and offer for sale of artificial intelligence technology in this State. </p>\n   <p class=\"indent\"> Under this bill, the board is required to place emphasis on bias prevention, privacy, transparency, and accountability in artificial intelligence technology. The board is to be comprised of seven members, three of whom are to be appointed by the Governor, one of whom is to be appointed by the President of the Senate, one of whom is to be appointed by the Speaker of the General Assembly, one of whom is to be appointed by the Minority Leader of the Senate, and one of whom is to be appointed by the Minority Leader of the General Assembly. Of the three members to be appointed by the Governor, one is to be an individual from among a list of nominees provided by the Executive Director of the New Jersey Economic Development Authority who are familiar with the programs administered by the authority, one is to be an individual from among a list of nominees provided by the Commissioner of Labor and Workforce Development who have expertise and experience in public policy analysis of artificial intelligence and employment, and one is to be an individual from among a list of nominees provided by the New Jersey Chief Innovation Officer who have expertise and experience in ethical analysis of artificial intelligence technology. </p>\n   <p class=\"indent\"> Members are appointed to serve for a term of three years; except that, the members first appointed by the Minority Leader of the Senate and by the Minority Leader of the General Assembly are to each be appointed for a one-year term, the members first appointed by the President of the Senate and by the Speaker of the General Assembly are to each be appointed for a two-year term, and the members first appointed by the Governor are to each be appointed for a three-year term. Four members of the board are required to constitute a quorum.</p>\n   <p class=\"indent\"> This bill requires a person or entity selling or offering for sale an artificial intelligence technology in New Jersey to conduct an artificial intelligence impact assessment on the technology prior to the sale or offer for sale of the artificial intelligence technology in New Jersey. The impact assessment is required to be conducted within the immediately preceding year prior to the sale or offer for sale of the artificial intelligence technology in New Jersey. Under the bill, the board is required to establish minimum requirements for an artificial intelligence impact assessment, which are to include but not be limited to: (1) analyzing the actual and potential societal effects of an artificial intelligence technology, focusing on privacy and job displacement; and (2) providing recommendations for ensuring user and data privacy, as well as minimizing job displacement.</p>\n   <p class=\"indent\"> This bill also requires the board to recommend to the commissioner protections for workers who may be displaced as a result of the use of artificial intelligence technology by employers including, but not limited to: (1) at least one month advance notice from the employer prior to a worker&#39;s displacement; (2) retraining programs provided by the employer prior to a worker&#39;s displacement; and (3) severance packages for displaced workers. </p>\n  </div>\n </div>\n    </div>\t\n<table cellpadding=0 cellspacing=0 width=\"100%\">\n   <tr>\n      <td>\n          Copyright &copy; 2025 State Net\n      </td>\n<BR>\n<!--???MOVED INTO resources.cgi      <td align=\"right\">\n          <img src=\"https://custom.statenet.com/network/poweredby.gif\" alt=\"Powered by State Net\">\n      </td>-->\n\n    </tr>\n</table>\n</body></html>\n",
      "markdown": "The following has special meaning: _green underline denotes added text_ ~~red struck out text denotes deleted text~~ | [![Powered by State Net](https://custom.statenet.com/network/poweredby.gif)](https://www.lexisnexis.com/statenet/)  \n---|---  \n  \n2024 NJ A 5053 | | Author: | Atkins  \n---|---  \nVersion: | Introduced  \nVersion Date: | 12/09/2024  \n  \nASSEMBLY, No. 5053\n\nSTATE OF NEW JERSEY\n\n221st LEGISLATURE\n\nINTRODUCED DECEMBER 9, 2024\n\nSponsored by:\n\nAssemblyman REGINALD W. ATKINS\n\nDistrict 20 (Union)\n\nSYNOPSIS\n\nEstablishes Artificial Intelligence Ethics Board in DOLWD.\n\nCURRENT VERSION OF TEXT\n\nAs introduced.\n\nAn Act concerning artificial intelligence and supplementing Title 34 of the\nRevised Statutes.\n\nBe It Enacted by the Senate and General Assembly of the State of New Jersey:\n\n1\\. As used in P.L. , c. (C. ) (pending before the Legislature as this bill):\n\n\"Artificial intelligence\" means:\n\na. any artificial system that performs tasks under varying and unpredictable\ncircumstances without significant human oversight or that can learn from\nexperience and improve performance when exposed to data sets;\n\nb. an artificial system developed in computer software, physical hardware, or\nother context that solves tasks requiring human-like perception, cognition,\nplanning, learning, communication, or physical action;\n\nc. an artificial system designed to think or act like a human, including\ncognitive architectures and neural networks;\n\nd. a set of techniques, including machine learning, that is designed to\napproximate a cognitive task; or\n\ne. an artificial system designed to act rationally, including an intelligent\nsoftware agent or embodied robot that achieves goals using perception,\nplanning, reasoning, learning, communicating, decision making, and acting.\n\n\"Artificial Intelligence Impact Assessment\" means an impartial evaluation of\nan artificial intelligence technology, conducted by an independent auditor.\n\n\"Artificial intelligence technology\" means a product or service that primarily\nuses artificial intelligence to perform its intended function.\n\n\"Board\" means the Artificial Intelligence Ethics Board in but not of the\nDepartment of Labor and Workforce Development, established pursuant to section\n2 of P.L. , c. (C. ) (pending before the Legislature as this bill).\n\n\"Commissioner\" means the Commissioner of Labor and Workforce Development.\n\n2\\. a. There is established, in but not of the Department of Labor and\nWorkforce Development, the Artificial Intelligence Ethics Board. The purpose\nof the board shall be to oversee the sale, use, and offer for sale of\nartificial intelligence technology in this State. The board shall place\nemphasis on bias prevention, privacy, transparency, and accountability in\nartificial intelligence technology.\n\nb. The board shall be comprised of seven members, three of whom shall be\nappointed by the Governor, one of whom shall be appointed by the President of\nthe Senate, one of whom shall be appointed by the Speaker of the General\nAssembly, one of whom shall be appointed by the Minority Leader of the Senate,\nand one of whom shall be appointed by the Minority Leader of the General\nAssembly. Of the members appointed by the Governor, one shall be an individual\nfrom among a list of nominees provided by the Executive Director of the New\nJersey Economic Development Authority who are familiar with the programs\nadministered by the authority, one shall be an individual from among a list of\nnominees provided by the commissioner who have expertise and experience in\npublic policy analysis of artificial intelligence and employment, and one\nshall be an individual from among a list of nominees provided by the New\nJersey Chief Technology Officer who have expertise and experience in ethical\nanalysis of artificial intelligence technology.\n\nc. Each member of the board shall serve for a term of three years; except that\nthe members first appointed by the Minority Leader of the Senate and by the\nMinority Leader of the General Assembly shall each be appointed for a one-year\nterm, the members first appointed by the President of the Senate and by the\nSpeaker of the General Assembly shall each be appointed for a two-year term,\nand the members first appointed by the Governor shall each be appointed for a\nthree-year term. Four members of the board shall constitute a quorum.\n\n3\\. a. The board shall establish minimum requirements for an artificial\nintelligence impact assessment required to be conducted pursuant to subsection\nb. of this section, which shall include but not be limited to:\n\n(1) analyzing the actual and potential societal effects of an artificial\nintelligence technology, focusing on privacy and job displacement; and\n\n(2) providing recommendations for ensuring user and data privacy, as well as\nminimizing job displacement.\n\nb. A person or entity selling or offering for sale an artificial intelligence\ntechnology in this State shall conduct an artificial intelligence impact\nassessment on an artificial intelligence technology that complies with the\nboard's requirements pursuant to subsection a. of this section prior to the\nsale or offer for sale of the artificial intelligence technology in this\nState. The artificial intelligence impact assessment shall be conducted within\nthe immediately preceding year prior to the sale or offer for sale of the\nartificial intelligence technology in this State.\n\n4\\. The board shall recommend to the commissioner protections for workers who\nmay be displaced as a result of the use of artificial intelligence technology\nby employers including, but not limited to:\n\na. at least one month advance notice from an employer prior to a worker's\ndisplacement as a result of the use of artificial intelligence technology by\nthe employer;\n\nb. retraining programs provided by the employer prior to a worker's\ndisplacement; and\n\nc. severance packages for displaced workers.\n\n5\\. The Artificial Intelligence Ethics Board shall adopt, pursuant to the\n\"Administrative Procedure Act,\" P.L.1968, c.410 (C.52:14B-1 et seq.), rules\nand regulations as may be necessary to implement the provisions of P.L. , c.\n(C. ) (pending before the Legislature as this bill).\n\n6\\. This act shall take effect immediately.\n\nSTATEMENT\n\nThis bill establishes the Artificial Intelligence Ethics Board (board) in, but\nnot of, the Department of Labor and Workforce Development (department). The\npurpose of the board is to oversee the sale, use, and offer for sale of\nartificial intelligence technology in this State.\n\nUnder this bill, the board is required to place emphasis on bias prevention,\nprivacy, transparency, and accountability in artificial intelligence\ntechnology. The board is to be comprised of seven members, three of whom are\nto be appointed by the Governor, one of whom is to be appointed by the\nPresident of the Senate, one of whom is to be appointed by the Speaker of the\nGeneral Assembly, one of whom is to be appointed by the Minority Leader of the\nSenate, and one of whom is to be appointed by the Minority Leader of the\nGeneral Assembly. Of the three members to be appointed by the Governor, one is\nto be an individual from among a list of nominees provided by the Executive\nDirector of the New Jersey Economic Development Authority who are familiar\nwith the programs administered by the authority, one is to be an individual\nfrom among a list of nominees provided by the Commissioner of Labor and\nWorkforce Development who have expertise and experience in public policy\nanalysis of artificial intelligence and employment, and one is to be an\nindividual from among a list of nominees provided by the New Jersey Chief\nInnovation Officer who have expertise and experience in ethical analysis of\nartificial intelligence technology.\n\nMembers are appointed to serve for a term of three years; except that, the\nmembers first appointed by the Minority Leader of the Senate and by the\nMinority Leader of the General Assembly are to each be appointed for a one-\nyear term, the members first appointed by the President of the Senate and by\nthe Speaker of the General Assembly are to each be appointed for a two-year\nterm, and the members first appointed by the Governor are to each be appointed\nfor a three-year term. Four members of the board are required to constitute a\nquorum.\n\nThis bill requires a person or entity selling or offering for sale an\nartificial intelligence technology in New Jersey to conduct an artificial\nintelligence impact assessment on the technology prior to the sale or offer\nfor sale of the artificial intelligence technology in New Jersey. The impact\nassessment is required to be conducted within the immediately preceding year\nprior to the sale or offer for sale of the artificial intelligence technology\nin New Jersey. Under the bill, the board is required to establish minimum\nrequirements for an artificial intelligence impact assessment, which are to\ninclude but not be limited to: (1) analyzing the actual and potential societal\neffects of an artificial intelligence technology, focusing on privacy and job\ndisplacement; and (2) providing recommendations for ensuring user and data\nprivacy, as well as minimizing job displacement.\n\nThis bill also requires the board to recommend to the commissioner protections\nfor workers who may be displaced as a result of the use of artificial\nintelligence technology by employers including, but not limited to: (1) at\nleast one month advance notice from the employer prior to a worker's\ndisplacement; (2) retraining programs provided by the employer prior to a\nworker's displacement; and (3) severance packages for displaced workers.\n\nCopyright (C) 2025 State Net  \n  \n---\n\n",
      "latest_version": true
    }
  ]
}