{
  "bill_id": "NJ2024000A4639",
  "source_url": "http://custom.statenet.com/public/resources.cgi?id=ID:bill:NJ2024000A4639&cuiq=93d84396-c63b-526a-b152-38b7f79b4cfd&client_md=e4f6fea4-27b4-5d41-b7d3-766fe52569f0",
  "versions": [
    {
      "date": "06/25/2024",
      "label": "Introduced",
      "url": "https://custom.statenet.com/public/resources.cgi?mode=show_text&id=ID:bill:NJ2024000A4639&verid=NJ2024000A4639_20240625_0_I&",
      "raw_html": "<html>\n<head>\n<title>Bill Resource</title>\n\n<!--   <link href=\"https://custom.statenet.com/network/Common/css/extregtext.css\" rel=\"stylesheet\" type=\"text/css\" />-->\n   <link href=\"https://custom.statenet.com/network/Common/css/xmltext-2.0.css\" rel=\"stylesheet\" type=\"text/css\" />\n   <link href=\"https://custom.statenet.com/network/Common/css/additional-text.css\" rel=\"stylesheet\" type=\"text/css\" />\n\n\t<style type=\"text/css\">\n<!--\n\ntd, body {\n     background-color: white;\n\tfont-family: Verdana, Arial, Helvetica, sans-serif;\n\tfont-size: 12px;\n}\n\n.resourceContainer {\n   border: 1px solid black;\n}\n-->\n</style>\n</head>\n<body>\n\n    <div style=\"width: 750px; margin: auto\">\n       <div style=\"font-size: .8em;margin-bottom: 10px\"><table width=\"100%\"><tr><td align=\"left\" style=\"font-size: .8em;\"><div>The following has special meaning:</div>\n<div><u class=\"amendmentInsertedText\">green underline denotes added text</u></div>\n<div><strike class=\"amendmentDeletedText\">red struck out text denotes deleted text</strike></div></td> <td align=\"right\"><a href=\"https://www.lexisnexis.com/statenet/\"><img alt=\"Powered by State Net\" src=\"https://custom.statenet.com/network/poweredby.gif\" /></a></td></tr></table></div><table id=\"text-identifier\"><tr><td class=\"key\">2024 NJ A 4639</td> <td><table><tr><td class=\"label\">Author:</td> <td>Miller</td></tr> <tr><td class=\"label\">Version:</td> <td>Introduced</td></tr> <tr><td class=\"label\">Version Date:</td> <td>06/25/2024</td></tr></table></td></tr></table><div class=\"documentBody\">\n  <a name=\"head_document_section\"></a><div class=\"head\">\n   <p class=\"center\">ASSEMBLY, No. 4639 </p>\n   <p class=\"indent\">STATE OF NEW JERSEY</p>\n   <p class=\"center\">221st LEGISLATURE</p>\n   <p class=\"center\">INTRODUCED JUNE 25, 2024</p>\n   <p class=\"indent\">Sponsored by:</p>\n   <p class=\"indent\">Assemblyman CODY D. MILLER</p>\n   <p class=\"indent\">District 4 (Atlantic, Camden and Gloucester)</p>\n   <p class=\"indent\">SYNOPSIS</p>\n   <p class=\"indent\"> Requires boards of education to adopt policy on use of surveillance systems with artificial intelligence capabilities. </p>\n   <p class=\"indent\">CURRENT VERSION OF TEXT </p>\n   <p class=\"indent\"> As introduced.</p>\n  </div>\n  <a name=\"code_document_section\"></a><div class=\"code\">\n   <p class=\"left\">An Act concerning video surveillance systems in schools and supplementing chapter 41 of Title 18A of the New Jersey Statutes.</p>\n  </div>\n  <a name=\"text_document_section\"></a><div class=\"text\">\n   <span>\n    <p class=\"indent\"> Be It Enacted by the Senate and General Assembly of the State of New Jersey:</p>\n   </span>\n   <p class=\"indent\"> 1. a. A board of education of a school district that utilizes a video surveillance system with artificial intelligence capabilities shall be required to adopt a policy regarding the use of the surveillance system. The policy, at a minimum, shall:</p>\n   <p class=\"indent\"> (1) include information on the surveillance system installed in the district, including the benefits and challenges of utilizing the system;</p>\n   <p class=\"indent\"> (2) identify the type of information that is to be collected through the surveillance system;</p>\n   <p class=\"indent\"> (3) include information on how the board plans to utilize the information obtained through the surveillance system;</p>\n   <p class=\"indent\"> (4) address the board&#39;s plan to provide access to the information obtained through the surveillance system; and</p>\n   <p class=\"indent\"> (5) require the board to post signage in a prominent, public place in buildings and on school grounds where the surveillance equipment may be used.</p>\n   <p class=\"indent\"> b. The policy adopted by the board shall comply with the provisions of section 1 of P.L. 2017, c.119 (C.18A:41-9).</p>\n   <p class=\"indent\"> c. A board of education required to establish a policy pursuant to subsection a. of this section shall be required to distribute the policy to the parents and guardians of students within the district.</p>\n   <effective_clause>\n    <p class=\"indent\"> 2. This act shall take effect immediately and shall first apply to the first full school year following the date of enactment.</p>\n   </effective_clause>\n  </div>\n  <a name=\"digest_document_section\"></a><div class=\"digest\">\n   <p class=\"center\">STATEMENT</p>\n   <p class=\"indent\"> This bill requires a board of education of a school district that utilizes a video surveillance system with artificial intelligence capabilities to adopt a policy regarding the use of the surveillance system.</p>\n   <p class=\"indent\"> Under the bill, the policy, at a minimum, is to: (1) include information on the surveillance system installed by the district, including the benefits and challenges of utilizing the system; (2) identify the type of information that is to be collected through the surveillance system; (3) include information on how the board plans to utilize the information obtained through the surveillance system; (4) address the board&#39;s plan to provide access to the information obtained through the surveillance system; and (5) require the board to post signage in a prominent, public place in buildings and on school grounds where the surveillance equipment may be used.</p>\n   <p class=\"indent\"> The bill clarifies that the policy adopted by the board is to comply with the current law that requires the establishment of a memorandum of understanding between the school district and the local law enforcement authority in regard to video surveillance equipment that is capable of streaming live videos wirelessly to remote locations.</p>\n   <p class=\"indent\"> Also under the bill, a board of education required to establish a policy is required to distribute the policy to the parents and guardians of students within the district. </p>\n  </div>\n </div>\n    </div>\t\n<table cellpadding=0 cellspacing=0 width=\"100%\">\n   <tr>\n      <td>\n          Copyright &copy; 2025 State Net\n      </td>\n<BR>\n<!--???MOVED INTO resources.cgi      <td align=\"right\">\n          <img src=\"https://custom.statenet.com/network/poweredby.gif\" alt=\"Powered by State Net\">\n      </td>-->\n\n    </tr>\n</table>\n</body></html>\n",
      "markdown": "The following has special meaning: _green underline denotes added text_ ~~red struck out text denotes deleted text~~ | [![Powered by State Net](https://custom.statenet.com/network/poweredby.gif)](https://www.lexisnexis.com/statenet/)  \n---|---  \n  \n2024 NJ A 4639 | | Author: | Miller  \n---|---  \nVersion: | Introduced  \nVersion Date: | 06/25/2024  \n  \nASSEMBLY, No. 4639\n\nSTATE OF NEW JERSEY\n\n221st LEGISLATURE\n\nINTRODUCED JUNE 25, 2024\n\nSponsored by:\n\nAssemblyman CODY D. MILLER\n\nDistrict 4 (Atlantic, Camden and Gloucester)\n\nSYNOPSIS\n\nRequires boards of education to adopt policy on use of surveillance systems\nwith artificial intelligence capabilities.\n\nCURRENT VERSION OF TEXT\n\nAs introduced.\n\nAn Act concerning video surveillance systems in schools and supplementing\nchapter 41 of Title 18A of the New Jersey Statutes.\n\nBe It Enacted by the Senate and General Assembly of the State of New Jersey:\n\n1\\. a. A board of education of a school district that utilizes a video\nsurveillance system with artificial intelligence capabilities shall be\nrequired to adopt a policy regarding the use of the surveillance system. The\npolicy, at a minimum, shall:\n\n(1) include information on the surveillance system installed in the district,\nincluding the benefits and challenges of utilizing the system;\n\n(2) identify the type of information that is to be collected through the\nsurveillance system;\n\n(3) include information on how the board plans to utilize the information\nobtained through the surveillance system;\n\n(4) address the board's plan to provide access to the information obtained\nthrough the surveillance system; and\n\n(5) require the board to post signage in a prominent, public place in\nbuildings and on school grounds where the surveillance equipment may be used.\n\nb. The policy adopted by the board shall comply with the provisions of section\n1 of P.L. 2017, c.119 (C.18A:41-9).\n\nc. A board of education required to establish a policy pursuant to subsection\na. of this section shall be required to distribute the policy to the parents\nand guardians of students within the district.\n\n2\\. This act shall take effect immediately and shall first apply to the first\nfull school year following the date of enactment.\n\nSTATEMENT\n\nThis bill requires a board of education of a school district that utilizes a\nvideo surveillance system with artificial intelligence capabilities to adopt a\npolicy regarding the use of the surveillance system.\n\nUnder the bill, the policy, at a minimum, is to: (1) include information on\nthe surveillance system installed by the district, including the benefits and\nchallenges of utilizing the system; (2) identify the type of information that\nis to be collected through the surveillance system; (3) include information on\nhow the board plans to utilize the information obtained through the\nsurveillance system; (4) address the board's plan to provide access to the\ninformation obtained through the surveillance system; and (5) require the\nboard to post signage in a prominent, public place in buildings and on school\ngrounds where the surveillance equipment may be used.\n\nThe bill clarifies that the policy adopted by the board is to comply with the\ncurrent law that requires the establishment of a memorandum of understanding\nbetween the school district and the local law enforcement authority in regard\nto video surveillance equipment that is capable of streaming live videos\nwirelessly to remote locations.\n\nAlso under the bill, a board of education required to establish a policy is\nrequired to distribute the policy to the parents and guardians of students\nwithin the district.\n\nCopyright (C) 2025 State Net  \n  \n---\n\n",
      "latest_version": false
    },
    {
      "date": "10/21/2024",
      "label": "Amended",
      "url": "https://custom.statenet.com/public/resources.cgi?mode=show_text&id=ID:bill:NJ2024000A4639&verid=NJ2024000A4639_20241021_0_A&",
      "raw_html": "<html>\n<head>\n<title>Bill Resource</title>\n\n<!--   <link href=\"https://custom.statenet.com/network/Common/css/extregtext.css\" rel=\"stylesheet\" type=\"text/css\" />-->\n   <link href=\"https://custom.statenet.com/network/Common/css/xmltext-2.0.css\" rel=\"stylesheet\" type=\"text/css\" />\n   <link href=\"https://custom.statenet.com/network/Common/css/additional-text.css\" rel=\"stylesheet\" type=\"text/css\" />\n\n\t<style type=\"text/css\">\n<!--\n\ntd, body {\n     background-color: white;\n\tfont-family: Verdana, Arial, Helvetica, sans-serif;\n\tfont-size: 12px;\n}\n\n.resourceContainer {\n   border: 1px solid black;\n}\n-->\n</style>\n</head>\n<body>\n\n    <div style=\"width: 750px; margin: auto\">\n       <div style=\"font-size: .8em;margin-bottom: 10px\"><table width=\"100%\"><tr><td align=\"left\" style=\"font-size: .8em;\"><div>The following has special meaning:</div>\n<div><u class=\"amendmentInsertedText\">green underline denotes added text</u></div>\n<div><strike class=\"amendmentDeletedText\">red struck out text denotes deleted text</strike></div></td> <td align=\"right\"><a href=\"https://www.lexisnexis.com/statenet/\"><img alt=\"Powered by State Net\" src=\"https://custom.statenet.com/network/poweredby.gif\" /></a></td></tr></table></div><table id=\"text-identifier\"><tr><td class=\"key\">2024 NJ A 4639</td> <td><table><tr><td class=\"label\">Author:</td> <td>Miller</td></tr> <tr><td class=\"label\">Version:</td> <td>Amended</td></tr> <tr><td class=\"label\">Version Date:</td> <td>10/21/2024</td></tr></table></td></tr></table><div class=\"documentBody\">\n  <a name=\"head_document_section\"></a><div class=\"head\">\n   <p class=\"center\">First Reprint</p>\n   <p class=\"center\">ASSEMBLY, No. 4639 </p>\n   <p class=\"center\">STATE OF NEW JERSEY</p>\n   <p class=\"center\">221st LEGISLATURE</p>\n   <p class=\"center\">INTRODUCED JUNE 25, 2024</p>\n   <p class=\"indent\">Sponsored by:</p>\n   <p class=\"indent\">Assemblyman CODY D. MILLER</p>\n   <p class=\"indent\">District 4 (Atlantic, Camden and Gloucester)</p>\n   <p class=\"indent\">Co-Sponsored by:</p>\n   <p class=\"indent\">Assemblywoman Morales</p>\n   <p class=\"indent\">SYNOPSIS</p>\n   <p class=\"indent\"> Requires boards of education to adopt policy on use of surveillance systems with artificial intelligence capabilities. </p>\n   <p class=\"indent\">CURRENT VERSION OF TEXT </p>\n   <p class=\"indent\"> As reported by the Assembly Science, Innovation and Technology Committee on October 21, 2024, with amendments.</p>\n  </div>\n  <a name=\"code_document_section\"></a><div class=\"code\">\n   <p class=\"left\">An Act concerning video surveillance systems in schools and supplementing chapter 41 of Title 18A of the New Jersey Statutes.</p>\n  </div>\n  <a name=\"text_document_section\"></a><div class=\"text\">\n   <span>\n    <p class=\"indent\"> Be It Enacted by the Senate and General Assembly of the State of New Jersey:</p>\n   </span>\n   <p class=\"indent\"> 1. a. A board of education of a school district that utilizes a video surveillance system with artificial intelligence capabilities shall be required to adopt a policy regarding the use of the surveillance system. The policy, at a minimum, shall:</p>\n   <p class=\"indent\"> (1) include information on the surveillance system installed in the district, including the benefits and challenges of utilizing the system;</p>\n   <p class=\"indent\"> (2) identify the type of information that is to be collected through the surveillance system;</p>\n   <p class=\"indent\"> (3) include information on how the board plans to utilize the information obtained through the surveillance system;</p>\n   <p class=\"indent\"> (4) address the board&#39;s plan to provide access to the information obtained through the surveillance system; and</p>\n   <p class=\"indent\"> (5) require the board to post signage in a prominent, public place in buildings and on school grounds where the surveillance <strike class=\"amendmentDeletedText\">equipment</strike>\n    <u class=\"amendmentInsertedText\">system</u> may be used. <u class=\"amendmentInsertedText\">The signage shall indicate that a surveillance system with artificial intelligence capabilities is in use in the building or on the school grounds.</u>\n   </p>\n   <p class=\"indent\"> b. The policy adopted by the board shall comply with the provisions of section 1 of P.L. 2017, c.119 (C.18A:41-9).</p>\n   <p class=\"indent\"> c. A board of education required to establish a policy pursuant to subsection a. of this section shall be required to distribute the policy to the parents and guardians of students within the district.</p>\n   <effective_clause>\n    <p class=\"indent\"> 2. This act shall take effect immediately and shall first apply to the first full school year following the date of enactment. .</p>\n   </effective_clause>\n  </div>\n </div>\n    </div>\t\n<table cellpadding=0 cellspacing=0 width=\"100%\">\n   <tr>\n      <td>\n          Copyright &copy; 2025 State Net\n      </td>\n<BR>\n<!--???MOVED INTO resources.cgi      <td align=\"right\">\n          <img src=\"https://custom.statenet.com/network/poweredby.gif\" alt=\"Powered by State Net\">\n      </td>-->\n\n    </tr>\n</table>\n</body></html>\n",
      "markdown": "The following has special meaning: _green underline denotes added text_ ~~red struck out text denotes deleted text~~ | [![Powered by State Net](https://custom.statenet.com/network/poweredby.gif)](https://www.lexisnexis.com/statenet/)  \n---|---  \n  \n2024 NJ A 4639 | | Author: | Miller  \n---|---  \nVersion: | Amended  \nVersion Date: | 10/21/2024  \n  \nFirst Reprint\n\nASSEMBLY, No. 4639\n\nSTATE OF NEW JERSEY\n\n221st LEGISLATURE\n\nINTRODUCED JUNE 25, 2024\n\nSponsored by:\n\nAssemblyman CODY D. MILLER\n\nDistrict 4 (Atlantic, Camden and Gloucester)\n\nCo-Sponsored by:\n\nAssemblywoman Morales\n\nSYNOPSIS\n\nRequires boards of education to adopt policy on use of surveillance systems\nwith artificial intelligence capabilities.\n\nCURRENT VERSION OF TEXT\n\nAs reported by the Assembly Science, Innovation and Technology Committee on\nOctober 21, 2024, with amendments.\n\nAn Act concerning video surveillance systems in schools and supplementing\nchapter 41 of Title 18A of the New Jersey Statutes.\n\nBe It Enacted by the Senate and General Assembly of the State of New Jersey:\n\n1\\. a. A board of education of a school district that utilizes a video\nsurveillance system with artificial intelligence capabilities shall be\nrequired to adopt a policy regarding the use of the surveillance system. The\npolicy, at a minimum, shall:\n\n(1) include information on the surveillance system installed in the district,\nincluding the benefits and challenges of utilizing the system;\n\n(2) identify the type of information that is to be collected through the\nsurveillance system;\n\n(3) include information on how the board plans to utilize the information\nobtained through the surveillance system;\n\n(4) address the board's plan to provide access to the information obtained\nthrough the surveillance system; and\n\n(5) require the board to post signage in a prominent, public place in\nbuildings and on school grounds where the surveillance ~~equipment~~ _system_\nmay be used. _The signage shall indicate that a surveillance system with\nartificial intelligence capabilities is in use in the building or on the\nschool grounds._\n\nb. The policy adopted by the board shall comply with the provisions of section\n1 of P.L. 2017, c.119 (C.18A:41-9).\n\nc. A board of education required to establish a policy pursuant to subsection\na. of this section shall be required to distribute the policy to the parents\nand guardians of students within the district.\n\n2\\. This act shall take effect immediately and shall first apply to the first\nfull school year following the date of enactment. .\n\nCopyright (C) 2025 State Net  \n  \n---\n\n",
      "latest_version": true
    }
  ]
}