{
  "bill_id": "NJ2024000A5033",
  "source_url": "http://custom.statenet.com/public/resources.cgi?id=ID:bill:NJ2024000A5033&cuiq=93d84396-c63b-526a-b152-38b7f79b4cfd&client_md=e4f6fea4-27b4-5d41-b7d3-766fe52569f0",
  "versions": [
    {
      "date": "11/14/2024",
      "label": "Introduced",
      "url": "https://custom.statenet.com/public/resources.cgi?mode=show_text&id=ID:bill:NJ2024000A5033&verid=NJ2024000A5033_20241114_0_I&",
      "raw_html": "<html>\n<head>\n<title>Bill Resource</title>\n\n<!--   <link href=\"https://custom.statenet.com/network/Common/css/extregtext.css\" rel=\"stylesheet\" type=\"text/css\" />-->\n   <link href=\"https://custom.statenet.com/network/Common/css/xmltext-2.0.css\" rel=\"stylesheet\" type=\"text/css\" />\n   <link href=\"https://custom.statenet.com/network/Common/css/additional-text.css\" rel=\"stylesheet\" type=\"text/css\" />\n\n\t<style type=\"text/css\">\n<!--\n\ntd, body {\n     background-color: white;\n\tfont-family: Verdana, Arial, Helvetica, sans-serif;\n\tfont-size: 12px;\n}\n\n.resourceContainer {\n   border: 1px solid black;\n}\n-->\n</style>\n</head>\n<body>\n\n    <div style=\"width: 750px; margin: auto\">\n       <div style=\"font-size: .8em;margin-bottom: 10px\"><table width=\"100%\"><tr><td align=\"left\" style=\"font-size: .8em;\"><div>The following has special meaning:</div>\n<div><u class=\"amendmentInsertedText\">green underline denotes added text</u></div>\n<div><strike class=\"amendmentDeletedText\">red struck out text denotes deleted text</strike></div></td> <td align=\"right\"><a href=\"https://www.lexisnexis.com/statenet/\"><img alt=\"Powered by State Net\" src=\"https://custom.statenet.com/network/poweredby.gif\" /></a></td></tr></table></div><table id=\"text-identifier\"><tr><td class=\"key\">2024 NJ A 5033</td> <td><table><tr><td class=\"label\">Author:</td> <td>Atkins</td></tr> <tr><td class=\"label\">Version:</td> <td>Introduced</td></tr> <tr><td class=\"label\">Version Date:</td> <td>11/14/2024</td></tr></table></td></tr></table><div class=\"documentBody\">\n  <a name=\"head_document_section\"></a><div class=\"head\">\n   <p class=\"center\">ASSEMBLY, No. 5033 </p>\n   <p class=\"indent\">STATE OF NEW JERSEY</p>\n   <p class=\"center\">221st LEGISLATURE</p>\n   <p class=\"center\">INTRODUCED NOVEMBER 14, 2024</p>\n   <p class=\"indent\">Sponsored by:</p>\n   <p class=\"indent\">Assemblyman REGINALD W. ATKINS</p>\n   <p class=\"indent\">District 20 (Union)</p>\n   <p class=\"indent\">SYNOPSIS</p>\n   <p class=\"indent\"> Establishes public-private partnerships to develop artificial intelligence job training. </p>\n   <p class=\"indent\">CURRENT VERSION OF TEXT </p>\n   <p class=\"indent\"> As introduced.</p>\n  </div>\n  <a name=\"code_document_section\"></a><div class=\"code\">\n   <p class=\"left\">An Act establishing public-private partnerships to provide job training for skills related to artificial intelligence and supplementing P.L.1992, c.43 (C.34:15D-1 et seq.).</p>\n  </div>\n  <a name=\"text_document_section\"></a><div class=\"text\">\n   <span>\n    <p class=\"indent\"> Be It Enacted by the Senate and General Assembly of the State of New Jersey:</p>\n   </span>\n   <p class=\"indent\"> 1. As used in this act:</p>\n   <p class=\"indent\"> &quot;AI&quot; means artificial intelligence, the development of software and hardware and the end-use application of technologies that are able to perform tasks normally requiring human intelligence, including, but not limited to, visual perception, speech recognition, decision-making, translation between languages, and generative artificial intelligence, which generates new content in response to user inputs of data.</p>\n   <p class=\"indent\"> &quot;Artificial intelligence industry&quot; means an occupation involving the development of hardware and software and the end use application of technologies that are able to perform tasks normally requiring human intelligence.</p>\n   <p class=\"indent\"> &quot;Authority&quot; means the New Jersey Economic Development Authority established pursuant to section 4 of P.L.1974, c.80 (C.34:1B-4).</p>\n   <p class=\"indent\"> &quot;Commissioner&quot; means the Commissioner of Labor and Workforce Development.</p>\n   <p class=\"indent\"> &quot;Department&quot; means the Department of Labor and Workforce Development.</p>\n   <p class=\"indent\"> &quot;Public-private partnership agreement&quot; means an agreement entered into by the Department of Labor and Workforce Development and a private entity pursuant to section 2 of this act for the purpose of permitting a private entity to assume full financial and administrative responsibility for the development, design, delivery, marketing, and implementation of training and retraining services relevant to AI-industry skills. </p>\n   <p class=\"indent\"> 2. a. The commissioner or the commissioner&#39;s designee may enter into a contract with a private entity, pursuant to the provisions of this act, to be referenced as a public-private partnership agreement, that permits the private entity to assume full financial and administrative responsibility for the development of training and retraining services related to AI. These services shall serve the purpose of providing retraining for displaced workers and advancing the AI-related skillset of the State&#39;s workforce, ensuring that it stays competitive in the evolving technology market.</p>\n   <p class=\"indent\"> b. Any public-private partnership agreement entered into by the department and a private entity in accordance with this section shall establish an advisory council to support and guide the work of the partnership. The membership of the advisory council shall be at the sole discretion of the commissioner.</p>\n   <p class=\"indent\"> c. The advisory council shall submit an annual written report to the Governor and, pursuant to section 2 of P.L.1964, c.164 (C.52:14-19.1) the Legislature, which shall analyze the program and outline progress toward the training and goals of the private-public partnership.</p>\n   <p class=\"indent\"> d. Unless otherwise set forth herein, a private entity that assumes financial and administrative responsibility for the creation of AI training programs pursuant to this section shall not be subject to the procurement and contracting requirements applicable to the department for which the project is completed.</p>\n   <p class=\"indent\"> e. Notwithstanding any provision of law to the contrary, a private entity that assumes financial and administrative responsibility for the creation of AI training programs pursuant to this section shall not be subject to prevailing wage requirements as determined by the Commissioner of Labor and Workforce Development pursuant to P.L.1963, c.150 (C.34:11-56.25 et seq.) and P.L.2005, c.379 (C.34:11-56.58 et seq.).</p>\n   <p class=\"indent\"> 3. a. All projects proposed in accordance with this act shall be submitted to the Commissioner of Labor and Workforce Development for review and approval. Project proposals shall, at a minimum, include the anticipated fee structure for the State and, where applicable, the cost per trainee; the expected duration of training; the areas of expertise and qualifications for each instructor; and the proposed location for the training. Training may be delivered remotely at the discretion of the provider.</p>\n   <p class=\"indent\"> b. The commissioner shall determine any additional criteria required for the review and approval process.</p>\n   <p class=\"indent\"> c. The commissioner, in consultation with the advisory council and the Economic Development Authority, shall determine any necessary administrative processes to support the dissemination of program details, submission process, and schedule for the review and approval process. </p>\n   <p class=\"indent\"> 4. The commissioner shall be entitled to call to its assistance and avail itself of the services of the State Employment and Training Commission established pursuant to section 5 of P.L.1989, c.293 (C.34:15C-2) or any other appropriate department, commission, or agency in developing the strategy related to the development and deployment of the training course.</p>\n   <effective_clause>\n    <p class=\"indent\"> 5. This act shall take effect on the 30th day next following enactment. </p>\n   </effective_clause>\n  </div>\n  <a name=\"digest_document_section\"></a><div class=\"digest\">\n   <p class=\"center\">STATEMENT</p>\n   <p class=\"indent\"> This bill enables the Commissioner of Labor and Workforce Development to establish public-private partnerships to develop and advance AI workforce training. The training will have a dual purpose of retraining workers displaced by AI and providing training in AI skills for active workers to enable the workforce to remain competitive in evolving AI technology.</p>\n   <p class=\"indent\"> The public-private partnerships will enable the private entity to assume full financial and administrative responsibility for the development of training and retraining services related to AI in exchange for not being subject to certain procurement and prevailing wage criteria.</p>\n   <p class=\"indent\"> The department will establish methods of publicizing the program, establish criteria for evaluating the proposals, and define the various administrative requirements. In addition, the department will establish an advisory council to provide targeted feedback on the progress of the program and insight on how that training can be improved.</p>\n  </div>\n </div>\n    </div>\t\n<table cellpadding=0 cellspacing=0 width=\"100%\">\n   <tr>\n      <td>\n          Copyright &copy; 2025 State Net\n      </td>\n<BR>\n<!--???MOVED INTO resources.cgi      <td align=\"right\">\n          <img src=\"https://custom.statenet.com/network/poweredby.gif\" alt=\"Powered by State Net\">\n      </td>-->\n\n    </tr>\n</table>\n</body></html>\n",
      "markdown": "The following has special meaning: _green underline denotes added text_ ~~red struck out text denotes deleted text~~ | [![Powered by State Net](https://custom.statenet.com/network/poweredby.gif)](https://www.lexisnexis.com/statenet/)  \n---|---  \n  \n2024 NJ A 5033 | | Author: | Atkins  \n---|---  \nVersion: | Introduced  \nVersion Date: | 11/14/2024  \n  \nASSEMBLY, No. 5033\n\nSTATE OF NEW JERSEY\n\n221st LEGISLATURE\n\nINTRODUCED NOVEMBER 14, 2024\n\nSponsored by:\n\nAssemblyman REGINALD W. ATKINS\n\nDistrict 20 (Union)\n\nSYNOPSIS\n\nEstablishes public-private partnerships to develop artificial intelligence job\ntraining.\n\nCURRENT VERSION OF TEXT\n\nAs introduced.\n\nAn Act establishing public-private partnerships to provide job training for\nskills related to artificial intelligence and supplementing P.L.1992, c.43\n(C.34:15D-1 et seq.).\n\nBe It Enacted by the Senate and General Assembly of the State of New Jersey:\n\n1\\. As used in this act:\n\n\"AI\" means artificial intelligence, the development of software and hardware\nand the end-use application of technologies that are able to perform tasks\nnormally requiring human intelligence, including, but not limited to, visual\nperception, speech recognition, decision-making, translation between\nlanguages, and generative artificial intelligence, which generates new content\nin response to user inputs of data.\n\n\"Artificial intelligence industry\" means an occupation involving the\ndevelopment of hardware and software and the end use application of\ntechnologies that are able to perform tasks normally requiring human\nintelligence.\n\n\"Authority\" means the New Jersey Economic Development Authority established\npursuant to section 4 of P.L.1974, c.80 (C.34:1B-4).\n\n\"Commissioner\" means the Commissioner of Labor and Workforce Development.\n\n\"Department\" means the Department of Labor and Workforce Development.\n\n\"Public-private partnership agreement\" means an agreement entered into by the\nDepartment of Labor and Workforce Development and a private entity pursuant to\nsection 2 of this act for the purpose of permitting a private entity to assume\nfull financial and administrative responsibility for the development, design,\ndelivery, marketing, and implementation of training and retraining services\nrelevant to AI-industry skills.\n\n2\\. a. The commissioner or the commissioner's designee may enter into a\ncontract with a private entity, pursuant to the provisions of this act, to be\nreferenced as a public-private partnership agreement, that permits the private\nentity to assume full financial and administrative responsibility for the\ndevelopment of training and retraining services related to AI. These services\nshall serve the purpose of providing retraining for displaced workers and\nadvancing the AI-related skillset of the State's workforce, ensuring that it\nstays competitive in the evolving technology market.\n\nb. Any public-private partnership agreement entered into by the department and\na private entity in accordance with this section shall establish an advisory\ncouncil to support and guide the work of the partnership. The membership of\nthe advisory council shall be at the sole discretion of the commissioner.\n\nc. The advisory council shall submit an annual written report to the Governor\nand, pursuant to section 2 of P.L.1964, c.164 (C.52:14-19.1) the Legislature,\nwhich shall analyze the program and outline progress toward the training and\ngoals of the private-public partnership.\n\nd. Unless otherwise set forth herein, a private entity that assumes financial\nand administrative responsibility for the creation of AI training programs\npursuant to this section shall not be subject to the procurement and\ncontracting requirements applicable to the department for which the project is\ncompleted.\n\ne. Notwithstanding any provision of law to the contrary, a private entity that\nassumes financial and administrative responsibility for the creation of AI\ntraining programs pursuant to this section shall not be subject to prevailing\nwage requirements as determined by the Commissioner of Labor and Workforce\nDevelopment pursuant to P.L.1963, c.150 (C.34:11-56.25 et seq.) and P.L.2005,\nc.379 (C.34:11-56.58 et seq.).\n\n3\\. a. All projects proposed in accordance with this act shall be submitted to\nthe Commissioner of Labor and Workforce Development for review and approval.\nProject proposals shall, at a minimum, include the anticipated fee structure\nfor the State and, where applicable, the cost per trainee; the expected\nduration of training; the areas of expertise and qualifications for each\ninstructor; and the proposed location for the training. Training may be\ndelivered remotely at the discretion of the provider.\n\nb. The commissioner shall determine any additional criteria required for the\nreview and approval process.\n\nc. The commissioner, in consultation with the advisory council and the\nEconomic Development Authority, shall determine any necessary administrative\nprocesses to support the dissemination of program details, submission process,\nand schedule for the review and approval process.\n\n4\\. The commissioner shall be entitled to call to its assistance and avail\nitself of the services of the State Employment and Training Commission\nestablished pursuant to section 5 of P.L.1989, c.293 (C.34:15C-2) or any other\nappropriate department, commission, or agency in developing the strategy\nrelated to the development and deployment of the training course.\n\n5\\. This act shall take effect on the 30th day next following enactment.\n\nSTATEMENT\n\nThis bill enables the Commissioner of Labor and Workforce Development to\nestablish public-private partnerships to develop and advance AI workforce\ntraining. The training will have a dual purpose of retraining workers\ndisplaced by AI and providing training in AI skills for active workers to\nenable the workforce to remain competitive in evolving AI technology.\n\nThe public-private partnerships will enable the private entity to assume full\nfinancial and administrative responsibility for the development of training\nand retraining services related to AI in exchange for not being subject to\ncertain procurement and prevailing wage criteria.\n\nThe department will establish methods of publicizing the program, establish\ncriteria for evaluating the proposals, and define the various administrative\nrequirements. In addition, the department will establish an advisory council\nto provide targeted feedback on the progress of the program and insight on how\nthat training can be improved.\n\nCopyright (C) 2025 State Net  \n  \n---\n\n",
      "latest_version": true
    }
  ]
}