{
  "bill_id": "NJ2024000S3742",
  "source_url": "http://custom.statenet.com/public/resources.cgi?id=ID:bill:NJ2024000S3742&cuiq=93d84396-c63b-526a-b152-38b7f79b4cfd&client_md=e4f6fea4-27b4-5d41-b7d3-766fe52569f0",
  "versions": [
    {
      "date": "10/07/2024",
      "label": "Introduced",
      "url": "https://custom.statenet.com/public/resources.cgi?mode=show_text&id=ID:bill:NJ2024000S3742&verid=NJ2024000S3742_20241007_0_I&",
      "raw_html": "<html>\n<head>\n<title>Bill Resource</title>\n\n<!--   <link href=\"https://custom.statenet.com/network/Common/css/extregtext.css\" rel=\"stylesheet\" type=\"text/css\" />-->\n   <link href=\"https://custom.statenet.com/network/Common/css/xmltext-2.0.css\" rel=\"stylesheet\" type=\"text/css\" />\n   <link href=\"https://custom.statenet.com/network/Common/css/additional-text.css\" rel=\"stylesheet\" type=\"text/css\" />\n\n\t<style type=\"text/css\">\n<!--\n\ntd, body {\n     background-color: white;\n\tfont-family: Verdana, Arial, Helvetica, sans-serif;\n\tfont-size: 12px;\n}\n\n.resourceContainer {\n   border: 1px solid black;\n}\n-->\n</style>\n</head>\n<body>\n\n    <div style=\"width: 750px; margin: auto\">\n       <div style=\"font-size: .8em;margin-bottom: 10px\"><table width=\"100%\"><tr><td align=\"left\" style=\"font-size: .8em;\"><div>The following has special meaning:</div>\n<div><u class=\"amendmentInsertedText\">green underline denotes added text</u></div>\n<div><strike class=\"amendmentDeletedText\">red struck out text denotes deleted text</strike></div></td> <td align=\"right\"><a href=\"https://www.lexisnexis.com/statenet/\"><img alt=\"Powered by State Net\" src=\"https://custom.statenet.com/network/poweredby.gif\" /></a></td></tr></table></div><table id=\"text-identifier\"><tr><td class=\"key\">2024 NJ S 3742</td> <td><table><tr><td class=\"label\">Author:</td> <td>Singleton</td></tr> <tr><td class=\"label\">Version:</td> <td>Introduced</td></tr> <tr><td class=\"label\">Version Date:</td> <td>10/07/2024</td></tr></table></td></tr></table><div class=\"documentBody\">\n  <a name=\"head_document_section\"></a><div class=\"head\">\n   <p class=\"center\">SENATE, No. 3742 </p>\n   <p class=\"indent\">STATE OF NEW JERSEY</p>\n   <p class=\"center\">221st LEGISLATURE</p>\n   <p class=\"center\">INTRODUCED OCTOBER 7, 2024</p>\n   <p class=\"indent\">Sponsored by:</p>\n   <p class=\"indent\">Senator TROY SINGLETON</p>\n   <p class=\"indent\">District 7 (Burlington)</p>\n   <p class=\"indent\">SYNOPSIS</p>\n   <p class=\"indent\"> Requires artificial intelligence companies to conduct safety tests and report results to Office of Information Technology.</p>\n   <p class=\"indent\">CURRENT VERSION OF TEXT </p>\n   <p class=\"indent\"> As introduced.</p>\n  </div>\n  <a name=\"code_document_section\"></a><div class=\"code\">\n   <p class=\"left\">An Act concerning artificial intelligence safety tests and supplementing Title 52 of the Revised Statutes.</p>\n  </div>\n  <a name=\"text_document_section\"></a><div class=\"text\">\n   <span>\n    <p class=\"indent\"> Be It Enacted by the Senate and General Assembly of the State of New Jersey:</p>\n   </span>\n   <p class=\"indent\"> 1. a. As used in P.L. , c. (C. ) (pending before the Legislature as this bill): </p>\n   <p class=\"indent\"> &quot;Artificial intelligence&quot; means an artificial intelligence system: </p>\n   <p class=\"indent\"> a. that performs tasks under varying and unpredictable circumstances without significant human oversight or that can learn from experience and improve performance when exposed to data sets; </p>\n   <p class=\"indent\"> b. developed in computer software, physical hardware, or other context that solves tasks requiring human-like perception, cognition, planning, learning, communication, or physical action; </p>\n   <p class=\"indent\"> c. designed to think or act like a human, including an artificial intelligence system that has cognitive architectures and neural networks; </p>\n   <p class=\"indent\"> d. that uses a set of techniques, including machine learning, that is designed to approximate a cognitive task; or </p>\n   <p class=\"indent\"> e. designed to act rationally, including an intelligent software agent or embodied robot that achieves goals using perception, planning, reasoning, learning, communicating, decision making, and acting.</p>\n   <p class=\"indent\"> &quot;Artificial intelligence company&quot; means a private entity or public agency that sells, develops, deploys, uses, or offers for sale in this State artificial intelligence technology.</p>\n   <p class=\"indent\"> &quot;Artificial intelligence technology&quot; means a product or service that primarily uses artificial intelligence to perform its intended function.</p>\n   <p class=\"indent\"> &quot;Safety test&quot; means a protocol for assessing artificial intelligence technology for potential biases, inaccuracies, and cybersecurity threats.</p>\n   <p class=\"indent\"> b. The Office of Information Technology shall:</p>\n   <p class=\"indent\"> (1) establish minimum requirements for an artificial intelligence safety test for artificial intelligence technology sold, developed, deployed, used, or offered for sale in this State that is conducted by an artificial intelligence company pursuant to subsection c. of this section, which requirements shall include but not be limited to:</p>\n   <p class=\"indent\"> (a) an analysis of potential cybersecurity threats and vulnerabilities; </p>\n   <p class=\"indent\"> (b) an analysis of an artificial intelligence technology&#39;s data sources and potential sources of bias, incorrect or inaccurate information, or violations of State or federal criminal, copyright, patent, or trade secret laws; and</p>\n   <p class=\"indent\"> (c) descriptions of possible remedies or defensive measures that can be taken by the artificial intelligence company to address all potential cybersecurity threats and vulnerabilities, potential sources of bias, incorrect or inaccurate information, or potential violations of State or federal criminal, copyright, patent, or trade secret laws identified during the conducting of the safety test; and</p>\n   <p class=\"indent\"> (2) review each annual report required to be submitted by an artificial intelligence company pursuant to subsection c. of this section.</p>\n   <p class=\"indent\"> c. An artificial intelligence company shall annually subject all artificial intelligence technology sold, developed, deployed, used, or offered for sale in this State to a safety test that adheres to the requirements established pursuant to subsection b. of this section and submit a report to the Office of Information Technology containing:</p>\n   <p class=\"indent\"> (1) a list of all artificial intelligence technologies tested;</p>\n   <p class=\"indent\"> (2) a description of each safety test conducted, including the safety test&#39;s adherence to the requirements established pursuant to subsection b. of this section; </p>\n   <p class=\"indent\"> (3) a list of all third parties used to conduct safety tests, if any; and </p>\n   <p class=\"indent\"> (4) the results of each safety test administered.</p>\n   <p class=\"indent\"> 2. The Office of Information Technology shall, in consultation with the Chief Innovation Officer and the Director of the New Jersey Office of Homeland Security and Preparedness, adopt, pursuant to the &quot;Administrative Procedure Act,&quot; P.L.1968, c.410 (C.52:14B-1 et seq.), rules and regulations as may be necessary to implement the provisions of P.L. , c. (C. ) (pending before the Legislature as this bill).</p>\n   <effective_clause>\n    <p class=\"indent\"> 3. This act shall take effect on the first day of the sixth month next following enactment.</p>\n   </effective_clause>\n  </div>\n  <a name=\"digest_document_section\"></a><div class=\"digest\">\n   <p class=\"center\">STATEMENT</p>\n   <p class=\"indent\"> This bill requires the Office of Information Technology to establish minimum requirements for an artificial intelligence safety test and requires artificial intelligence companies to subject artificial intelligence technology to a safety test and report the safety test results to the Office of Information Technology. The bill also requires the Office of Information Technology to review each annual report submitted by an artificial intelligence company. An &quot;artificial intelligence company&quot; is defined as a private entity or public agency that sells, develops, deploys, uses, or offers for sale artificial intelligence technology in the State of New Jersey. </p>\n   <p class=\"indent\"> Under this bill, artificial intelligence companies are required to annually subject all artificial intelligence technology sold, developed, deployed, used, or offered for sale in the State to a safety test and submit a report to the Office of Information Technology containing: (1) a list of all artificial intelligence technologies tested; (2) a description of all safety tests conducted; (3) a list of all third parties used to conduct safety tests, if any; and (4) the results of all safety tests administered.</p>\n  </div>\n </div>\n    </div>\t\n<table cellpadding=0 cellspacing=0 width=\"100%\">\n   <tr>\n      <td>\n          Copyright &copy; 2025 State Net\n      </td>\n<BR>\n<!--???MOVED INTO resources.cgi      <td align=\"right\">\n          <img src=\"https://custom.statenet.com/network/poweredby.gif\" alt=\"Powered by State Net\">\n      </td>-->\n\n    </tr>\n</table>\n</body></html>\n",
      "markdown": "The following has special meaning: _green underline denotes added text_ ~~red struck out text denotes deleted text~~ | [![Powered by State Net](https://custom.statenet.com/network/poweredby.gif)](https://www.lexisnexis.com/statenet/)  \n---|---  \n  \n2024 NJ S 3742 | | Author: | Singleton  \n---|---  \nVersion: | Introduced  \nVersion Date: | 10/07/2024  \n  \nSENATE, No. 3742\n\nSTATE OF NEW JERSEY\n\n221st LEGISLATURE\n\nINTRODUCED OCTOBER 7, 2024\n\nSponsored by:\n\nSenator TROY SINGLETON\n\nDistrict 7 (Burlington)\n\nSYNOPSIS\n\nRequires artificial intelligence companies to conduct safety tests and report\nresults to Office of Information Technology.\n\nCURRENT VERSION OF TEXT\n\nAs introduced.\n\nAn Act concerning artificial intelligence safety tests and supplementing Title\n52 of the Revised Statutes.\n\nBe It Enacted by the Senate and General Assembly of the State of New Jersey:\n\n1\\. a. As used in P.L. , c. (C. ) (pending before the Legislature as this\nbill):\n\n\"Artificial intelligence\" means an artificial intelligence system:\n\na. that performs tasks under varying and unpredictable circumstances without\nsignificant human oversight or that can learn from experience and improve\nperformance when exposed to data sets;\n\nb. developed in computer software, physical hardware, or other context that\nsolves tasks requiring human-like perception, cognition, planning, learning,\ncommunication, or physical action;\n\nc. designed to think or act like a human, including an artificial intelligence\nsystem that has cognitive architectures and neural networks;\n\nd. that uses a set of techniques, including machine learning, that is designed\nto approximate a cognitive task; or\n\ne. designed to act rationally, including an intelligent software agent or\nembodied robot that achieves goals using perception, planning, reasoning,\nlearning, communicating, decision making, and acting.\n\n\"Artificial intelligence company\" means a private entity or public agency that\nsells, develops, deploys, uses, or offers for sale in this State artificial\nintelligence technology.\n\n\"Artificial intelligence technology\" means a product or service that primarily\nuses artificial intelligence to perform its intended function.\n\n\"Safety test\" means a protocol for assessing artificial intelligence\ntechnology for potential biases, inaccuracies, and cybersecurity threats.\n\nb. The Office of Information Technology shall:\n\n(1) establish minimum requirements for an artificial intelligence safety test\nfor artificial intelligence technology sold, developed, deployed, used, or\noffered for sale in this State that is conducted by an artificial intelligence\ncompany pursuant to subsection c. of this section, which requirements shall\ninclude but not be limited to:\n\n(a) an analysis of potential cybersecurity threats and vulnerabilities;\n\n(b) an analysis of an artificial intelligence technology's data sources and\npotential sources of bias, incorrect or inaccurate information, or violations\nof State or federal criminal, copyright, patent, or trade secret laws; and\n\n(c) descriptions of possible remedies or defensive measures that can be taken\nby the artificial intelligence company to address all potential cybersecurity\nthreats and vulnerabilities, potential sources of bias, incorrect or\ninaccurate information, or potential violations of State or federal criminal,\ncopyright, patent, or trade secret laws identified during the conducting of\nthe safety test; and\n\n(2) review each annual report required to be submitted by an artificial\nintelligence company pursuant to subsection c. of this section.\n\nc. An artificial intelligence company shall annually subject all artificial\nintelligence technology sold, developed, deployed, used, or offered for sale\nin this State to a safety test that adheres to the requirements established\npursuant to subsection b. of this section and submit a report to the Office of\nInformation Technology containing:\n\n(1) a list of all artificial intelligence technologies tested;\n\n(2) a description of each safety test conducted, including the safety test's\nadherence to the requirements established pursuant to subsection b. of this\nsection;\n\n(3) a list of all third parties used to conduct safety tests, if any; and\n\n(4) the results of each safety test administered.\n\n2\\. The Office of Information Technology shall, in consultation with the Chief\nInnovation Officer and the Director of the New Jersey Office of Homeland\nSecurity and Preparedness, adopt, pursuant to the \"Administrative Procedure\nAct,\" P.L.1968, c.410 (C.52:14B-1 et seq.), rules and regulations as may be\nnecessary to implement the provisions of P.L. , c. (C. ) (pending before the\nLegislature as this bill).\n\n3\\. This act shall take effect on the first day of the sixth month next\nfollowing enactment.\n\nSTATEMENT\n\nThis bill requires the Office of Information Technology to establish minimum\nrequirements for an artificial intelligence safety test and requires\nartificial intelligence companies to subject artificial intelligence\ntechnology to a safety test and report the safety test results to the Office\nof Information Technology. The bill also requires the Office of Information\nTechnology to review each annual report submitted by an artificial\nintelligence company. An \"artificial intelligence company\" is defined as a\nprivate entity or public agency that sells, develops, deploys, uses, or offers\nfor sale artificial intelligence technology in the State of New Jersey.\n\nUnder this bill, artificial intelligence companies are required to annually\nsubject all artificial intelligence technology sold, developed, deployed,\nused, or offered for sale in the State to a safety test and submit a report to\nthe Office of Information Technology containing: (1) a list of all artificial\nintelligence technologies tested; (2) a description of all safety tests\nconducted; (3) a list of all third parties used to conduct safety tests, if\nany; and (4) the results of all safety tests administered.\n\nCopyright (C) 2025 State Net  \n  \n---\n\n",
      "latest_version": true
    }
  ]
}