{
  "bill_id": "NJ2024000S3657",
  "source_url": "http://custom.statenet.com/public/resources.cgi?id=ID:bill:NJ2024000S3657&cuiq=93d84396-c63b-526a-b152-38b7f79b4cfd&client_md=e4f6fea4-27b4-5d41-b7d3-766fe52569f0",
  "versions": [
    {
      "date": "09/26/2024",
      "label": "Introduced",
      "url": "https://custom.statenet.com/public/resources.cgi?mode=show_text&id=ID:bill:NJ2024000S3657&verid=NJ2024000S3657_20240926_0_I&",
      "raw_html": "<html>\n<head>\n<title>Bill Resource</title>\n\n<!--   <link href=\"https://custom.statenet.com/network/Common/css/extregtext.css\" rel=\"stylesheet\" type=\"text/css\" />-->\n   <link href=\"https://custom.statenet.com/network/Common/css/xmltext-2.0.css\" rel=\"stylesheet\" type=\"text/css\" />\n   <link href=\"https://custom.statenet.com/network/Common/css/additional-text.css\" rel=\"stylesheet\" type=\"text/css\" />\n\n\t<style type=\"text/css\">\n<!--\n\ntd, body {\n     background-color: white;\n\tfont-family: Verdana, Arial, Helvetica, sans-serif;\n\tfont-size: 12px;\n}\n\n.resourceContainer {\n   border: 1px solid black;\n}\n-->\n</style>\n</head>\n<body>\n\n    <div style=\"width: 750px; margin: auto\">\n       <div style=\"font-size: .8em;margin-bottom: 10px\"><table width=\"100%\"><tr><td align=\"left\" style=\"font-size: .8em;\"><div>The following has special meaning:</div>\n<div><u class=\"amendmentInsertedText\">green underline denotes added text</u></div>\n<div><strike class=\"amendmentDeletedText\">red struck out text denotes deleted text</strike></div></td> <td align=\"right\"><a href=\"https://www.lexisnexis.com/statenet/\"><img alt=\"Powered by State Net\" src=\"https://custom.statenet.com/network/poweredby.gif\" /></a></td></tr></table></div><table id=\"text-identifier\"><tr><td class=\"key\">2024 NJ S 3657</td> <td><table><tr><td class=\"label\">Author:</td> <td>Stack</td></tr> <tr><td class=\"label\">Version:</td> <td>Introduced</td></tr> <tr><td class=\"label\">Version Date:</td> <td>09/26/2024</td></tr></table></td></tr></table><div class=\"documentBody\">\n  <a name=\"head_document_section\"></a><div class=\"head\">\n   <p class=\"center\">SENATE, No. 3657 </p>\n   <p class=\"indent\">STATE OF NEW JERSEY</p>\n   <p class=\"center\">221st LEGISLATURE</p>\n   <p class=\"center\">INTRODUCED SEPTEMBER 26, 2024</p>\n   <p class=\"indent\">Sponsored by:</p>\n   <p class=\"indent\">Senator BRIAN P. STACK</p>\n   <p class=\"indent\">District 33 (Hudson)</p>\n   <p class=\"indent\">Senator M. TERESA RUIZ</p>\n   <p class=\"indent\">District 29 (Essex and Hudson)</p>\n   <p class=\"indent\">Co-Sponsored by:</p>\n   <p class=\"indent\">Senator McKnight</p>\n   <p class=\"indent\">SYNOPSIS</p>\n   <p class=\"indent\"> Makes use of algorithmic systems to influence price and supply of residential rental units unlawful.</p>\n   <p class=\"indent\">CURRENT VERSION OF TEXT </p>\n   <p class=\"indent\"> As introduced.</p>\n  </div>\n  <a name=\"code_document_section\"></a><div class=\"code\">\n   <p class=\"left\">An Act concerning pricing of rental properties and supplementing P.L.1970, c.73 (C.56:9-1 et seq.).</p>\n  </div>\n  <a name=\"text_document_section\"></a><div class=\"text\">\n   <span>\n    <p class=\"indent\"> Be It Enacted by the Senate and General Assembly of the State of New Jersey:</p>\n   </span>\n   <p class=\"indent\"> 1. The Legislature finds and declares that:</p>\n   <p class=\"indent\"> a. New Jersey is in the midst of an affordable housing crisis, as demonstrated by rental housing industry data showing median rent for a three-bedroom apartment increasing by 35 percent in the State from 2021 through 2024 and a studio in a more urban environment such as Hoboken increasing by 61 percent in the same timeframe.</p>\n   <p class=\"indent\"> b. Data from the United States Census Bureau indicates that over 50 percent of renters in New Jersey are deemed &quot;rent burdened,&quot; which means an individual spends more than 30 percent of income on rent.</p>\n   <p class=\"indent\"> c. Recent national data indicates that landlords of residential rental housing use property management software to collude and raise residential rental housing prices, which may have contributed to recent increases in the State.</p>\n   <p class=\"indent\"> d. Landlords engaging with the software supply real-time prices and additional lease information to companies managing the software, who proceed to use algorithms to fix rental prices. As a result, competition decreases and typically rental prices increase. </p>\n   <p class=\"indent\"> e. A leading property management software company in the United States hinted at the outcome of using its software by stating on its website that it enables landlords to &quot;outperform the market&quot; by two to five percent, with a company executive publicly stating that the software could be responsible for rent increases of up to 14.5 percent.</p>\n   <p class=\"indent\"> f. New Jersey recognizes housing as a basic human need and endeavors to expand access to affordable housing. </p>\n   <p class=\"indent\"> 2. As used in this act:</p>\n   <p class=\"indent\"> &quot;Coordinating function&quot; means: </p>\n   <p class=\"indent\"> (1) collecting historical or contemporaneous prices, supply levels, or lease or rental contract termination and renewal dates of residential dwelling units from two or more rental property owners; </p>\n   <p class=\"indent\"> (2) analyzing or processing of the information described in paragraph (1) of this definition through use of a system, software, or process that uses computation, including by using the information to train an algorithm; and </p>\n   <p class=\"indent\"> (3) recommending rental prices, lease renewal terms, or ideal occupancy levels to a rental property owner. </p>\n   <p class=\"indent\"> &quot;Coordinator&quot; means any person who operates a software or data analytics service that performs a coordinating function for any rental property owner, including a rental property owner performing a coordinating function for their own benefit.</p>\n   <p class=\"indent\"> &quot;Person&quot; means, unless the context otherwise requires, any natural person or persons, or any corporation, partnership, company, trust, or association of persons.</p>\n   <p class=\"indent\"> &quot;Residential dwelling unit&quot; means any house, apartment, accessory unit, or other unit intended to be used as a primary residence in the State. &quot;Residential dwelling unit&quot; shall not include inpatient medical care, licensed long-term care, or detention or correctional facilities.</p>\n   <p class=\"indent\"> 3. It shall be unlawful and a violation of the &quot;New Jersey Antitrust Act,&quot; P.L.1970, c.73 (C.56:9-1 et seq.) for:</p>\n   <p class=\"indent\"> a. a rental property owner, or any agent, representative, or subcontractor thereof, to subscribe to, contract with, or otherwise exchange any form of consideration in return for the use of services of a coordinator; or</p>\n   <p class=\"indent\"> b. a coordinator to facilitate an agreement among rental property owners that restricts competition with respect to residential dwelling units, including by performing a coordinating function.</p>\n   <effective_clause>\n    <p class=\"indent\"> 4. This act shall take effect on the first day of the fourth month next following the date of enactment.</p>\n   </effective_clause>\n  </div>\n  <a name=\"digest_document_section\"></a><div class=\"digest\">\n   <p class=\"center\">STATEMENT</p>\n   <p class=\"indent\"> This bill makes it unlawful to use algorithmic systems to influence the price and supply of residential rental units. Under the bill, it is unlawful and a violation of the &quot;New Jersey Antitrust Act&quot; for a rental property owner, or any agent, representative, or subcontractor thereof, to subscribe to, contract with, or otherwise exchange any form of consideration in return for the use of services of a coordinator and for a coordinator to facilitate an agreement among rental property owners that restricts competition with respect to residential dwelling units, including by performing a coordinating function.</p>\n   <p class=\"indent\"> A &quot;coordinator&quot; is defined in the bill to mean any person who operates a software or data analytics service that performs a coordinating function for any rental property owner, including a rental property owner performing a coordinating function for their own benefit. &quot;Coordinating function&quot; is defined to mean (1) collecting historical or contemporaneous prices, supply levels, or lease or rental contract termination and renewal dates of residential dwelling units from two or more rental property owners; (2) analyzing or processing of the information described in paragraph (1) through use of a system, software, or process that uses computation, including by using the information to train an algorithm; and (3) recommending rental prices, lease renewal terms, or ideal occupancy levels to a rental property owner. </p>\n  </div>\n </div>\n    </div>\t\n<table cellpadding=0 cellspacing=0 width=\"100%\">\n   <tr>\n      <td>\n          Copyright &copy; 2025 State Net\n      </td>\n<BR>\n<!--???MOVED INTO resources.cgi      <td align=\"right\">\n          <img src=\"https://custom.statenet.com/network/poweredby.gif\" alt=\"Powered by State Net\">\n      </td>-->\n\n    </tr>\n</table>\n</body></html>\n",
      "markdown": "The following has special meaning: _green underline denotes added text_ ~~red struck out text denotes deleted text~~ | [![Powered by State Net](https://custom.statenet.com/network/poweredby.gif)](https://www.lexisnexis.com/statenet/)  \n---|---  \n  \n2024 NJ S 3657 | | Author: | Stack  \n---|---  \nVersion: | Introduced  \nVersion Date: | 09/26/2024  \n  \nSENATE, No. 3657\n\nSTATE OF NEW JERSEY\n\n221st LEGISLATURE\n\nINTRODUCED SEPTEMBER 26, 2024\n\nSponsored by:\n\nSenator BRIAN P. STACK\n\nDistrict 33 (Hudson)\n\nSenator M. TERESA RUIZ\n\nDistrict 29 (Essex and Hudson)\n\nCo-Sponsored by:\n\nSenator McKnight\n\nSYNOPSIS\n\nMakes use of algorithmic systems to influence price and supply of residential\nrental units unlawful.\n\nCURRENT VERSION OF TEXT\n\nAs introduced.\n\nAn Act concerning pricing of rental properties and supplementing P.L.1970,\nc.73 (C.56:9-1 et seq.).\n\nBe It Enacted by the Senate and General Assembly of the State of New Jersey:\n\n1\\. The Legislature finds and declares that:\n\na. New Jersey is in the midst of an affordable housing crisis, as demonstrated\nby rental housing industry data showing median rent for a three-bedroom\napartment increasing by 35 percent in the State from 2021 through 2024 and a\nstudio in a more urban environment such as Hoboken increasing by 61 percent in\nthe same timeframe.\n\nb. Data from the United States Census Bureau indicates that over 50 percent of\nrenters in New Jersey are deemed \"rent burdened,\" which means an individual\nspends more than 30 percent of income on rent.\n\nc. Recent national data indicates that landlords of residential rental housing\nuse property management software to collude and raise residential rental\nhousing prices, which may have contributed to recent increases in the State.\n\nd. Landlords engaging with the software supply real-time prices and additional\nlease information to companies managing the software, who proceed to use\nalgorithms to fix rental prices. As a result, competition decreases and\ntypically rental prices increase.\n\ne. A leading property management software company in the United States hinted\nat the outcome of using its software by stating on its website that it enables\nlandlords to \"outperform the market\" by two to five percent, with a company\nexecutive publicly stating that the software could be responsible for rent\nincreases of up to 14.5 percent.\n\nf. New Jersey recognizes housing as a basic human need and endeavors to expand\naccess to affordable housing.\n\n2\\. As used in this act:\n\n\"Coordinating function\" means:\n\n(1) collecting historical or contemporaneous prices, supply levels, or lease\nor rental contract termination and renewal dates of residential dwelling units\nfrom two or more rental property owners;\n\n(2) analyzing or processing of the information described in paragraph (1) of\nthis definition through use of a system, software, or process that uses\ncomputation, including by using the information to train an algorithm; and\n\n(3) recommending rental prices, lease renewal terms, or ideal occupancy levels\nto a rental property owner.\n\n\"Coordinator\" means any person who operates a software or data analytics\nservice that performs a coordinating function for any rental property owner,\nincluding a rental property owner performing a coordinating function for their\nown benefit.\n\n\"Person\" means, unless the context otherwise requires, any natural person or\npersons, or any corporation, partnership, company, trust, or association of\npersons.\n\n\"Residential dwelling unit\" means any house, apartment, accessory unit, or\nother unit intended to be used as a primary residence in the State.\n\"Residential dwelling unit\" shall not include inpatient medical care, licensed\nlong-term care, or detention or correctional facilities.\n\n3\\. It shall be unlawful and a violation of the \"New Jersey Antitrust Act,\"\nP.L.1970, c.73 (C.56:9-1 et seq.) for:\n\na. a rental property owner, or any agent, representative, or subcontractor\nthereof, to subscribe to, contract with, or otherwise exchange any form of\nconsideration in return for the use of services of a coordinator; or\n\nb. a coordinator to facilitate an agreement among rental property owners that\nrestricts competition with respect to residential dwelling units, including by\nperforming a coordinating function.\n\n4\\. This act shall take effect on the first day of the fourth month next\nfollowing the date of enactment.\n\nSTATEMENT\n\nThis bill makes it unlawful to use algorithmic systems to influence the price\nand supply of residential rental units. Under the bill, it is unlawful and a\nviolation of the \"New Jersey Antitrust Act\" for a rental property owner, or\nany agent, representative, or subcontractor thereof, to subscribe to, contract\nwith, or otherwise exchange any form of consideration in return for the use of\nservices of a coordinator and for a coordinator to facilitate an agreement\namong rental property owners that restricts competition with respect to\nresidential dwelling units, including by performing a coordinating function.\n\nA \"coordinator\" is defined in the bill to mean any person who operates a\nsoftware or data analytics service that performs a coordinating function for\nany rental property owner, including a rental property owner performing a\ncoordinating function for their own benefit. \"Coordinating function\" is\ndefined to mean (1) collecting historical or contemporaneous prices, supply\nlevels, or lease or rental contract termination and renewal dates of\nresidential dwelling units from two or more rental property owners; (2)\nanalyzing or processing of the information described in paragraph (1) through\nuse of a system, software, or process that uses computation, including by\nusing the information to train an algorithm; and (3) recommending rental\nprices, lease renewal terms, or ideal occupancy levels to a rental property\nowner.\n\nCopyright (C) 2025 State Net  \n  \n---\n\n",
      "latest_version": true
    }
  ]
}