{
  "bill_id": "NJ2024000A4399",
  "source_url": "http://custom.statenet.com/public/resources.cgi?id=ID:bill:NJ2024000A4399&cuiq=93d84396-c63b-526a-b152-38b7f79b4cfd&client_md=e4f6fea4-27b4-5d41-b7d3-766fe52569f0",
  "versions": [
    {
      "date": "05/16/2024",
      "label": "Introduced",
      "url": "https://custom.statenet.com/public/resources.cgi?mode=show_text&id=ID:bill:NJ2024000A4399&verid=NJ2024000A4399_20240516_0_I&",
      "raw_html": "<html>\n<head>\n<title>Bill Resource</title>\n\n<!--   <link href=\"https://custom.statenet.com/network/Common/css/extregtext.css\" rel=\"stylesheet\" type=\"text/css\" />-->\n   <link href=\"https://custom.statenet.com/network/Common/css/xmltext-2.0.css\" rel=\"stylesheet\" type=\"text/css\" />\n   <link href=\"https://custom.statenet.com/network/Common/css/additional-text.css\" rel=\"stylesheet\" type=\"text/css\" />\n\n\t<style type=\"text/css\">\n<!--\n\ntd, body {\n     background-color: white;\n\tfont-family: Verdana, Arial, Helvetica, sans-serif;\n\tfont-size: 12px;\n}\n\n.resourceContainer {\n   border: 1px solid black;\n}\n-->\n</style>\n</head>\n<body>\n\n    <div style=\"width: 750px; margin: auto\">\n       <div style=\"font-size: .8em;margin-bottom: 10px\"><table width=\"100%\"><tr><td align=\"left\" style=\"font-size: .8em;\"><div>The following has special meaning:</div>\n<div><u class=\"amendmentInsertedText\">green underline denotes added text</u></div>\n<div><strike class=\"amendmentDeletedText\">red struck out text denotes deleted text</strike></div></td> <td align=\"right\"><a href=\"https://www.lexisnexis.com/statenet/\"><img alt=\"Powered by State Net\" src=\"https://custom.statenet.com/network/poweredby.gif\" /></a></td></tr></table></div><table id=\"text-identifier\"><tr><td class=\"key\">2024 NJ A 4399</td> <td><table><tr><td class=\"label\">Author:</td> <td>Flynn</td></tr> <tr><td class=\"label\">Version:</td> <td>Introduced</td></tr> <tr><td class=\"label\">Version Date:</td> <td>05/16/2024</td></tr></table></td></tr></table><div class=\"documentBody\">\n  <a name=\"head_document_section\"></a><div class=\"head\">\n   <p class=\"center\">ASSEMBLY, No. 4399 </p>\n   <p class=\"indent\">STATE OF NEW JERSEY</p>\n   <p class=\"center\">221st LEGISLATURE</p>\n   <p class=\"center\">INTRODUCED MAY 16, 2024</p>\n   <p class=\"indent\">Sponsored by:</p>\n   <p class=\"indent\">Assemblywoman VICTORIA A. FLYNN</p>\n   <p class=\"indent\">District 13 (Monmouth)</p>\n   <p class=\"indent\">Assemblyman GERRY SCHARFENBERGER</p>\n   <p class=\"indent\">District 13 (Monmouth)</p>\n   <p class=\"indent\">SYNOPSIS</p>\n   <p class=\"indent\"> Requires Commission on Science, Innovation and Technology to study impact of State agencies procuring, implementing, and operating artificial intelligence. </p>\n   <p class=\"indent\">CURRENT VERSION OF TEXT </p>\n   <p class=\"indent\"> As introduced.</p>\n  </div>\n  <a name=\"code_document_section\"></a><div class=\"code\">\n   <p class=\"left\">An Act requiring the Commission on Science, Innovation and Technology to study the impact of artificial intelligence.</p>\n  </div>\n  <a name=\"text_document_section\"></a><div class=\"text\">\n   <span>\n    <p class=\"indent\"> Be It Enacted by the Senate and General Assembly of the State of New Jersey:</p>\n   </span>\n   <p class=\"indent\"> 1. a. As used in this act:</p>\n   <p class=\"indent\"> &quot;Artificial intelligence&quot; means: (1) any artificial system that performs tasks under varying and unpredictable circumstances without significant human oversight or that can learn from experience and improve performance when exposed to data sets; (2) an artificial system developed in computer software, physical hardware, or other context that solves tasks requiring human-like perception, cognition, planning, learning, communication, or physical action; (3) an artificial system designed to think or act like a human, including cognitive architectures and neural networks; (4) a set of techniques, including machine learning, that is designed to approximate a cognitive task; or (5) an artificial system designed to act rationally, including an intelligent software agent or embodied robot that achieves goals using perception, planning, reasoning, learning, communicating, decision making, and acting. </p>\n   <p class=\"indent\"> &quot;State agency&quot; means any of the principal departments in the Executive Branch of the State Government, and any division, board, bureau, office, commission, or other instrumentality within or created by such department; the Legislature of the State, and any office, board, bureau, or commission within or created by the Legislative Branch; and any independent State authority, commission, instrumentality, public benefit corporation, or agency.</p>\n   <p class=\"indent\"> b. The Commission on Science, Innovation and Technology, shall study the impact of State agencies procuring, implementing, and operating artificial intelligence-powered technology, which shall include, but not be limited to,:</p>\n   <p class=\"indent\"> (1) a list of State agencies that use artificial intelligence;</p>\n   <p class=\"indent\"> (2) the purposes for which each State agency uses artificial intelligence; and</p>\n   <p class=\"indent\"> (3) the cost for each State agency to procure, implement, and operate artificial intelligence-powered technology.</p>\n   <p class=\"indent\"> c. Within one year following the effective date of this act, the Commission on Science, Innovation and Technology shall issue a written report to the Governor, and, pursuant to section 2 of P.L.1991, c.164 (C.52:14-19.1), to the Legislature containing the commission&#39;s findings made pursuant to this section.</p>\n   <effective_clause>\n    <p class=\"indent\"> 2. This act shall take effect immediately and shall expire upon the submission of the findings of the Commission on Science, Innovation and Technology pursuant to section 1 of this act. </p>\n   </effective_clause>\n  </div>\n  <a name=\"digest_document_section\"></a><div class=\"digest\">\n   <p class=\"center\">STATEMENT</p>\n   <p class=\"indent\"> This bill requires the Commission on Science, Innovation and Technology (commission) to study the impact of State agencies procuring, implementing, and operating artificial intelligence (AI) powered technology. The commission&#39;s study is to include a list of State agencies that use AI, the purposes for which each State agency uses AI, and the cost for each State agency to procure, implement, and operate AI-powered technology. The commission is required to submit a written report to the Governor and Legislature concerning the commission&#39;s findings.</p>\n  </div>\n </div>\n    </div>\t\n<table cellpadding=0 cellspacing=0 width=\"100%\">\n   <tr>\n      <td>\n          Copyright &copy; 2025 State Net\n      </td>\n<BR>\n<!--???MOVED INTO resources.cgi      <td align=\"right\">\n          <img src=\"https://custom.statenet.com/network/poweredby.gif\" alt=\"Powered by State Net\">\n      </td>-->\n\n    </tr>\n</table>\n</body></html>\n",
      "markdown": "The following has special meaning: _green underline denotes added text_ ~~red struck out text denotes deleted text~~ | [![Powered by State Net](https://custom.statenet.com/network/poweredby.gif)](https://www.lexisnexis.com/statenet/)  \n---|---  \n  \n2024 NJ A 4399 | | Author: | Flynn  \n---|---  \nVersion: | Introduced  \nVersion Date: | 05/16/2024  \n  \nASSEMBLY, No. 4399\n\nSTATE OF NEW JERSEY\n\n221st LEGISLATURE\n\nINTRODUCED MAY 16, 2024\n\nSponsored by:\n\nAssemblywoman VICTORIA A. FLYNN\n\nDistrict 13 (Monmouth)\n\nAssemblyman GERRY SCHARFENBERGER\n\nDistrict 13 (Monmouth)\n\nSYNOPSIS\n\nRequires Commission on Science, Innovation and Technology to study impact of\nState agencies procuring, implementing, and operating artificial intelligence.\n\nCURRENT VERSION OF TEXT\n\nAs introduced.\n\nAn Act requiring the Commission on Science, Innovation and Technology to study\nthe impact of artificial intelligence.\n\nBe It Enacted by the Senate and General Assembly of the State of New Jersey:\n\n1\\. a. As used in this act:\n\n\"Artificial intelligence\" means: (1) any artificial system that performs tasks\nunder varying and unpredictable circumstances without significant human\noversight or that can learn from experience and improve performance when\nexposed to data sets; (2) an artificial system developed in computer software,\nphysical hardware, or other context that solves tasks requiring human-like\nperception, cognition, planning, learning, communication, or physical action;\n(3) an artificial system designed to think or act like a human, including\ncognitive architectures and neural networks; (4) a set of techniques,\nincluding machine learning, that is designed to approximate a cognitive task;\nor (5) an artificial system designed to act rationally, including an\nintelligent software agent or embodied robot that achieves goals using\nperception, planning, reasoning, learning, communicating, decision making, and\nacting.\n\n\"State agency\" means any of the principal departments in the Executive Branch\nof the State Government, and any division, board, bureau, office, commission,\nor other instrumentality within or created by such department; the Legislature\nof the State, and any office, board, bureau, or commission within or created\nby the Legislative Branch; and any independent State authority, commission,\ninstrumentality, public benefit corporation, or agency.\n\nb. The Commission on Science, Innovation and Technology, shall study the\nimpact of State agencies procuring, implementing, and operating artificial\nintelligence-powered technology, which shall include, but not be limited to,:\n\n(1) a list of State agencies that use artificial intelligence;\n\n(2) the purposes for which each State agency uses artificial intelligence; and\n\n(3) the cost for each State agency to procure, implement, and operate\nartificial intelligence-powered technology.\n\nc. Within one year following the effective date of this act, the Commission on\nScience, Innovation and Technology shall issue a written report to the\nGovernor, and, pursuant to section 2 of P.L.1991, c.164 (C.52:14-19.1), to the\nLegislature containing the commission's findings made pursuant to this\nsection.\n\n2\\. This act shall take effect immediately and shall expire upon the\nsubmission of the findings of the Commission on Science, Innovation and\nTechnology pursuant to section 1 of this act.\n\nSTATEMENT\n\nThis bill requires the Commission on Science, Innovation and Technology\n(commission) to study the impact of State agencies procuring, implementing,\nand operating artificial intelligence (AI) powered technology. The\ncommission's study is to include a list of State agencies that use AI, the\npurposes for which each State agency uses AI, and the cost for each State\nagency to procure, implement, and operate AI-powered technology. The\ncommission is required to submit a written report to the Governor and\nLegislature concerning the commission's findings.\n\nCopyright (C) 2025 State Net  \n  \n---\n\n",
      "latest_version": true
    }
  ]
}