{
  "bill_id": "NM2025000HJM9",
  "source_url": "http://custom.statenet.com/public/resources.cgi?id=ID:bill:NM2025000HJM9&cuiq=93d84396-c63b-526a-b152-38b7f79b4cfd&client_md=e4f6fea4-27b4-5d41-b7d3-766fe52569f0",
  "versions": [
    {
      "date": "02/27/2025",
      "label": "Introduced",
      "url": "https://custom.statenet.com/public/resources.cgi?mode=show_text&id=ID:bill:NM2025000HJM9&verid=NM2025000HJM9_20250227_0_I&",
      "raw_html": "<html>\n<head>\n<title>Bill Resource</title>\n\n<!--   <link href=\"https://custom.statenet.com/network/Common/css/extregtext.css\" rel=\"stylesheet\" type=\"text/css\" />-->\n   <link href=\"https://custom.statenet.com/network/Common/css/xmltext-2.0.css\" rel=\"stylesheet\" type=\"text/css\" />\n   <link href=\"https://custom.statenet.com/network/Common/css/additional-text.css\" rel=\"stylesheet\" type=\"text/css\" />\n\n\t<style type=\"text/css\">\n<!--\n\ntd, body {\n     background-color: white;\n\tfont-family: Verdana, Arial, Helvetica, sans-serif;\n\tfont-size: 12px;\n}\n\n.resourceContainer {\n   border: 1px solid black;\n}\n-->\n</style>\n</head>\n<body>\n\n    <div style=\"width: 750px; margin: auto\">\n       <div style=\"font-size: .8em;margin-bottom: 10px\"><table width=\"100%\"><tr><td align=\"left\" style=\"font-size: .8em;\"><div>The following has special meaning:</div>\n<div><u class=\"amendmentInsertedText\">green underline denotes added text</u></div>\n<div><strike class=\"amendmentDeletedText\">red struck out text denotes deleted text</strike></div></td> <td align=\"right\"><a href=\"https://www.lexisnexis.com/statenet/\"><img alt=\"Powered by State Net\" src=\"https://custom.statenet.com/network/poweredby.gif\" /></a></td></tr></table></div><table id=\"text-identifier\"><tr><td class=\"key\">2025 NM HJM 9</td> <td><table><tr><td class=\"label\">Author:</td> <td>Serrato</td></tr> <tr><td class=\"label\">Version:</td> <td>Introduced</td></tr> <tr><td class=\"label\">Version Date:</td> <td>02/27/2025</td></tr></table></td></tr></table><div class=\"documentBody\">\n  <a name=\"head_document_section\"></a><div class=\"head\">\n   <p class=\"center\">HOUSE JOINT MEMORIAL 9</p>\n   <p class=\"center\">57th legislature - STATE OF NEW MEXICO - FIRST SESSION, 2025</p>\n   <p class=\"center\">INTRODUCED BY</p>\n   <p class=\"center\">Doreen Y. Gallegos and Linda Serrato and Janelle Anyanonu and Joshua N. Hernandez and Mark B. Murphy</p>\n  </div>\n  <a name=\"title_document_section\"></a><div class=\"title\">\n   <p class=\"center\">A JOINT MEMORIAL </p>\n   <p class=\"left\">REQUESTING THE NEW MEXICO LEGISLATIVE COUNCIL TO CREATE A SPECIAL INTERIM COMMITTEE DEDICATED TO EXAMINING ISSUES PRESENTED BY ARTIFICIAL INTELLIGENCE TECHNOLOGY AND DEVELOPING LEGISLATIVE PROPOSALS FOR THE REGULATION OF THE TECHNOLOGY AND THE PROTECTION OF DATA PRIVACY.</p>\n  </div>\n  <a name=\"text_document_section\"></a><div class=\"text\">\n   <p class=\"indent\">WHEREAS, artificial intelligence is rapidly transforming industries, government operations, health care, education and daily life, offering significant economic and social benefits while also raising concerns regarding bias, security, transparency, workforce displacement and ethical implications; and</p>\n   <p class=\"indent\">WHEREAS, the collection, use and sharing of personal data have become increasingly complex, leading to growing concerns about consumer privacy, data security, digital rights and the potential for misuse of personal information by private and public entities; and</p>\n   <p class=\"indent\">WHEREAS, the absence of comprehensive data privacy laws in New Mexico places residents at risk of unauthorized data collection, breaches and exploitation, and businesses lack clear regulatory guidance on responsible data practices; and</p>\n   <p class=\"indent\">WHEREAS, several states have enacted or are considering comprehensive data-privacy- and artificial-intelligence-related legislation, and New Mexico must evaluate these developments to ensure its policies align with national and global best practices while reflecting the state&#39;s unique needs; and</p>\n   <p class=\"indent\">WHEREAS, New Mexico is home to national laboratories, research institutions and a growing technology sector; and</p>\n   <p class=\"indent\">WHEREAS, because of the state&#39;s technology sector, it is critical for the state to proactively engage in artificial intelligence and data privacy policy discussions to foster responsible innovation and economic growth; and</p>\n   <p class=\"indent\">WHEREAS, artificial intelligence and data privacy regulations impact numerous stakeholders, including businesses, consumers, educators, health care providers and government agencies, necessitating a broad and inclusive approach to policymaking; and</p>\n   <p class=\"indent\">WHEREAS, the establishment of a special legislative committee would provide a structured forum for experts, industry leaders, public interest groups and community members to offer insights and ensure that artificial intelligence and data privacy policies are well-informed and effectively address potential risks and opportunities;</p>\n   <p class=\"indent\">NOW, THEREFORE, BE IT RESOLVED BY THE LEGISLATURE OF THE STATE OF NEW MEXICO that the New Mexico legislative council be requested to create a special interim legislative committee during the 2025 interim to hold hearings, gather testimony from stakeholders and develop recommendations for legislation in the 2026 legislative session that addresses artificial intelligence development, deployment and regulation, as well as comprehensive data privacy protections for New Mexico residents; and</p>\n   <p class=\"indent\">BE IT FURTHER RESOLVED that the special interim legislative committee be requested to discuss artificial intelligence and comprehensive data privacy legislation, including an examination of existing and proposed federal, state and international approaches to artificial intelligence governance and data protection; and</p>\n   <p class=\"indent\">BE IT FURTHER RESOLVED that copies of this memorial be transmitted to the governor, the director of the legislative council service, the New Mexico legislative council, the secretary of information technology, the directors of New Mexico&#39;s national laboratories, the presidents or chancellors of the state&#39;s post-secondary educational institutions, representatives of the state&#39;s technology businesses and relevant consumer advocacy and business organizations.</p>\n  </div>\n </div>\n    </div>\t\n<table cellpadding=0 cellspacing=0 width=\"100%\">\n   <tr>\n      <td>\n          Copyright &copy; 2025 State Net\n      </td>\n<BR>\n<!--???MOVED INTO resources.cgi      <td align=\"right\">\n          <img src=\"https://custom.statenet.com/network/poweredby.gif\" alt=\"Powered by State Net\">\n      </td>-->\n\n    </tr>\n</table>\n</body></html>\n",
      "markdown": "The following has special meaning: _green underline denotes added text_ ~~red struck out text denotes deleted text~~ | [![Powered by State Net](https://custom.statenet.com/network/poweredby.gif)](https://www.lexisnexis.com/statenet/)  \n---|---  \n  \n2025 NM HJM 9 | | Author: | Serrato  \n---|---  \nVersion: | Introduced  \nVersion Date: | 02/27/2025  \n  \nHOUSE JOINT MEMORIAL 9\n\n57th legislature - STATE OF NEW MEXICO - FIRST SESSION, 2025\n\nINTRODUCED BY\n\nDoreen Y. Gallegos and Linda Serrato and Janelle Anyanonu and Joshua N.\nHernandez and Mark B. Murphy\n\nA JOINT MEMORIAL\n\nREQUESTING THE NEW MEXICO LEGISLATIVE COUNCIL TO CREATE A SPECIAL INTERIM\nCOMMITTEE DEDICATED TO EXAMINING ISSUES PRESENTED BY ARTIFICIAL INTELLIGENCE\nTECHNOLOGY AND DEVELOPING LEGISLATIVE PROPOSALS FOR THE REGULATION OF THE\nTECHNOLOGY AND THE PROTECTION OF DATA PRIVACY.\n\nWHEREAS, artificial intelligence is rapidly transforming industries,\ngovernment operations, health care, education and daily life, offering\nsignificant economic and social benefits while also raising concerns regarding\nbias, security, transparency, workforce displacement and ethical implications;\nand\n\nWHEREAS, the collection, use and sharing of personal data have become\nincreasingly complex, leading to growing concerns about consumer privacy, data\nsecurity, digital rights and the potential for misuse of personal information\nby private and public entities; and\n\nWHEREAS, the absence of comprehensive data privacy laws in New Mexico places\nresidents at risk of unauthorized data collection, breaches and exploitation,\nand businesses lack clear regulatory guidance on responsible data practices;\nand\n\nWHEREAS, several states have enacted or are considering comprehensive data-\nprivacy- and artificial-intelligence-related legislation, and New Mexico must\nevaluate these developments to ensure its policies align with national and\nglobal best practices while reflecting the state's unique needs; and\n\nWHEREAS, New Mexico is home to national laboratories, research institutions\nand a growing technology sector; and\n\nWHEREAS, because of the state's technology sector, it is critical for the\nstate to proactively engage in artificial intelligence and data privacy policy\ndiscussions to foster responsible innovation and economic growth; and\n\nWHEREAS, artificial intelligence and data privacy regulations impact numerous\nstakeholders, including businesses, consumers, educators, health care\nproviders and government agencies, necessitating a broad and inclusive\napproach to policymaking; and\n\nWHEREAS, the establishment of a special legislative committee would provide a\nstructured forum for experts, industry leaders, public interest groups and\ncommunity members to offer insights and ensure that artificial intelligence\nand data privacy policies are well-informed and effectively address potential\nrisks and opportunities;\n\nNOW, THEREFORE, BE IT RESOLVED BY THE LEGISLATURE OF THE STATE OF NEW MEXICO\nthat the New Mexico legislative council be requested to create a special\ninterim legislative committee during the 2025 interim to hold hearings, gather\ntestimony from stakeholders and develop recommendations for legislation in the\n2026 legislative session that addresses artificial intelligence development,\ndeployment and regulation, as well as comprehensive data privacy protections\nfor New Mexico residents; and\n\nBE IT FURTHER RESOLVED that the special interim legislative committee be\nrequested to discuss artificial intelligence and comprehensive data privacy\nlegislation, including an examination of existing and proposed federal, state\nand international approaches to artificial intelligence governance and data\nprotection; and\n\nBE IT FURTHER RESOLVED that copies of this memorial be transmitted to the\ngovernor, the director of the legislative council service, the New Mexico\nlegislative council, the secretary of information technology, the directors of\nNew Mexico's national laboratories, the presidents or chancellors of the\nstate's post-secondary educational institutions, representatives of the\nstate's technology businesses and relevant consumer advocacy and business\norganizations.\n\nCopyright (C) 2025 State Net  \n  \n---\n\n",
      "latest_version": true
    }
  ]
}