{
  "bill_id": "NY2025000S933",
  "source_url": "http://custom.statenet.com/public/resources.cgi?id=ID:bill:NY2025000S933&cuiq=93d84396-c63b-526a-b152-38b7f79b4cfd&client_md=e4f6fea4-27b4-5d41-b7d3-766fe52569f0",
  "versions": [
    {
      "date": "01/08/2025",
      "label": "Introduced",
      "url": "https://custom.statenet.com/public/resources.cgi?mode=show_text&id=ID:bill:NY2025000S933&verid=NY2025000S933_20250108_0_I&",
      "raw_html": "<html>\n<head>\n<title>Bill Resource</title>\n\n<!--   <link href=\"https://custom.statenet.com/network/Common/css/extregtext.css\" rel=\"stylesheet\" type=\"text/css\" />-->\n   <link href=\"https://custom.statenet.com/network/Common/css/xmltext-2.0.css\" rel=\"stylesheet\" type=\"text/css\" />\n   <link href=\"https://custom.statenet.com/network/Common/css/additional-text.css\" rel=\"stylesheet\" type=\"text/css\" />\n\n\t<style type=\"text/css\">\n<!--\n\ntd, body {\n     background-color: white;\n\tfont-family: Verdana, Arial, Helvetica, sans-serif;\n\tfont-size: 12px;\n}\n\n.resourceContainer {\n   border: 1px solid black;\n}\n-->\n</style>\n</head>\n<body>\n\n    <div style=\"width: 750px; margin: auto\">\n       <div style=\"font-size: .8em;margin-bottom: 10px\"><table width=\"100%\"><tr><td align=\"left\" style=\"font-size: .8em;\"><div>The following has special meaning:</div>\n<div><u class=\"amendmentInsertedText\">green underline denotes added text</u></div>\n<div><strike class=\"amendmentDeletedText\">red struck out text denotes deleted text</strike></div></td> <td align=\"right\"><a href=\"https://www.lexisnexis.com/statenet/\"><img alt=\"Powered by State Net\" src=\"https://custom.statenet.com/network/poweredby.gif\" /></a></td></tr></table></div><table id=\"text-identifier\"><tr><td class=\"key\">2025 NY S 933</td> <td><table><tr><td class=\"label\">Author:</td> <td>Gonzalez</td></tr> <tr><td class=\"label\">Version:</td> <td>Introduced</td></tr> <tr><td class=\"label\">Version Date:</td> <td>01/08/2025</td></tr></table></td></tr></table><div class=\"documentBody\">\n  <a name=\"head_document_section\"></a><div class=\"head\">\n   <p class=\"center\">\n    <b>STATE OF NEW YORK</b>\n   </p>\n   <p class=\"center\">933 </p>\n   <p class=\"center\">2025-2026 Regular Sessions </p>\n   <p class=\"center\">\n    <b>IN SENATE</b>\n   </p>\n   <p class=\"indent\">\n    <u class=\"amendmentInsertedText\">(Prefiled)</u>\n   </p>\n   <p class=\"center\">January 8, 2025 </p>\n   <p class=\"indent\">Introduced by Sens. GONZALEZ, GOUNARDES, JACKSON -- read twice and ordered printed, and when printed to be committed to the Committee on Internet and Technology </p>\n  </div>\n  <a name=\"title_document_section\"></a><div class=\"title\">\n   <p class=\"indent\">AN ACT to amend the state technology law, in relation to establishing the position of chief artificial intelligence officer and the functions, powers and duties therefor </p>\n  </div>\n  <a name=\"text_document_section\"></a><div class=\"text\">\n   <span>\n    <p class=\"indent\">\n     <b>The People of the State of New York, represented in Senate and Assembly, do enact as follows:</b>\n    </p>\n   </span>\n   <p class=\"indent\">Section 1. Section 101 of the state technology law is amended by adding two new subdivisions 7 and 8 to read as follows: </p>\n   <p class=\"indent\">\n    <u class=\"amendmentInsertedText\">7. &quot;Artificial intelligence&quot; or &quot;AI&quot; shall mean: (a) a machine-based system that operates with varying levels of autonomy and that may exhibit adaptiveness after deployment and that, for explicit or implicit objectives, infers, from the input the system receives, how to generate outputs such as predictions, content, recommendations, or decisions that may influence physical or virtual environments. This includes, but is not limited to, systems, applications, software, or devices designed to:</u>\n   </p>\n   <p class=\"indent\">\n    <u class=\"amendmentInsertedText\">(i) Sense, interpret, process, analyze, or otherwise comprehend data, text, speech, voice, images, video, sensor inputs, or other forms of information from physical and virtual environments.</u>\n   </p>\n   <p class=\"indent\">\n    <u class=\"amendmentInsertedText\">(ii) Abstract concepts, detect patterns, extract features, develop explanatory and predictive data models, or otherwise derive higher-order insights through analysis of data and information.</u>\n   </p>\n   <p class=\"indent\">\n    <u class=\"amendmentInsertedText\">(iii) Apply reasoning, decision logic, knowledge representation, prediction models, data model inferences, or other structured and unstructured techniques and capabilities to generate options, recommendations, forecasts, determinations, conclusions, actions, or other outputs that influence physical or virtual environments, systems, applications, devices, or decision-making.</u>\n   </p>\n   <p class=\"indent\">\n    <u class=\"amendmentInsertedText\">(iv) Operate autonomously once deployed, regardless of whether designed to allow human monitoring, oversight, intervention, or override.</u>\n   </p>\n   <p class=\"indent\">\n    <u class=\"amendmentInsertedText\">(b) This definition shall not include any software used primarily for basic computerized processes, such as calculators, spell check tools, autocorrect functions, spreadsheets, electronic communications, or any tool that relates only to internal management affairs such as ordering office supplies or processing payments, and that do not materially affect the rights, liberties, safety or welfare of any human.</u>\n   </p>\n   <p class=\"indent\">\n    <u class=\"amendmentInsertedText\">8. &quot;Automated decision-making system&quot; shall mean any software that uses algorithms, computational models, or artificial intelligence, or a combination thereof, to automate, support, or replace human decisionmaking and shall include, without limitation, systems that process data, and apply predefined rules or machine learning algorithms to analyze such data, and generate conclusions, recommendations, outcomes, assumptions, projections, or predictions. &quot;Automated decision-making system&quot; shall not include any software used primarily for basic computerized processes, such as calculators, spell check tools, autocorrect functions, spreadsheets, electronic communications, or any tool that relates only to internal management affairs such as ordering office supplies or processing payments, and that do not materially affect the rights, liberties, safety or welfare of any human.</u>\n   </p>\n   <p class=\"indent\">Section 2. The state technology law is amended by adding a new section 102-a to read as follows: </p>\n   <p class=\"indent\">\n    <u class=\"amendmentInsertedText\">Section 102-a. Chief artificial intelligence officer; functions, powers and duties. 1. There is hereby established the office of artificial intelligence within the office. The head of such office shall be the chief artificial intelligence officer and shall be appointed by the governor with the advice and consent of the senate. The chief artificial intelligence officer shall be in sole charge of the administration of the office, and shall report to the executive department. The chief artificial intelligence officer shall be designated as management confidential in the noncompetitive class in accordance with the civil service law. The chief artificial intelligence officer shall have expertise in artificial intelligence, data privacy, and the technology industry.</u>\n   </p>\n   <p class=\"indent\">\n    <u class=\"amendmentInsertedText\">2. The office of artificial intelligence shall have the following functions, powers and duties:</u>\n   </p>\n   <p class=\"indent\">\n    <u class=\"amendmentInsertedText\">(a) Develop statewide artificial intelligence policies and governance, including but not limited to:</u>\n   </p>\n   <p class=\"indent\">\n    <u class=\"amendmentInsertedText\">(i) Developing and updating state policy and guidelines on the use, procurement, development, and deployment of artificial intelligence and automated decision-making systems in a manner consistent with state laws;</u>\n   </p>\n   <p class=\"indent\">\n    <u class=\"amendmentInsertedText\">(ii) Developing and updating a handbook regarding the use, study, development, evaluation, and procurement of systems that use artificial intelligence, in a manner consistent with state and federal laws, and national and international standards for use by the state&#39;s departments, boards, commissions, agencies and authorities;</u>\n   </p>\n   <p class=\"indent\">\n    <u class=\"amendmentInsertedText\">(iii) Developing a risk management plan, including procedures for assessing and classifying risk levels, including, but not limited to, pertaining to the operations of the state, data security and privacy, and the rights, liberties, safety and welfare of any human for use of artificial intelligence and automated decision-making systems by the state&#39;s departments, boards, commissions, agencies and authorities; and</u>\n   </p>\n   <p class=\"indent\">\n    <u class=\"amendmentInsertedText\">(iv) Setting governance standards for human oversight of artificial intelligence and automated systems, and determining resource requirements for responsible adoption, including, but not limited to developing and deploying employee training programs for safe and responsible use of artificial intelligence; and</u>\n   </p>\n   <p class=\"indent\">\n    <u class=\"amendmentInsertedText\">(v) Ensuring public access requirements are established for the publication of information related to each state agency use of automated decision-making systems and artificial intelligence;</u>\n   </p>\n   <p class=\"indent\">\n    <u class=\"amendmentInsertedText\">(b) Coordinate the activities of any and all state departments, boards, commissions, agencies and authorities performing any functions using artificial intelligence tools;</u>\n   </p>\n   <p class=\"indent\">\n    <u class=\"amendmentInsertedText\">(c) Coordinate and track state department, board, commission, agency and authority procurement and planning in state programs;</u>\n   </p>\n   <p class=\"indent\">\n    <u class=\"amendmentInsertedText\">(d) Investigate and assess what resources, monetary or otherwise, if any, a department, board, commission, authority or agency requires to adapt to the changes that artificial intelligence will bring to the regulatory landscape and to adequately adopt and oversee the use of artificial intelligence across its operations;</u>\n   </p>\n   <p class=\"indent\">\n    <u class=\"amendmentInsertedText\">(e) Provide guidance to governmental entities in developing, designing and deploying standards, mission, regulations, investments, practices, systems pertaining to the use of artificial intelligence tools and automated decision-making systems, in a manner that protects the rights and safety of individuals, including but not limited to employee training, protecting privacy and data security, safeguarding against discrimination based on race, gender, ethnicity, religion, disability, sexual orientation, or socioeconomic status, mitigating risks of misinformation and manipulation, and impact on the human workforce;</u>\n   </p>\n   <p class=\"indent\">\n    <u class=\"amendmentInsertedText\">(f) Recommend the replacement, disconnection or deactivation of any application that utilizes artificial intelligence or any automated decision-making system and that demonstrates that deployment and use is inconsistent with provisions of law or is otherwise harmful to the operations of the state, data security and privacy, or the rights, liberties, safety, and welfare of any human;</u>\n   </p>\n   <p class=\"indent\">\n    <u class=\"amendmentInsertedText\">(g) Study the implications of the usage of artificial intelligence for data collection to inform testing and evaluation, verification and validation of artificial intelligence to ensure that artificial intelligence will perform as intended, including when interacting with humans and other systems, develop common metrics to assess trustworthiness that artificial intelligence systems will perform as intended, and minimize performance problems and unanticipated outcomes, protect against risks to data security and privacy, and address the possibility of intentional misuse of an artificial intelligence system;</u>\n   </p>\n   <p class=\"indent\">\n    <u class=\"amendmentInsertedText\">(h) Submit a report annually to the temporary president of the senate and the speaker of the assembly on progress, findings, studies and recommendations regarding the use of artificial intelligence and automated decision-making systems in the various government agencies. Such report shall also be made publicly available on the office of information technology website. Where the chief artificial intelligence officer makes a determination that such disclosure would result in a substantial negative impact on health or safety of the public, infringe upon the privacy rights of individuals, or significantly impair the state&#39;s ability to protect its information technology or operational assets, the officer may redact such information, provided an explanatory statement by which such determination was made is published along with the redacted report. The provisions of this subdivision shall not be deemed to require or authorize the disclosure of confidential information or trade secrets; and</u>\n   </p>\n   <p class=\"indent\">\n    <u class=\"amendmentInsertedText\">(i) Investigate and conduct periodic audits of any department&#39;s, board&#39;s, commission&#39;s, agency&#39;s or authority&#39;s use of artificial intelligence tools or automated decision-making systems to ensure:</u>\n   </p>\n   <p class=\"indent\">\n    <u class=\"amendmentInsertedText\">(i) departments, boards, commissions, agencies and authorities develop, acquire and use such tools or systems that comply with the constitution, state and federal laws;</u>\n   </p>\n   <p class=\"indent\">\n    <u class=\"amendmentInsertedText\">(ii) ensure that any benefit a department, board, commission, agency or authority receives by using such tools or systems outweighs any risk in using that automated system;</u>\n   </p>\n   <p class=\"indent\">\n    <u class=\"amendmentInsertedText\">(iii) ensure that each such tool or system is secure, protected and resistant to circumstances in which that automated system faces any systematic vulnerability, manipulation or malicious exploitation; and</u>\n   </p>\n   <p class=\"indent\">\n    <u class=\"amendmentInsertedText\">(iv) nothing in this section shall be construed as restricting the artificial intelligence officer&#39;s or any state department&#39;s, board&#39;s, commission&#39;s, authority&#39;s or agency&#39;s access to:</u>\n   </p>\n   <p class=\"indent\">\n    <u class=\"amendmentInsertedText\">(1) conduct any internal investigation aimed at developing, improving or repairing any product, service or technology,</u>\n   </p>\n   <p class=\"indent\">\n    <u class=\"amendmentInsertedText\">(2) prevent, detect, protect, respond, investigate, report to any person responsible for any security incident, identity theft, fraud, harassment, malicious or misleading activity or illegal activity, or</u>\n   </p>\n   <p class=\"indent\">\n    <u class=\"amendmentInsertedText\">(3) preserve the integrity or security of any system.</u>\n   </p>\n   <p class=\"indent\">\n    <u class=\"amendmentInsertedText\">3. To effectuate the purposes of this section, the chief artificial intelligence officer may request and receive from any department, division, board, bureau, commission or other agency of the state or any political subdivision thereof or any public authority, staff and other assistance, information, and resources as will enable the office of artificial intelligence to properly carry out its functions, powers and duties.</u>\n   </p>\n   <p class=\"indent\">Section 3. The state technology law is amended by adding a new section 104-a to read as follows: </p>\n   <p class=\"indent\">\n    <u class=\"amendmentInsertedText\">Section 104-a. Advisory committee for state artificial intelligence policy. 1. There is hereby created in the division of broadband access an advisory committee for state artificial intelligence policy. The chief artificial intelligence officer shall serve as chair of the committee. The committee shall be composed of a minimum of seven representatives or their equivalent selected from state agencies and appointed by the governor, provided that no more than one member shall be appointed from a single agency, and provided further that the director shall serve as an ex-officio member of the committee. In addition, one member shall be appointed by the speaker of the assembly, one by the temporary president of the senate, and two members to be appointed by the governor at the recommendation of the two largest organizations in the state representing municipal leadership.</u>\n   </p>\n   <p class=\"indent\">\n    <u class=\"amendmentInsertedText\">2. All members of the advisory committee shall serve at the pleasure of their appointing authority. The members of the committee shall receive no compensation for their services, but shall be allowed their actual and necessary expenses incurred in the performance of their duties.</u>\n   </p>\n   <p class=\"indent\">\n    <u class=\"amendmentInsertedText\">3. No member of the advisory committee shall be disqualified from holding any other public office, nor forfeit any such office by reason of appointment hereunder, notwithstanding the provisions of any general, special or local law, ordinance or city charter, provided however that members appointed by the governor, speaker of the assembly, or temporary president of the senate shall be considered state officers and subject to the provisions of paragraph (a) of subdivision eight of section seventy-three of the public officers law.</u>\n   </p>\n   <p class=\"indent\">\n    <u class=\"amendmentInsertedText\">4. The advisory committee shall, at minimum, meet twice in each calendar year, provided that additional meetings of the advisory committee may be called by the chairperson at any time.</u>\n   </p>\n   <p class=\"indent\">\n    <u class=\"amendmentInsertedText\">5. The advisory committee shall:</u>\n   </p>\n   <p class=\"indent\">\n    <u class=\"amendmentInsertedText\">(a) Advise the chief artificial intelligence officer on best practices for the use of artificial intelligence and automated decision-making systems in agencies;</u>\n   </p>\n   <p class=\"indent\">\n    <u class=\"amendmentInsertedText\">(b) Advise the chief artificial intelligence officer on state policy for artificial intelligence and automated decision-making systems;</u>\n   </p>\n   <p class=\"indent\">\n    <u class=\"amendmentInsertedText\">(c) Advise the chief artificial intelligence officer on the current state of the state in relation to competitiveness in artificial intelligence, including the scope and scale of New York&#39;s investments in artificial intelligence research and development;</u>\n   </p>\n   <p class=\"indent\">\n    <u class=\"amendmentInsertedText\">(d) Advise the chief artificial intelligence officer on improving the workforce, including use in training, education and worker assistance in relation to the use of artificial intelligence;</u>\n   </p>\n   <p class=\"indent\">\n    <u class=\"amendmentInsertedText\">(e) Advise the chief artificial intelligence officer on leveraging local resources to optimize and improve operations in various areas of government operations, including but not limited to medical services, cyber security, infrastructure, and recovery from natural disasters;</u>\n   </p>\n   <p class=\"indent\">\n    <u class=\"amendmentInsertedText\">(f) Advise the chief artificial intelligence officer on opportunities for local, regional, interstate, federal, and international cooperation in artificial intelligence research activities, standards development and regulations;</u>\n   </p>\n   <p class=\"indent\">\n    <u class=\"amendmentInsertedText\">(g) Advise the chief artificial intelligence officer on strategies to prevent and mitigate artificial intelligence-assisted misinformation campaigns and the potentially harmful effects of artificial intelligence;</u>\n   </p>\n   <p class=\"indent\">\n    <u class=\"amendmentInsertedText\">(h) Advise the chief artificial intelligence officer on how the state can leverage the substantial and growing expertise of the emerging technologies, such as artificial intelligence, in the long-term development of public policies that affect the privacy, rights, and the use of artificial intelligence online;</u>\n   </p>\n   <p class=\"indent\">\n    <u class=\"amendmentInsertedText\">(i) Advise the chief artificial intelligence officer on strategies for the development of inter-governmental cooperation among agencies of the federal, state, and local governments and cooperation; and</u>\n   </p>\n   <p class=\"indent\">\n    <u class=\"amendmentInsertedText\">(j) Make periodic recommendations to the legislature on legislative or regulatory changes.</u>\n   </p>\n   <p class=\"indent\">Section 4. Subdivisions 2 and 3 of section 102 of the state technology law, as added by chapter 430 of the laws of 1997 and as renumbered by chapter 437 of the laws of 2004, are amended to read as follows: </p>\n   <p class=\"indent\">2. The head of the office shall be the director of the office, who shall serve as the chief technology officer for the state of New York and shall be designated as management confidential in the noncompetitive class in accordance with the civil service law. The director shall be the chief executive officer of and in sole charge of the administration of the office<u class=\"amendmentInsertedText\">, with exception to the office established pursuant to section one hundred two-a of this article and the committee established pursuant to section one hundred four-a of this article</u>. The director shall be entitled to receive reimbursement for expenses actually and necessarily incurred by <strike class=\"amendmentDeletedText\">him or her</strike>\n    <u class=\"amendmentInsertedText\">such director</u> in the performance of <strike class=\"amendmentDeletedText\">his or her</strike>\n    <u class=\"amendmentInsertedText\">such director&#39;s</u> duties. </p>\n   <p class=\"indent\">3. The director may, from time to time, create, abolish, transfer and consolidate bureaus and other units within the office not expressly established by law as <strike class=\"amendmentDeletedText\">he or she</strike>\n    <u class=\"amendmentInsertedText\">such director</u> may determine necessary for the efficient operation of the office, subject to the approval of the director of the budget<u class=\"amendmentInsertedText\">, with exception to the office established pursuant to section one hundred two-a of this article and the committee established pursuant to section one hundred four-a of this article</u>. </p>\n   <p class=\"indent\">Section 5. This act shall take effect on the ninetieth day after it shall have become a law.</p>\n  </div>\n </div>\n    </div>\t\n<table cellpadding=0 cellspacing=0 width=\"100%\">\n   <tr>\n      <td>\n          Copyright &copy; 2025 State Net\n      </td>\n<BR>\n<!--???MOVED INTO resources.cgi      <td align=\"right\">\n          <img src=\"https://custom.statenet.com/network/poweredby.gif\" alt=\"Powered by State Net\">\n      </td>-->\n\n    </tr>\n</table>\n</body></html>\n",
      "markdown": "The following has special meaning: _green underline denotes added text_ ~~red struck out text denotes deleted text~~ | [![Powered by State Net](https://custom.statenet.com/network/poweredby.gif)](https://www.lexisnexis.com/statenet/)  \n---|---  \n  \n2025 NY S 933 | | Author: | Gonzalez  \n---|---  \nVersion: | Introduced  \nVersion Date: | 01/08/2025  \n  \n**STATE OF NEW YORK**\n\n933\n\n2025-2026 Regular Sessions\n\n**IN SENATE**\n\n_(Prefiled)_\n\nJanuary 8, 2025\n\nIntroduced by Sens. GONZALEZ, GOUNARDES, JACKSON -- read twice and ordered\nprinted, and when printed to be committed to the Committee on Internet and\nTechnology\n\nAN ACT to amend the state technology law, in relation to establishing the\nposition of chief artificial intelligence officer and the functions, powers\nand duties therefor\n\n**The People of the State of New York, represented in Senate and Assembly, do\nenact as follows:**\n\nSection 1. Section 101 of the state technology law is amended by adding two\nnew subdivisions 7 and 8 to read as follows:\n\n_7. \"Artificial intelligence\" or \"AI\" shall mean: (a) a machine-based system\nthat operates with varying levels of autonomy and that may exhibit\nadaptiveness after deployment and that, for explicit or implicit objectives,\ninfers, from the input the system receives, how to generate outputs such as\npredictions, content, recommendations, or decisions that may influence\nphysical or virtual environments. This includes, but is not limited to,\nsystems, applications, software, or devices designed to:_\n\n_(i) Sense, interpret, process, analyze, or otherwise comprehend data, text,\nspeech, voice, images, video, sensor inputs, or other forms of information\nfrom physical and virtual environments._\n\n_(ii) Abstract concepts, detect patterns, extract features, develop\nexplanatory and predictive data models, or otherwise derive higher-order\ninsights through analysis of data and information._\n\n_(iii) Apply reasoning, decision logic, knowledge representation, prediction\nmodels, data model inferences, or other structured and unstructured techniques\nand capabilities to generate options, recommendations, forecasts,\ndeterminations, conclusions, actions, or other outputs that influence physical\nor virtual environments, systems, applications, devices, or decision-making._\n\n_(iv) Operate autonomously once deployed, regardless of whether designed to\nallow human monitoring, oversight, intervention, or override._\n\n_(b) This definition shall not include any software used primarily for basic\ncomputerized processes, such as calculators, spell check tools, autocorrect\nfunctions, spreadsheets, electronic communications, or any tool that relates\nonly to internal management affairs such as ordering office supplies or\nprocessing payments, and that do not materially affect the rights, liberties,\nsafety or welfare of any human._\n\n_8. \"Automated decision-making system\" shall mean any software that uses\nalgorithms, computational models, or artificial intelligence, or a combination\nthereof, to automate, support, or replace human decisionmaking and shall\ninclude, without limitation, systems that process data, and apply predefined\nrules or machine learning algorithms to analyze such data, and generate\nconclusions, recommendations, outcomes, assumptions, projections, or\npredictions. \"Automated decision-making system\" shall not include any software\nused primarily for basic computerized processes, such as calculators, spell\ncheck tools, autocorrect functions, spreadsheets, electronic communications,\nor any tool that relates only to internal management affairs such as ordering\noffice supplies or processing payments, and that do not materially affect the\nrights, liberties, safety or welfare of any human._\n\nSection 2. The state technology law is amended by adding a new section 102-a\nto read as follows:\n\n_Section 102-a. Chief artificial intelligence officer; functions, powers and\nduties. 1. There is hereby established the office of artificial intelligence\nwithin the office. The head of such office shall be the chief artificial\nintelligence officer and shall be appointed by the governor with the advice\nand consent of the senate. The chief artificial intelligence officer shall be\nin sole charge of the administration of the office, and shall report to the\nexecutive department. The chief artificial intelligence officer shall be\ndesignated as management confidential in the noncompetitive class in\naccordance with the civil service law. The chief artificial intelligence\nofficer shall have expertise in artificial intelligence, data privacy, and the\ntechnology industry._\n\n_2\\. The office of artificial intelligence shall have the following functions,\npowers and duties:_\n\n_(a) Develop statewide artificial intelligence policies and governance,\nincluding but not limited to:_\n\n_(i) Developing and updating state policy and guidelines on the use,\nprocurement, development, and deployment of artificial intelligence and\nautomated decision-making systems in a manner consistent with state laws;_\n\n_(ii) Developing and updating a handbook regarding the use, study,\ndevelopment, evaluation, and procurement of systems that use artificial\nintelligence, in a manner consistent with state and federal laws, and national\nand international standards for use by the state 's departments, boards,\ncommissions, agencies and authorities;_\n\n_(iii) Developing a risk management plan, including procedures for assessing\nand classifying risk levels, including, but not limited to, pertaining to the\noperations of the state, data security and privacy, and the rights, liberties,\nsafety and welfare of any human for use of artificial intelligence and\nautomated decision-making systems by the state 's departments, boards,\ncommissions, agencies and authorities; and_\n\n_(iv) Setting governance standards for human oversight of artificial\nintelligence and automated systems, and determining resource requirements for\nresponsible adoption, including, but not limited to developing and deploying\nemployee training programs for safe and responsible use of artificial\nintelligence; and_\n\n_(v) Ensuring public access requirements are established for the publication\nof information related to each state agency use of automated decision-making\nsystems and artificial intelligence;_\n\n_(b) Coordinate the activities of any and all state departments, boards,\ncommissions, agencies and authorities performing any functions using\nartificial intelligence tools;_\n\n_(c) Coordinate and track state department, board, commission, agency and\nauthority procurement and planning in state programs;_\n\n_(d) Investigate and assess what resources, monetary or otherwise, if any, a\ndepartment, board, commission, authority or agency requires to adapt to the\nchanges that artificial intelligence will bring to the regulatory landscape\nand to adequately adopt and oversee the use of artificial intelligence across\nits operations;_\n\n_(e) Provide guidance to governmental entities in developing, designing and\ndeploying standards, mission, regulations, investments, practices, systems\npertaining to the use of artificial intelligence tools and automated decision-\nmaking systems, in a manner that protects the rights and safety of\nindividuals, including but not limited to employee training, protecting\nprivacy and data security, safeguarding against discrimination based on race,\ngender, ethnicity, religion, disability, sexual orientation, or socioeconomic\nstatus, mitigating risks of misinformation and manipulation, and impact on the\nhuman workforce;_\n\n_(f) Recommend the replacement, disconnection or deactivation of any\napplication that utilizes artificial intelligence or any automated decision-\nmaking system and that demonstrates that deployment and use is inconsistent\nwith provisions of law or is otherwise harmful to the operations of the state,\ndata security and privacy, or the rights, liberties, safety, and welfare of\nany human;_\n\n_(g) Study the implications of the usage of artificial intelligence for data\ncollection to inform testing and evaluation, verification and validation of\nartificial intelligence to ensure that artificial intelligence will perform as\nintended, including when interacting with humans and other systems, develop\ncommon metrics to assess trustworthiness that artificial intelligence systems\nwill perform as intended, and minimize performance problems and unanticipated\noutcomes, protect against risks to data security and privacy, and address the\npossibility of intentional misuse of an artificial intelligence system;_\n\n_(h) Submit a report annually to the temporary president of the senate and the\nspeaker of the assembly on progress, findings, studies and recommendations\nregarding the use of artificial intelligence and automated decision-making\nsystems in the various government agencies. Such report shall also be made\npublicly available on the office of information technology website. Where the\nchief artificial intelligence officer makes a determination that such\ndisclosure would result in a substantial negative impact on health or safety\nof the public, infringe upon the privacy rights of individuals, or\nsignificantly impair the state 's ability to protect its information\ntechnology or operational assets, the officer may redact such information,\nprovided an explanatory statement by which such determination was made is\npublished along with the redacted report. The provisions of this subdivision\nshall not be deemed to require or authorize the disclosure of confidential\ninformation or trade secrets; and_\n\n_(i) Investigate and conduct periodic audits of any department 's, board's,\ncommission's, agency's or authority's use of artificial intelligence tools or\nautomated decision-making systems to ensure:_\n\n_(i) departments, boards, commissions, agencies and authorities develop,\nacquire and use such tools or systems that comply with the constitution, state\nand federal laws;_\n\n_(ii) ensure that any benefit a department, board, commission, agency or\nauthority receives by using such tools or systems outweighs any risk in using\nthat automated system;_\n\n_(iii) ensure that each such tool or system is secure, protected and resistant\nto circumstances in which that automated system faces any systematic\nvulnerability, manipulation or malicious exploitation; and_\n\n_(iv) nothing in this section shall be construed as restricting the artificial\nintelligence officer 's or any state department's, board's, commission's,\nauthority's or agency's access to:_\n\n_(1) conduct any internal investigation aimed at developing, improving or\nrepairing any product, service or technology,_\n\n_(2) prevent, detect, protect, respond, investigate, report to any person\nresponsible for any security incident, identity theft, fraud, harassment,\nmalicious or misleading activity or illegal activity, or_\n\n_(3) preserve the integrity or security of any system._\n\n_3\\. To effectuate the purposes of this section, the chief artificial\nintelligence officer may request and receive from any department, division,\nboard, bureau, commission or other agency of the state or any political\nsubdivision thereof or any public authority, staff and other assistance,\ninformation, and resources as will enable the office of artificial\nintelligence to properly carry out its functions, powers and duties._\n\nSection 3. The state technology law is amended by adding a new section 104-a\nto read as follows:\n\n_Section 104-a. Advisory committee for state artificial intelligence policy.\n1. There is hereby created in the division of broadband access an advisory\ncommittee for state artificial intelligence policy. The chief artificial\nintelligence officer shall serve as chair of the committee. The committee\nshall be composed of a minimum of seven representatives or their equivalent\nselected from state agencies and appointed by the governor, provided that no\nmore than one member shall be appointed from a single agency, and provided\nfurther that the director shall serve as an ex-officio member of the\ncommittee. In addition, one member shall be appointed by the speaker of the\nassembly, one by the temporary president of the senate, and two members to be\nappointed by the governor at the recommendation of the two largest\norganizations in the state representing municipal leadership._\n\n_2\\. All members of the advisory committee shall serve at the pleasure of\ntheir appointing authority. The members of the committee shall receive no\ncompensation for their services, but shall be allowed their actual and\nnecessary expenses incurred in the performance of their duties._\n\n_3\\. No member of the advisory committee shall be disqualified from holding\nany other public office, nor forfeit any such office by reason of appointment\nhereunder, notwithstanding the provisions of any general, special or local\nlaw, ordinance or city charter, provided however that members appointed by the\ngovernor, speaker of the assembly, or temporary president of the senate shall\nbe considered state officers and subject to the provisions of paragraph (a) of\nsubdivision eight of section seventy-three of the public officers law._\n\n_4\\. The advisory committee shall, at minimum, meet twice in each calendar\nyear, provided that additional meetings of the advisory committee may be\ncalled by the chairperson at any time._\n\n_5\\. The advisory committee shall:_\n\n_(a) Advise the chief artificial intelligence officer on best practices for\nthe use of artificial intelligence and automated decision-making systems in\nagencies;_\n\n_(b) Advise the chief artificial intelligence officer on state policy for\nartificial intelligence and automated decision-making systems;_\n\n_(c) Advise the chief artificial intelligence officer on the current state of\nthe state in relation to competitiveness in artificial intelligence, including\nthe scope and scale of New York 's investments in artificial intelligence\nresearch and development;_\n\n_(d) Advise the chief artificial intelligence officer on improving the\nworkforce, including use in training, education and worker assistance in\nrelation to the use of artificial intelligence;_\n\n_(e) Advise the chief artificial intelligence officer on leveraging local\nresources to optimize and improve operations in various areas of government\noperations, including but not limited to medical services, cyber security,\ninfrastructure, and recovery from natural disasters;_\n\n_(f) Advise the chief artificial intelligence officer on opportunities for\nlocal, regional, interstate, federal, and international cooperation in\nartificial intelligence research activities, standards development and\nregulations;_\n\n_(g) Advise the chief artificial intelligence officer on strategies to prevent\nand mitigate artificial intelligence-assisted misinformation campaigns and the\npotentially harmful effects of artificial intelligence;_\n\n_(h) Advise the chief artificial intelligence officer on how the state can\nleverage the substantial and growing expertise of the emerging technologies,\nsuch as artificial intelligence, in the long-term development of public\npolicies that affect the privacy, rights, and the use of artificial\nintelligence online;_\n\n_(i) Advise the chief artificial intelligence officer on strategies for the\ndevelopment of inter-governmental cooperation among agencies of the federal,\nstate, and local governments and cooperation; and_\n\n_(j) Make periodic recommendations to the legislature on legislative or\nregulatory changes._\n\nSection 4. Subdivisions 2 and 3 of section 102 of the state technology law, as\nadded by chapter 430 of the laws of 1997 and as renumbered by chapter 437 of\nthe laws of 2004, are amended to read as follows:\n\n2\\. The head of the office shall be the director of the office, who shall\nserve as the chief technology officer for the state of New York and shall be\ndesignated as management confidential in the noncompetitive class in\naccordance with the civil service law. The director shall be the chief\nexecutive officer of and in sole charge of the administration of the office _,\nwith exception to the office established pursuant to section one hundred two-a\nof this article and the committee established pursuant to section one hundred\nfour-a of this article_. The director shall be entitled to receive\nreimbursement for expenses actually and necessarily incurred by ~~him or her~~\n_such director_ in the performance of ~~his or her~~ _such director 's_\nduties.\n\n3\\. The director may, from time to time, create, abolish, transfer and\nconsolidate bureaus and other units within the office not expressly\nestablished by law as ~~he or she~~ _such director_ may determine necessary\nfor the efficient operation of the office, subject to the approval of the\ndirector of the budget _, with exception to the office established pursuant to\nsection one hundred two-a of this article and the committee established\npursuant to section one hundred four-a of this article_.\n\nSection 5. This act shall take effect on the ninetieth day after it shall have\nbecome a law.\n\nCopyright (C) 2025 State Net  \n  \n---\n\n",
      "latest_version": true
    }
  ]
}