{
  "bill_id": "NY2025000A1273",
  "source_url": "http://custom.statenet.com/public/resources.cgi?id=ID:bill:NY2025000A1273&cuiq=93d84396-c63b-526a-b152-38b7f79b4cfd&client_md=e4f6fea4-27b4-5d41-b7d3-766fe52569f0",
  "versions": [
    {
      "date": "01/09/2025",
      "label": "Introduced",
      "url": "https://custom.statenet.com/public/resources.cgi?mode=show_text&id=ID:bill:NY2025000A1273&verid=NY2025000A1273_20250109_0_I&",
      "raw_html": "<html>\n<head>\n<title>Bill Resource</title>\n\n<!--   <link href=\"https://custom.statenet.com/network/Common/css/extregtext.css\" rel=\"stylesheet\" type=\"text/css\" />-->\n   <link href=\"https://custom.statenet.com/network/Common/css/xmltext-2.0.css\" rel=\"stylesheet\" type=\"text/css\" />\n   <link href=\"https://custom.statenet.com/network/Common/css/additional-text.css\" rel=\"stylesheet\" type=\"text/css\" />\n\n\t<style type=\"text/css\">\n<!--\n\ntd, body {\n     background-color: white;\n\tfont-family: Verdana, Arial, Helvetica, sans-serif;\n\tfont-size: 12px;\n}\n\n.resourceContainer {\n   border: 1px solid black;\n}\n-->\n</style>\n</head>\n<body>\n\n    <div style=\"width: 750px; margin: auto\">\n       <div style=\"font-size: .8em;margin-bottom: 10px\"><table width=\"100%\"><tr><td align=\"left\" style=\"font-size: .8em;\"><div>The following has special meaning:</div>\n<div><u class=\"amendmentInsertedText\">green underline denotes added text</u></div>\n<div><strike class=\"amendmentDeletedText\">red struck out text denotes deleted text</strike></div></td> <td align=\"right\"><a href=\"https://www.lexisnexis.com/statenet/\"><img alt=\"Powered by State Net\" src=\"https://custom.statenet.com/network/poweredby.gif\" /></a></td></tr></table></div><table id=\"text-identifier\"><tr><td class=\"key\">2025 NY A 1273</td> <td><table><tr><td class=\"label\">Author:</td> <td>Peoples-Stokes</td></tr> <tr><td class=\"label\">Version:</td> <td>Introduced</td></tr> <tr><td class=\"label\">Version Date:</td> <td>01/09/2025</td></tr></table></td></tr></table><div class=\"documentBody\">\n  <a name=\"head_document_section\"></a><div class=\"head\">\n   <p class=\"center\">\n    <b>STATE OF NEW YORK</b>\n   </p>\n   <p class=\"center\">1273 </p>\n   <p class=\"center\">2025-2026 Regular Sessions </p>\n   <p class=\"center\">\n    <b>IN ASSEMBLY</b>\n   </p>\n   <p class=\"center\">January 9, 2025 </p>\n   <p class=\"indent\">Introduced by M. of A. PEOPLES-STOKES, STECK, MAMDANI, SIMON, PAULIN, KELLES, HYNDMAN, ALVAREZ, LUNSFORD, ANDERSON, SEAWRIGHT -- read once and referred to the Committee on Insurance </p>\n  </div>\n  <a name=\"title_document_section\"></a><div class=\"title\">\n   <p class=\"indent\">AN ACT to amend the insurance law, in relation to prohibiting motor vehicle insurers from discriminating based on socioeconomic factors </p>\n  </div>\n  <a name=\"text_document_section\"></a><div class=\"text\">\n   <span>\n    <p class=\"indent\">\n     <b>The People of the State of New York, represented in Senate and Assembly, do enact as follows:</b>\n    </p>\n   </span>\n   <p class=\"indent\">Section 1. The insurance law is amended by adding a new section 2619 to read as follows: </p>\n   <p class=\"indent\">\n    <u class=\"amendmentInsertedText\">Section 2619. Rating factors prohibited. (a) Any insurer or insurance company group doing business in the state as a motor vehicle insurer may not use classification plans, rules or rates, rating plans or modifications of any of the foregoing, based in whole or in part on the factors specified in this section. Any classification plans, rules or rates, rating plans or modifications issued by said insurer or insurance company group using the following factors in whole or in part shall be deemed to violate public policy and are subject to disapproval by the superintendent:</u>\n   </p>\n   <p class=\"indent\">\n    <u class=\"amendmentInsertedText\">(1) age;</u>\n   </p>\n   <p class=\"indent\">\n    <u class=\"amendmentInsertedText\">(2) marital status;</u>\n   </p>\n   <p class=\"indent\">\n    <u class=\"amendmentInsertedText\">(3) sex;</u>\n   </p>\n   <p class=\"indent\">\n    <u class=\"amendmentInsertedText\">(4) sexual orientation;</u>\n   </p>\n   <p class=\"indent\">\n    <u class=\"amendmentInsertedText\">(5) educational background or education level attained;</u>\n   </p>\n   <p class=\"indent\">\n    <u class=\"amendmentInsertedText\">(6) employment status or occupation;</u>\n   </p>\n   <p class=\"indent\">\n    <u class=\"amendmentInsertedText\">(7) income level;</u>\n   </p>\n   <p class=\"indent\">\n    <u class=\"amendmentInsertedText\">(8) consumer credit information or score;</u>\n   </p>\n   <p class=\"indent\">\n    <u class=\"amendmentInsertedText\">(9) ownership or interest in real property;</u>\n   </p>\n   <p class=\"indent\">\n    <u class=\"amendmentInsertedText\">(10) any indication of a consumer&#39;s price elasticity of demand; and</u>\n   </p>\n   <p class=\"indent\">\n    <u class=\"amendmentInsertedText\">(11) any other characteristic indicating or tending to indicate the socioeconomic status of an individual.</u>\n   </p>\n   <p class=\"indent\">\n    <u class=\"amendmentInsertedText\">(b) It shall further be unlawful to consider the factors specified in subsection (a) of this section to:</u>\n   </p>\n   <p class=\"indent\">\n    <u class=\"amendmentInsertedText\">(1) adjust any algorithm or equation used to construct actuarial tables or otherwise determine the cost of coverage;</u>\n   </p>\n   <p class=\"indent\">\n    <u class=\"amendmentInsertedText\">(2) make any distinction or discrimination between persons as to the premiums or rates charged for motor vehicle insurance policies or the terms of coverage or in any other manner whatsoever;</u>\n   </p>\n   <p class=\"indent\">\n    <u class=\"amendmentInsertedText\">(3) demand or require a greater premium from any person than such insurer requires at that time from other individuals or entities in similar cases; or</u>\n   </p>\n   <p class=\"indent\">\n    <u class=\"amendmentInsertedText\">(4) refuse to issue, renew, or sell a policy after appropriate application therefor.</u>\n   </p>\n   <p class=\"indent\">\n    <u class=\"amendmentInsertedText\">(c) For the purposes of this section:</u>\n   </p>\n   <p class=\"indent\">\n    <u class=\"amendmentInsertedText\">(1) &quot;sex&quot; shall include gender identity or expression; and</u>\n   </p>\n   <p class=\"indent\">\n    <u class=\"amendmentInsertedText\">(2) &quot;gender identity or expression&quot; shall have the same meaning as defined in section two hundred ninety-two of the executive law.</u>\n   </p>\n   <p class=\"indent\">Section 2. This act shall take effect immediately.</p>\n  </div>\n </div>\n    </div>\t\n<table cellpadding=0 cellspacing=0 width=\"100%\">\n   <tr>\n      <td>\n          Copyright &copy; 2025 State Net\n      </td>\n<BR>\n<!--???MOVED INTO resources.cgi      <td align=\"right\">\n          <img src=\"https://custom.statenet.com/network/poweredby.gif\" alt=\"Powered by State Net\">\n      </td>-->\n\n    </tr>\n</table>\n</body></html>\n",
      "markdown": "The following has special meaning: _green underline denotes added text_ ~~red struck out text denotes deleted text~~ | [![Powered by State Net](https://custom.statenet.com/network/poweredby.gif)](https://www.lexisnexis.com/statenet/)  \n---|---  \n  \n2025 NY A 1273 | | Author: | Peoples-Stokes  \n---|---  \nVersion: | Introduced  \nVersion Date: | 01/09/2025  \n  \n**STATE OF NEW YORK**\n\n1273\n\n2025-2026 Regular Sessions\n\n**IN ASSEMBLY**\n\nJanuary 9, 2025\n\nIntroduced by M. of A. PEOPLES-STOKES, STECK, MAMDANI, SIMON, PAULIN, KELLES,\nHYNDMAN, ALVAREZ, LUNSFORD, ANDERSON, SEAWRIGHT -- read once and referred to\nthe Committee on Insurance\n\nAN ACT to amend the insurance law, in relation to prohibiting motor vehicle\ninsurers from discriminating based on socioeconomic factors\n\n**The People of the State of New York, represented in Senate and Assembly, do\nenact as follows:**\n\nSection 1. The insurance law is amended by adding a new section 2619 to read\nas follows:\n\n_Section 2619. Rating factors prohibited. (a) Any insurer or insurance company\ngroup doing business in the state as a motor vehicle insurer may not use\nclassification plans, rules or rates, rating plans or modifications of any of\nthe foregoing, based in whole or in part on the factors specified in this\nsection. Any classification plans, rules or rates, rating plans or\nmodifications issued by said insurer or insurance company group using the\nfollowing factors in whole or in part shall be deemed to violate public policy\nand are subject to disapproval by the superintendent:_\n\n_(1) age;_\n\n_(2) marital status;_\n\n_(3) sex;_\n\n_(4) sexual orientation;_\n\n_(5) educational background or education level attained;_\n\n_(6) employment status or occupation;_\n\n_(7) income level;_\n\n_(8) consumer credit information or score;_\n\n_(9) ownership or interest in real property;_\n\n_(10) any indication of a consumer 's price elasticity of demand; and_\n\n_(11) any other characteristic indicating or tending to indicate the\nsocioeconomic status of an individual._\n\n_(b) It shall further be unlawful to consider the factors specified in\nsubsection (a) of this section to:_\n\n_(1) adjust any algorithm or equation used to construct actuarial tables or\notherwise determine the cost of coverage;_\n\n_(2) make any distinction or discrimination between persons as to the premiums\nor rates charged for motor vehicle insurance policies or the terms of coverage\nor in any other manner whatsoever;_\n\n_(3) demand or require a greater premium from any person than such insurer\nrequires at that time from other individuals or entities in similar cases; or_\n\n_(4) refuse to issue, renew, or sell a policy after appropriate application\ntherefor._\n\n_(c) For the purposes of this section:_\n\n_(1) \"sex\" shall include gender identity or expression; and_\n\n_(2) \"gender identity or expression\" shall have the same meaning as defined in\nsection two hundred ninety-two of the executive law._\n\nSection 2. This act shall take effect immediately.\n\nCopyright (C) 2025 State Net  \n  \n---\n\n",
      "latest_version": true
    }
  ]
}