{
  "bill_id": "NY2025000A6765",
  "source_url": "http://custom.statenet.com/public/resources.cgi?id=ID:bill:NY2025000A6765&cuiq=93d84396-c63b-526a-b152-38b7f79b4cfd&client_md=e4f6fea4-27b4-5d41-b7d3-766fe52569f0",
  "versions": [
    {
      "date": "03/12/2025",
      "label": "Introduced",
      "url": "https://custom.statenet.com/public/resources.cgi?mode=show_text&id=ID:bill:NY2025000A6765&verid=NY2025000A6765_20250312_0_I&",
      "raw_html": "<html>\n<head>\n<title>Bill Resource</title>\n\n<!--   <link href=\"https://custom.statenet.com/network/Common/css/extregtext.css\" rel=\"stylesheet\" type=\"text/css\" />-->\n   <link href=\"https://custom.statenet.com/network/Common/css/xmltext-2.0.css\" rel=\"stylesheet\" type=\"text/css\" />\n   <link href=\"https://custom.statenet.com/network/Common/css/additional-text.css\" rel=\"stylesheet\" type=\"text/css\" />\n\n\t<style type=\"text/css\">\n<!--\n\ntd, body {\n     background-color: white;\n\tfont-family: Verdana, Arial, Helvetica, sans-serif;\n\tfont-size: 12px;\n}\n\n.resourceContainer {\n   border: 1px solid black;\n}\n-->\n</style>\n</head>\n<body>\n\n    <div style=\"width: 750px; margin: auto\">\n       <div style=\"font-size: .8em;margin-bottom: 10px\"><table width=\"100%\"><tr><td align=\"left\" style=\"font-size: .8em;\"><div>The following has special meaning:</div>\n<div><u class=\"amendmentInsertedText\">green underline denotes added text</u></div>\n<div><strike class=\"amendmentDeletedText\">red struck out text denotes deleted text</strike></div></td> <td align=\"right\"><a href=\"https://www.lexisnexis.com/statenet/\"><img alt=\"Powered by State Net\" src=\"https://custom.statenet.com/network/poweredby.gif\" /></a></td></tr></table></div><table id=\"text-identifier\"><tr><td class=\"key\">2025 NY A 6765</td> <td><table><tr><td class=\"label\">Author:</td> <td>Torres</td></tr> <tr><td class=\"label\">Version:</td> <td>Introduced</td></tr> <tr><td class=\"label\">Version Date:</td> <td>03/12/2025</td></tr></table></td></tr></table><div class=\"documentBody\">\n  <a name=\"head_document_section\"></a><div class=\"head\">\n   <p class=\"center\">\n    <b>STATE OF NEW YORK</b>\n   </p>\n   <p class=\"center\">6765 </p>\n   <p class=\"center\">2025-2026 Regular Sessions </p>\n   <p class=\"center\">\n    <b>IN ASSEMBLY</b>\n   </p>\n   <p class=\"center\">March 12, 2025 </p>\n   <p class=\"indent\">Introduced by M. of A. TORRES -- read once and referred to the Committee on Consumer Affairs and Protection </p>\n  </div>\n  <a name=\"title_document_section\"></a><div class=\"title\">\n   <p class=\"indent\">AN ACT to amend the general business law, in relation to requiring disclosure of algorithmically set prices </p>\n  </div>\n  <a name=\"text_document_section\"></a><div class=\"text\">\n   <span>\n    <p class=\"indent\">\n     <b>The People of the State of New York, represented in Senate and Assembly, do enact as follows:</b>\n    </p>\n   </span>\n   <p class=\"indent\">Section 1. Section 349-a of the general business law is renumbered 349-h and a new section 349-a is added to read as follows: </p>\n   <p class=\"indent\">\n    <u class=\"amendmentInsertedText\">Section 349-a. Pricing. 1. As used in this section, the following terms shall have the following meanings:</u>\n   </p>\n   <p class=\"indent\">\n    <u class=\"amendmentInsertedText\">(a) &quot;Algorithm&quot; means a computational process that uses a set of rules to define a sequence of operations.</u>\n   </p>\n   <p class=\"indent\">\n    <u class=\"amendmentInsertedText\">(b) &quot;Clear and conspicuous disclosure&quot; means disclosure in the same medium as, and provided on, at, or near and contemporaneous with every advertisement, display, image, offer or announcement of a price for which notice is required, using lettering and wording that is easily visible and understandable to the average consumer.</u>\n   </p>\n   <p class=\"indent\">\n    <u class=\"amendmentInsertedText\">(c) &quot;Consumer&quot; means a natural person who is seeking or solicited to purchase, lease or receive a good or service for personal, family or household use.</u>\n   </p>\n   <p class=\"indent\">\n    <u class=\"amendmentInsertedText\">(d) &quot;Consumer data&quot; means any data that identifies or could reasonably be linked, directly or indirectly, with a specific natural person or device, excluding location data.</u>\n   </p>\n   <p class=\"indent\">\n    <u class=\"amendmentInsertedText\">(e) &quot;Dynamic pricing&quot; means pricing that fluctuates dependent on conditions where models retrain or recalibrate on information in near real-time, excluding promotional pricing offers, loyalty program benefits or other temporary discounts or changes to pricing related to retention of existing customers.</u>\n   </p>\n   <p class=\"indent\">\n    <u class=\"amendmentInsertedText\">(f) &quot;Personalized algorithmic pricing&quot; means dynamic pricing derived from or set by an algorithm that uses consumer data as defined in this section, which may vary among individual consumers or consumer populations.</u>\n   </p>\n   <p class=\"indent\">\n    <u class=\"amendmentInsertedText\">(g) &quot;Person&quot; means any natural person, firm, organization, partnership, association, corporation, or any other entity domiciled or doing business in New York state.</u>\n   </p>\n   <p class=\"indent\">\n    <u class=\"amendmentInsertedText\">2. Any person who knowingly advertises, promotes, labels or publishes a statement, display, image, offer or announcement of personalized algorithmic pricing using consumer data specific to a particular individual shall include with such statement, display, image, offer or announcement a clear and conspicuous disclosure that states:</u>\n   </p>\n   <p class=\"indent\">\n    <u class=\"amendmentInsertedText\">&quot;THIS PRICE WAS SET BY AN ALGORITHM USING YOUR PERSONAL DATA&quot;.</u>\n   </p>\n   <p class=\"indent\">\n    <u class=\"amendmentInsertedText\">3. Whenever there shall be a violation of this section, an application may be made by the attorney general in the name of the people of the state of New York to a court or justice having jurisdiction by a special proceeding to issue an injunction, and upon notice to the respondent of not less than five days, to enjoin and restrain the continuance of such violations; and if it shall appear to the satisfaction of the court or justice that the respondent has, in fact, violated this section, an injunction may be issued by such court or justice, enjoining and restraining any further violation, without requiring proof that any person has, in fact, been injured or damaged thereby. Whenever the court shall determine that a violation of this section has occurred, the court may impose a civil penalty of not more than one thousand dollars for each violation. In connection with any such application, the attorney general is authorized to take proof and make a determination of the relevant facts and to issue subpoenas in accordance with the civil practice law and rules.</u>\n   </p>\n   <p class=\"indent\">\n    <u class=\"amendmentInsertedText\">4. Nothing in this section shall apply to any insurer licensed, regulated, or otherwise authorized to do business in the state of New York under the insurance law or any excess lines insurer, including any persons, agents, or affiliates acting on behalf of such insurer.</u>\n   </p>\n   <p class=\"indent\">\n    <u class=\"amendmentInsertedText\">5. Nothing in this section shall apply to financial services, including but not limited to financial institutions, financial institution affiliates, broker-dealers, registered investment advisors, and entities that provide consumer credit products such as credit cards, personal loans, and mortgages.</u>\n   </p>\n   <p class=\"indent\">Section 2. Subdivision 3 of section 396 of the general business law is renumbered subdivision 4 and a new subdivision 3 is added to read as follows: </p>\n   <p class=\"indent\">\n    <u class=\"amendmentInsertedText\">3. a. For purposes of this subdivision, &quot;protected class data&quot; means information about an individual person or groups of people that directly, in combination, or by implication identifies a characteristic that is legally protected from discrimination under the laws of this state or under federal law, including but not limited to ethnicity, national origin, age, disability, sex, sexual orientation, gender identity and expression, pregnancy outcomes and reproductive health care.</u>\n   </p>\n   <p class=\"indent\">\n    <u class=\"amendmentInsertedText\">b. No person, firm, partnership, association or corporation, or agent or employee thereof, shall use protected class data in setting a price for, offering, marketing, or selling any good or service if (1) the use of that data has the effect of withholding or denying any of the accommodations, advantages, and privileges accorded to others, or (2) the price for such good or service is different from the price offered to other individuals or groups based in whole or in part on the use of protected class data.</u>\n   </p>\n   <p class=\"indent\">\n    <u class=\"amendmentInsertedText\">c. Nothing in this subdivision shall apply to any insurer licensed, regulated, or otherwise authorized to do business in the state of New York under the insurance law or any excess lines insurer, including any persons, agents, or affiliates acting on behalf of such insurer.</u>\n   </p>\n   <p class=\"indent\">\n    <u class=\"amendmentInsertedText\">d. Nothing in this subdivision shall apply to financial services, including but not limited to financial institutions, financial institution affiliates, broker-dealers, registered investment advisors, and entities that provide consumer credit products such as credit cards, personal loans, and mortgages.</u>\n   </p>\n   <p class=\"indent\">Section 3. Paragraph d of subdivision 4 of section 396 of the general business law, as added by chapter 689 of the laws of 2022 and as renumbered by section two of this act, is amended to read as follows: </p>\n   <p class=\"indent\">d. <u class=\"amendmentInsertedText\">In addition to any other remedies provided in this section, any person aggrieved by a violation of subdivision three of this section may file an action in accordance with section two hundred ninety-seven of the executive law.</u> Nothing in this section shall in any way limit rights or remedies which are otherwise available under law to the attorney general or any other person authorized to bring an action under this section. </p>\n   <p class=\"indent\">Section 4. This act shall take effect on the sixtieth day after it shall have become a law.</p>\n  </div>\n </div>\n    </div>\t\n<table cellpadding=0 cellspacing=0 width=\"100%\">\n   <tr>\n      <td>\n          Copyright &copy; 2025 State Net\n      </td>\n<BR>\n<!--???MOVED INTO resources.cgi      <td align=\"right\">\n          <img src=\"https://custom.statenet.com/network/poweredby.gif\" alt=\"Powered by State Net\">\n      </td>-->\n\n    </tr>\n</table>\n</body></html>\n",
      "markdown": "The following has special meaning: _green underline denotes added text_ ~~red struck out text denotes deleted text~~ | [![Powered by State Net](https://custom.statenet.com/network/poweredby.gif)](https://www.lexisnexis.com/statenet/)  \n---|---  \n  \n2025 NY A 6765 | | Author: | Torres  \n---|---  \nVersion: | Introduced  \nVersion Date: | 03/12/2025  \n  \n**STATE OF NEW YORK**\n\n6765\n\n2025-2026 Regular Sessions\n\n**IN ASSEMBLY**\n\nMarch 12, 2025\n\nIntroduced by M. of A. TORRES -- read once and referred to the Committee on\nConsumer Affairs and Protection\n\nAN ACT to amend the general business law, in relation to requiring disclosure\nof algorithmically set prices\n\n**The People of the State of New York, represented in Senate and Assembly, do\nenact as follows:**\n\nSection 1. Section 349-a of the general business law is renumbered 349-h and a\nnew section 349-a is added to read as follows:\n\n_Section 349-a. Pricing. 1. As used in this section, the following terms shall\nhave the following meanings:_\n\n_(a) \"Algorithm\" means a computational process that uses a set of rules to\ndefine a sequence of operations._\n\n_(b) \"Clear and conspicuous disclosure\" means disclosure in the same medium\nas, and provided on, at, or near and contemporaneous with every advertisement,\ndisplay, image, offer or announcement of a price for which notice is required,\nusing lettering and wording that is easily visible and understandable to the\naverage consumer._\n\n_(c) \"Consumer\" means a natural person who is seeking or solicited to\npurchase, lease or receive a good or service for personal, family or household\nuse._\n\n_(d) \"Consumer data\" means any data that identifies or could reasonably be\nlinked, directly or indirectly, with a specific natural person or device,\nexcluding location data._\n\n_(e) \"Dynamic pricing\" means pricing that fluctuates dependent on conditions\nwhere models retrain or recalibrate on information in near real-time,\nexcluding promotional pricing offers, loyalty program benefits or other\ntemporary discounts or changes to pricing related to retention of existing\ncustomers._\n\n_(f) \"Personalized algorithmic pricing\" means dynamic pricing derived from or\nset by an algorithm that uses consumer data as defined in this section, which\nmay vary among individual consumers or consumer populations._\n\n_(g) \"Person\" means any natural person, firm, organization, partnership,\nassociation, corporation, or any other entity domiciled or doing business in\nNew York state._\n\n_2\\. Any person who knowingly advertises, promotes, labels or publishes a\nstatement, display, image, offer or announcement of personalized algorithmic\npricing using consumer data specific to a particular individual shall include\nwith such statement, display, image, offer or announcement a clear and\nconspicuous disclosure that states:_\n\n_\" THIS PRICE WAS SET BY AN ALGORITHM USING YOUR PERSONAL DATA\"._\n\n_3\\. Whenever there shall be a violation of this section, an application may\nbe made by the attorney general in the name of the people of the state of New\nYork to a court or justice having jurisdiction by a special proceeding to\nissue an injunction, and upon notice to the respondent of not less than five\ndays, to enjoin and restrain the continuance of such violations; and if it\nshall appear to the satisfaction of the court or justice that the respondent\nhas, in fact, violated this section, an injunction may be issued by such court\nor justice, enjoining and restraining any further violation, without requiring\nproof that any person has, in fact, been injured or damaged thereby. Whenever\nthe court shall determine that a violation of this section has occurred, the\ncourt may impose a civil penalty of not more than one thousand dollars for\neach violation. In connection with any such application, the attorney general\nis authorized to take proof and make a determination of the relevant facts and\nto issue subpoenas in accordance with the civil practice law and rules._\n\n_4\\. Nothing in this section shall apply to any insurer licensed, regulated,\nor otherwise authorized to do business in the state of New York under the\ninsurance law or any excess lines insurer, including any persons, agents, or\naffiliates acting on behalf of such insurer._\n\n_5\\. Nothing in this section shall apply to financial services, including but\nnot limited to financial institutions, financial institution affiliates,\nbroker-dealers, registered investment advisors, and entities that provide\nconsumer credit products such as credit cards, personal loans, and mortgages._\n\nSection 2. Subdivision 3 of section 396 of the general business law is\nrenumbered subdivision 4 and a new subdivision 3 is added to read as follows:\n\n_3\\. a. For purposes of this subdivision, \"protected class data\" means\ninformation about an individual person or groups of people that directly, in\ncombination, or by implication identifies a characteristic that is legally\nprotected from discrimination under the laws of this state or under federal\nlaw, including but not limited to ethnicity, national origin, age, disability,\nsex, sexual orientation, gender identity and expression, pregnancy outcomes\nand reproductive health care._\n\n_b. No person, firm, partnership, association or corporation, or agent or\nemployee thereof, shall use protected class data in setting a price for,\noffering, marketing, or selling any good or service if (1) the use of that\ndata has the effect of withholding or denying any of the accommodations,\nadvantages, and privileges accorded to others, or (2) the price for such good\nor service is different from the price offered to other individuals or groups\nbased in whole or in part on the use of protected class data._\n\n_c. Nothing in this subdivision shall apply to any insurer licensed,\nregulated, or otherwise authorized to do business in the state of New York\nunder the insurance law or any excess lines insurer, including any persons,\nagents, or affiliates acting on behalf of such insurer._\n\n_d. Nothing in this subdivision shall apply to financial services, including\nbut not limited to financial institutions, financial institution affiliates,\nbroker-dealers, registered investment advisors, and entities that provide\nconsumer credit products such as credit cards, personal loans, and mortgages._\n\nSection 3. Paragraph d of subdivision 4 of section 396 of the general business\nlaw, as added by chapter 689 of the laws of 2022 and as renumbered by section\ntwo of this act, is amended to read as follows:\n\nd. _In addition to any other remedies provided in this section, any person\naggrieved by a violation of subdivision three of this section may file an\naction in accordance with section two hundred ninety-seven of the executive\nlaw._ Nothing in this section shall in any way limit rights or remedies which\nare otherwise available under law to the attorney general or any other person\nauthorized to bring an action under this section.\n\nSection 4. This act shall take effect on the sixtieth day after it shall have\nbecome a law.\n\nCopyright (C) 2025 State Net  \n  \n---\n\n",
      "latest_version": false
    },
    {
      "date": "03/25/2025",
      "label": "Amended",
      "url": "https://custom.statenet.com/public/resources.cgi?mode=show_text&id=ID:bill:NY2025000A6765&verid=NY2025000A6765_20250325_0_A&",
      "raw_html": "<html>\n<head>\n<title>Bill Resource</title>\n\n<!--   <link href=\"https://custom.statenet.com/network/Common/css/extregtext.css\" rel=\"stylesheet\" type=\"text/css\" />-->\n   <link href=\"https://custom.statenet.com/network/Common/css/xmltext-2.0.css\" rel=\"stylesheet\" type=\"text/css\" />\n   <link href=\"https://custom.statenet.com/network/Common/css/additional-text.css\" rel=\"stylesheet\" type=\"text/css\" />\n\n\t<style type=\"text/css\">\n<!--\n\ntd, body {\n     background-color: white;\n\tfont-family: Verdana, Arial, Helvetica, sans-serif;\n\tfont-size: 12px;\n}\n\n.resourceContainer {\n   border: 1px solid black;\n}\n-->\n</style>\n</head>\n<body>\n\n    <div style=\"width: 750px; margin: auto\">\n       <div style=\"font-size: .8em;margin-bottom: 10px\"><table width=\"100%\"><tr><td align=\"left\" style=\"font-size: .8em;\"><div>The following has special meaning:</div>\n<div><u class=\"amendmentInsertedText\">green underline denotes added text</u></div>\n<div><strike class=\"amendmentDeletedText\">red struck out text denotes deleted text</strike></div></td> <td align=\"right\"><a href=\"https://www.lexisnexis.com/statenet/\"><img alt=\"Powered by State Net\" src=\"https://custom.statenet.com/network/poweredby.gif\" /></a></td></tr></table></div><table id=\"text-identifier\"><tr><td class=\"key\">2025 NY A 6765</td> <td><table><tr><td class=\"label\">Author:</td> <td>Torres</td></tr> <tr><td class=\"label\">Version:</td> <td>Amended</td></tr> <tr><td class=\"label\">Version Date:</td> <td>03/25/2025</td></tr></table></td></tr></table><div class=\"documentBody\">\n  <a name=\"head_document_section\"></a><div class=\"head\">\n   <p class=\"center\">\n    <b>STATE OF NEW YORK</b>\n   </p>\n   <p class=\"center\">6765--A </p>\n   <p class=\"indent\">R. R. 114 </p>\n   <p class=\"center\">2025-2026 Regular Sessions </p>\n   <p class=\"center\">\n    <b>IN ASSEMBLY</b>\n   </p>\n   <p class=\"center\">March 12, 2025 </p>\n   <p class=\"indent\">Introduced by M. of A. TORRES, ROZIC -- read once and referred to the Committee on Consumer Affairs and Protection -- reported and referred to the Committee on Codes -- reported and referred to the Committee on Rules -- ordered to a third reading -- amended on the special order of third reading, ordered reprinted as amended, retaining its place on the special order of third reading </p>\n  </div>\n  <a name=\"title_document_section\"></a><div class=\"title\">\n   <p class=\"indent\">AN ACT to amend the general business law, in relation to requiring disclosure of algorithmically set prices </p>\n  </div>\n  <a name=\"text_document_section\"></a><div class=\"text\">\n   <span>\n    <p class=\"indent\">\n     <b>The People of the State of New York, represented in Senate and Assembly, do enact as follows:</b>\n    </p>\n   </span>\n   <p class=\"indent\">Section 1. Short title. This act shall be known and may be cited as the &quot;Preventing Algorithmic Pricing Discrimination Act&quot;. </p>\n   <p class=\"indent\">Section 2. Section 349-a of the general business law is renumbered 349-h and a new section 349-a is added to read as follows: </p>\n   <p class=\"indent\">\n    <u class=\"amendmentInsertedText\">Section 349-a. Pricing. 1. As used in this section, the following terms shall have the following meanings:</u>\n   </p>\n   <p class=\"indent\">\n    <u class=\"amendmentInsertedText\">(a) &quot;Algorithm&quot; means a computational process that uses a set of rules to define a sequence of operations.</u>\n   </p>\n   <p class=\"indent\">\n    <u class=\"amendmentInsertedText\">(b) &quot;Clear and conspicuous disclosure&quot; means disclosure in the same medium as, and provided on, at, or near and contemporaneous with every advertisement, display, image, offer or announcement of a price for which notice is required, using lettering and wording that is easily visible and understandable to the average consumer.</u>\n   </p>\n   <p class=\"indent\">\n    <u class=\"amendmentInsertedText\">(c) &quot;Consumer&quot; means a natural person who is seeking or solicited to purchase, lease or receive a good or service for personal, family or household use.</u>\n   </p>\n   <p class=\"indent\">\n    <u class=\"amendmentInsertedText\">(d) &quot;Consumer data&quot; means any data that identifies or could reasonably be linked, directly or indirectly, with a specific natural person or device, excluding location data.</u>\n   </p>\n   <p class=\"indent\">\n    <u class=\"amendmentInsertedText\">(e) &quot;Dynamic pricing&quot; means pricing that fluctuates dependent on conditions where models retrain or recalibrate on information in near real-time, excluding promotional pricing offers, loyalty program benefits or other temporary discounts or changes to pricing related to retention of existing customers.</u>\n   </p>\n   <p class=\"indent\">\n    <u class=\"amendmentInsertedText\">(f) &quot;Personalized algorithmic pricing&quot; means dynamic pricing derived from or set by an algorithm that uses consumer data as defined in this section, which may vary among individual consumers or consumer populations.</u>\n   </p>\n   <p class=\"indent\">\n    <u class=\"amendmentInsertedText\">(g) &quot;Person&quot; means any natural person, firm, organization, partnership, association, corporation, or any other entity domiciled or doing business in New York state.</u>\n   </p>\n   <p class=\"indent\">\n    <u class=\"amendmentInsertedText\">2. Any person who knowingly advertises, promotes, labels or publishes a statement, display, image, offer or announcement of personalized algorithmic pricing using consumer data specific to a particular individual shall include with such statement, display, image, offer or announcement a clear and conspicuous disclosure that states:</u>\n   </p>\n   <p class=\"indent\">\n    <u class=\"amendmentInsertedText\">&quot;THIS PRICE WAS SET BY AN ALGORITHM USING YOUR PERSONAL DATA&quot;.</u>\n   </p>\n   <p class=\"indent\">\n    <u class=\"amendmentInsertedText\">3. Whenever there shall be a violation of this section, an application may be made by the attorney general in the name of the people of the state of New York to a court or justice having jurisdiction by a special proceeding to issue an injunction, and upon notice to the respondent of not less than five days, to enjoin and restrain the continuance of such violations; and if it shall appear to the satisfaction of the court or justice that the respondent has, in fact, violated this section, an injunction may be issued by such court or justice, enjoining and restraining any further violation, without requiring proof that any person has, in fact, been injured or damaged thereby. Whenever the court shall determine that a violation of this section has occurred, the court may impose a civil penalty of not more than one thousand dollars for each violation. In connection with any such application, the attorney general is authorized to take proof and make a determination of the relevant facts and to issue subpoenas in accordance with the civil practice law and rules.</u>\n   </p>\n   <p class=\"indent\">\n    <u class=\"amendmentInsertedText\">4. Nothing in this section shall apply to any insurer licensed, regulated, or otherwise authorized to do business in the state of New York under the insurance law or any excess lines insurer, including any persons, agents, or affiliates acting on behalf of such insurer.</u>\n   </p>\n   <p class=\"indent\">\n    <u class=\"amendmentInsertedText\">5. Nothing in this section shall apply to financial services, including but not limited to financial institutions, financial institution affiliates, broker-dealers, registered investment advisors, and entities that provide consumer credit products such as credit cards, personal loans, and mortgages.</u>\n   </p>\n   <p class=\"indent\">Section 3. Subdivision 3 of section 396 of the general business law is renumbered subdivision 4 and a new subdivision 3 is added to read as follows: </p>\n   <p class=\"indent\">\n    <u class=\"amendmentInsertedText\">3. a. For purposes of this subdivision, &quot;protected class data&quot; means information about an individual person or groups of people that directly, in combination, or by implication identifies a characteristic that is legally protected from discrimination under the laws of this state or under federal law, including but not limited to ethnicity, national origin, age, disability, sex, sexual orientation, gender identity and expression, pregnancy outcomes and reproductive health care.</u>\n   </p>\n   <p class=\"indent\">\n    <u class=\"amendmentInsertedText\">b. No person, firm, partnership, association or corporation, or agent or employee thereof, shall use protected class data in setting a price for, offering, marketing, or selling any good or service if (1) the use of that data has the effect of withholding or denying any of the accommodations, advantages, and privileges accorded to others, or (2) the price for such good or service is different from the price offered to other individuals or groups based in whole or in part on the use of protected class data.</u>\n   </p>\n   <p class=\"indent\">\n    <u class=\"amendmentInsertedText\">c. Nothing in this subdivision shall apply to any insurer licensed, regulated, or otherwise authorized to do business in the state of New York under the insurance law or any excess lines insurer, including any persons, agents, or affiliates acting on behalf of such insurer.</u>\n   </p>\n   <p class=\"indent\">\n    <u class=\"amendmentInsertedText\">d. Nothing in this subdivision shall apply to financial services, including but not limited to financial institutions, financial institution affiliates, broker-dealers, registered investment advisors, and entities that provide consumer credit products such as credit cards, personal loans, and mortgages.</u>\n   </p>\n   <p class=\"indent\">Section 4. Paragraph d of subdivision 4 of section 396 of the general business law, as added by chapter 689 of the laws of 2022 and as renumbered by section three of this act, is amended to read as follows: </p>\n   <p class=\"indent\">d. <u class=\"amendmentInsertedText\">In addition to any other remedies provided in this section, any person aggrieved by a violation of subdivision three of this section may file an action in accordance with section two hundred ninety-seven of the executive law.</u> Nothing in this section shall in any way limit rights or remedies which are otherwise available under law to the attorney general or any other person authorized to bring an action under this section. </p>\n   <p class=\"indent\">Section 5. This act shall take effect on the sixtieth day after it shall have become a law.</p>\n  </div>\n </div>\n    </div>\t\n<table cellpadding=0 cellspacing=0 width=\"100%\">\n   <tr>\n      <td>\n          Copyright &copy; 2025 State Net\n      </td>\n<BR>\n<!--???MOVED INTO resources.cgi      <td align=\"right\">\n          <img src=\"https://custom.statenet.com/network/poweredby.gif\" alt=\"Powered by State Net\">\n      </td>-->\n\n    </tr>\n</table>\n</body></html>\n",
      "markdown": "The following has special meaning: _green underline denotes added text_ ~~red struck out text denotes deleted text~~ | [![Powered by State Net](https://custom.statenet.com/network/poweredby.gif)](https://www.lexisnexis.com/statenet/)  \n---|---  \n  \n2025 NY A 6765 | | Author: | Torres  \n---|---  \nVersion: | Amended  \nVersion Date: | 03/25/2025  \n  \n**STATE OF NEW YORK**\n\n6765--A\n\nR. R. 114\n\n2025-2026 Regular Sessions\n\n**IN ASSEMBLY**\n\nMarch 12, 2025\n\nIntroduced by M. of A. TORRES, ROZIC -- read once and referred to the\nCommittee on Consumer Affairs and Protection -- reported and referred to the\nCommittee on Codes -- reported and referred to the Committee on Rules --\nordered to a third reading -- amended on the special order of third reading,\nordered reprinted as amended, retaining its place on the special order of\nthird reading\n\nAN ACT to amend the general business law, in relation to requiring disclosure\nof algorithmically set prices\n\n**The People of the State of New York, represented in Senate and Assembly, do\nenact as follows:**\n\nSection 1. Short title. This act shall be known and may be cited as the\n\"Preventing Algorithmic Pricing Discrimination Act\".\n\nSection 2. Section 349-a of the general business law is renumbered 349-h and a\nnew section 349-a is added to read as follows:\n\n_Section 349-a. Pricing. 1. As used in this section, the following terms shall\nhave the following meanings:_\n\n_(a) \"Algorithm\" means a computational process that uses a set of rules to\ndefine a sequence of operations._\n\n_(b) \"Clear and conspicuous disclosure\" means disclosure in the same medium\nas, and provided on, at, or near and contemporaneous with every advertisement,\ndisplay, image, offer or announcement of a price for which notice is required,\nusing lettering and wording that is easily visible and understandable to the\naverage consumer._\n\n_(c) \"Consumer\" means a natural person who is seeking or solicited to\npurchase, lease or receive a good or service for personal, family or household\nuse._\n\n_(d) \"Consumer data\" means any data that identifies or could reasonably be\nlinked, directly or indirectly, with a specific natural person or device,\nexcluding location data._\n\n_(e) \"Dynamic pricing\" means pricing that fluctuates dependent on conditions\nwhere models retrain or recalibrate on information in near real-time,\nexcluding promotional pricing offers, loyalty program benefits or other\ntemporary discounts or changes to pricing related to retention of existing\ncustomers._\n\n_(f) \"Personalized algorithmic pricing\" means dynamic pricing derived from or\nset by an algorithm that uses consumer data as defined in this section, which\nmay vary among individual consumers or consumer populations._\n\n_(g) \"Person\" means any natural person, firm, organization, partnership,\nassociation, corporation, or any other entity domiciled or doing business in\nNew York state._\n\n_2\\. Any person who knowingly advertises, promotes, labels or publishes a\nstatement, display, image, offer or announcement of personalized algorithmic\npricing using consumer data specific to a particular individual shall include\nwith such statement, display, image, offer or announcement a clear and\nconspicuous disclosure that states:_\n\n_\" THIS PRICE WAS SET BY AN ALGORITHM USING YOUR PERSONAL DATA\"._\n\n_3\\. Whenever there shall be a violation of this section, an application may\nbe made by the attorney general in the name of the people of the state of New\nYork to a court or justice having jurisdiction by a special proceeding to\nissue an injunction, and upon notice to the respondent of not less than five\ndays, to enjoin and restrain the continuance of such violations; and if it\nshall appear to the satisfaction of the court or justice that the respondent\nhas, in fact, violated this section, an injunction may be issued by such court\nor justice, enjoining and restraining any further violation, without requiring\nproof that any person has, in fact, been injured or damaged thereby. Whenever\nthe court shall determine that a violation of this section has occurred, the\ncourt may impose a civil penalty of not more than one thousand dollars for\neach violation. In connection with any such application, the attorney general\nis authorized to take proof and make a determination of the relevant facts and\nto issue subpoenas in accordance with the civil practice law and rules._\n\n_4\\. Nothing in this section shall apply to any insurer licensed, regulated,\nor otherwise authorized to do business in the state of New York under the\ninsurance law or any excess lines insurer, including any persons, agents, or\naffiliates acting on behalf of such insurer._\n\n_5\\. Nothing in this section shall apply to financial services, including but\nnot limited to financial institutions, financial institution affiliates,\nbroker-dealers, registered investment advisors, and entities that provide\nconsumer credit products such as credit cards, personal loans, and mortgages._\n\nSection 3. Subdivision 3 of section 396 of the general business law is\nrenumbered subdivision 4 and a new subdivision 3 is added to read as follows:\n\n_3\\. a. For purposes of this subdivision, \"protected class data\" means\ninformation about an individual person or groups of people that directly, in\ncombination, or by implication identifies a characteristic that is legally\nprotected from discrimination under the laws of this state or under federal\nlaw, including but not limited to ethnicity, national origin, age, disability,\nsex, sexual orientation, gender identity and expression, pregnancy outcomes\nand reproductive health care._\n\n_b. No person, firm, partnership, association or corporation, or agent or\nemployee thereof, shall use protected class data in setting a price for,\noffering, marketing, or selling any good or service if (1) the use of that\ndata has the effect of withholding or denying any of the accommodations,\nadvantages, and privileges accorded to others, or (2) the price for such good\nor service is different from the price offered to other individuals or groups\nbased in whole or in part on the use of protected class data._\n\n_c. Nothing in this subdivision shall apply to any insurer licensed,\nregulated, or otherwise authorized to do business in the state of New York\nunder the insurance law or any excess lines insurer, including any persons,\nagents, or affiliates acting on behalf of such insurer._\n\n_d. Nothing in this subdivision shall apply to financial services, including\nbut not limited to financial institutions, financial institution affiliates,\nbroker-dealers, registered investment advisors, and entities that provide\nconsumer credit products such as credit cards, personal loans, and mortgages._\n\nSection 4. Paragraph d of subdivision 4 of section 396 of the general business\nlaw, as added by chapter 689 of the laws of 2022 and as renumbered by section\nthree of this act, is amended to read as follows:\n\nd. _In addition to any other remedies provided in this section, any person\naggrieved by a violation of subdivision three of this section may file an\naction in accordance with section two hundred ninety-seven of the executive\nlaw._ Nothing in this section shall in any way limit rights or remedies which\nare otherwise available under law to the attorney general or any other person\nauthorized to bring an action under this section.\n\nSection 5. This act shall take effect on the sixtieth day after it shall have\nbecome a law.\n\nCopyright (C) 2025 State Net  \n  \n---\n\n",
      "latest_version": true
    }
  ]
}