{
  "bill_id": "NY2025000A4987",
  "source_url": "http://custom.statenet.com/public/resources.cgi?id=ID:bill:NY2025000A4987&cuiq=93d84396-c63b-526a-b152-38b7f79b4cfd&client_md=e4f6fea4-27b4-5d41-b7d3-766fe52569f0",
  "versions": [
    {
      "date": "02/10/2025",
      "label": "Introduced",
      "url": "https://custom.statenet.com/public/resources.cgi?mode=show_text&id=ID:bill:NY2025000A4987&verid=NY2025000A4987_20250210_0_I&",
      "raw_html": "<html>\n<head>\n<title>Bill Resource</title>\n\n<!--   <link href=\"https://custom.statenet.com/network/Common/css/extregtext.css\" rel=\"stylesheet\" type=\"text/css\" />-->\n   <link href=\"https://custom.statenet.com/network/Common/css/xmltext-2.0.css\" rel=\"stylesheet\" type=\"text/css\" />\n   <link href=\"https://custom.statenet.com/network/Common/css/additional-text.css\" rel=\"stylesheet\" type=\"text/css\" />\n\n\t<style type=\"text/css\">\n<!--\n\ntd, body {\n     background-color: white;\n\tfont-family: Verdana, Arial, Helvetica, sans-serif;\n\tfont-size: 12px;\n}\n\n.resourceContainer {\n   border: 1px solid black;\n}\n-->\n</style>\n</head>\n<body>\n\n    <div style=\"width: 750px; margin: auto\">\n       <div style=\"font-size: .8em;margin-bottom: 10px\"><table width=\"100%\"><tr><td align=\"left\" style=\"font-size: .8em;\"><div>The following has special meaning:</div>\n<div><u class=\"amendmentInsertedText\">green underline denotes added text</u></div>\n<div><strike class=\"amendmentDeletedText\">red struck out text denotes deleted text</strike></div></td> <td align=\"right\"><a href=\"https://www.lexisnexis.com/statenet/\"><img alt=\"Powered by State Net\" src=\"https://custom.statenet.com/network/poweredby.gif\" /></a></td></tr></table></div><table id=\"text-identifier\"><tr><td class=\"key\">2025 NY A 4987</td> <td><table><tr><td class=\"label\">Author:</td> <td>Raga</td></tr> <tr><td class=\"label\">Version:</td> <td>Introduced</td></tr> <tr><td class=\"label\">Version Date:</td> <td>02/10/2025</td></tr></table></td></tr></table><div class=\"documentBody\">\n  <a name=\"head_document_section\"></a><div class=\"head\">\n   <p class=\"center\">\n    <b>STATE OF NEW YORK</b>\n   </p>\n   <p class=\"center\">4987 </p>\n   <p class=\"center\">2025-2026 Regular Sessions </p>\n   <p class=\"center\">\n    <b>IN ASSEMBLY</b>\n   </p>\n   <p class=\"center\">February 10, 2025 </p>\n   <p class=\"indent\">Introduced by M. of A. RAGA -- read once and referred to the Committee on Veterans&#39; Affairs </p>\n  </div>\n  <a name=\"title_document_section\"></a><div class=\"title\">\n   <p class=\"indent\">AN ACT to amend the veterans&#39; services law, in relation to enacting the &quot;New York veteran digital navigator program act&quot; </p>\n  </div>\n  <a name=\"text_document_section\"></a><div class=\"text\">\n   <span>\n    <p class=\"indent\">\n     <b>The People of the State of New York, represented in Senate and Assembly, do enact as follows:</b>\n    </p>\n   </span>\n   <p class=\"indent\">Section 1. Short title. This act shall be known and may be cited as the &quot;New York veteran digital navigator program act&quot;. </p>\n   <p class=\"indent\">Section 2. The veterans&#39; services law is amended by adding a new section 29-c to read as follows: </p>\n   <p class=\"indent\">\n    <u class=\"amendmentInsertedText\">Section 29-c. New York veteran digital navigator program. 1. The state commissioner shall establish a program to promote digital citizenship, through which the state commissioner shall award grants to eligible entities to enable those eligible entities to carry out the activities described in subdivision three of this section.</u>\n   </p>\n   <p class=\"indent\">\n    <u class=\"amendmentInsertedText\">2. An eligible entity seeking a grant under the program required by subdivision one of this section shall submit to the state commissioner an application therefor at such time, in such manner, and containing such information as the state commissioner may require, including, at a minimum the following:</u>\n   </p>\n   <p class=\"indent\">\n    <u class=\"amendmentInsertedText\">(a) a description of the activities the eligible entity intends to carry out with the grant funds;</u>\n   </p>\n   <p class=\"indent\">\n    <u class=\"amendmentInsertedText\">(b) an estimate of the costs associated with such activities; and</u>\n   </p>\n   <p class=\"indent\">\n    <u class=\"amendmentInsertedText\">(c) such other information and assurances as the state commissioner may require.</u>\n   </p>\n   <p class=\"indent\">\n    <u class=\"amendmentInsertedText\">3. An eligible entity shall use the amount of a grant awarded under the program required by subdivision one of this section to carry out one or more of the following activities to promote cybersecurity best practices and increase digital literacy among veterans:</u>\n   </p>\n   <p class=\"indent\">\n    <u class=\"amendmentInsertedText\">(a) develop competencies in cybersecurity best practices; and</u>\n   </p>\n   <p class=\"indent\">\n    <u class=\"amendmentInsertedText\">(b) develop digital citizenship competencies by promoting veterans&#39;:</u>\n   </p>\n   <p class=\"indent\">\n    <u class=\"amendmentInsertedText\">(1) research and information fluency;</u>\n   </p>\n   <p class=\"indent\">\n    <u class=\"amendmentInsertedText\">(2) critical thinking and problem solving skills;</u>\n   </p>\n   <p class=\"indent\">\n    <u class=\"amendmentInsertedText\">(3) technology operations and concepts;</u>\n   </p>\n   <p class=\"indent\">\n    <u class=\"amendmentInsertedText\">(4) information and technological literacy;</u>\n   </p>\n   <p class=\"indent\">\n    <u class=\"amendmentInsertedText\">(5) concepts of digital representation and stereotyping;</u>\n   </p>\n   <p class=\"indent\">\n    <u class=\"amendmentInsertedText\">(6) understanding of explicit and implicit digital messages;</u>\n   </p>\n   <p class=\"indent\">\n    <u class=\"amendmentInsertedText\">(7) understanding of values and points of view that are included and excluded in digital content;</u>\n   </p>\n   <p class=\"indent\">\n    <u class=\"amendmentInsertedText\">(8) understanding of how digital content may influence ideas and behaviors;</u>\n   </p>\n   <p class=\"indent\">\n    <u class=\"amendmentInsertedText\">(9) understanding how information on digital platforms can be altered through algorithms, editing, and augmented reality;</u>\n   </p>\n   <p class=\"indent\">\n    <u class=\"amendmentInsertedText\">(10) ability to create digital content in civically and socially responsible ways; and</u>\n   </p>\n   <p class=\"indent\">\n    <u class=\"amendmentInsertedText\">(11) understanding of influence campaigns conducted by foreign adversaries and the tactics employed by foreign adversaries for conducting influence campaigns.</u>\n   </p>\n   <p class=\"indent\">\n    <u class=\"amendmentInsertedText\">4. (a) Each recipient of a grant under the program required by subdivision one of this section shall, not later than one year after the date on which the recipient first receives funds pursuant to the grant, submit to the state commissioner a report describing the activities the recipient carried out using grant funds and the effectiveness of those activities.</u>\n   </p>\n   <p class=\"indent\">\n    <u class=\"amendmentInsertedText\">(b) Not later than ninety days after the date on which the state commissioner receives the last report the state commissioner expects to receive under paragraph (a) of this subdivision, the state commissioner shall submit to the legislature a report describing the activities carried out under this section and the effectiveness of those activities.</u>\n   </p>\n   <p class=\"indent\">\n    <u class=\"amendmentInsertedText\">5. The state commissioner shall:</u>\n   </p>\n   <p class=\"indent\">\n    <u class=\"amendmentInsertedText\">(a) establish and maintain a list of eligible entities that receive a grant under the program required by subdivision one of this section, and individuals designated by those eligible entities as participating individuals; and</u>\n   </p>\n   <p class=\"indent\">\n    <u class=\"amendmentInsertedText\">(b) make that list available to those eligible entities and participating individuals in order to promote communication and further exchange of information regarding sound digital citizenship practices among recipients of grants under the program required by subdivision one of this section.</u>\n   </p>\n   <p class=\"indent\">\n    <u class=\"amendmentInsertedText\">6. For the purposes of this section:</u>\n   </p>\n   <p class=\"indent\">\n    <u class=\"amendmentInsertedText\">(a) &quot;cybersecurity best practices&quot; means practices and steps that users of computers and other internet connected devices take to maintain and improve online security, maintain the proper functioning of computers devices, and protect computers and devices from cyberattacks and unauthorized use;</u>\n   </p>\n   <p class=\"indent\">\n    <u class=\"amendmentInsertedText\">(b) &quot;digital citizenship&quot; means the ability to:</u>\n   </p>\n   <p class=\"indent\">\n    <u class=\"amendmentInsertedText\">(1) safely, responsibly, and ethically use communication technologies and digital information technology tools and platforms;</u>\n   </p>\n   <p class=\"indent\">\n    <u class=\"amendmentInsertedText\">(2) create and share media content using principles of social and civic responsibility and with awareness of the legal and ethical issues involved; and</u>\n   </p>\n   <p class=\"indent\">\n    <u class=\"amendmentInsertedText\">(3) participate in the political, economic, social, and cultural aspects of life related to technology, communications, and the digital world by consuming and creating digital content, including media;</u>\n   </p>\n   <p class=\"indent\">\n    <u class=\"amendmentInsertedText\">(c) &quot;eligible entity&quot; means:</u>\n   </p>\n   <p class=\"indent\">\n    <u class=\"amendmentInsertedText\">(1) a civil society organization, including community groups, nongovernmental organizations, nonprofit organizations, labor organizations, indigenous groups, charitable organizations, professional associations, and foundations; and</u>\n   </p>\n   <p class=\"indent\">\n    <u class=\"amendmentInsertedText\">(2) congressionally chartered veterans&#39; service organizations.</u>\n   </p>\n   <p class=\"indent\">Section 3. This act shall take effect on the one hundred eightieth day after it shall have become a law.</p>\n  </div>\n </div>\n    </div>\t\n<table cellpadding=0 cellspacing=0 width=\"100%\">\n   <tr>\n      <td>\n          Copyright &copy; 2025 State Net\n      </td>\n<BR>\n<!--???MOVED INTO resources.cgi      <td align=\"right\">\n          <img src=\"https://custom.statenet.com/network/poweredby.gif\" alt=\"Powered by State Net\">\n      </td>-->\n\n    </tr>\n</table>\n</body></html>\n",
      "markdown": "The following has special meaning: _green underline denotes added text_ ~~red struck out text denotes deleted text~~ | [![Powered by State Net](https://custom.statenet.com/network/poweredby.gif)](https://www.lexisnexis.com/statenet/)  \n---|---  \n  \n2025 NY A 4987 | | Author: | Raga  \n---|---  \nVersion: | Introduced  \nVersion Date: | 02/10/2025  \n  \n**STATE OF NEW YORK**\n\n4987\n\n2025-2026 Regular Sessions\n\n**IN ASSEMBLY**\n\nFebruary 10, 2025\n\nIntroduced by M. of A. RAGA -- read once and referred to the Committee on\nVeterans' Affairs\n\nAN ACT to amend the veterans' services law, in relation to enacting the \"New\nYork veteran digital navigator program act\"\n\n**The People of the State of New York, represented in Senate and Assembly, do\nenact as follows:**\n\nSection 1. Short title. This act shall be known and may be cited as the \"New\nYork veteran digital navigator program act\".\n\nSection 2. The veterans' services law is amended by adding a new section 29-c\nto read as follows:\n\n_Section 29-c. New York veteran digital navigator program. 1. The state\ncommissioner shall establish a program to promote digital citizenship, through\nwhich the state commissioner shall award grants to eligible entities to enable\nthose eligible entities to carry out the activities described in subdivision\nthree of this section._\n\n_2\\. An eligible entity seeking a grant under the program required by\nsubdivision one of this section shall submit to the state commissioner an\napplication therefor at such time, in such manner, and containing such\ninformation as the state commissioner may require, including, at a minimum the\nfollowing:_\n\n_(a) a description of the activities the eligible entity intends to carry out\nwith the grant funds;_\n\n_(b) an estimate of the costs associated with such activities; and_\n\n_(c) such other information and assurances as the state commissioner may\nrequire._\n\n_3\\. An eligible entity shall use the amount of a grant awarded under the\nprogram required by subdivision one of this section to carry out one or more\nof the following activities to promote cybersecurity best practices and\nincrease digital literacy among veterans:_\n\n_(a) develop competencies in cybersecurity best practices; and_\n\n_(b) develop digital citizenship competencies by promoting veterans ':_\n\n_(1) research and information fluency;_\n\n_(2) critical thinking and problem solving skills;_\n\n_(3) technology operations and concepts;_\n\n_(4) information and technological literacy;_\n\n_(5) concepts of digital representation and stereotyping;_\n\n_(6) understanding of explicit and implicit digital messages;_\n\n_(7) understanding of values and points of view that are included and excluded\nin digital content;_\n\n_(8) understanding of how digital content may influence ideas and behaviors;_\n\n_(9) understanding how information on digital platforms can be altered through\nalgorithms, editing, and augmented reality;_\n\n_(10) ability to create digital content in civically and socially responsible\nways; and_\n\n_(11) understanding of influence campaigns conducted by foreign adversaries\nand the tactics employed by foreign adversaries for conducting influence\ncampaigns._\n\n_4\\. (a) Each recipient of a grant under the program required by subdivision\none of this section shall, not later than one year after the date on which the\nrecipient first receives funds pursuant to the grant, submit to the state\ncommissioner a report describing the activities the recipient carried out\nusing grant funds and the effectiveness of those activities._\n\n_(b) Not later than ninety days after the date on which the state commissioner\nreceives the last report the state commissioner expects to receive under\nparagraph (a) of this subdivision, the state commissioner shall submit to the\nlegislature a report describing the activities carried out under this section\nand the effectiveness of those activities._\n\n_5\\. The state commissioner shall:_\n\n_(a) establish and maintain a list of eligible entities that receive a grant\nunder the program required by subdivision one of this section, and individuals\ndesignated by those eligible entities as participating individuals; and_\n\n_(b) make that list available to those eligible entities and participating\nindividuals in order to promote communication and further exchange of\ninformation regarding sound digital citizenship practices among recipients of\ngrants under the program required by subdivision one of this section._\n\n_6\\. For the purposes of this section:_\n\n_(a) \"cybersecurity best practices\" means practices and steps that users of\ncomputers and other internet connected devices take to maintain and improve\nonline security, maintain the proper functioning of computers devices, and\nprotect computers and devices from cyberattacks and unauthorized use;_\n\n_(b) \"digital citizenship\" means the ability to:_\n\n_(1) safely, responsibly, and ethically use communication technologies and\ndigital information technology tools and platforms;_\n\n_(2) create and share media content using principles of social and civic\nresponsibility and with awareness of the legal and ethical issues involved;\nand_\n\n_(3) participate in the political, economic, social, and cultural aspects of\nlife related to technology, communications, and the digital world by consuming\nand creating digital content, including media;_\n\n_(c) \"eligible entity\" means:_\n\n_(1) a civil society organization, including community groups, nongovernmental\norganizations, nonprofit organizations, labor organizations, indigenous\ngroups, charitable organizations, professional associations, and foundations;\nand_\n\n_(2) congressionally chartered veterans ' service organizations._\n\nSection 3. This act shall take effect on the one hundred eightieth day after\nit shall have become a law.\n\nCopyright (C) 2025 State Net  \n  \n---\n\n",
      "latest_version": true
    }
  ]
}