{
  "bill_id": "NY2025000A7656",
  "source_url": "http://custom.statenet.com/public/resources.cgi?id=ID:bill:NY2025000A7656&cuiq=93d84396-c63b-526a-b152-38b7f79b4cfd&client_md=e4f6fea4-27b4-5d41-b7d3-766fe52569f0",
  "versions": [
    {
      "date": "04/04/2025",
      "label": "Introduced",
      "url": "https://custom.statenet.com/public/resources.cgi?mode=show_text&id=ID:bill:NY2025000A7656&verid=NY2025000A7656_20250404_0_I&",
      "raw_html": "<html>\n<head>\n<title>Bill Resource</title>\n\n<!--   <link href=\"https://custom.statenet.com/network/Common/css/extregtext.css\" rel=\"stylesheet\" type=\"text/css\" />-->\n   <link href=\"https://custom.statenet.com/network/Common/css/xmltext-2.0.css\" rel=\"stylesheet\" type=\"text/css\" />\n   <link href=\"https://custom.statenet.com/network/Common/css/additional-text.css\" rel=\"stylesheet\" type=\"text/css\" />\n\n\t<style type=\"text/css\">\n<!--\n\ntd, body {\n     background-color: white;\n\tfont-family: Verdana, Arial, Helvetica, sans-serif;\n\tfont-size: 12px;\n}\n\n.resourceContainer {\n   border: 1px solid black;\n}\n-->\n</style>\n</head>\n<body>\n\n    <div style=\"width: 750px; margin: auto\">\n       <div style=\"font-size: .8em;margin-bottom: 10px\"><table width=\"100%\"><tr><td align=\"left\" style=\"font-size: .8em;\"><div>The following has special meaning:</div>\n<div><u class=\"amendmentInsertedText\">green underline denotes added text</u></div>\n<div><strike class=\"amendmentDeletedText\">red struck out text denotes deleted text</strike></div></td> <td align=\"right\"><a href=\"https://www.lexisnexis.com/statenet/\"><img alt=\"Powered by State Net\" src=\"https://custom.statenet.com/network/poweredby.gif\" /></a></td></tr></table></div><table id=\"text-identifier\"><tr><td class=\"key\">2025 NY A 7656</td> <td><table><tr><td class=\"label\">Author:</td> <td>Rajkumar</td></tr> <tr><td class=\"label\">Version:</td> <td>Introduced</td></tr> <tr><td class=\"label\">Version Date:</td> <td>04/04/2025</td></tr></table></td></tr></table><div class=\"documentBody\">\n  <a name=\"head_document_section\"></a><div class=\"head\">\n   <p class=\"center\">\n    <b>STATE OF NEW YORK</b>\n   </p>\n   <p class=\"center\">7656 </p>\n   <p class=\"center\">2025-2026 Regular Sessions </p>\n   <p class=\"center\">\n    <b>IN ASSEMBLY</b>\n   </p>\n   <p class=\"center\">April 4, 2025 </p>\n   <p class=\"indent\">Introduced by M. of A. RAJKUMAR -- read once and referred to the Committee on Election Law </p>\n  </div>\n  <a name=\"title_document_section\"></a><div class=\"title\">\n   <p class=\"indent\">AN ACT to amend the election law, in relation to prohibiting the depiction of any candidate for elected office which is created through generative artificial intelligence </p>\n  </div>\n  <a name=\"text_document_section\"></a><div class=\"text\">\n   <span>\n    <p class=\"indent\">\n     <b>The People of the State of New York, represented in Senate and Assembly, do enact as follows:</b>\n    </p>\n   </span>\n   <p class=\"indent\">Section 1. Short title. This act shall be known and may be cited as the &quot;respect electoral audiovisual legitimacy (REAL) act&quot;. </p>\n   <p class=\"indent\">Section 2. Section 14-106 of the election law is amended by adding a new subdivision 2-a to read as follows: </p>\n   <p class=\"indent\">\n    <u class=\"amendmentInsertedText\">2-a. (a) No political communication covered by this section shall contain any realistic photo, video or audio depiction of a candidate, or person interacting with a candidate, containing original material created in whole or in part through the use of generative artificial intelligence.</u>\n   </p>\n   <p class=\"indent\">\n    <u class=\"amendmentInsertedText\">(b) For the purpose of this subdivision, &quot;generative artificial intelligence&quot; shall mean any technology that engages in its own learning and decision-making to generate new data.</u>\n   </p>\n   <p class=\"indent\">Section 3. This act shall take effect immediately.</p>\n  </div>\n </div>\n    </div>\t\n<table cellpadding=0 cellspacing=0 width=\"100%\">\n   <tr>\n      <td>\n          Copyright &copy; 2025 State Net\n      </td>\n<BR>\n<!--???MOVED INTO resources.cgi      <td align=\"right\">\n          <img src=\"https://custom.statenet.com/network/poweredby.gif\" alt=\"Powered by State Net\">\n      </td>-->\n\n    </tr>\n</table>\n</body></html>\n",
      "markdown": "The following has special meaning: _green underline denotes added text_ ~~red struck out text denotes deleted text~~ | [![Powered by State Net](https://custom.statenet.com/network/poweredby.gif)](https://www.lexisnexis.com/statenet/)  \n---|---  \n  \n2025 NY A 7656 | | Author: | Rajkumar  \n---|---  \nVersion: | Introduced  \nVersion Date: | 04/04/2025  \n  \n**STATE OF NEW YORK**\n\n7656\n\n2025-2026 Regular Sessions\n\n**IN ASSEMBLY**\n\nApril 4, 2025\n\nIntroduced by M. of A. RAJKUMAR -- read once and referred to the Committee on\nElection Law\n\nAN ACT to amend the election law, in relation to prohibiting the depiction of\nany candidate for elected office which is created through generative\nartificial intelligence\n\n**The People of the State of New York, represented in Senate and Assembly, do\nenact as follows:**\n\nSection 1. Short title. This act shall be known and may be cited as the\n\"respect electoral audiovisual legitimacy (REAL) act\".\n\nSection 2. Section 14-106 of the election law is amended by adding a new\nsubdivision 2-a to read as follows:\n\n_2-a. (a) No political communication covered by this section shall contain any\nrealistic photo, video or audio depiction of a candidate, or person\ninteracting with a candidate, containing original material created in whole or\nin part through the use of generative artificial intelligence._\n\n_(b) For the purpose of this subdivision, \"generative artificial intelligence\"\nshall mean any technology that engages in its own learning and decision-making\nto generate new data._\n\nSection 3. This act shall take effect immediately.\n\nCopyright (C) 2025 State Net  \n  \n---\n\n",
      "latest_version": true
    }
  ]
}