{
  "bill_id": "NY2025000A3993",
  "source_url": "http://custom.statenet.com/public/resources.cgi?id=ID:bill:NY2025000A3993&cuiq=93d84396-c63b-526a-b152-38b7f79b4cfd&client_md=e4f6fea4-27b4-5d41-b7d3-766fe52569f0",
  "versions": [
    {
      "date": "01/30/2025",
      "label": "Introduced",
      "url": "https://custom.statenet.com/public/resources.cgi?mode=show_text&id=ID:bill:NY2025000A3993&verid=NY2025000A3993_20250130_0_I&",
      "raw_html": "<html>\n<head>\n<title>Bill Resource</title>\n\n<!--   <link href=\"https://custom.statenet.com/network/Common/css/extregtext.css\" rel=\"stylesheet\" type=\"text/css\" />-->\n   <link href=\"https://custom.statenet.com/network/Common/css/xmltext-2.0.css\" rel=\"stylesheet\" type=\"text/css\" />\n   <link href=\"https://custom.statenet.com/network/Common/css/additional-text.css\" rel=\"stylesheet\" type=\"text/css\" />\n\n\t<style type=\"text/css\">\n<!--\n\ntd, body {\n     background-color: white;\n\tfont-family: Verdana, Arial, Helvetica, sans-serif;\n\tfont-size: 12px;\n}\n\n.resourceContainer {\n   border: 1px solid black;\n}\n-->\n</style>\n</head>\n<body>\n\n    <div style=\"width: 750px; margin: auto\">\n       <div style=\"font-size: .8em;margin-bottom: 10px\"><table width=\"100%\"><tr><td align=\"left\" style=\"font-size: .8em;\"><div>The following has special meaning:</div>\n<div><u class=\"amendmentInsertedText\">green underline denotes added text</u></div>\n<div><strike class=\"amendmentDeletedText\">red struck out text denotes deleted text</strike></div></td> <td align=\"right\"><a href=\"https://www.lexisnexis.com/statenet/\"><img alt=\"Powered by State Net\" src=\"https://custom.statenet.com/network/poweredby.gif\" /></a></td></tr></table></div><table id=\"text-identifier\"><tr><td class=\"key\">2025 NY A 3993</td> <td><table><tr><td class=\"label\">Author:</td> <td>Forrest</td></tr> <tr><td class=\"label\">Version:</td> <td>Introduced</td></tr> <tr><td class=\"label\">Version Date:</td> <td>01/30/2025</td></tr></table></td></tr></table><div class=\"documentBody\">\n  <a name=\"head_document_section\"></a><div class=\"head\">\n   <p class=\"center\">\n    <b>STATE OF NEW YORK</b>\n   </p>\n   <p class=\"center\">3993 </p>\n   <p class=\"center\">2025-2026 Regular Sessions </p>\n   <p class=\"center\">\n    <b>IN ASSEMBLY</b>\n   </p>\n   <p class=\"center\">January 30, 2025 </p>\n   <p class=\"indent\">Introduced by M. of A. FORREST -- read once and referred to the Committee on Insurance </p>\n  </div>\n  <a name=\"title_document_section\"></a><div class=\"title\">\n   <p class=\"indent\">AN ACT to amend the insurance law, in relation to prohibiting discrimination through the use of clinical algorithms </p>\n  </div>\n  <a name=\"text_document_section\"></a><div class=\"text\">\n   <span>\n    <p class=\"indent\">\n     <b>The People of the State of New York, represented in Senate and Assembly, do enact as follows:</b>\n    </p>\n   </span>\n   <p class=\"indent\">Section 1. The insurance law is amended by adding a new section 3243-a to read as follows: </p>\n   <p class=\"indent\">\n    <u class=\"amendmentInsertedText\">Section 3243-a. Discrimination through use of clinical algorithms. (a) An insurer subject to this article shall not discriminate on the basis of race, color, national origin, sex, age, or disability through the use of clinical algorithms in its decision-making.</u>\n   </p>\n   <p class=\"indent\">\n    <u class=\"amendmentInsertedText\">(b) This section shall not prohibit the use of clinical algorithms that rely on variables to appropriately make decisions, including to identify, evaluate, and address health disparities.</u>\n   </p>\n   <p class=\"indent\">Section 2. This act shall take effect immediately.</p>\n  </div>\n </div>\n    </div>\t\n<table cellpadding=0 cellspacing=0 width=\"100%\">\n   <tr>\n      <td>\n          Copyright &copy; 2025 State Net\n      </td>\n<BR>\n<!--???MOVED INTO resources.cgi      <td align=\"right\">\n          <img src=\"https://custom.statenet.com/network/poweredby.gif\" alt=\"Powered by State Net\">\n      </td>-->\n\n    </tr>\n</table>\n</body></html>\n",
      "markdown": "The following has special meaning: _green underline denotes added text_ ~~red struck out text denotes deleted text~~ | [![Powered by State Net](https://custom.statenet.com/network/poweredby.gif)](https://www.lexisnexis.com/statenet/)  \n---|---  \n  \n2025 NY A 3993 | | Author: | Forrest  \n---|---  \nVersion: | Introduced  \nVersion Date: | 01/30/2025  \n  \n**STATE OF NEW YORK**\n\n3993\n\n2025-2026 Regular Sessions\n\n**IN ASSEMBLY**\n\nJanuary 30, 2025\n\nIntroduced by M. of A. FORREST -- read once and referred to the Committee on\nInsurance\n\nAN ACT to amend the insurance law, in relation to prohibiting discrimination\nthrough the use of clinical algorithms\n\n**The People of the State of New York, represented in Senate and Assembly, do\nenact as follows:**\n\nSection 1. The insurance law is amended by adding a new section 3243-a to read\nas follows:\n\n_Section 3243-a. Discrimination through use of clinical algorithms. (a) An\ninsurer subject to this article shall not discriminate on the basis of race,\ncolor, national origin, sex, age, or disability through the use of clinical\nalgorithms in its decision-making._\n\n_(b) This section shall not prohibit the use of clinical algorithms that rely\non variables to appropriately make decisions, including to identify, evaluate,\nand address health disparities._\n\nSection 2. This act shall take effect immediately.\n\nCopyright (C) 2025 State Net  \n  \n---\n\n",
      "latest_version": true
    }
  ]
}