{
  "bill_id": "NY2025000S6955",
  "source_url": "http://custom.statenet.com/public/resources.cgi?id=ID:bill:NY2025000S6955&cuiq=93d84396-c63b-526a-b152-38b7f79b4cfd&client_md=e4f6fea4-27b4-5d41-b7d3-766fe52569f0",
  "versions": [
    {
      "date": "03/27/2025",
      "label": "Introduced",
      "url": "https://custom.statenet.com/public/resources.cgi?mode=show_text&id=ID:bill:NY2025000S6955&verid=NY2025000S6955_20250327_0_I&",
      "raw_html": "<html>\n<head>\n<title>Bill Resource</title>\n\n<!--   <link href=\"https://custom.statenet.com/network/Common/css/extregtext.css\" rel=\"stylesheet\" type=\"text/css\" />-->\n   <link href=\"https://custom.statenet.com/network/Common/css/xmltext-2.0.css\" rel=\"stylesheet\" type=\"text/css\" />\n   <link href=\"https://custom.statenet.com/network/Common/css/additional-text.css\" rel=\"stylesheet\" type=\"text/css\" />\n\n\t<style type=\"text/css\">\n<!--\n\ntd, body {\n     background-color: white;\n\tfont-family: Verdana, Arial, Helvetica, sans-serif;\n\tfont-size: 12px;\n}\n\n.resourceContainer {\n   border: 1px solid black;\n}\n-->\n</style>\n</head>\n<body>\n\n    <div style=\"width: 750px; margin: auto\">\n       <div style=\"font-size: .8em;margin-bottom: 10px\"><table width=\"100%\"><tr><td align=\"left\" style=\"font-size: .8em;\"><div>The following has special meaning:</div>\n<div><u class=\"amendmentInsertedText\">green underline denotes added text</u></div>\n<div><strike class=\"amendmentDeletedText\">red struck out text denotes deleted text</strike></div></td> <td align=\"right\"><a href=\"https://www.lexisnexis.com/statenet/\"><img alt=\"Powered by State Net\" src=\"https://custom.statenet.com/network/poweredby.gif\" /></a></td></tr></table></div><table id=\"text-identifier\"><tr><td class=\"key\">2025 NY S 6955</td> <td><table><tr><td class=\"label\">Author:</td> <td>Gounardes</td></tr> <tr><td class=\"label\">Version:</td> <td>Introduced</td></tr> <tr><td class=\"label\">Version Date:</td> <td>03/27/2025</td></tr></table></td></tr></table><div class=\"documentBody\">\n  <a name=\"head_document_section\"></a><div class=\"head\">\n   <p class=\"center\">\n    <b>STATE OF NEW YORK</b>\n   </p>\n   <p class=\"center\">6955 </p>\n   <p class=\"center\">2025-2026 Regular Sessions </p>\n   <p class=\"center\">\n    <b>IN SENATE</b>\n   </p>\n   <p class=\"center\">March 27, 2025 </p>\n   <p class=\"indent\">Introduced by Sen. GOUNARDES -- read twice and ordered printed, and when printed to be committed to the Committee on Internet and Technology </p>\n  </div>\n  <a name=\"title_document_section\"></a><div class=\"title\">\n   <p class=\"indent\">AN ACT to amend the general business law, in relation to establishing the artificial intelligence training data transparency act </p>\n  </div>\n  <a name=\"text_document_section\"></a><div class=\"text\">\n   <span>\n    <p class=\"indent\">\n     <b>The People of the State of New York, represented in Senate and Assembly, do enact as follows:</b>\n    </p>\n   </span>\n   <p class=\"indent\">Section 1. The general business law is amended by adding a new article 44-B to read as follows: </p>\n   <p class=\"indent\">\n    <u class=\"amendmentInsertedText\">ARTICLE 44-B</u>\n   </p>\n   <p class=\"indent\">\n    <u class=\"amendmentInsertedText\">ARTIFICIAL INTELLIGENCE TRAINING DATA TRANSPARENCY ACT</u>\n   </p>\n   <p class=\"indent\">\n    <u class=\"amendmentInsertedText\">Section 1420. Short title.</u>\n   </p>\n   <p class=\"indent\">\n    <u class=\"amendmentInsertedText\">1421. Definitions.</u>\n   </p>\n   <p class=\"indent\">\n    <u class=\"amendmentInsertedText\">1422. Data used to train generative artificial intelligence</u>\n   </p>\n   <p class=\"indent\">\n    <u class=\"amendmentInsertedText\">models or services.</u>\n   </p>\n   <p class=\"indent\">\n    <u class=\"amendmentInsertedText\">1423. Employee data used to train generative artificial intelli-</u>\n   </p>\n   <p class=\"indent\">\n    <u class=\"amendmentInsertedText\">gence models or services.</u>\n   </p>\n   <p class=\"indent\">\n    <u class=\"amendmentInsertedText\">Section 1420. Short title. This act shall be known and may be cited as the &quot;artificial intelligence training data transparency act&quot;.</u>\n   </p>\n   <p class=\"indent\">\n    <u class=\"amendmentInsertedText\">Section 1421. Definitions. For the purposes of this article, the following terms shall have the following meanings:</u>\n   </p>\n   <p class=\"indent\">\n    <u class=\"amendmentInsertedText\">1. &quot;Artificial intelligence&quot; or &quot;artificial intelligence technology&quot; means a machine-based system that can, for a given set of human-defined objectives, make predictions, recommendations, or decisions influencing real or virtual environments, and that uses machineand human-based inputs to perceive real and virtual environments, abstract such perceptions into models through analysis in an automated manner, and use model inference to formulate options for information or action.</u>\n   </p>\n   <p class=\"indent\">\n    <u class=\"amendmentInsertedText\">2. &quot;Developer&quot; means a person, partnership, state or local government agency, or corporation that designs, codes, produces, or substantially modifies an artificial intelligence model or service for use by members of the public.</u>\n   </p>\n   <p class=\"indent\">\n    <u class=\"amendmentInsertedText\">3. &quot;Generative artificial intelligence&quot; means a class of AI models that are self-supervised and emulate the structure and characteristics of input data to generate derived synthetic content, including, but not limited to, images, videos, audio, text, and other digital content.</u>\n   </p>\n   <p class=\"indent\">\n    <u class=\"amendmentInsertedText\">4. &quot;Substantially modifies&quot; or &quot;substantial modification&quot; means a new version, new release, or other update to a generative artificial intelligence model or service that materially changes its functionality or performance, including the results of retraining or fine tuning.</u>\n   </p>\n   <p class=\"indent\">\n    <u class=\"amendmentInsertedText\">5. &quot;Synthetic data generation&quot; means a process in which seed data is used to create artificial data that have some of the statistical characteristics of the seed data.</u>\n   </p>\n   <p class=\"indent\">\n    <u class=\"amendmentInsertedText\">6. &quot;Train a generative artificial intelligence model or service&quot; includes testing, validating, or fine tuning by the developer of the artificial intelligence model or service.</u>\n   </p>\n   <p class=\"indent\">\n    <u class=\"amendmentInsertedText\">7. &quot;Aggregate consumer information&quot; means information that relates to a group of consumers, from which individual consumer identities have been removed, that is not linked or reasonably linkable to any consumer or household, including via a device. Aggregate consumer information does not mean one or more individual consumer records that have been de-identified.</u>\n   </p>\n   <p class=\"indent\">\n    <u class=\"amendmentInsertedText\">8. &quot;AI model&quot; means an information system or component of an information system that implements artificial intelligence technology and uses computational, statistical, or machine-learning techniques to produce outputs from a given set of inputs.</u>\n   </p>\n   <p class=\"indent\">\n    <u class=\"amendmentInsertedText\">Section 1422. Data used to train generative artificial intelligence models or services. 1. On or before January first, two thousand twenty-six, and prior to each time thereafter that a generative artificial intelligence model or service, or a substantial modification to a generative artificial intelligence model or service, released on or after January first, two thousand twenty-two, is made publicly available to New Yorkers for use, regardless of whether the terms of such use include compensation, the developer of such model or service shall post on the developer&#39;s website documentation regarding the data used by the developer to train the generative artificial intelligence model or service, including a high-level summary of the datasets used in the development of the generative artificial intelligence model or service, including, but not limited to:</u>\n   </p>\n   <p class=\"indent\">\n    <u class=\"amendmentInsertedText\">(a) the sources or owners of the datasets;</u>\n   </p>\n   <p class=\"indent\">\n    <u class=\"amendmentInsertedText\">(b) a description of how the datasets further the intended purpose of the artificial intelligence model or service;</u>\n   </p>\n   <p class=\"indent\">\n    <u class=\"amendmentInsertedText\">(c) the number of data points included in the datasets, which may be in general ranges, and with estimated figures for dynamic datasets;</u>\n   </p>\n   <p class=\"indent\">\n    <u class=\"amendmentInsertedText\">(d) a description of the types of data points within the datasets. For purposes of this paragraph, the following definitions apply:</u>\n   </p>\n   <p class=\"indent\">\n    <u class=\"amendmentInsertedText\">(i) as applied to datasets that include labels, &quot;types of data points&quot; means the types of labels used; and</u>\n   </p>\n   <p class=\"indent\">\n    <u class=\"amendmentInsertedText\">(ii) as applied to datasets without labeling, &quot;types of data points&quot; refers to the general characteristics;</u>\n   </p>\n   <p class=\"indent\">\n    <u class=\"amendmentInsertedText\">(e) whether the datasets include any data protected by copyright, trademark, or patent, or whether the datasets are entirely in the public domain;</u>\n   </p>\n   <p class=\"indent\">\n    <u class=\"amendmentInsertedText\">(f) whether the datasets were purchased or licensed by the developer;</u>\n   </p>\n   <p class=\"indent\">\n    <u class=\"amendmentInsertedText\">(g) whether the datasets include personal information or personal identifying information, as defined in section eight hundred ninetynine-aaa of this chapter;</u>\n   </p>\n   <p class=\"indent\">\n    <u class=\"amendmentInsertedText\">(h) whether the datasets include aggregate consumer information;</u>\n   </p>\n   <p class=\"indent\">\n    <u class=\"amendmentInsertedText\">(i) whether there was any cleaning, processing, or other modification to the datasets by the developer, including the intended purpose of those efforts in relation to the artificial intelligence model or service;</u>\n   </p>\n   <p class=\"indent\">\n    <u class=\"amendmentInsertedText\">(j) the time period during which the data in the datasets were collected, including a notice if the data collection is ongoing;</u>\n   </p>\n   <p class=\"indent\">\n    <u class=\"amendmentInsertedText\">(k) the dates the datasets were first used during the development of the artificial intelligence model or service; and</u>\n   </p>\n   <p class=\"indent\">\n    <u class=\"amendmentInsertedText\">(l) whether the generative artificial intelligence model or service used or continuously uses synthetic data generation in its development. A developer may include a description of the functional need or desired purpose of the synthetic data in relation to the intended purpose of the model or service.</u>\n   </p>\n   <p class=\"indent\">\n    <u class=\"amendmentInsertedText\">2. A developer shall not be required to post documentation regarding the data used to train a generative artificial intelligence model or service for any of the following:</u>\n   </p>\n   <p class=\"indent\">\n    <u class=\"amendmentInsertedText\">(a) A generative artificial intelligence model or service whose sole purpose is the operation of aircraft in the national airspace; or</u>\n   </p>\n   <p class=\"indent\">\n    <u class=\"amendmentInsertedText\">(b) A generative artificial intelligence model or service developed for national security, military, or defense purposes that is made available only to a federal entity.</u>\n   </p>\n   <p class=\"indent\">\n    <u class=\"amendmentInsertedText\">Section 1423. Employee data used to train generative artificial intelligence models or services. 1. Any person, partnership, state or local government agency, or corporation that designs, codes, produces, or substantially modifies a generative artificial intelligence model or service using data of which a substantial part is derived from individuals employed or contracted by the entity, regardless if whether the model is made publicly available, shall ensure that the following information is disclosed to each employee whose data is used to train the artificial intelligence model:</u>\n   </p>\n   <p class=\"indent\">\n    <u class=\"amendmentInsertedText\">(a) the intended purpose of the artificial intelligence model or service;</u>\n   </p>\n   <p class=\"indent\">\n    <u class=\"amendmentInsertedText\">(b) a description of how the collected datasets further the intended purpose of the artificial intelligence model or service;</u>\n   </p>\n   <p class=\"indent\">\n    <u class=\"amendmentInsertedText\">(c) a description of the types of data points within the datasets;</u>\n   </p>\n   <p class=\"indent\">\n    <u class=\"amendmentInsertedText\">(d) whether the datasets include personal information or personal identifying information, as defined in section eight hundred ninetynine-aaa of this chapter;</u>\n   </p>\n   <p class=\"indent\">\n    <u class=\"amendmentInsertedText\">(e) the dates the datasets were first used during the development of the artificial intelligence model or service; and</u>\n   </p>\n   <p class=\"indent\">\n    <u class=\"amendmentInsertedText\">(f) the time period during which the data in the datasets were collected, including a notice if the data collection is ongoing.</u>\n   </p>\n   <p class=\"indent\">\n    <u class=\"amendmentInsertedText\">2. An entity that uses employee or contractor data to design, code, produce, or substantially modify a generative artificial intelligence model or service shall not be required to disclose the information required by this section if the model or service:</u>\n   </p>\n   <p class=\"indent\">\n    <u class=\"amendmentInsertedText\">(a) is solely intended to be used in the operation of aircraft in the national airspace; or</u>\n   </p>\n   <p class=\"indent\">\n    <u class=\"amendmentInsertedText\">(b) is developed for national security, military, or defense purposes and only made available to a federal entity.</u>\n   </p>\n   <p class=\"indent\">Section 2. This act shall take effect immediately.</p>\n  </div>\n </div>\n    </div>\t\n<table cellpadding=0 cellspacing=0 width=\"100%\">\n   <tr>\n      <td>\n          Copyright &copy; 2025 State Net\n      </td>\n<BR>\n<!--???MOVED INTO resources.cgi      <td align=\"right\">\n          <img src=\"https://custom.statenet.com/network/poweredby.gif\" alt=\"Powered by State Net\">\n      </td>-->\n\n    </tr>\n</table>\n</body></html>\n",
      "markdown": "The following has special meaning: _green underline denotes added text_ ~~red struck out text denotes deleted text~~ | [![Powered by State Net](https://custom.statenet.com/network/poweredby.gif)](https://www.lexisnexis.com/statenet/)  \n---|---  \n  \n2025 NY S 6955 | | Author: | Gounardes  \n---|---  \nVersion: | Introduced  \nVersion Date: | 03/27/2025  \n  \n**STATE OF NEW YORK**\n\n6955\n\n2025-2026 Regular Sessions\n\n**IN SENATE**\n\nMarch 27, 2025\n\nIntroduced by Sen. GOUNARDES -- read twice and ordered printed, and when\nprinted to be committed to the Committee on Internet and Technology\n\nAN ACT to amend the general business law, in relation to establishing the\nartificial intelligence training data transparency act\n\n**The People of the State of New York, represented in Senate and Assembly, do\nenact as follows:**\n\nSection 1. The general business law is amended by adding a new article 44-B to\nread as follows:\n\n_ARTICLE 44-B_\n\n_ARTIFICIAL INTELLIGENCE TRAINING DATA TRANSPARENCY ACT_\n\n_Section 1420. Short title._\n\n_1421\\. Definitions._\n\n_1422\\. Data used to train generative artificial intelligence_\n\n_models or services._\n\n_1423\\. Employee data used to train generative artificial intelli-_\n\n_gence models or services._\n\n_Section 1420. Short title. This act shall be known and may be cited as the\n\"artificial intelligence training data transparency act\"._\n\n_Section 1421. Definitions. For the purposes of this article, the following\nterms shall have the following meanings:_\n\n_1. \"Artificial intelligence\" or \"artificial intelligence technology\" means a\nmachine-based system that can, for a given set of human-defined objectives,\nmake predictions, recommendations, or decisions influencing real or virtual\nenvironments, and that uses machineand human-based inputs to perceive real and\nvirtual environments, abstract such perceptions into models through analysis\nin an automated manner, and use model inference to formulate options for\ninformation or action._\n\n_2. \"Developer\" means a person, partnership, state or local government agency,\nor corporation that designs, codes, produces, or substantially modifies an\nartificial intelligence model or service for use by members of the public._\n\n_3. \"Generative artificial intelligence\" means a class of AI models that are\nself-supervised and emulate the structure and characteristics of input data to\ngenerate derived synthetic content, including, but not limited to, images,\nvideos, audio, text, and other digital content._\n\n_4. \"Substantially modifies\" or \"substantial modification\" means a new\nversion, new release, or other update to a generative artificial intelligence\nmodel or service that materially changes its functionality or performance,\nincluding the results of retraining or fine tuning._\n\n_5. \"Synthetic data generation\" means a process in which seed data is used to\ncreate artificial data that have some of the statistical characteristics of\nthe seed data._\n\n_6. \"Train a generative artificial intelligence model or service\" includes\ntesting, validating, or fine tuning by the developer of the artificial\nintelligence model or service._\n\n_7. \"Aggregate consumer information\" means information that relates to a group\nof consumers, from which individual consumer identities have been removed,\nthat is not linked or reasonably linkable to any consumer or household,\nincluding via a device. Aggregate consumer information does not mean one or\nmore individual consumer records that have been de-identified._\n\n_8. \"AI model\" means an information system or component of an information\nsystem that implements artificial intelligence technology and uses\ncomputational, statistical, or machine-learning techniques to produce outputs\nfrom a given set of inputs._\n\n_Section 1422. Data used to train generative artificial intelligence models or\nservices. 1. On or before January first, two thousand twenty-six, and prior to\neach time thereafter that a generative artificial intelligence model or\nservice, or a substantial modification to a generative artificial intelligence\nmodel or service, released on or after January first, two thousand twenty-two,\nis made publicly available to New Yorkers for use, regardless of whether the\nterms of such use include compensation, the developer of such model or service\nshall post on the developer 's website documentation regarding the data used\nby the developer to train the generative artificial intelligence model or\nservice, including a high-level summary of the datasets used in the\ndevelopment of the generative artificial intelligence model or service,\nincluding, but not limited to:_\n\n_(a) the sources or owners of the datasets;_\n\n_(b) a description of how the datasets further the intended purpose of the\nartificial intelligence model or service;_\n\n_(c) the number of data points included in the datasets, which may be in\ngeneral ranges, and with estimated figures for dynamic datasets;_\n\n_(d) a description of the types of data points within the datasets. For\npurposes of this paragraph, the following definitions apply:_\n\n_(i) as applied to datasets that include labels, \"types of data points\" means\nthe types of labels used; and_\n\n_(ii) as applied to datasets without labeling, \"types of data points\" refers\nto the general characteristics;_\n\n_(e) whether the datasets include any data protected by copyright, trademark,\nor patent, or whether the datasets are entirely in the public domain;_\n\n_(f) whether the datasets were purchased or licensed by the developer;_\n\n_(g) whether the datasets include personal information or personal identifying\ninformation, as defined in section eight hundred ninetynine-aaa of this\nchapter;_\n\n_(h) whether the datasets include aggregate consumer information;_\n\n_(i) whether there was any cleaning, processing, or other modification to the\ndatasets by the developer, including the intended purpose of those efforts in\nrelation to the artificial intelligence model or service;_\n\n_(j) the time period during which the data in the datasets were collected,\nincluding a notice if the data collection is ongoing;_\n\n_(k) the dates the datasets were first used during the development of the\nartificial intelligence model or service; and_\n\n_(l) whether the generative artificial intelligence model or service used or\ncontinuously uses synthetic data generation in its development. A developer\nmay include a description of the functional need or desired purpose of the\nsynthetic data in relation to the intended purpose of the model or service._\n\n_2\\. A developer shall not be required to post documentation regarding the\ndata used to train a generative artificial intelligence model or service for\nany of the following:_\n\n_(a) A generative artificial intelligence model or service whose sole purpose\nis the operation of aircraft in the national airspace; or_\n\n_(b) A generative artificial intelligence model or service developed for\nnational security, military, or defense purposes that is made available only\nto a federal entity._\n\n_Section 1423. Employee data used to train generative artificial intelligence\nmodels or services. 1. Any person, partnership, state or local government\nagency, or corporation that designs, codes, produces, or substantially\nmodifies a generative artificial intelligence model or service using data of\nwhich a substantial part is derived from individuals employed or contracted by\nthe entity, regardless if whether the model is made publicly available, shall\nensure that the following information is disclosed to each employee whose data\nis used to train the artificial intelligence model:_\n\n_(a) the intended purpose of the artificial intelligence model or service;_\n\n_(b) a description of how the collected datasets further the intended purpose\nof the artificial intelligence model or service;_\n\n_(c) a description of the types of data points within the datasets;_\n\n_(d) whether the datasets include personal information or personal identifying\ninformation, as defined in section eight hundred ninetynine-aaa of this\nchapter;_\n\n_(e) the dates the datasets were first used during the development of the\nartificial intelligence model or service; and_\n\n_(f) the time period during which the data in the datasets were collected,\nincluding a notice if the data collection is ongoing._\n\n_2\\. An entity that uses employee or contractor data to design, code, produce,\nor substantially modify a generative artificial intelligence model or service\nshall not be required to disclose the information required by this section if\nthe model or service:_\n\n_(a) is solely intended to be used in the operation of aircraft in the\nnational airspace; or_\n\n_(b) is developed for national security, military, or defense purposes and\nonly made available to a federal entity._\n\nSection 2. This act shall take effect immediately.\n\nCopyright (C) 2025 State Net  \n  \n---\n\n",
      "latest_version": true
    }
  ]
}