{
  "bill_id": "NY2025000A3930",
  "source_url": "http://custom.statenet.com/public/resources.cgi?id=ID:bill:NY2025000A3930&cuiq=93d84396-c63b-526a-b152-38b7f79b4cfd&client_md=e4f6fea4-27b4-5d41-b7d3-766fe52569f0",
  "versions": [
    {
      "date": "01/30/2025",
      "label": "Introduced",
      "url": "https://custom.statenet.com/public/resources.cgi?mode=show_text&id=ID:bill:NY2025000A3930&verid=NY2025000A3930_20250130_0_I&",
      "raw_html": "<html>\n<head>\n<title>Bill Resource</title>\n\n<!--   <link href=\"https://custom.statenet.com/network/Common/css/extregtext.css\" rel=\"stylesheet\" type=\"text/css\" />-->\n   <link href=\"https://custom.statenet.com/network/Common/css/xmltext-2.0.css\" rel=\"stylesheet\" type=\"text/css\" />\n   <link href=\"https://custom.statenet.com/network/Common/css/additional-text.css\" rel=\"stylesheet\" type=\"text/css\" />\n\n\t<style type=\"text/css\">\n<!--\n\ntd, body {\n     background-color: white;\n\tfont-family: Verdana, Arial, Helvetica, sans-serif;\n\tfont-size: 12px;\n}\n\n.resourceContainer {\n   border: 1px solid black;\n}\n-->\n</style>\n</head>\n<body>\n\n    <div style=\"width: 750px; margin: auto\">\n       <div style=\"font-size: .8em;margin-bottom: 10px\"><table width=\"100%\"><tr><td align=\"left\" style=\"font-size: .8em;\"><div>The following has special meaning:</div>\n<div><u class=\"amendmentInsertedText\">green underline denotes added text</u></div>\n<div><strike class=\"amendmentDeletedText\">red struck out text denotes deleted text</strike></div></td> <td align=\"right\"><a href=\"https://www.lexisnexis.com/statenet/\"><img alt=\"Powered by State Net\" src=\"https://custom.statenet.com/network/poweredby.gif\" /></a></td></tr></table></div><table id=\"text-identifier\"><tr><td class=\"key\">2025 NY A 3930</td> <td><table><tr><td class=\"label\">Author:</td> <td>Rosenthal</td></tr> <tr><td class=\"label\">Version:</td> <td>Introduced</td></tr> <tr><td class=\"label\">Version Date:</td> <td>01/30/2025</td></tr></table></td></tr></table><div class=\"documentBody\">\n  <a name=\"head_document_section\"></a><div class=\"head\">\n   <p class=\"center\">\n    <b>STATE OF NEW YORK</b>\n   </p>\n   <p class=\"center\">3930 </p>\n   <p class=\"center\">2025-2026 Regular Sessions </p>\n   <p class=\"center\">\n    <b>IN ASSEMBLY</b>\n   </p>\n   <p class=\"center\">January 30, 2025 </p>\n   <p class=\"indent\">Introduced by M. of A. ROSENTHAL -- read once and referred to the Committee on Housing </p>\n  </div>\n  <a name=\"title_document_section\"></a><div class=\"title\">\n   <p class=\"indent\">AN ACT to amend the real property law, the general business law and the banking law, in relation to regulating the use of artificial intelligence in aiding decisions on rental housing and loans; and providing for the repeal of certain provisions upon expiration thereof </p>\n  </div>\n  <a name=\"text_document_section\"></a><div class=\"text\">\n   <span>\n    <p class=\"indent\">\n     <b>The People of the State of New York, represented in Senate and Assembly, do enact as follows:</b>\n    </p>\n   </span>\n   <p class=\"indent\">Section 1. The real property law is amended by adding a new section 227-g to read as follows: </p>\n   <p class=\"indent\">\n    <u class=\"amendmentInsertedText\">Section 227-g. Use of automated decision tools. 1. For the purposes of this section, the following terms shall have the following meanings:</u>\n   </p>\n   <p class=\"indent\">\n    <u class=\"amendmentInsertedText\">(a) &quot;Automated decision tool&quot; means any computational process, derived from machine learning, statistical modeling, data analytics, or artificial intelligence, that issues simplified output, including a score, classification, or recommendation, that is used to substantially assist or replace discretionary decision making for making housing decisions that impact natural persons. &quot;Automated decision tool&quot; does not include a tool that does not automate, support, substantially assist, or replace discretionary decision-making processes and that does not materially impact natural persons, including, but not limited to, a junk email filter, firewall, antivirus software, calculator, spreadsheet, database, data set, or other compilation of data.</u>\n   </p>\n   <p class=\"indent\">\n    <u class=\"amendmentInsertedText\">(b) &quot;Disparate impact analysis&quot; means an impartial evaluation conducted by an independent auditor. Such disparate impact analysis shall include, but not be limited to, testing of the extent to which use of an automated decision tool is likely to result in an adverse impact to the detriment of any group on the basis of sex, race, ethnicity, or other protected class under this article. A disparate impact analysis shall differentiate between applicants who were selected and applicants who were not selected by the tool.</u>\n   </p>\n   <p class=\"indent\">\n    <u class=\"amendmentInsertedText\">(c) &quot;Housing decision&quot; means to screen applicants for housing.</u>\n   </p>\n   <p class=\"indent\">\n    <u class=\"amendmentInsertedText\">2. It shall be unlawful for a landlord to implement or use an automated decision tool that fails to comply with the following provisions:</u>\n   </p>\n   <p class=\"indent\">\n    <u class=\"amendmentInsertedText\">(a) No less than annually, a disparate impact analysis shall be conducted to assess the actual impact of any automated decision tool used by any landlord to select applicants for housing within the state. Such disparate impact analysis shall be provided to the landlord.</u>\n   </p>\n   <p class=\"indent\">\n    <u class=\"amendmentInsertedText\">(b) A summary of the most recent disparate impact analysis of such tool as well as the distribution date of the tool to which the analysis applies shall be made publicly available on the website of the landlord prior to the implementation or use of such tool. Such summary shall also be made accessible through any listing for housing on a digital platform for which the landlord intends to use an automated decision tool to screen applicants for housing.</u>\n   </p>\n   <p class=\"indent\">\n    <u class=\"amendmentInsertedText\">3. (a) Any landlord that uses an automated decision tool to screen applicants for housing shall notify each such applicant of the following:</u>\n   </p>\n   <p class=\"indent\">\n    <u class=\"amendmentInsertedText\">(i) That an automated decision tool will be used in connection with the assessment or evaluation of such applicant;</u>\n   </p>\n   <p class=\"indent\">\n    <u class=\"amendmentInsertedText\">(ii) The characteristics that such automated decision tool will use in the assessment of such applicant;</u>\n   </p>\n   <p class=\"indent\">\n    <u class=\"amendmentInsertedText\">(iii) Information about the type of data collected for such automated decision tool, the source of such data, and the landlord&#39;s data retention policy; and</u>\n   </p>\n   <p class=\"indent\">\n    <u class=\"amendmentInsertedText\">(iv) If an application for housing is denied through use of the automated decision tool, the reason for such denial.</u>\n   </p>\n   <p class=\"indent\">\n    <u class=\"amendmentInsertedText\">(b) The notice required by paragraph (a) of this subdivision shall be made no less than twenty-four hours before the use of such automated decision tool and shall allow such applicant to request an alternative selection process or accommodation.</u>\n   </p>\n   <p class=\"indent\">\n    <u class=\"amendmentInsertedText\">4. The attorney general may initiate an investigation if a preponderance of the evidence, including the summary of the most recent disparate impact analysis establishes a suspicion of a violation. The attorney general may also initiate in any court of competent jurisdiction any action or proceeding that may be appropriate or necessary for correction of any violation issued pursuant to this section, including mandating compliance with the provisions of this section or such other relief as may be appropriate.</u>\n   </p>\n   <p class=\"indent\">Section 2. The general business law is amended by adding a new section 344 to read as follows: </p>\n   <p class=\"indent\">\n    <u class=\"amendmentInsertedText\">Section 344. Use of pricing algorithmic in setting rent amount prohibited. 1. For the purposes of this section, the following terms shall have the following meanings:</u>\n   </p>\n   <p class=\"indent\">\n    <u class=\"amendmentInsertedText\">(a) &quot;Pricing algorithm&quot; shall mean any computational process, including a computational process derived from machine learning or other artificial intelligence techniques, that processes data to recommend or set a price or commercial term that is in or affecting interstate or foreign commerce.</u>\n   </p>\n   <p class=\"indent\">\n    <u class=\"amendmentInsertedText\">(b) &quot;Coordinator&quot; shall mean any operator of a software or data analytics service that performs a coordinating function for any landlord, including a landlord performing a coordinating function for such landlord&#39;s own benefit.</u>\n   </p>\n   <p class=\"indent\">\n    <u class=\"amendmentInsertedText\">(c) &quot;Nonpublic competitor data&quot;:</u>\n   </p>\n   <p class=\"indent\">\n    <u class=\"amendmentInsertedText\">(i) shall mean nonpublic data that is derived from or otherwise provided by another person that competes in the same market as a person, or a related market; and</u>\n   </p>\n   <p class=\"indent\">\n    <u class=\"amendmentInsertedText\">(ii) does not include information distributed, reported, or otherwise communicated in a way that does not reveal any underlying data from a competitor, such as narrative industry reports, news reports, business commentaries, or generalized industry survey results.</u>\n   </p>\n   <p class=\"indent\">\n    <u class=\"amendmentInsertedText\">(d) &quot;Nonpublic data&quot; shall mean information that is not widely available or easily accessible to the public, including information about actual rent prices, occupancy rates, lease start and end dates, and similar data, regardless of whether such data is attributable to a specific competitor or anonymized.</u>\n   </p>\n   <p class=\"indent\">\n    <u class=\"amendmentInsertedText\">2. (a) In setting the amount of rent to be charged to a tenant for the occupancy of a residential premises, including determining any change in the amount of rent to be charged for the renewed occupancy of a residential premises, a landlord shall not employ, use, or rely upon, or cause another person to employ, use, or rely upon, an algorithmic pricing that uses, incorporates, or was trained with nonpublic competitor data.</u>\n   </p>\n   <p class=\"indent\">\n    <u class=\"amendmentInsertedText\">(b) A coordinator shall not facilitate an agreement among landlords to not compete regarding the renting of residential premises.</u>\n   </p>\n   <p class=\"indent\">\n    <u class=\"amendmentInsertedText\">3. (a) A landlord shall not share a tenant&#39;s personal data with any third party without such tenant&#39;s written consent.</u>\n   </p>\n   <p class=\"indent\">\n    <u class=\"amendmentInsertedText\">(b) A landlord shall disclose to each tenant:</u>\n   </p>\n   <p class=\"indent\">\n    <u class=\"amendmentInsertedText\">(i) the categories of personal data processed by the landlord and by any processor who processes personal data on behalf of such landlord;</u>\n   </p>\n   <p class=\"indent\">\n    <u class=\"amendmentInsertedText\">(ii) the sources from which personal data is collected;</u>\n   </p>\n   <p class=\"indent\">\n    <u class=\"amendmentInsertedText\">(iii) the purposes for processing personal data;</u>\n   </p>\n   <p class=\"indent\">\n    <u class=\"amendmentInsertedText\">(iv) the landlord&#39;s retention period for each category of personal data that such landlord processes or which is processed on such landlord&#39;s behalf, or if that is not possible, the criteria used to determine such retention period; and</u>\n   </p>\n   <p class=\"indent\">\n    <u class=\"amendmentInsertedText\">(v) the identity of each third party to whom the landlord disclosed, shared, transferred, or sold personal data, and for each identified third party:</u>\n   </p>\n   <p class=\"indent\">\n    <u class=\"amendmentInsertedText\">(A) the categories of personal data being shared, disclosed, transferred, or sold to the third party;</u>\n   </p>\n   <p class=\"indent\">\n    <u class=\"amendmentInsertedText\">(B) the purposes for which personal data is being shared, disclosed, transferred, or sold to the third party;</u>\n   </p>\n   <p class=\"indent\">\n    <u class=\"amendmentInsertedText\">(C) the third party&#39;s retention period for each category of personal data processed by such third party or processed on such third party&#39;s behalf, or if that is not possible, the criteria used to determine such retention period; and</u>\n   </p>\n   <p class=\"indent\">\n    <u class=\"amendmentInsertedText\">(D) whether the third party uses the personal data for targeted advertising.</u>\n   </p>\n   <p class=\"indent\">\n    <u class=\"amendmentInsertedText\">4. In addition to any action brought by the attorney general under this article, a tenant injured by a violation of this section may bring an action to recover damages. A court may also award attorneys&#39; fees to a prevailing plaintiff tenant.</u>\n   </p>\n   <p class=\"indent\">Section 3. The banking law is amended by adding a new section 103-a to read as follows: </p>\n   <p class=\"indent\">\n    <u class=\"amendmentInsertedText\">Section 103-a. Use of automated decision tools to make lending decisions. 1. For the purposes of this section, the following terms shall have the following meanings:</u>\n   </p>\n   <p class=\"indent\">\n    <u class=\"amendmentInsertedText\">(a) &quot;Automated decision tool&quot; means any computational process, derived from machine learning, statistical modeling, data analytics, or artificial intelligence, that issues simplified output, including a score, classification, or recommendation, that is used to substantially assist or replace discretionary decision making for making lending decisions that impact natural persons. &quot;Automated decision tool&quot; does not include a tool that does not automate, support, substantially assist, or replace discretionary decision-making processes and that does not materially impact natural persons, including, but not limited to, a junk email filter, firewall, antivirus software, calculator, spreadsheet, database, data set, or other compilation of data.</u>\n   </p>\n   <p class=\"indent\">\n    <u class=\"amendmentInsertedText\">(b) &quot;Disparate impact analysis&quot; means an impartial evaluation conducted by an independent auditor. Such disparate impact analysis shall include, but not be limited to, testing of the extent to which use of an automated decision tool is likely to result in an adverse impact to the detriment of any group on the basis of sex, race, ethnicity, or other protected class under this article. A disparate impact analysis shall differentiate between applicants who were approved and applicants who were not approved by the tool.</u>\n   </p>\n   <p class=\"indent\">\n    <u class=\"amendmentInsertedText\">(c) &quot;Lending decision&quot; means to screen applicants for a loan.</u>\n   </p>\n   <p class=\"indent\">\n    <u class=\"amendmentInsertedText\">2. No less than annually, each bank that uses automated decision tools to make lending decisions shall:</u>\n   </p>\n   <p class=\"indent\">\n    <u class=\"amendmentInsertedText\">(a) conduct a disparate impact analysis to assess the actual impact of any automated decision tool used by any bank to make lending decisions within the state; and</u>\n   </p>\n   <p class=\"indent\">\n    <u class=\"amendmentInsertedText\">(b) submit a summary of the most recent disparate impact analysis of such tool as well as the distribution date of the tool to which the analysis applies to the attorney general&#39;s office.</u>\n   </p>\n   <p class=\"indent\">\n    <u class=\"amendmentInsertedText\">3. (a) Any bank that uses an automated decision tool to screen applicants for a loan shall notify each such applicant of the following:</u>\n   </p>\n   <p class=\"indent\">\n    <u class=\"amendmentInsertedText\">(i) that an automated decision tool will be used in connection with the assessment or evaluation of such applicant;</u>\n   </p>\n   <p class=\"indent\">\n    <u class=\"amendmentInsertedText\">(ii) the characteristics that such automated decision tool will use in the assessment of such applicant;</u>\n   </p>\n   <p class=\"indent\">\n    <u class=\"amendmentInsertedText\">(iii) information about the type of data collected for such automated decision tool, the source of such data, and the bank&#39;s data retention policy; and</u>\n   </p>\n   <p class=\"indent\">\n    <u class=\"amendmentInsertedText\">(iv) if an application for a loan is denied through use of the automated decision tool, the reason for such denial.</u>\n   </p>\n   <p class=\"indent\">\n    <u class=\"amendmentInsertedText\">(b) The notice required by paragraph (a) of this subdivision shall be made no less than twenty-four hours before the use of such automated decision tool and shall allow such applicant to opt out of or consent to such use and/or retention of such applicant&#39;s personal information by the bank.</u>\n   </p>\n   <p class=\"indent\">\n    <u class=\"amendmentInsertedText\">(c) If an application for a loan is denied based on personal information that is incorrect, the applicant, upon receipt of the notice required by subparagraph (iv) of paragraph (a) of this subdivision, shall have thirty days to correct such information and appeal such denial.</u>\n   </p>\n   <p class=\"indent\">\n    <u class=\"amendmentInsertedText\">4. The attorney general may initiate an investigation if a preponderance of the evidence, including the summary of the most recent disparate impact analysis required pursuant to paragraph (b) of subdivision two of this section, establishes a suspicion of a violation. The attorney general may also initiate in any court of competent jurisdiction any action or proceeding that may be appropriate or necessary for correction of any violation issued pursuant to this section, including mandating compliance with the provisions of this section or such other relief as may be appropriate.</u>\n   </p>\n   <p class=\"indent\">Section 4. 1. The division of housing and community renewal, in conjunction with the department of financial services and the division of human rights shall conduct a study on the impact of artificial intelligence and machine learning on housing discrimination and how such artificial intelligence and machine learning may further redlining. Such study shall be completed within one year of the effective date of this act. </p>\n   <p class=\"indent\">2. The division of housing and community renewal shall submit a report to the governor and the legislature on its findings and recommendations for legislative action no later than ninety days after the completion of the study. </p>\n   <p class=\"indent\">Section 5. This act shall take effect immediately; provided, however, that the provisions of section four of this act shall expire and be deemed repealed after transmission of the report of the findings and recommendations of the study to the governor and the legislature, as provided in subdivision 2 of section four of this act. Provided, further, that the commissioner of the division of housing and community renewal shall notify the legislative bill drafting commission upon the transmission of the report of the findings and recommendations of the study, as provided in subdivision 2 of section four of this act, in order that the commission may maintain an accurate and timely effective data base of the official text of the laws of the state of New York in furtherance of effectuating the provisions of section 44 of the legislative law and section 70-b of the public officers law.</p>\n  </div>\n </div>\n    </div>\t\n<table cellpadding=0 cellspacing=0 width=\"100%\">\n   <tr>\n      <td>\n          Copyright &copy; 2025 State Net\n      </td>\n<BR>\n<!--???MOVED INTO resources.cgi      <td align=\"right\">\n          <img src=\"https://custom.statenet.com/network/poweredby.gif\" alt=\"Powered by State Net\">\n      </td>-->\n\n    </tr>\n</table>\n</body></html>\n",
      "markdown": "The following has special meaning: _green underline denotes added text_ ~~red struck out text denotes deleted text~~ | [![Powered by State Net](https://custom.statenet.com/network/poweredby.gif)](https://www.lexisnexis.com/statenet/)  \n---|---  \n  \n2025 NY A 3930 | | Author: | Rosenthal  \n---|---  \nVersion: | Introduced  \nVersion Date: | 01/30/2025  \n  \n**STATE OF NEW YORK**\n\n3930\n\n2025-2026 Regular Sessions\n\n**IN ASSEMBLY**\n\nJanuary 30, 2025\n\nIntroduced by M. of A. ROSENTHAL -- read once and referred to the Committee on\nHousing\n\nAN ACT to amend the real property law, the general business law and the\nbanking law, in relation to regulating the use of artificial intelligence in\naiding decisions on rental housing and loans; and providing for the repeal of\ncertain provisions upon expiration thereof\n\n**The People of the State of New York, represented in Senate and Assembly, do\nenact as follows:**\n\nSection 1. The real property law is amended by adding a new section 227-g to\nread as follows:\n\n_Section 227-g. Use of automated decision tools. 1. For the purposes of this\nsection, the following terms shall have the following meanings:_\n\n_(a) \"Automated decision tool\" means any computational process, derived from\nmachine learning, statistical modeling, data analytics, or artificial\nintelligence, that issues simplified output, including a score,\nclassification, or recommendation, that is used to substantially assist or\nreplace discretionary decision making for making housing decisions that impact\nnatural persons. \"Automated decision tool\" does not include a tool that does\nnot automate, support, substantially assist, or replace discretionary\ndecision-making processes and that does not materially impact natural persons,\nincluding, but not limited to, a junk email filter, firewall, antivirus\nsoftware, calculator, spreadsheet, database, data set, or other compilation of\ndata._\n\n_(b) \"Disparate impact analysis\" means an impartial evaluation conducted by an\nindependent auditor. Such disparate impact analysis shall include, but not be\nlimited to, testing of the extent to which use of an automated decision tool\nis likely to result in an adverse impact to the detriment of any group on the\nbasis of sex, race, ethnicity, or other protected class under this article. A\ndisparate impact analysis shall differentiate between applicants who were\nselected and applicants who were not selected by the tool._\n\n_(c) \"Housing decision\" means to screen applicants for housing._\n\n_2\\. It shall be unlawful for a landlord to implement or use an automated\ndecision tool that fails to comply with the following provisions:_\n\n_(a) No less than annually, a disparate impact analysis shall be conducted to\nassess the actual impact of any automated decision tool used by any landlord\nto select applicants for housing within the state. Such disparate impact\nanalysis shall be provided to the landlord._\n\n_(b) A summary of the most recent disparate impact analysis of such tool as\nwell as the distribution date of the tool to which the analysis applies shall\nbe made publicly available on the website of the landlord prior to the\nimplementation or use of such tool. Such summary shall also be made accessible\nthrough any listing for housing on a digital platform for which the landlord\nintends to use an automated decision tool to screen applicants for housing._\n\n_3\\. (a) Any landlord that uses an automated decision tool to screen\napplicants for housing shall notify each such applicant of the following:_\n\n_(i) That an automated decision tool will be used in connection with the\nassessment or evaluation of such applicant;_\n\n_(ii) The characteristics that such automated decision tool will use in the\nassessment of such applicant;_\n\n_(iii) Information about the type of data collected for such automated\ndecision tool, the source of such data, and the landlord 's data retention\npolicy; and_\n\n_(iv) If an application for housing is denied through use of the automated\ndecision tool, the reason for such denial._\n\n_(b) The notice required by paragraph (a) of this subdivision shall be made no\nless than twenty-four hours before the use of such automated decision tool and\nshall allow such applicant to request an alternative selection process or\naccommodation._\n\n_4\\. The attorney general may initiate an investigation if a preponderance of\nthe evidence, including the summary of the most recent disparate impact\nanalysis establishes a suspicion of a violation. The attorney general may also\ninitiate in any court of competent jurisdiction any action or proceeding that\nmay be appropriate or necessary for correction of any violation issued\npursuant to this section, including mandating compliance with the provisions\nof this section or such other relief as may be appropriate._\n\nSection 2. The general business law is amended by adding a new section 344 to\nread as follows:\n\n_Section 344. Use of pricing algorithmic in setting rent amount prohibited. 1.\nFor the purposes of this section, the following terms shall have the following\nmeanings:_\n\n_(a) \"Pricing algorithm\" shall mean any computational process, including a\ncomputational process derived from machine learning or other artificial\nintelligence techniques, that processes data to recommend or set a price or\ncommercial term that is in or affecting interstate or foreign commerce._\n\n_(b) \"Coordinator\" shall mean any operator of a software or data analytics\nservice that performs a coordinating function for any landlord, including a\nlandlord performing a coordinating function for such landlord's own benefit._\n\n_(c) \"Nonpublic competitor data\":_\n\n_(i) shall mean nonpublic data that is derived from or otherwise provided by\nanother person that competes in the same market as a person, or a related\nmarket; and_\n\n_(ii) does not include information distributed, reported, or otherwise\ncommunicated in a way that does not reveal any underlying data from a\ncompetitor, such as narrative industry reports, news reports, business\ncommentaries, or generalized industry survey results._\n\n_(d) \"Nonpublic data\" shall mean information that is not widely available or\neasily accessible to the public, including information about actual rent\nprices, occupancy rates, lease start and end dates, and similar data,\nregardless of whether such data is attributable to a specific competitor or\nanonymized._\n\n_2\\. (a) In setting the amount of rent to be charged to a tenant for the\noccupancy of a residential premises, including determining any change in the\namount of rent to be charged for the renewed occupancy of a residential\npremises, a landlord shall not employ, use, or rely upon, or cause another\nperson to employ, use, or rely upon, an algorithmic pricing that uses,\nincorporates, or was trained with nonpublic competitor data._\n\n_(b) A coordinator shall not facilitate an agreement among landlords to not\ncompete regarding the renting of residential premises._\n\n_3\\. (a) A landlord shall not share a tenant 's personal data with any third\nparty without such tenant's written consent._\n\n_(b) A landlord shall disclose to each tenant:_\n\n_(i) the categories of personal data processed by the landlord and by any\nprocessor who processes personal data on behalf of such landlord;_\n\n_(ii) the sources from which personal data is collected;_\n\n_(iii) the purposes for processing personal data;_\n\n_(iv) the landlord 's retention period for each category of personal data that\nsuch landlord processes or which is processed on such landlord's behalf, or if\nthat is not possible, the criteria used to determine such retention period;\nand_\n\n_(v) the identity of each third party to whom the landlord disclosed, shared,\ntransferred, or sold personal data, and for each identified third party:_\n\n_(A) the categories of personal data being shared, disclosed, transferred, or\nsold to the third party;_\n\n_(B) the purposes for which personal data is being shared, disclosed,\ntransferred, or sold to the third party;_\n\n_(C) the third party 's retention period for each category of personal data\nprocessed by such third party or processed on such third party's behalf, or if\nthat is not possible, the criteria used to determine such retention period;\nand_\n\n_(D) whether the third party uses the personal data for targeted advertising._\n\n_4\\. In addition to any action brought by the attorney general under this\narticle, a tenant injured by a violation of this section may bring an action\nto recover damages. A court may also award attorneys ' fees to a prevailing\nplaintiff tenant._\n\nSection 3. The banking law is amended by adding a new section 103-a to read as\nfollows:\n\n_Section 103-a. Use of automated decision tools to make lending decisions. 1.\nFor the purposes of this section, the following terms shall have the following\nmeanings:_\n\n_(a) \"Automated decision tool\" means any computational process, derived from\nmachine learning, statistical modeling, data analytics, or artificial\nintelligence, that issues simplified output, including a score,\nclassification, or recommendation, that is used to substantially assist or\nreplace discretionary decision making for making lending decisions that impact\nnatural persons. \"Automated decision tool\" does not include a tool that does\nnot automate, support, substantially assist, or replace discretionary\ndecision-making processes and that does not materially impact natural persons,\nincluding, but not limited to, a junk email filter, firewall, antivirus\nsoftware, calculator, spreadsheet, database, data set, or other compilation of\ndata._\n\n_(b) \"Disparate impact analysis\" means an impartial evaluation conducted by an\nindependent auditor. Such disparate impact analysis shall include, but not be\nlimited to, testing of the extent to which use of an automated decision tool\nis likely to result in an adverse impact to the detriment of any group on the\nbasis of sex, race, ethnicity, or other protected class under this article. A\ndisparate impact analysis shall differentiate between applicants who were\napproved and applicants who were not approved by the tool._\n\n_(c) \"Lending decision\" means to screen applicants for a loan._\n\n_2\\. No less than annually, each bank that uses automated decision tools to\nmake lending decisions shall:_\n\n_(a) conduct a disparate impact analysis to assess the actual impact of any\nautomated decision tool used by any bank to make lending decisions within the\nstate; and_\n\n_(b) submit a summary of the most recent disparate impact analysis of such\ntool as well as the distribution date of the tool to which the analysis\napplies to the attorney general 's office._\n\n_3\\. (a) Any bank that uses an automated decision tool to screen applicants\nfor a loan shall notify each such applicant of the following:_\n\n_(i) that an automated decision tool will be used in connection with the\nassessment or evaluation of such applicant;_\n\n_(ii) the characteristics that such automated decision tool will use in the\nassessment of such applicant;_\n\n_(iii) information about the type of data collected for such automated\ndecision tool, the source of such data, and the bank 's data retention policy;\nand_\n\n_(iv) if an application for a loan is denied through use of the automated\ndecision tool, the reason for such denial._\n\n_(b) The notice required by paragraph (a) of this subdivision shall be made no\nless than twenty-four hours before the use of such automated decision tool and\nshall allow such applicant to opt out of or consent to such use and/or\nretention of such applicant 's personal information by the bank._\n\n_(c) If an application for a loan is denied based on personal information that\nis incorrect, the applicant, upon receipt of the notice required by\nsubparagraph (iv) of paragraph (a) of this subdivision, shall have thirty days\nto correct such information and appeal such denial._\n\n_4\\. The attorney general may initiate an investigation if a preponderance of\nthe evidence, including the summary of the most recent disparate impact\nanalysis required pursuant to paragraph (b) of subdivision two of this\nsection, establishes a suspicion of a violation. The attorney general may also\ninitiate in any court of competent jurisdiction any action or proceeding that\nmay be appropriate or necessary for correction of any violation issued\npursuant to this section, including mandating compliance with the provisions\nof this section or such other relief as may be appropriate._\n\nSection 4. 1. The division of housing and community renewal, in conjunction\nwith the department of financial services and the division of human rights\nshall conduct a study on the impact of artificial intelligence and machine\nlearning on housing discrimination and how such artificial intelligence and\nmachine learning may further redlining. Such study shall be completed within\none year of the effective date of this act.\n\n2\\. The division of housing and community renewal shall submit a report to the\ngovernor and the legislature on its findings and recommendations for\nlegislative action no later than ninety days after the completion of the\nstudy.\n\nSection 5. This act shall take effect immediately; provided, however, that the\nprovisions of section four of this act shall expire and be deemed repealed\nafter transmission of the report of the findings and recommendations of the\nstudy to the governor and the legislature, as provided in subdivision 2 of\nsection four of this act. Provided, further, that the commissioner of the\ndivision of housing and community renewal shall notify the legislative bill\ndrafting commission upon the transmission of the report of the findings and\nrecommendations of the study, as provided in subdivision 2 of section four of\nthis act, in order that the commission may maintain an accurate and timely\neffective data base of the official text of the laws of the state of New York\nin furtherance of effectuating the provisions of section 44 of the legislative\nlaw and section 70-b of the public officers law.\n\nCopyright (C) 2025 State Net  \n  \n---\n\n",
      "latest_version": true
    }
  ]
}