{
  "bill_id": "NY2025000A1280",
  "source_url": "http://custom.statenet.com/public/resources.cgi?id=ID:bill:NY2025000A1280&cuiq=93d84396-c63b-526a-b152-38b7f79b4cfd&client_md=e4f6fea4-27b4-5d41-b7d3-766fe52569f0",
  "versions": [
    {
      "date": "01/09/2025",
      "label": "Introduced",
      "url": "https://custom.statenet.com/public/resources.cgi?mode=show_text&id=ID:bill:NY2025000A1280&verid=NY2025000A1280_20250109_0_I&",
      "raw_html": "<html>\n<head>\n<title>Bill Resource</title>\n\n<!--   <link href=\"https://custom.statenet.com/network/Common/css/extregtext.css\" rel=\"stylesheet\" type=\"text/css\" />-->\n   <link href=\"https://custom.statenet.com/network/Common/css/xmltext-2.0.css\" rel=\"stylesheet\" type=\"text/css\" />\n   <link href=\"https://custom.statenet.com/network/Common/css/additional-text.css\" rel=\"stylesheet\" type=\"text/css\" />\n\n\t<style type=\"text/css\">\n<!--\n\ntd, body {\n     background-color: white;\n\tfont-family: Verdana, Arial, Helvetica, sans-serif;\n\tfont-size: 12px;\n}\n\n.resourceContainer {\n   border: 1px solid black;\n}\n-->\n</style>\n</head>\n<body>\n\n    <div style=\"width: 750px; margin: auto\">\n       <div style=\"font-size: .8em;margin-bottom: 10px\"><table width=\"100%\"><tr><td align=\"left\" style=\"font-size: .8em;\"><div>The following has special meaning:</div>\n<div><u class=\"amendmentInsertedText\">green underline denotes added text</u></div>\n<div><strike class=\"amendmentDeletedText\">red struck out text denotes deleted text</strike></div></td> <td align=\"right\"><a href=\"https://www.lexisnexis.com/statenet/\"><img alt=\"Powered by State Net\" src=\"https://custom.statenet.com/network/poweredby.gif\" /></a></td></tr></table></div><table id=\"text-identifier\"><tr><td class=\"key\">2025 NY A 1280</td> <td><table><tr><td class=\"label\">Author:</td> <td>Vanel</td></tr> <tr><td class=\"label\">Version:</td> <td>Introduced</td></tr> <tr><td class=\"label\">Version Date:</td> <td>01/09/2025</td></tr></table></td></tr></table><div class=\"documentBody\">\n  <a name=\"head_document_section\"></a><div class=\"head\">\n   <p class=\"center\">\n    <b>STATE OF NEW YORK</b>\n   </p>\n   <p class=\"center\">1280 </p>\n   <p class=\"center\">2025-2026 Regular Sessions </p>\n   <p class=\"center\">\n    <b>IN ASSEMBLY</b>\n   </p>\n   <p class=\"center\">January 9, 2025 </p>\n   <p class=\"indent\">Introduced by M. of A. VANEL, HYNDMAN, ZACCARO, SIMON, GLICK -- Multi-Sponsored by -- M. of A. LEVENBERG -- read once and referred to the Committee on Codes </p>\n  </div>\n  <a name=\"title_document_section\"></a><div class=\"title\">\n   <p class=\"indent\">AN ACT to amend the penal law, in relation to unlawful dissemination or publication of a fabricated photographic, videographic, or audio record </p>\n  </div>\n  <a name=\"text_document_section\"></a><div class=\"text\">\n   <span>\n    <p class=\"indent\">\n     <b>The People of the State of New York, represented in Senate and Assembly, do enact as follows:</b>\n    </p>\n   </span>\n   <p class=\"indent\">Section 1. The penal law is amended by adding a new section 245.20 to read as follows: </p>\n   <p class=\"indent\">\n    <u class=\"amendmentInsertedText\">Section 245.20 Unlawful dissemination or publication of a fabricated photo-</u>\n   </p>\n   <p class=\"indent\">\n    <u class=\"amendmentInsertedText\">graphic, videographic, or audio record.</u>\n   </p>\n   <p class=\"indent\">\n    <u class=\"amendmentInsertedText\">1. A person is guilty of unlawful dissemination or publication of a fabricated photographic, videographic, or audio record when, with intent to cause harm to the liberty or emotional, social, financial or physical welfare of an identifiable person or persons, such principal person intentionally creates or causes to be created a fabricated record of such person or persons and disseminates or publishes such record of such person or persons without such person or persons&#39; consent.</u>\n   </p>\n   <p class=\"indent\">\n    <u class=\"amendmentInsertedText\">2. For purposes of this section:</u>\n   </p>\n   <p class=\"indent\">\n    <u class=\"amendmentInsertedText\">(a) &quot;Identifiable&quot; shall mean the ability to discern an individual&#39;s identity either through the fabricated record itself or from information displayed in connection with the fabricated record;</u>\n   </p>\n   <p class=\"indent\">\n    <u class=\"amendmentInsertedText\">(b) &quot;Fabricated photographic, videographic, or audio record&quot; or &quot;fabricated record&quot; shall mean a still image, video or audio recording that:</u>\n   </p>\n   <p class=\"indent\">\n    <u class=\"amendmentInsertedText\">(i) exhibits a high level of authenticity or convincing appearance that is visually or audibly indistinguishable from reality;</u>\n   </p>\n   <p class=\"indent\">\n    <u class=\"amendmentInsertedText\">(ii) is either manipulated or entirely artificial, including but not limited to, manipulation through means of advanced synthetic media technologies that utilize artificial intelligence, such as deepfakes, generative pre-trained transformers and stable diffusion;</u>\n   </p>\n   <p class=\"indent\">\n    <u class=\"amendmentInsertedText\">(iii) depicts a scenario that did not actually occur or that has been altered in a significant way from how it actually occurred; and</u>\n   </p>\n   <p class=\"indent\">\n    <u class=\"amendmentInsertedText\">(c) &quot;Disseminate&quot; and &quot;publish&quot; shall have the same meanings as defined in section 250.40 of this title.</u>\n   </p>\n   <p class=\"indent\">\n    <u class=\"amendmentInsertedText\">3. This section shall not apply to the following:</u>\n   </p>\n   <p class=\"indent\">\n    <u class=\"amendmentInsertedText\">(a) Dissemination or publication of a fabricated record by a person who did not create the fabricated record, whether or not such person is aware of the authenticity of the record;</u>\n   </p>\n   <p class=\"indent\">\n    <u class=\"amendmentInsertedText\">(b) Dissemination or publication of a fabricated record that was created during the lawful and common practices of law enforcement, legal proceedings or medical treatment where the record is not disseminated or published with the intent to misrepresent its authenticity;</u>\n   </p>\n   <p class=\"indent\">\n    <u class=\"amendmentInsertedText\">(c) Dissemination or publication of a fabricated record that was created for the purpose of political or social commentary, parody, satire, or artistic expression that is not disseminated or published with the intent to misrepresent its authenticity;</u>\n   </p>\n   <p class=\"indent\">\n    <u class=\"amendmentInsertedText\">(d) Dissemination or publication of a fabricated record that was created for the purpose of news reporting where the record is not disseminated or published with the intent to misrepresent its authenticity;</u>\n   </p>\n   <p class=\"indent\">\n    <u class=\"amendmentInsertedText\">(e) Dissemination or publication of a fabricated record that was created where the person reasonably believes that the dissemination or publication of the record is necessary to protect themselves from serious bodily injury or death;</u>\n   </p>\n   <p class=\"indent\">\n    <u class=\"amendmentInsertedText\">(f) Dissemination or publication of a fabricated record that was created for the purpose of historical reenactment or preservation, digital restoration or preservation of cultural heritage where the record is not disseminated or published with the intent to misrepresent its authenticity;</u>\n   </p>\n   <p class=\"indent\">\n    <u class=\"amendmentInsertedText\">(g) Dissemination or publication of a fabricated record that was created for the purpose of training or education, provided however that such training or education shall not include the training or education of a person or persons to engage in unlawful activities;</u>\n   </p>\n   <p class=\"indent\">\n    <u class=\"amendmentInsertedText\">(h) Dissemination or publication of a fabricated record that was created for the purpose of memorializing a deceased person;</u>\n   </p>\n   <p class=\"indent\">\n    <u class=\"amendmentInsertedText\">(i) Dissemination or publication of a fabricated record that was created for the purpose of lawful scientific, academic, or technological research or development where the record is not disseminated or published with the intent to misrepresent its authenticity; and</u>\n   </p>\n   <p class=\"indent\">\n    <u class=\"amendmentInsertedText\">(j) Initial dissemination or publication of a fabricated record by the platform or service, provided that the fabricated record was not created by an individual who is directly affiliated with the platform or service.</u>\n   </p>\n   <p class=\"indent\">\n    <u class=\"amendmentInsertedText\">4. Nothing in this section shall be construed to limit, or to enlarge, the protections that 47 U.S.C Section 230 confers on an interactive computer service for content provided by another information content provider, as such terms are defined in 47 U.S.C. Section 230.</u>\n   </p>\n   <p class=\"indent\">\n    <u class=\"amendmentInsertedText\">Unlawful dissemination or publication of a fabricated photographic, videographic, or audio record is a class E felony.</u>\n   </p>\n   <p class=\"indent\">Section 2. This act shall take effect on the thirtieth day after it shall have become a law.</p>\n  </div>\n </div>\n    </div>\t\n<table cellpadding=0 cellspacing=0 width=\"100%\">\n   <tr>\n      <td>\n          Copyright &copy; 2025 State Net\n      </td>\n<BR>\n<!--???MOVED INTO resources.cgi      <td align=\"right\">\n          <img src=\"https://custom.statenet.com/network/poweredby.gif\" alt=\"Powered by State Net\">\n      </td>-->\n\n    </tr>\n</table>\n</body></html>\n",
      "markdown": "The following has special meaning: _green underline denotes added text_ ~~red struck out text denotes deleted text~~ | [![Powered by State Net](https://custom.statenet.com/network/poweredby.gif)](https://www.lexisnexis.com/statenet/)  \n---|---  \n  \n2025 NY A 1280 | | Author: | Vanel  \n---|---  \nVersion: | Introduced  \nVersion Date: | 01/09/2025  \n  \n**STATE OF NEW YORK**\n\n1280\n\n2025-2026 Regular Sessions\n\n**IN ASSEMBLY**\n\nJanuary 9, 2025\n\nIntroduced by M. of A. VANEL, HYNDMAN, ZACCARO, SIMON, GLICK -- Multi-\nSponsored by -- M. of A. LEVENBERG -- read once and referred to the Committee\non Codes\n\nAN ACT to amend the penal law, in relation to unlawful dissemination or\npublication of a fabricated photographic, videographic, or audio record\n\n**The People of the State of New York, represented in Senate and Assembly, do\nenact as follows:**\n\nSection 1. The penal law is amended by adding a new section 245.20 to read as\nfollows:\n\n_Section 245.20 Unlawful dissemination or publication of a fabricated photo-_\n\n_graphic, videographic, or audio record._\n\n_1\\. A person is guilty of unlawful dissemination or publication of a\nfabricated photographic, videographic, or audio record when, with intent to\ncause harm to the liberty or emotional, social, financial or physical welfare\nof an identifiable person or persons, such principal person intentionally\ncreates or causes to be created a fabricated record of such person or persons\nand disseminates or publishes such record of such person or persons without\nsuch person or persons ' consent._\n\n_2\\. For purposes of this section:_\n\n_(a) \"Identifiable\" shall mean the ability to discern an individual's identity\neither through the fabricated record itself or from information displayed in\nconnection with the fabricated record;_\n\n_(b) \"Fabricated photographic, videographic, or audio record\" or \"fabricated\nrecord\" shall mean a still image, video or audio recording that:_\n\n_(i) exhibits a high level of authenticity or convincing appearance that is\nvisually or audibly indistinguishable from reality;_\n\n_(ii) is either manipulated or entirely artificial, including but not limited\nto, manipulation through means of advanced synthetic media technologies that\nutilize artificial intelligence, such as deepfakes, generative pre-trained\ntransformers and stable diffusion;_\n\n_(iii) depicts a scenario that did not actually occur or that has been altered\nin a significant way from how it actually occurred; and_\n\n_(c) \"Disseminate\" and \"publish\" shall have the same meanings as defined in\nsection 250.40 of this title._\n\n_3\\. This section shall not apply to the following:_\n\n_(a) Dissemination or publication of a fabricated record by a person who did\nnot create the fabricated record, whether or not such person is aware of the\nauthenticity of the record;_\n\n_(b) Dissemination or publication of a fabricated record that was created\nduring the lawful and common practices of law enforcement, legal proceedings\nor medical treatment where the record is not disseminated or published with\nthe intent to misrepresent its authenticity;_\n\n_(c) Dissemination or publication of a fabricated record that was created for\nthe purpose of political or social commentary, parody, satire, or artistic\nexpression that is not disseminated or published with the intent to\nmisrepresent its authenticity;_\n\n_(d) Dissemination or publication of a fabricated record that was created for\nthe purpose of news reporting where the record is not disseminated or\npublished with the intent to misrepresent its authenticity;_\n\n_(e) Dissemination or publication of a fabricated record that was created\nwhere the person reasonably believes that the dissemination or publication of\nthe record is necessary to protect themselves from serious bodily injury or\ndeath;_\n\n_(f) Dissemination or publication of a fabricated record that was created for\nthe purpose of historical reenactment or preservation, digital restoration or\npreservation of cultural heritage where the record is not disseminated or\npublished with the intent to misrepresent its authenticity;_\n\n_(g) Dissemination or publication of a fabricated record that was created for\nthe purpose of training or education, provided however that such training or\neducation shall not include the training or education of a person or persons\nto engage in unlawful activities;_\n\n_(h) Dissemination or publication of a fabricated record that was created for\nthe purpose of memorializing a deceased person;_\n\n_(i) Dissemination or publication of a fabricated record that was created for\nthe purpose of lawful scientific, academic, or technological research or\ndevelopment where the record is not disseminated or published with the intent\nto misrepresent its authenticity; and_\n\n_(j) Initial dissemination or publication of a fabricated record by the\nplatform or service, provided that the fabricated record was not created by an\nindividual who is directly affiliated with the platform or service._\n\n_4\\. Nothing in this section shall be construed to limit, or to enlarge, the\nprotections that 47 U.S.C Section 230 confers on an interactive computer\nservice for content provided by another information content provider, as such\nterms are defined in 47 U.S.C. Section 230._\n\n_Unlawful dissemination or publication of a fabricated photographic,\nvideographic, or audio record is a class E felony._\n\nSection 2. This act shall take effect on the thirtieth day after it shall have\nbecome a law.\n\nCopyright (C) 2025 State Net  \n  \n---\n\n",
      "latest_version": true
    }
  ]
}