{
  "bill_id": "NY2025000A907",
  "source_url": "http://custom.statenet.com/public/resources.cgi?id=ID:bill:NY2025000A907&cuiq=93d84396-c63b-526a-b152-38b7f79b4cfd&client_md=e4f6fea4-27b4-5d41-b7d3-766fe52569f0",
  "versions": [
    {
      "date": "01/08/2025",
      "label": "Introduced",
      "url": "https://custom.statenet.com/public/resources.cgi?mode=show_text&id=ID:bill:NY2025000A907&verid=NY2025000A907_20250108_0_I&",
      "raw_html": "<html>\n<head>\n<title>Bill Resource</title>\n\n<!--   <link href=\"https://custom.statenet.com/network/Common/css/extregtext.css\" rel=\"stylesheet\" type=\"text/css\" />-->\n   <link href=\"https://custom.statenet.com/network/Common/css/xmltext-2.0.css\" rel=\"stylesheet\" type=\"text/css\" />\n   <link href=\"https://custom.statenet.com/network/Common/css/additional-text.css\" rel=\"stylesheet\" type=\"text/css\" />\n\n\t<style type=\"text/css\">\n<!--\n\ntd, body {\n     background-color: white;\n\tfont-family: Verdana, Arial, Helvetica, sans-serif;\n\tfont-size: 12px;\n}\n\n.resourceContainer {\n   border: 1px solid black;\n}\n-->\n</style>\n</head>\n<body>\n\n    <div style=\"width: 750px; margin: auto\">\n       <div style=\"font-size: .8em;margin-bottom: 10px\"><table width=\"100%\"><tr><td align=\"left\" style=\"font-size: .8em;\"><div>The following has special meaning:</div>\n<div><u class=\"amendmentInsertedText\">green underline denotes added text</u></div>\n<div><strike class=\"amendmentDeletedText\">red struck out text denotes deleted text</strike></div></td> <td align=\"right\"><a href=\"https://www.lexisnexis.com/statenet/\"><img alt=\"Powered by State Net\" src=\"https://custom.statenet.com/network/poweredby.gif\" /></a></td></tr></table></div><table id=\"text-identifier\"><tr><td class=\"key\">2025 NY A 907</td> <td><table><tr><td class=\"label\">Author:</td> <td>Paulin</td></tr> <tr><td class=\"label\">Version:</td> <td>Introduced</td></tr> <tr><td class=\"label\">Version Date:</td> <td>01/08/2025</td></tr></table></td></tr></table><div class=\"documentBody\">\n  <a name=\"head_document_section\"></a><div class=\"head\">\n   <p class=\"center\">\n    <b>STATE OF NEW YORK</b>\n   </p>\n   <p class=\"center\">907 </p>\n   <p class=\"center\">2025-2026 Regular Sessions </p>\n   <p class=\"center\">\n    <b>IN ASSEMBLY</b>\n   </p>\n   <p class=\"indent\">\n    <u class=\"amendmentInsertedText\">(Prefiled)</u>\n   </p>\n   <p class=\"center\">January 8, 2025 </p>\n   <p class=\"indent\">Introduced by M. of A. PAULIN, VANEL -- read once and referred to the Committee on Governmental Operations </p>\n  </div>\n  <a name=\"title_document_section\"></a><div class=\"title\">\n   <p class=\"indent\">AN ACT to amend the executive law, in relation to the use of automatic license plate reader systems </p>\n  </div>\n  <a name=\"text_document_section\"></a><div class=\"text\">\n   <span>\n    <p class=\"indent\">\n     <b>The People of the State of New York, represented in Senate and Assembly, do enact as follows:</b>\n    </p>\n   </span>\n   <p class=\"indent\">Section 1. Section 840 of the executive law is amended by adding a new subdivision 8 to read as follows: </p>\n   <p class=\"indent\">\n    <u class=\"amendmentInsertedText\">8. The council shall, in addition:</u>\n   </p>\n   <p class=\"indent\">\n    <u class=\"amendmentInsertedText\">(a) Develop, maintain and disseminate a minimum standards policy governing the use of automatic license plate reader systems. The minimum standards policy shall include, but not be limited to, provisions on permissible uses of the automatic license plate reader technology, data sharing and dissemination, prohibited uses, record retention and management, and training. For purposes of this section, &quot;automatic license plate reader system&quot; or &quot;ALPR system&quot; shall mean a system of one or more mobile or fixed high-speed cameras used in combination with computer algorithms to convert images of license plates into computer-readable data.</u>\n   </p>\n   <p class=\"indent\">\n    <u class=\"amendmentInsertedText\">(b) Recommend to the governor, the temporary president of the senate and the speaker of the assembly, rules and regulations with respect to the establishment and implementation on an ongoing basis of a training program for all current and new police officers regarding the policies and procedures established pursuant to this subdivision, along with recommendations for periodic retraining of police officers.</u>\n   </p>\n   <p class=\"indent\">Section 2. The executive law is amended by adding a new section 837-y to read as follows: </p>\n   <p class=\"indent\">\n    <u class=\"amendmentInsertedText\">Section 837-y. Disclosure of the minimum standards policy for automatic license plate readers by law enforcement agencies. All state and local enforcement agencies shall conspicuously post the minimum standards for the use of automatic license plate reader systems policy, as promulgated under section eight hundred forty of this article on its website, or if such law enforcement agency does not maintain a website, in its main office. Such policy shall be made available to the public upon request.</u>\n   </p>\n   <p class=\"indent\">Section 3. This act shall take effect one year after it shall have become a law. Effective immediately, the addition, amendment and/or repeal of any rule or regulation necessary for the implementation of this act on its effective date are authorized to be made and completed on or before such effective date.</p>\n  </div>\n </div>\n    </div>\t\n<table cellpadding=0 cellspacing=0 width=\"100%\">\n   <tr>\n      <td>\n          Copyright &copy; 2025 State Net\n      </td>\n<BR>\n<!--???MOVED INTO resources.cgi      <td align=\"right\">\n          <img src=\"https://custom.statenet.com/network/poweredby.gif\" alt=\"Powered by State Net\">\n      </td>-->\n\n    </tr>\n</table>\n</body></html>\n",
      "markdown": "The following has special meaning: _green underline denotes added text_ ~~red struck out text denotes deleted text~~ | [![Powered by State Net](https://custom.statenet.com/network/poweredby.gif)](https://www.lexisnexis.com/statenet/)  \n---|---  \n  \n2025 NY A 907 | | Author: | Paulin  \n---|---  \nVersion: | Introduced  \nVersion Date: | 01/08/2025  \n  \n**STATE OF NEW YORK**\n\n907\n\n2025-2026 Regular Sessions\n\n**IN ASSEMBLY**\n\n_(Prefiled)_\n\nJanuary 8, 2025\n\nIntroduced by M. of A. PAULIN, VANEL -- read once and referred to the\nCommittee on Governmental Operations\n\nAN ACT to amend the executive law, in relation to the use of automatic license\nplate reader systems\n\n**The People of the State of New York, represented in Senate and Assembly, do\nenact as follows:**\n\nSection 1. Section 840 of the executive law is amended by adding a new\nsubdivision 8 to read as follows:\n\n_8\\. The council shall, in addition:_\n\n_(a) Develop, maintain and disseminate a minimum standards policy governing\nthe use of automatic license plate reader systems. The minimum standards\npolicy shall include, but not be limited to, provisions on permissible uses of\nthe automatic license plate reader technology, data sharing and dissemination,\nprohibited uses, record retention and management, and training. For purposes\nof this section, \"automatic license plate reader system\" or \"ALPR system\"\nshall mean a system of one or more mobile or fixed high-speed cameras used in\ncombination with computer algorithms to convert images of license plates into\ncomputer-readable data._\n\n_(b) Recommend to the governor, the temporary president of the senate and the\nspeaker of the assembly, rules and regulations with respect to the\nestablishment and implementation on an ongoing basis of a training program for\nall current and new police officers regarding the policies and procedures\nestablished pursuant to this subdivision, along with recommendations for\nperiodic retraining of police officers._\n\nSection 2. The executive law is amended by adding a new section 837-y to read\nas follows:\n\n_Section 837-y. Disclosure of the minimum standards policy for automatic\nlicense plate readers by law enforcement agencies. All state and local\nenforcement agencies shall conspicuously post the minimum standards for the\nuse of automatic license plate reader systems policy, as promulgated under\nsection eight hundred forty of this article on its website, or if such law\nenforcement agency does not maintain a website, in its main office. Such\npolicy shall be made available to the public upon request._\n\nSection 3. This act shall take effect one year after it shall have become a\nlaw. Effective immediately, the addition, amendment and/or repeal of any rule\nor regulation necessary for the implementation of this act on its effective\ndate are authorized to be made and completed on or before such effective date.\n\nCopyright (C) 2025 State Net  \n  \n---\n\n",
      "latest_version": true
    }
  ]
}