{
  "bill_id": "NY2025000S2487",
  "source_url": "http://custom.statenet.com/public/resources.cgi?id=ID:bill:NY2025000S2487&cuiq=93d84396-c63b-526a-b152-38b7f79b4cfd&client_md=e4f6fea4-27b4-5d41-b7d3-766fe52569f0",
  "versions": [
    {
      "date": "01/21/2025",
      "label": "Introduced",
      "url": "https://custom.statenet.com/public/resources.cgi?mode=show_text&id=ID:bill:NY2025000S2487&verid=NY2025000S2487_20250121_0_I&",
      "raw_html": "<html>\n<head>\n<title>Bill Resource</title>\n\n<!--   <link href=\"https://custom.statenet.com/network/Common/css/extregtext.css\" rel=\"stylesheet\" type=\"text/css\" />-->\n   <link href=\"https://custom.statenet.com/network/Common/css/xmltext-2.0.css\" rel=\"stylesheet\" type=\"text/css\" />\n   <link href=\"https://custom.statenet.com/network/Common/css/additional-text.css\" rel=\"stylesheet\" type=\"text/css\" />\n\n\t<style type=\"text/css\">\n<!--\n\ntd, body {\n     background-color: white;\n\tfont-family: Verdana, Arial, Helvetica, sans-serif;\n\tfont-size: 12px;\n}\n\n.resourceContainer {\n   border: 1px solid black;\n}\n-->\n</style>\n</head>\n<body>\n\n    <div style=\"width: 750px; margin: auto\">\n       <div style=\"font-size: .8em;margin-bottom: 10px\"><table width=\"100%\"><tr><td align=\"left\" style=\"font-size: .8em;\"><div>The following has special meaning:</div>\n<div><u class=\"amendmentInsertedText\">green underline denotes added text</u></div>\n<div><strike class=\"amendmentDeletedText\">red struck out text denotes deleted text</strike></div></td> <td align=\"right\"><a href=\"https://www.lexisnexis.com/statenet/\"><img alt=\"Powered by State Net\" src=\"https://custom.statenet.com/network/poweredby.gif\" /></a></td></tr></table></div><table id=\"text-identifier\"><tr><td class=\"key\">2025 NY S 2487</td> <td><table><tr><td class=\"label\">Author:</td> <td>Parker</td></tr> <tr><td class=\"label\">Version:</td> <td>Introduced</td></tr> <tr><td class=\"label\">Version Date:</td> <td>01/21/2025</td></tr></table></td></tr></table><div class=\"documentBody\">\n  <a name=\"head_document_section\"></a><div class=\"head\">\n   <p class=\"center\">\n    <b>STATE OF NEW YORK</b>\n   </p>\n   <p class=\"center\">2487 </p>\n   <p class=\"center\">2025-2026 Regular Sessions </p>\n   <p class=\"center\">\n    <b>IN SENATE</b>\n   </p>\n   <p class=\"center\">January 21, 2025 </p>\n   <p class=\"indent\">Introduced by Sen. PARKER -- read twice and ordered printed, and when printed to be committed to the Committee on Internet and Technology </p>\n  </div>\n  <a name=\"title_document_section\"></a><div class=\"title\">\n   <p class=\"indent\">AN ACT to amend the state technology law, in relation to enacting the New York artificial intelligence ethics commission act </p>\n  </div>\n  <a name=\"text_document_section\"></a><div class=\"text\">\n   <span>\n    <p class=\"indent\">\n     <b>The People of the State of New York, represented in Senate and Assembly, do enact as follows:</b>\n    </p>\n   </span>\n   <p class=\"indent\">Section 1. Short title. This act shall be known and may be cited as the &quot;New York artificial intelligence ethics commission act&quot;. </p>\n   <p class=\"indent\">Section 2. The state technology law is amended by adding a new section 106-c to read as follows: </p>\n   <p class=\"indent\">\n    <u class=\"amendmentInsertedText\">Section 106-c. 1. New York artificial intelligence ethics commission. The New York artificial intelligence ethics commission (the &quot;commission&quot;) is hereby established. The commission shall serve as a regulatory body to ensure ethical use of artificial intelligence (AI) within New York state agencies and private entities operating within the state.</u>\n   </p>\n   <p class=\"indent\">\n    <u class=\"amendmentInsertedText\">2. For the purposes of this section, the following terms shall have the following meanings:</u>\n   </p>\n   <p class=\"indent\">\n    <u class=\"amendmentInsertedText\">(a) &quot;Artificial intelligence&quot; or &quot;AI&quot; shall mean a machine-based system that can, for a given set of human-defined objectives, make predictions, recommendations, or decisions influencing real or virtual environments.</u>\n   </p>\n   <p class=\"indent\">\n    <u class=\"amendmentInsertedText\">(b) &quot;Use&quot; shall mean the development, deployment, and operation of an AI system.</u>\n   </p>\n   <p class=\"indent\">\n    <u class=\"amendmentInsertedText\">(c) &quot;Crime&quot; shall mean any offense recognized by New York state law.</u>\n   </p>\n   <p class=\"indent\">\n    <u class=\"amendmentInsertedText\">3. The commission shall consist of nine members: three appointed by the governor; two appointed by the temporary president of the senate; one appointed by the minority leader of the senate; two appointed by the speaker of the assembly; one appointed by the minority leader of the assembly, reflective of diverse expertise in AI technology, ethics, law, and public policy.</u>\n   </p>\n   <p class=\"indent\">\n    <u class=\"amendmentInsertedText\">4. The commission shall:</u>\n   </p>\n   <p class=\"indent\">\n    <u class=\"amendmentInsertedText\">(a) establish ethical guidelines and standards for the development and deployment of AI technologies;</u>\n   </p>\n   <p class=\"indent\">\n    <u class=\"amendmentInsertedText\">(b) conduct reviews of AI projects for compliance with ethical standards;</u>\n   </p>\n   <p class=\"indent\">\n    <u class=\"amendmentInsertedText\">(c) provide educational resources for New York state agencies and the public on AI ethics;</u>\n   </p>\n   <p class=\"indent\">\n    <u class=\"amendmentInsertedText\">(d) advise the legislature on AI policy considerations;</u>\n   </p>\n   <p class=\"indent\">\n    <u class=\"amendmentInsertedText\">(e) receive and investigate complaints regarding unethical AI practices; and</u>\n   </p>\n   <p class=\"indent\">\n    <u class=\"amendmentInsertedText\">(f) develop certification for ethical AI systems and conduct periodic audits.</u>\n   </p>\n   <p class=\"indent\">\n    <u class=\"amendmentInsertedText\">5. The commission has the authority to oversee any AI system utilized by:</u>\n   </p>\n   <p class=\"indent\">\n    <u class=\"amendmentInsertedText\">(a) state agencies, for internal operations or public services; and</u>\n   </p>\n   <p class=\"indent\">\n    <u class=\"amendmentInsertedText\">(b) private companies operating in New York state, insofar as their AI usage impacts New York residents.</u>\n   </p>\n   <p class=\"indent\">\n    <u class=\"amendmentInsertedText\">6. No entity doing business in this state shall:</u>\n   </p>\n   <p class=\"indent\">\n    <u class=\"amendmentInsertedText\">(a) utilize AI systems that systematically and unfairly discriminate against individuals or groups based on race, gender, sexuality, disability, or any other protected characteristic;</u>\n   </p>\n   <p class=\"indent\">\n    <u class=\"amendmentInsertedText\">(b) create or disseminate false or misleading information by an AI system to deceive users or the public;</u>\n   </p>\n   <p class=\"indent\">\n    <u class=\"amendmentInsertedText\">(c) use an AI system to unlawfully surveil, record, or disseminate information about an individual without their consent;</u>\n   </p>\n   <p class=\"indent\">\n    <u class=\"amendmentInsertedText\">(d) participate in the unauthorized collection, processing, or dissemination of personal information by an AI system without their consent shall be deemed an infringement of privacy;</u>\n   </p>\n   <p class=\"indent\">\n    <u class=\"amendmentInsertedText\">(e) participate in unauthorized use or reproduction of intellectual property through AI algorithms;</u>\n   </p>\n   <p class=\"indent\">\n    <u class=\"amendmentInsertedText\">(f) fail to implement reasonable safeguards, resulting in harm or material loss through the use of an AI system;</u>\n   </p>\n   <p class=\"indent\">\n    <u class=\"amendmentInsertedText\">(g) conduct AI research that is harmful or without the informed consent of the subjects;</u>\n   </p>\n   <p class=\"indent\">\n    <u class=\"amendmentInsertedText\">(h) intentionally disrupt, damage, or subversion of an AI system to undermine its integrity or performance; or</u>\n   </p>\n   <p class=\"indent\">\n    <u class=\"amendmentInsertedText\">(i) participate in the unauthorized use of someone&#39;s personal identity or data by artificial intelligence systems to commit fraud or theft.</u>\n   </p>\n   <p class=\"indent\">\n    <u class=\"amendmentInsertedText\">7. The commission shall have the power to impose penalties, including fines and injunctions for violations of ethical guidelines established by the commission. Penalties for violations under subdivision six of this section shall be as follows:</u>\n   </p>\n   <p class=\"indent\">\n    <u class=\"amendmentInsertedText\">(a) Where harm is non-economic, a civil penalty, including injunctions and other damages.</u>\n   </p>\n   <p class=\"indent\">\n    <u class=\"amendmentInsertedText\">(b) Where economic harm is established or there is a systematic breach of privacy, criminal offenses shall be prosecuted by the attorney general.</u>\n   </p>\n   <p class=\"indent\">\n    <u class=\"amendmentInsertedText\">8. The commission shall submit annual reports to the governor, the temporary president of the senate, and the speaker of the assembly detailing its activities, audit results, and policy recommendations.</u>\n   </p>\n   <p class=\"indent\">Section 3. This act shall take effect immediately.</p>\n  </div>\n </div>\n    </div>\t\n<table cellpadding=0 cellspacing=0 width=\"100%\">\n   <tr>\n      <td>\n          Copyright &copy; 2025 State Net\n      </td>\n<BR>\n<!--???MOVED INTO resources.cgi      <td align=\"right\">\n          <img src=\"https://custom.statenet.com/network/poweredby.gif\" alt=\"Powered by State Net\">\n      </td>-->\n\n    </tr>\n</table>\n</body></html>\n",
      "markdown": "The following has special meaning: _green underline denotes added text_ ~~red struck out text denotes deleted text~~ | [![Powered by State Net](https://custom.statenet.com/network/poweredby.gif)](https://www.lexisnexis.com/statenet/)  \n---|---  \n  \n2025 NY S 2487 | | Author: | Parker  \n---|---  \nVersion: | Introduced  \nVersion Date: | 01/21/2025  \n  \n**STATE OF NEW YORK**\n\n2487\n\n2025-2026 Regular Sessions\n\n**IN SENATE**\n\nJanuary 21, 2025\n\nIntroduced by Sen. PARKER -- read twice and ordered printed, and when printed\nto be committed to the Committee on Internet and Technology\n\nAN ACT to amend the state technology law, in relation to enacting the New York\nartificial intelligence ethics commission act\n\n**The People of the State of New York, represented in Senate and Assembly, do\nenact as follows:**\n\nSection 1. Short title. This act shall be known and may be cited as the \"New\nYork artificial intelligence ethics commission act\".\n\nSection 2. The state technology law is amended by adding a new section 106-c\nto read as follows:\n\n_Section 106-c. 1. New York artificial intelligence ethics commission. The New\nYork artificial intelligence ethics commission (the \"commission\") is hereby\nestablished. The commission shall serve as a regulatory body to ensure ethical\nuse of artificial intelligence (AI) within New York state agencies and private\nentities operating within the state._\n\n_2\\. For the purposes of this section, the following terms shall have the\nfollowing meanings:_\n\n_(a) \"Artificial intelligence\" or \"AI\" shall mean a machine-based system that\ncan, for a given set of human-defined objectives, make predictions,\nrecommendations, or decisions influencing real or virtual environments._\n\n_(b) \"Use\" shall mean the development, deployment, and operation of an AI\nsystem._\n\n_(c) \"Crime\" shall mean any offense recognized by New York state law._\n\n_3\\. The commission shall consist of nine members: three appointed by the\ngovernor; two appointed by the temporary president of the senate; one\nappointed by the minority leader of the senate; two appointed by the speaker\nof the assembly; one appointed by the minority leader of the assembly,\nreflective of diverse expertise in AI technology, ethics, law, and public\npolicy._\n\n_4\\. The commission shall:_\n\n_(a) establish ethical guidelines and standards for the development and\ndeployment of AI technologies;_\n\n_(b) conduct reviews of AI projects for compliance with ethical standards;_\n\n_(c) provide educational resources for New York state agencies and the public\non AI ethics;_\n\n_(d) advise the legislature on AI policy considerations;_\n\n_(e) receive and investigate complaints regarding unethical AI practices; and_\n\n_(f) develop certification for ethical AI systems and conduct periodic\naudits._\n\n_5\\. The commission has the authority to oversee any AI system utilized by:_\n\n_(a) state agencies, for internal operations or public services; and_\n\n_(b) private companies operating in New York state, insofar as their AI usage\nimpacts New York residents._\n\n_6\\. No entity doing business in this state shall:_\n\n_(a) utilize AI systems that systematically and unfairly discriminate against\nindividuals or groups based on race, gender, sexuality, disability, or any\nother protected characteristic;_\n\n_(b) create or disseminate false or misleading information by an AI system to\ndeceive users or the public;_\n\n_(c) use an AI system to unlawfully surveil, record, or disseminate\ninformation about an individual without their consent;_\n\n_(d) participate in the unauthorized collection, processing, or dissemination\nof personal information by an AI system without their consent shall be deemed\nan infringement of privacy;_\n\n_(e) participate in unauthorized use or reproduction of intellectual property\nthrough AI algorithms;_\n\n_(f) fail to implement reasonable safeguards, resulting in harm or material\nloss through the use of an AI system;_\n\n_(g) conduct AI research that is harmful or without the informed consent of\nthe subjects;_\n\n_(h) intentionally disrupt, damage, or subversion of an AI system to undermine\nits integrity or performance; or_\n\n_(i) participate in the unauthorized use of someone 's personal identity or\ndata by artificial intelligence systems to commit fraud or theft._\n\n_7\\. The commission shall have the power to impose penalties, including fines\nand injunctions for violations of ethical guidelines established by the\ncommission. Penalties for violations under subdivision six of this section\nshall be as follows:_\n\n_(a) Where harm is non-economic, a civil penalty, including injunctions and\nother damages._\n\n_(b) Where economic harm is established or there is a systematic breach of\nprivacy, criminal offenses shall be prosecuted by the attorney general._\n\n_8\\. The commission shall submit annual reports to the governor, the temporary\npresident of the senate, and the speaker of the assembly detailing its\nactivities, audit results, and policy recommendations._\n\nSection 3. This act shall take effect immediately.\n\nCopyright (C) 2025 State Net  \n  \n---\n\n",
      "latest_version": true
    }
  ]
}