{
  "bill_id": "NY2025000A6544",
  "source_url": "http://custom.statenet.com/public/resources.cgi?id=ID:bill:NY2025000A6544&cuiq=93d84396-c63b-526a-b152-38b7f79b4cfd&client_md=e4f6fea4-27b4-5d41-b7d3-766fe52569f0",
  "versions": [
    {
      "date": "03/06/2025",
      "label": "Introduced",
      "url": "https://custom.statenet.com/public/resources.cgi?mode=show_text&id=ID:bill:NY2025000A6544&verid=NY2025000A6544_20250306_0_I&",
      "raw_html": "<html>\n<head>\n<title>Bill Resource</title>\n\n<!--   <link href=\"https://custom.statenet.com/network/Common/css/extregtext.css\" rel=\"stylesheet\" type=\"text/css\" />-->\n   <link href=\"https://custom.statenet.com/network/Common/css/xmltext-2.0.css\" rel=\"stylesheet\" type=\"text/css\" />\n   <link href=\"https://custom.statenet.com/network/Common/css/additional-text.css\" rel=\"stylesheet\" type=\"text/css\" />\n\n\t<style type=\"text/css\">\n<!--\n\ntd, body {\n     background-color: white;\n\tfont-family: Verdana, Arial, Helvetica, sans-serif;\n\tfont-size: 12px;\n}\n\n.resourceContainer {\n   border: 1px solid black;\n}\n-->\n</style>\n</head>\n<body>\n\n    <div style=\"width: 750px; margin: auto\">\n       <div style=\"font-size: .8em;margin-bottom: 10px\"><table width=\"100%\"><tr><td align=\"left\" style=\"font-size: .8em;\"><div>The following has special meaning:</div>\n<div><u class=\"amendmentInsertedText\">green underline denotes added text</u></div>\n<div><strike class=\"amendmentDeletedText\">red struck out text denotes deleted text</strike></div></td> <td align=\"right\"><a href=\"https://www.lexisnexis.com/statenet/\"><img alt=\"Powered by State Net\" src=\"https://custom.statenet.com/network/poweredby.gif\" /></a></td></tr></table></div><table id=\"text-identifier\"><tr><td class=\"key\">2025 NY A 6544</td> <td><table><tr><td class=\"label\">Author:</td> <td>Bores</td></tr> <tr><td class=\"label\">Version:</td> <td>Introduced</td></tr> <tr><td class=\"label\">Version Date:</td> <td>03/06/2025</td></tr></table></td></tr></table><div class=\"documentBody\">\n  <a name=\"head_document_section\"></a><div class=\"head\">\n   <p class=\"center\">\n    <b>STATE OF NEW YORK</b>\n   </p>\n   <p class=\"center\">6544 </p>\n   <p class=\"center\">2025-2026 Regular Sessions </p>\n   <p class=\"center\">\n    <b>IN ASSEMBLY</b>\n   </p>\n   <p class=\"center\">March 6, 2025 </p>\n   <p class=\"indent\">Introduced by M. of A. BORES -- read once and referred to the Committee on Consumer Affairs and Protection </p>\n  </div>\n  <a name=\"title_document_section\"></a><div class=\"title\">\n   <p class=\"indent\">AN ACT to amend the general business law, in relation to requiring delivery businesses to factor compliance with certain vehicle and traffic laws when assigning workers to deliver items </p>\n  </div>\n  <a name=\"text_document_section\"></a><div class=\"text\">\n   <span>\n    <p class=\"indent\">\n     <b>The People of the State of New York, represented in Senate and Assembly, do enact as follows:</b>\n    </p>\n   </span>\n   <p class=\"indent\">Section 1. This act shall be known and may be cited as the &quot;Consider Safety Act&quot;. </p>\n   <p class=\"indent\">Section 2. The general business law is amended by adding a new section 391-x to read as follows: </p>\n   <p class=\"indent\">\n    <u class=\"amendmentInsertedText\">Section 391-x. Delivery service companies; assignment of workers to deliver items. 1. For the purposes of this section, the following terms shall have the following meanings:</u>\n   </p>\n   <p class=\"indent\">\n    <u class=\"amendmentInsertedText\">(a) &quot;Third-party food delivery service&quot; shall have the same meaning as in section three hundred ninety-one-v of this article.</u>\n   </p>\n   <p class=\"indent\">\n    <u class=\"amendmentInsertedText\">(b) &quot;Worker&quot; shall mean a natural person who is hired or retained as an independent contractor by a delivery business to make deliveries in exchange for compensation, when such deliveries involve the operation by such worker of a limited use motorcycle or bicycle with or without electric assist.</u>\n   </p>\n   <p class=\"indent\">\n    <u class=\"amendmentInsertedText\">(c) &quot;Delivery routes&quot; shall mean work involving the same-day delivery or same-day pickup of food and beverage from a food service establishment located in the state.</u>\n   </p>\n   <p class=\"indent\">\n    <u class=\"amendmentInsertedText\">(d) &quot;Delivery route assignment algorithm&quot; shall mean the method by which third-party food delivery services assign delivery routes.</u>\n   </p>\n   <p class=\"indent\">\n    <u class=\"amendmentInsertedText\">2. A third-party food delivery service shall ensure that, when assigning delivery routes to workers involving the operation by a worker of a bicycle with or without electric assist, such assignments of delivery routes shall consider the worker&#39;s history of compliance with the following provisions of law, if data that allows the third-party food delivery service to determine compliance with such provisions are collected by the third-party food delivery service:</u>\n   </p>\n   <p class=\"indent\">\n    <u class=\"amendmentInsertedText\">(a) Section eleven hundred twenty of the vehicle and traffic law, related to driving on the right side of a roadway;</u>\n   </p>\n   <p class=\"indent\">\n    <u class=\"amendmentInsertedText\">(b) Section eleven hundred twenty-seven of the vehicle and traffic law, related to driving on a one-way roadway;</u>\n   </p>\n   <p class=\"indent\">\n    <u class=\"amendmentInsertedText\">(c) Section eleven hundred eighty of the vehicle and traffic law, related to compliance with applicable speed limits;</u>\n   </p>\n   <p class=\"indent\">\n    <u class=\"amendmentInsertedText\">(d) Section twelve hundred twenty-five-a of the vehicle and traffic law, related to driving on or across a sidewalk; and</u>\n   </p>\n   <p class=\"indent\">\n    <u class=\"amendmentInsertedText\">(e) Section eleven hundred eleven of the vehicle and traffic law, related to obeying red light traffic signals.</u>\n   </p>\n   <p class=\"indent\">\n    <u class=\"amendmentInsertedText\">3. In any delivery route assignment algorithm that assigns delivery routes to workers involving the operation by a worker of a bicycle with or without electric assist, the worker&#39;s compliance with the provisions of the vehicle and traffic laws cited in subdivision two of this section shall be weighted at least as much as the combined weight of all factors pertaining to speed and efficiency. In the event that there are more workers available to make deliveries than pending deliveries that need to be made, a third-party food delivery service shall make a good faith effort to assign deliveries to workers with a higher rate of compliance with the vehicle and traffic laws cited in subdivision two of this section.</u>\n   </p>\n   <p class=\"indent\">\n    <u class=\"amendmentInsertedText\">4. Third-party food delivery services that do not already collect data on a worker&#39;s compliance with the vehicle and traffic laws cited in subdivision two of this section in the ordinary course of business shall not be required to begin collecting such data to comply with this section; provided, however, that if data on a worker&#39;s compliance with the vehicle and traffic laws cited in subdivision two of this section is collected by the third-party food delivery service or was being collected by the third-party food delivery service as of the effective date of this section, then the delivery business shall be subject to the provisions of subdivisions two and three of this section even if such data was not being factored into any delivery route assignment algorithms prior to the effective date of this section.</u>\n   </p>\n   <p class=\"indent\">\n    <u class=\"amendmentInsertedText\">5. The attorney general may bring a civil action against any delivery business that is in violation of this section to: (a) enjoin the violation; and (b) recover a civil penalty of up to one thousand dollars per route assigned per day of non-compliance.</u>\n   </p>\n   <p class=\"indent\">\n    <u class=\"amendmentInsertedText\">6. No data collected pursuant to this section shall be disclosed or otherwise made accessible except:</u>\n   </p>\n   <p class=\"indent\">\n    <u class=\"amendmentInsertedText\">(a) to the worker who is the subject of such data;</u>\n   </p>\n   <p class=\"indent\">\n    <u class=\"amendmentInsertedText\">(b) if necessary to comply with a lawful court order, warrant, or federal law; or</u>\n   </p>\n   <p class=\"indent\">\n    <u class=\"amendmentInsertedText\">(c) to the attorney general for the purpose of determining compliance with this section.</u>\n   </p>\n   <p class=\"indent\">Section 3. This act shall take effect on the one hundred eightieth day after it shall have become a law.</p>\n  </div>\n </div>\n    </div>\t\n<table cellpadding=0 cellspacing=0 width=\"100%\">\n   <tr>\n      <td>\n          Copyright &copy; 2025 State Net\n      </td>\n<BR>\n<!--???MOVED INTO resources.cgi      <td align=\"right\">\n          <img src=\"https://custom.statenet.com/network/poweredby.gif\" alt=\"Powered by State Net\">\n      </td>-->\n\n    </tr>\n</table>\n</body></html>\n",
      "markdown": "The following has special meaning: _green underline denotes added text_ ~~red struck out text denotes deleted text~~ | [![Powered by State Net](https://custom.statenet.com/network/poweredby.gif)](https://www.lexisnexis.com/statenet/)  \n---|---  \n  \n2025 NY A 6544 | | Author: | Bores  \n---|---  \nVersion: | Introduced  \nVersion Date: | 03/06/2025  \n  \n**STATE OF NEW YORK**\n\n6544\n\n2025-2026 Regular Sessions\n\n**IN ASSEMBLY**\n\nMarch 6, 2025\n\nIntroduced by M. of A. BORES -- read once and referred to the Committee on\nConsumer Affairs and Protection\n\nAN ACT to amend the general business law, in relation to requiring delivery\nbusinesses to factor compliance with certain vehicle and traffic laws when\nassigning workers to deliver items\n\n**The People of the State of New York, represented in Senate and Assembly, do\nenact as follows:**\n\nSection 1. This act shall be known and may be cited as the \"Consider Safety\nAct\".\n\nSection 2. The general business law is amended by adding a new section 391-x\nto read as follows:\n\n_Section 391-x. Delivery service companies; assignment of workers to deliver\nitems. 1. For the purposes of this section, the following terms shall have the\nfollowing meanings:_\n\n_(a) \"Third-party food delivery service\" shall have the same meaning as in\nsection three hundred ninety-one-v of this article._\n\n_(b) \"Worker\" shall mean a natural person who is hired or retained as an\nindependent contractor by a delivery business to make deliveries in exchange\nfor compensation, when such deliveries involve the operation by such worker of\na limited use motorcycle or bicycle with or without electric assist._\n\n_(c) \"Delivery routes\" shall mean work involving the same-day delivery or\nsame-day pickup of food and beverage from a food service establishment located\nin the state._\n\n_(d) \"Delivery route assignment algorithm\" shall mean the method by which\nthird-party food delivery services assign delivery routes._\n\n_2\\. A third-party food delivery service shall ensure that, when assigning\ndelivery routes to workers involving the operation by a worker of a bicycle\nwith or without electric assist, such assignments of delivery routes shall\nconsider the worker 's history of compliance with the following provisions of\nlaw, if data that allows the third-party food delivery service to determine\ncompliance with such provisions are collected by the third-party food delivery\nservice:_\n\n_(a) Section eleven hundred twenty of the vehicle and traffic law, related to\ndriving on the right side of a roadway;_\n\n_(b) Section eleven hundred twenty-seven of the vehicle and traffic law,\nrelated to driving on a one-way roadway;_\n\n_(c) Section eleven hundred eighty of the vehicle and traffic law, related to\ncompliance with applicable speed limits;_\n\n_(d) Section twelve hundred twenty-five-a of the vehicle and traffic law,\nrelated to driving on or across a sidewalk; and_\n\n_(e) Section eleven hundred eleven of the vehicle and traffic law, related to\nobeying red light traffic signals._\n\n_3\\. In any delivery route assignment algorithm that assigns delivery routes\nto workers involving the operation by a worker of a bicycle with or without\nelectric assist, the worker 's compliance with the provisions of the vehicle\nand traffic laws cited in subdivision two of this section shall be weighted at\nleast as much as the combined weight of all factors pertaining to speed and\nefficiency. In the event that there are more workers available to make\ndeliveries than pending deliveries that need to be made, a third-party food\ndelivery service shall make a good faith effort to assign deliveries to\nworkers with a higher rate of compliance with the vehicle and traffic laws\ncited in subdivision two of this section._\n\n_4\\. Third-party food delivery services that do not already collect data on a\nworker 's compliance with the vehicle and traffic laws cited in subdivision\ntwo of this section in the ordinary course of business shall not be required\nto begin collecting such data to comply with this section; provided, however,\nthat if data on a worker's compliance with the vehicle and traffic laws cited\nin subdivision two of this section is collected by the third-party food\ndelivery service or was being collected by the third-party food delivery\nservice as of the effective date of this section, then the delivery business\nshall be subject to the provisions of subdivisions two and three of this\nsection even if such data was not being factored into any delivery route\nassignment algorithms prior to the effective date of this section._\n\n_5\\. The attorney general may bring a civil action against any delivery\nbusiness that is in violation of this section to: (a) enjoin the violation;\nand (b) recover a civil penalty of up to one thousand dollars per route\nassigned per day of non-compliance._\n\n_6\\. No data collected pursuant to this section shall be disclosed or\notherwise made accessible except:_\n\n_(a) to the worker who is the subject of such data;_\n\n_(b) if necessary to comply with a lawful court order, warrant, or federal\nlaw; or_\n\n_(c) to the attorney general for the purpose of determining compliance with\nthis section._\n\nSection 3. This act shall take effect on the one hundred eightieth day after\nit shall have become a law.\n\nCopyright (C) 2025 State Net  \n  \n---\n\n",
      "latest_version": false
    },
    {
      "date": "03/24/2025",
      "label": "Amended",
      "url": "https://custom.statenet.com/public/resources.cgi?mode=show_text&id=ID:bill:NY2025000A6544&verid=NY2025000A6544_20250324_0_A&",
      "raw_html": "<html>\n<head>\n<title>Bill Resource</title>\n\n<!--   <link href=\"https://custom.statenet.com/network/Common/css/extregtext.css\" rel=\"stylesheet\" type=\"text/css\" />-->\n   <link href=\"https://custom.statenet.com/network/Common/css/xmltext-2.0.css\" rel=\"stylesheet\" type=\"text/css\" />\n   <link href=\"https://custom.statenet.com/network/Common/css/additional-text.css\" rel=\"stylesheet\" type=\"text/css\" />\n\n\t<style type=\"text/css\">\n<!--\n\ntd, body {\n     background-color: white;\n\tfont-family: Verdana, Arial, Helvetica, sans-serif;\n\tfont-size: 12px;\n}\n\n.resourceContainer {\n   border: 1px solid black;\n}\n-->\n</style>\n</head>\n<body>\n\n    <div style=\"width: 750px; margin: auto\">\n       <div style=\"font-size: .8em;margin-bottom: 10px\"><table width=\"100%\"><tr><td align=\"left\" style=\"font-size: .8em;\"><div>The following has special meaning:</div>\n<div><u class=\"amendmentInsertedText\">green underline denotes added text</u></div>\n<div><strike class=\"amendmentDeletedText\">red struck out text denotes deleted text</strike></div></td> <td align=\"right\"><a href=\"https://www.lexisnexis.com/statenet/\"><img alt=\"Powered by State Net\" src=\"https://custom.statenet.com/network/poweredby.gif\" /></a></td></tr></table></div><table id=\"text-identifier\"><tr><td class=\"key\">2025 NY A 6544</td> <td><table><tr><td class=\"label\">Author:</td> <td>Bores</td></tr> <tr><td class=\"label\">Version:</td> <td>Amended</td></tr> <tr><td class=\"label\">Version Date:</td> <td>03/24/2025</td></tr></table></td></tr></table><div class=\"documentBody\">\n  <a name=\"head_document_section\"></a><div class=\"head\">\n   <p class=\"center\">\n    <b>STATE OF NEW YORK</b>\n   </p>\n   <p class=\"center\">6544--A </p>\n   <p class=\"center\">2025-2026 Regular Sessions </p>\n   <p class=\"center\">\n    <b>IN ASSEMBLY</b>\n   </p>\n   <p class=\"center\">March 6, 2025 </p>\n   <p class=\"indent\">Introduced by M. of A. BORES -- read once and referred to the Committee on Consumer Affairs and Protection -- committee discharged, bill amended, ordered reprinted as amended and recommitted to said committee </p>\n  </div>\n  <a name=\"title_document_section\"></a><div class=\"title\">\n   <p class=\"indent\">AN ACT to amend the general business law, in relation to requiring delivery businesses to factor compliance with certain vehicle and traffic laws when assigning workers to deliver items </p>\n  </div>\n  <a name=\"text_document_section\"></a><div class=\"text\">\n   <span>\n    <p class=\"indent\">\n     <b>The People of the State of New York, represented in Senate and Assembly, do enact as follows:</b>\n    </p>\n   </span>\n   <p class=\"indent\">Section 1. This act shall be known and may be cited as the &quot;Consider Safety Act&quot;. </p>\n   <p class=\"indent\">Section 2. The general business law is amended by adding a new section 391-x to read as follows: </p>\n   <p class=\"indent\">\n    <u class=\"amendmentInsertedText\">Section 391-x. Delivery service companies; assignment of workers to deliver items. 1. For the purposes of this section, the following terms shall have the following meanings:</u>\n   </p>\n   <p class=\"indent\">\n    <u class=\"amendmentInsertedText\">(a) &quot;Third-party food delivery service&quot; shall have the same meaning as in section three hundred ninety-one-v of this article.</u>\n   </p>\n   <p class=\"indent\">\n    <u class=\"amendmentInsertedText\">(b) &quot;Worker&quot; shall mean a natural person who is hired or retained as an independent contractor by a delivery business to make deliveries in exchange for compensation, when such deliveries involve the operation by such worker of a limited use motorcycle or bicycle with or without electric assist.</u>\n   </p>\n   <p class=\"indent\">\n    <u class=\"amendmentInsertedText\">(c) &quot;Delivery routes&quot; shall mean work involving the same-day delivery or same-day pickup of food and beverage from a food service establishment located in the state.</u>\n   </p>\n   <p class=\"indent\">\n    <u class=\"amendmentInsertedText\">(d) &quot;Delivery route assignment algorithm&quot; shall mean the method by which third-party food delivery services assign delivery routes.</u>\n   </p>\n   <p class=\"indent\">\n    <u class=\"amendmentInsertedText\">2. A third-party food delivery service shall ensure that, when assigning delivery routes to workers involving the operation by a worker of a bicycle with or without electric assist, such assignments of delivery routes shall consider the worker&#39;s history of compliance with the following provisions of law, if data that allows the third-party food delivery service to determine compliance with such provisions are collected by the third-party food delivery service:</u>\n   </p>\n   <p class=\"indent\">\n    <u class=\"amendmentInsertedText\">(a) Section eleven hundred twenty of the vehicle and traffic law, related to driving on the right side of a roadway;</u>\n   </p>\n   <p class=\"indent\">\n    <u class=\"amendmentInsertedText\">(b) Section eleven hundred twenty-seven of the vehicle and traffic law, related to driving on a one-way roadway;</u>\n   </p>\n   <p class=\"indent\">\n    <u class=\"amendmentInsertedText\">(c) Section eleven hundred eighty of the vehicle and traffic law, related to compliance with applicable speed limits;</u>\n   </p>\n   <p class=\"indent\">\n    <u class=\"amendmentInsertedText\">(d) Section twelve hundred twenty-five-a of the vehicle and traffic law, related to driving on or across a sidewalk; and</u>\n   </p>\n   <p class=\"indent\">\n    <u class=\"amendmentInsertedText\">(e) Section eleven hundred eleven of the vehicle and traffic law, related to obeying red light traffic signals.</u>\n   </p>\n   <p class=\"indent\">\n    <u class=\"amendmentInsertedText\">3. In any delivery route assignment algorithm that assigns delivery routes to workers involving the operation by a worker of a bicycle with or without electric assist, the worker&#39;s compliance with the provisions of the vehicle and traffic laws cited in subdivision two of this section shall be weighted at least as much as the combined weight of all factors pertaining to speed and efficiency. In the event that there are more workers available to make deliveries than pending deliveries that need to be made, a third-party food delivery service shall make a good faith effort to assign deliveries to workers with a higher rate of compliance with the vehicle and traffic laws cited in subdivision two of this section.</u>\n   </p>\n   <p class=\"indent\">\n    <u class=\"amendmentInsertedText\">4. Third-party food delivery services that do not already collect data on a worker&#39;s compliance with the vehicle and traffic laws cited in subdivision two of this section in the ordinary course of business shall not be required to begin collecting such data to comply with this section; provided, however, that if data on a worker&#39;s compliance with the vehicle and traffic laws cited in subdivision two of this section is collected by the third-party food delivery service or was being collected by the third-party food delivery service as of the effective date of this section, then the delivery business shall be subject to the provisions of subdivisions two and three of this section even if such data was not being factored into any delivery route assignment algorithms prior to the effective date of this section.</u>\n   </p>\n   <p class=\"indent\">\n    <u class=\"amendmentInsertedText\">For the purposes of this section, third-party food delivery services shall, with respect to the state of New York and any counties, cities, towns and villages within the state where such services operate, be required to collect and utilize the following data for the purpose of effectuating this section: (a) publicly available data noting a maximum speed limit on a given roadway; and (b) whether a given roadway is designated or signposted for one-way traffic.</u>\n   </p>\n   <p class=\"indent\">\n    <u class=\"amendmentInsertedText\">5. The attorney general may bring a civil action against any delivery business that is in violation of this section to: (a) enjoin the violation; and (b) recover a civil penalty of up to one thousand dollars per route assigned per day of non-compliance.</u>\n   </p>\n   <p class=\"indent\">\n    <u class=\"amendmentInsertedText\">6. No data collected pursuant to this section shall be disclosed or otherwise made accessible except:</u>\n   </p>\n   <p class=\"indent\">\n    <u class=\"amendmentInsertedText\">(a) to the worker who is the subject of such data;</u>\n   </p>\n   <p class=\"indent\">\n    <u class=\"amendmentInsertedText\">(b) if necessary to comply with a lawful court order, warrant, or federal law; or</u>\n   </p>\n   <p class=\"indent\">\n    <u class=\"amendmentInsertedText\">(c) to the attorney general for the purpose of determining compliance with this section.</u>\n   </p>\n   <p class=\"indent\">Section 3. This act shall take effect on the one hundred eightieth day after it shall have become a law.</p>\n  </div>\n </div>\n    </div>\t\n<table cellpadding=0 cellspacing=0 width=\"100%\">\n   <tr>\n      <td>\n          Copyright &copy; 2025 State Net\n      </td>\n<BR>\n<!--???MOVED INTO resources.cgi      <td align=\"right\">\n          <img src=\"https://custom.statenet.com/network/poweredby.gif\" alt=\"Powered by State Net\">\n      </td>-->\n\n    </tr>\n</table>\n</body></html>\n",
      "markdown": "The following has special meaning: _green underline denotes added text_ ~~red struck out text denotes deleted text~~ | [![Powered by State Net](https://custom.statenet.com/network/poweredby.gif)](https://www.lexisnexis.com/statenet/)  \n---|---  \n  \n2025 NY A 6544 | | Author: | Bores  \n---|---  \nVersion: | Amended  \nVersion Date: | 03/24/2025  \n  \n**STATE OF NEW YORK**\n\n6544--A\n\n2025-2026 Regular Sessions\n\n**IN ASSEMBLY**\n\nMarch 6, 2025\n\nIntroduced by M. of A. BORES -- read once and referred to the Committee on\nConsumer Affairs and Protection -- committee discharged, bill amended, ordered\nreprinted as amended and recommitted to said committee\n\nAN ACT to amend the general business law, in relation to requiring delivery\nbusinesses to factor compliance with certain vehicle and traffic laws when\nassigning workers to deliver items\n\n**The People of the State of New York, represented in Senate and Assembly, do\nenact as follows:**\n\nSection 1. This act shall be known and may be cited as the \"Consider Safety\nAct\".\n\nSection 2. The general business law is amended by adding a new section 391-x\nto read as follows:\n\n_Section 391-x. Delivery service companies; assignment of workers to deliver\nitems. 1. For the purposes of this section, the following terms shall have the\nfollowing meanings:_\n\n_(a) \"Third-party food delivery service\" shall have the same meaning as in\nsection three hundred ninety-one-v of this article._\n\n_(b) \"Worker\" shall mean a natural person who is hired or retained as an\nindependent contractor by a delivery business to make deliveries in exchange\nfor compensation, when such deliveries involve the operation by such worker of\na limited use motorcycle or bicycle with or without electric assist._\n\n_(c) \"Delivery routes\" shall mean work involving the same-day delivery or\nsame-day pickup of food and beverage from a food service establishment located\nin the state._\n\n_(d) \"Delivery route assignment algorithm\" shall mean the method by which\nthird-party food delivery services assign delivery routes._\n\n_2\\. A third-party food delivery service shall ensure that, when assigning\ndelivery routes to workers involving the operation by a worker of a bicycle\nwith or without electric assist, such assignments of delivery routes shall\nconsider the worker 's history of compliance with the following provisions of\nlaw, if data that allows the third-party food delivery service to determine\ncompliance with such provisions are collected by the third-party food delivery\nservice:_\n\n_(a) Section eleven hundred twenty of the vehicle and traffic law, related to\ndriving on the right side of a roadway;_\n\n_(b) Section eleven hundred twenty-seven of the vehicle and traffic law,\nrelated to driving on a one-way roadway;_\n\n_(c) Section eleven hundred eighty of the vehicle and traffic law, related to\ncompliance with applicable speed limits;_\n\n_(d) Section twelve hundred twenty-five-a of the vehicle and traffic law,\nrelated to driving on or across a sidewalk; and_\n\n_(e) Section eleven hundred eleven of the vehicle and traffic law, related to\nobeying red light traffic signals._\n\n_3\\. In any delivery route assignment algorithm that assigns delivery routes\nto workers involving the operation by a worker of a bicycle with or without\nelectric assist, the worker 's compliance with the provisions of the vehicle\nand traffic laws cited in subdivision two of this section shall be weighted at\nleast as much as the combined weight of all factors pertaining to speed and\nefficiency. In the event that there are more workers available to make\ndeliveries than pending deliveries that need to be made, a third-party food\ndelivery service shall make a good faith effort to assign deliveries to\nworkers with a higher rate of compliance with the vehicle and traffic laws\ncited in subdivision two of this section._\n\n_4\\. Third-party food delivery services that do not already collect data on a\nworker 's compliance with the vehicle and traffic laws cited in subdivision\ntwo of this section in the ordinary course of business shall not be required\nto begin collecting such data to comply with this section; provided, however,\nthat if data on a worker's compliance with the vehicle and traffic laws cited\nin subdivision two of this section is collected by the third-party food\ndelivery service or was being collected by the third-party food delivery\nservice as of the effective date of this section, then the delivery business\nshall be subject to the provisions of subdivisions two and three of this\nsection even if such data was not being factored into any delivery route\nassignment algorithms prior to the effective date of this section._\n\n_For the purposes of this section, third-party food delivery services shall,\nwith respect to the state of New York and any counties, cities, towns and\nvillages within the state where such services operate, be required to collect\nand utilize the following data for the purpose of effectuating this section:\n(a) publicly available data noting a maximum speed limit on a given roadway;\nand (b) whether a given roadway is designated or signposted for one-way\ntraffic._\n\n_5\\. The attorney general may bring a civil action against any delivery\nbusiness that is in violation of this section to: (a) enjoin the violation;\nand (b) recover a civil penalty of up to one thousand dollars per route\nassigned per day of non-compliance._\n\n_6\\. No data collected pursuant to this section shall be disclosed or\notherwise made accessible except:_\n\n_(a) to the worker who is the subject of such data;_\n\n_(b) if necessary to comply with a lawful court order, warrant, or federal\nlaw; or_\n\n_(c) to the attorney general for the purpose of determining compliance with\nthis section._\n\nSection 3. This act shall take effect on the one hundred eightieth day after\nit shall have become a law.\n\nCopyright (C) 2025 State Net  \n  \n---\n\n",
      "latest_version": true
    }
  ]
}