{
  "bill_id": "NY2025000S1228",
  "source_url": "http://custom.statenet.com/public/resources.cgi?id=ID:bill:NY2025000S1228&cuiq=93d84396-c63b-526a-b152-38b7f79b4cfd&client_md=e4f6fea4-27b4-5d41-b7d3-766fe52569f0",
  "versions": [
    {
      "date": "01/08/2025",
      "label": "Introduced",
      "url": "https://custom.statenet.com/public/resources.cgi?mode=show_text&id=ID:bill:NY2025000S1228&verid=NY2025000S1228_20250108_0_I&",
      "raw_html": "<html>\n<head>\n<title>Bill Resource</title>\n\n<!--   <link href=\"https://custom.statenet.com/network/Common/css/extregtext.css\" rel=\"stylesheet\" type=\"text/css\" />-->\n   <link href=\"https://custom.statenet.com/network/Common/css/xmltext-2.0.css\" rel=\"stylesheet\" type=\"text/css\" />\n   <link href=\"https://custom.statenet.com/network/Common/css/additional-text.css\" rel=\"stylesheet\" type=\"text/css\" />\n\n\t<style type=\"text/css\">\n<!--\n\ntd, body {\n     background-color: white;\n\tfont-family: Verdana, Arial, Helvetica, sans-serif;\n\tfont-size: 12px;\n}\n\n.resourceContainer {\n   border: 1px solid black;\n}\n-->\n</style>\n</head>\n<body>\n\n    <div style=\"width: 750px; margin: auto\">\n       <div style=\"font-size: .8em;margin-bottom: 10px\"><table width=\"100%\"><tr><td align=\"left\" style=\"font-size: .8em;\"><div>The following has special meaning:</div>\n<div><u class=\"amendmentInsertedText\">green underline denotes added text</u></div>\n<div><strike class=\"amendmentDeletedText\">red struck out text denotes deleted text</strike></div></td> <td align=\"right\"><a href=\"https://www.lexisnexis.com/statenet/\"><img alt=\"Powered by State Net\" src=\"https://custom.statenet.com/network/poweredby.gif\" /></a></td></tr></table></div><table id=\"text-identifier\"><tr><td class=\"key\">2025 NY S 1228</td> <td><table><tr><td class=\"label\">Author:</td> <td>Gianaris</td></tr> <tr><td class=\"label\">Version:</td> <td>Introduced</td></tr> <tr><td class=\"label\">Version Date:</td> <td>01/08/2025</td></tr></table></td></tr></table><div class=\"documentBody\">\n  <a name=\"head_document_section\"></a><div class=\"head\">\n   <p class=\"center\">\n    <b>STATE OF NEW YORK</b>\n   </p>\n   <p class=\"center\">1228 </p>\n   <p class=\"center\">2025-2026 Regular Sessions </p>\n   <p class=\"center\">\n    <b>IN SENATE</b>\n   </p>\n   <p class=\"center\">January 8, 2025 </p>\n   <p class=\"indent\">Introduced by Sen. GIANARIS -- read twice and ordered printed, and when printed to be committed to the Committee on Consumer Protection </p>\n  </div>\n  <a name=\"title_document_section\"></a><div class=\"title\">\n   <p class=\"indent\">AN ACT to amend the general business law, in relation to requiring advertisements to disclose the use of a synthetic performer </p>\n  </div>\n  <a name=\"text_document_section\"></a><div class=\"text\">\n   <span>\n    <p class=\"indent\">\n     <b>The People of the State of New York, represented in Senate and Assembly, do enact as follows:</b>\n    </p>\n   </span>\n   <p class=\"indent\">Section 1. Section 396-b of the general business law, as added by chapter 1031 of the laws of 1965, is amended to read as follows: </p>\n   <p class=\"indent\">Section 396-b. Advertisements. <u class=\"amendmentInsertedText\">1. (a) For the purposes of this section, &quot;generative artificial intelligence&quot; means the use of machine learning technology, software, automation, and algorithms to perform tasks, to make rules and/or predictions based on existing data sets and instructions, including, but not limited to:</u>\n   </p>\n   <p class=\"indent\">\n    <u class=\"amendmentInsertedText\">(i) Any artificial system that performs tasks under varying and unpredictable circumstances without significant human oversight, or that can learn from experience and improve performance when exposed to data sets;</u>\n   </p>\n   <p class=\"indent\">\n    <u class=\"amendmentInsertedText\">(ii) An artificial system developed in computer software, physical hardware, or other context that solves tasks requiring human-like perception, cognition, planning, learning, communication, or physical action;</u>\n   </p>\n   <p class=\"indent\">\n    <u class=\"amendmentInsertedText\">(iii) An artificial system designed to think or act like a human, including cognitive architectures and neural networks;</u>\n   </p>\n   <p class=\"indent\">\n    <u class=\"amendmentInsertedText\">(iv) A set of techniques, including machine learning, that is designed to approximate a cognitive task; and/or</u>\n   </p>\n   <p class=\"indent\">\n    <u class=\"amendmentInsertedText\">(v) An artificial system designed to act rationally, including an intelligent software agent or embodied robot that achieves goals using perception, planning, reasoning, learning, communicating, decision making, and acting.</u>\n   </p>\n   <p class=\"indent\">\n    <u class=\"amendmentInsertedText\">(b) For purposes of this section, &quot;synthetic performer&quot; means a digitally created asset created, reproduced, or modified by computer, using generative artificial intelligence or a software algorithm, that is intended to create the impression that the asset is a natural performer who is not recognizable as any identifiable natural performer.</u>\n   </p>\n   <p class=\"indent\">\n    <u class=\"amendmentInsertedText\">2.</u> Any person, firm, corporation or association, or agent or employee thereof, hereinafter called person, who, being engaged in the business of dealing in any property, makes, publishes, disseminates, circulates or places before the public or causes, directly or indirectly, to be made, published, disseminated, circulated or placed before the public, in this state, any advertisement respecting any such property, in any newspaper, magazine, or other publication, or over any radio station or television station, unless it is stated in any such advertisement that the advertiser is a dealer in such property or from the context of any such advertisement, it plainly appears that such person is a dealer in such property so offered for sale in any such advertisement; or when placing or causing any such advertisement to appear in any newspaper, magazine or other publication or radio or television station as described in this section, if requested by the publisher of any such newspaper, magazine or other publication or owner or operator of such radio or television station or any agent or representative thereof to file with such owner or operator, publisher, agent or representative thereof <strike class=\"amendmentDeletedText\">his</strike>\n    <u class=\"amendmentInsertedText\">such person&#39;s</u> true name, or where <strike class=\"amendmentDeletedText\">he</strike>\n    <u class=\"amendmentInsertedText\">such person</u> is transacting business under a name other than the true name pursuant to law, then the name under which such business is transacted, and each business address wherein any business is transacted by <strike class=\"amendmentDeletedText\">him</strike>\n    <u class=\"amendmentInsertedText\">such person</u>, in the class of property advertised or to be advertised for sale in such advertisement, shall make any false statement in relation to any of such items; or if requested by the publisher of any such newspaper, magazine or other publication or owner or operator of such radio or television station or any agent or representative thereof to file with such owner, operator, publisher, agent or representative thereof a statement showing whether <strike class=\"amendmentDeletedText\">he</strike>\n    <u class=\"amendmentInsertedText\">such person</u> is causing such advertisement to appear or is offering to make such sale or disposition or transaction, as herein set forth, as principal or agent, and if as agent, to set forth such information as is specified in this section, in relation to <strike class=\"amendmentDeletedText\">his</strike>\n    <u class=\"amendmentInsertedText\">such person&#39;s</u> principal as well as in relation to <strike class=\"amendmentDeletedText\">himself</strike>\n    <u class=\"amendmentInsertedText\">such person</u>, shall make any false statement in relation to any of such items; is guilty of a misdemeanor. </p>\n   <p class=\"indent\">\n    <u class=\"amendmentInsertedText\">3. Any person engaged in the business of dealing in any property or service who for any commercial purpose makes, publishes, disseminates, circulates or places before the public or causes, directly or indirectly, to be made, published, disseminated, circulated or placed before the public any advertisement respecting any such property or service, in any medium or media in which such advertisement appears, shall disclose in such advertisement if a synthetic performer is in such advertisement, where such person has actual knowledge. A violation of this subdivision shall result in a civil penalty of one thousand dollars for a first violation, and five thousand dollars for any subsequent violation.</u>\n   </p>\n   <p class=\"indent\">\n    <u class=\"amendmentInsertedText\">4. Nothing in this section shall limit or reduce any rights any person may have under section fifty, fifty-f, or fifty-one of the civil rights law or under any other law.</u>\n   </p>\n   <p class=\"indent\">\n    <u class=\"amendmentInsertedText\">5. Nothing in this section shall be construed to limit, or to enlarge, the protections that 47 U.S.C. section 230 confers on an interactive computer service for content provided by another information content provider, as such terms are defined in 47 U.S.C. section 230.</u>\n   </p>\n   <p class=\"indent\">Section 2. Severability clause. If any clause, sentence, paragraph, subdivision, section or part of this act shall be adjudged by any court of competent jurisdiction to be invalid, such judgment shall not affect, impair, or invalidate the remainder thereof, but shall be confined in its operation to the clause, sentence, paragraph, subdivision, section or part thereof directly involved in the controversy in which such judgment shall have been rendered. It is hereby declared to be the intent of the legislature that this act would have been enacted even if such invalid provisions had not been included herein. </p>\n   <p class=\"indent\">Section 3. This act shall take effect immediately.</p>\n  </div>\n </div>\n    </div>\t\n<table cellpadding=0 cellspacing=0 width=\"100%\">\n   <tr>\n      <td>\n          Copyright &copy; 2025 State Net\n      </td>\n<BR>\n<!--???MOVED INTO resources.cgi      <td align=\"right\">\n          <img src=\"https://custom.statenet.com/network/poweredby.gif\" alt=\"Powered by State Net\">\n      </td>-->\n\n    </tr>\n</table>\n</body></html>\n",
      "markdown": "The following has special meaning: _green underline denotes added text_ ~~red struck out text denotes deleted text~~ | [![Powered by State Net](https://custom.statenet.com/network/poweredby.gif)](https://www.lexisnexis.com/statenet/)  \n---|---  \n  \n2025 NY S 1228 | | Author: | Gianaris  \n---|---  \nVersion: | Introduced  \nVersion Date: | 01/08/2025  \n  \n**STATE OF NEW YORK**\n\n1228\n\n2025-2026 Regular Sessions\n\n**IN SENATE**\n\nJanuary 8, 2025\n\nIntroduced by Sen. GIANARIS -- read twice and ordered printed, and when\nprinted to be committed to the Committee on Consumer Protection\n\nAN ACT to amend the general business law, in relation to requiring\nadvertisements to disclose the use of a synthetic performer\n\n**The People of the State of New York, represented in Senate and Assembly, do\nenact as follows:**\n\nSection 1. Section 396-b of the general business law, as added by chapter 1031\nof the laws of 1965, is amended to read as follows:\n\nSection 396-b. Advertisements. _1\\. (a) For the purposes of this section,\n\"generative artificial intelligence\" means the use of machine learning\ntechnology, software, automation, and algorithms to perform tasks, to make\nrules and/or predictions based on existing data sets and instructions,\nincluding, but not limited to:_\n\n_(i) Any artificial system that performs tasks under varying and unpredictable\ncircumstances without significant human oversight, or that can learn from\nexperience and improve performance when exposed to data sets;_\n\n_(ii) An artificial system developed in computer software, physical hardware,\nor other context that solves tasks requiring human-like perception, cognition,\nplanning, learning, communication, or physical action;_\n\n_(iii) An artificial system designed to think or act like a human, including\ncognitive architectures and neural networks;_\n\n_(iv) A set of techniques, including machine learning, that is designed to\napproximate a cognitive task; and/or_\n\n_(v) An artificial system designed to act rationally, including an intelligent\nsoftware agent or embodied robot that achieves goals using perception,\nplanning, reasoning, learning, communicating, decision making, and acting._\n\n_(b) For purposes of this section, \"synthetic performer\" means a digitally\ncreated asset created, reproduced, or modified by computer, using generative\nartificial intelligence or a software algorithm, that is intended to create\nthe impression that the asset is a natural performer who is not recognizable\nas any identifiable natural performer._\n\n_2._ Any person, firm, corporation or association, or agent or employee\nthereof, hereinafter called person, who, being engaged in the business of\ndealing in any property, makes, publishes, disseminates, circulates or places\nbefore the public or causes, directly or indirectly, to be made, published,\ndisseminated, circulated or placed before the public, in this state, any\nadvertisement respecting any such property, in any newspaper, magazine, or\nother publication, or over any radio station or television station, unless it\nis stated in any such advertisement that the advertiser is a dealer in such\nproperty or from the context of any such advertisement, it plainly appears\nthat such person is a dealer in such property so offered for sale in any such\nadvertisement; or when placing or causing any such advertisement to appear in\nany newspaper, magazine or other publication or radio or television station as\ndescribed in this section, if requested by the publisher of any such\nnewspaper, magazine or other publication or owner or operator of such radio or\ntelevision station or any agent or representative thereof to file with such\nowner or operator, publisher, agent or representative thereof ~~his~~ _such\nperson 's_ true name, or where ~~he~~ _such person_ is transacting business\nunder a name other than the true name pursuant to law, then the name under\nwhich such business is transacted, and each business address wherein any\nbusiness is transacted by ~~him~~ _such person_ , in the class of property\nadvertised or to be advertised for sale in such advertisement, shall make any\nfalse statement in relation to any of such items; or if requested by the\npublisher of any such newspaper, magazine or other publication or owner or\noperator of such radio or television station or any agent or representative\nthereof to file with such owner, operator, publisher, agent or representative\nthereof a statement showing whether ~~he~~ _such person_ is causing such\nadvertisement to appear or is offering to make such sale or disposition or\ntransaction, as herein set forth, as principal or agent, and if as agent, to\nset forth such information as is specified in this section, in relation to\n~~his~~ _such person 's_ principal as well as in relation to ~~himself~~ _such\nperson_ , shall make any false statement in relation to any of such items; is\nguilty of a misdemeanor.\n\n_3\\. Any person engaged in the business of dealing in any property or service\nwho for any commercial purpose makes, publishes, disseminates, circulates or\nplaces before the public or causes, directly or indirectly, to be made,\npublished, disseminated, circulated or placed before the public any\nadvertisement respecting any such property or service, in any medium or media\nin which such advertisement appears, shall disclose in such advertisement if a\nsynthetic performer is in such advertisement, where such person has actual\nknowledge. A violation of this subdivision shall result in a civil penalty of\none thousand dollars for a first violation, and five thousand dollars for any\nsubsequent violation._\n\n_4\\. Nothing in this section shall limit or reduce any rights any person may\nhave under section fifty, fifty-f, or fifty-one of the civil rights law or\nunder any other law._\n\n_5\\. Nothing in this section shall be construed to limit, or to enlarge, the\nprotections that 47 U.S.C. section 230 confers on an interactive computer\nservice for content provided by another information content provider, as such\nterms are defined in 47 U.S.C. section 230._\n\nSection 2. Severability clause. If any clause, sentence, paragraph,\nsubdivision, section or part of this act shall be adjudged by any court of\ncompetent jurisdiction to be invalid, such judgment shall not affect, impair,\nor invalidate the remainder thereof, but shall be confined in its operation to\nthe clause, sentence, paragraph, subdivision, section or part thereof directly\ninvolved in the controversy in which such judgment shall have been rendered.\nIt is hereby declared to be the intent of the legislature that this act would\nhave been enacted even if such invalid provisions had not been included\nherein.\n\nSection 3. This act shall take effect immediately.\n\nCopyright (C) 2025 State Net  \n  \n---\n\n",
      "latest_version": false
    },
    {
      "date": "04/03/2025",
      "label": "Amended",
      "url": "https://custom.statenet.com/public/resources.cgi?mode=show_text&id=ID:bill:NY2025000S1228&verid=NY2025000S1228_20250403_0_A&",
      "raw_html": "<html>\n<head>\n<title>Bill Resource</title>\n\n<!--   <link href=\"https://custom.statenet.com/network/Common/css/extregtext.css\" rel=\"stylesheet\" type=\"text/css\" />-->\n   <link href=\"https://custom.statenet.com/network/Common/css/xmltext-2.0.css\" rel=\"stylesheet\" type=\"text/css\" />\n   <link href=\"https://custom.statenet.com/network/Common/css/additional-text.css\" rel=\"stylesheet\" type=\"text/css\" />\n\n\t<style type=\"text/css\">\n<!--\n\ntd, body {\n     background-color: white;\n\tfont-family: Verdana, Arial, Helvetica, sans-serif;\n\tfont-size: 12px;\n}\n\n.resourceContainer {\n   border: 1px solid black;\n}\n-->\n</style>\n</head>\n<body>\n\n    <div style=\"width: 750px; margin: auto\">\n       <div style=\"font-size: .8em;margin-bottom: 10px\"><table width=\"100%\"><tr><td align=\"left\" style=\"font-size: .8em;\"><div>The following has special meaning:</div>\n<div><u class=\"amendmentInsertedText\">green underline denotes added text</u></div>\n<div><strike class=\"amendmentDeletedText\">red struck out text denotes deleted text</strike></div></td> <td align=\"right\"><a href=\"https://www.lexisnexis.com/statenet/\"><img alt=\"Powered by State Net\" src=\"https://custom.statenet.com/network/poweredby.gif\" /></a></td></tr></table></div><table id=\"text-identifier\"><tr><td class=\"key\">2025 NY S 1228</td> <td><table><tr><td class=\"label\">Author:</td> <td>Gianaris</td></tr> <tr><td class=\"label\">Version:</td> <td>Amended</td></tr> <tr><td class=\"label\">Version Date:</td> <td>04/03/2025</td></tr></table></td></tr></table><div class=\"documentBody\">\n  <a name=\"head_document_section\"></a><div class=\"head\">\n   <p class=\"center\">\n    <b>STATE OF NEW YORK</b>\n   </p>\n   <p class=\"center\">1228--A </p>\n   <p class=\"center\">2025-2026 Regular Sessions </p>\n   <p class=\"center\">\n    <b>IN SENATE</b>\n   </p>\n   <p class=\"center\">January 8, 2025 </p>\n   <p class=\"indent\">Introduced by Sen. GIANARIS -- read twice and ordered printed, and when printed to be committed to the Committee on Consumer Protection -- committee discharged, bill amended, ordered reprinted as amended and recommitted to said committee </p>\n  </div>\n  <a name=\"title_document_section\"></a><div class=\"title\">\n   <p class=\"indent\">AN ACT to amend the general business law, in relation to requiring advertisements to disclose the use of a synthetic performer </p>\n  </div>\n  <a name=\"text_document_section\"></a><div class=\"text\">\n   <span>\n    <p class=\"indent\">\n     <b>The People of the State of New York, represented in Senate and Assembly, do enact as follows:</b>\n    </p>\n   </span>\n   <p class=\"indent\">Section 1. Section 396-b of the general business law, as added by chapter 1031 of the laws of 1965, is amended to read as follows: </p>\n   <p class=\"indent\">Section 396-b. Advertisements. <u class=\"amendmentInsertedText\">1. For the purposes of this section, the following terms shall have the following meanings:</u>\n   </p>\n   <p class=\"indent\">\n    <u class=\"amendmentInsertedText\">(a) &quot;Artificial intelligence&quot;, &quot;artificial intelligence technology&quot;, or &quot;AI&quot; means a machine-based system that can, for a given set of human-defined objectives, make predictions, recommendations, or decisions influencing real or virtual environments, and that uses machineand human-based inputs to perceive real and virtual environments, abstract such perceptions into models through analysis in an automated manner, and use model inference to formulate options for information or action.</u>\n   </p>\n   <p class=\"indent\">\n    <u class=\"amendmentInsertedText\">(b) &quot;Generative artificial intelligence&quot; means a class of artificial intelligence models that are self-supervised and emulate the structure and characteristics of input data to generate derived synthetic content, including, but not limited to, images, videos, audio, text, and other digital content.</u>\n   </p>\n   <p class=\"indent\">\n    <u class=\"amendmentInsertedText\">(c) &quot;Synthetic performer&quot; means a digitally created asset created, reproduced, or modified by computer, using generative artificial intelligence or a software algorithm, that is intended to create the impression that the asset is engaging in an audio, audiovisual, and/or visual performance of a human performer who is not recognizable as any identifiable natural performer.</u>\n   </p>\n   <p class=\"indent\">\n    <u class=\"amendmentInsertedText\">2.</u> Any person, firm, corporation or association, or agent or employee thereof, hereinafter called person, who, being engaged in the business of dealing in any property, makes, publishes, disseminates, circulates or places before the public or causes, directly or indirectly, to be made, published, disseminated, circulated or placed before the public, in this state, any advertisement respecting any such property, in any newspaper, magazine, or other publication, or over any radio station or television station, unless it is stated in any such advertisement that the advertiser is a dealer in such property or from the context of any such advertisement, it plainly appears that such person is a dealer in such property so offered for sale in any such advertisement; or when placing or causing any such advertisement to appear in any newspaper, magazine or other publication or radio or television station as described in this section, if requested by the publisher of any such newspaper, magazine or other publication or owner or operator of such radio or television station or any agent or representative thereof to file with such owner or operator, publisher, agent or representative thereof <strike class=\"amendmentDeletedText\">his</strike>\n    <u class=\"amendmentInsertedText\">such person&#39;s</u> true name, or where <strike class=\"amendmentDeletedText\">he</strike>\n    <u class=\"amendmentInsertedText\">such person</u> is transacting business under a name other than the true name pursuant to law, then the name under which such business is transacted, and each business address wherein any business is transacted by <strike class=\"amendmentDeletedText\">him</strike>\n    <u class=\"amendmentInsertedText\">such person</u>, in the class of property advertised or to be advertised for sale in such advertisement, shall make any false statement in relation to any of such items; or if requested by the publisher of any such newspaper, magazine or other publication or owner or operator of such radio or television station or any agent or representative thereof to file with such owner, operator, publisher, agent or representative thereof a statement showing whether <strike class=\"amendmentDeletedText\">he</strike>\n    <u class=\"amendmentInsertedText\">such person</u> is causing such advertisement to appear or is offering to make such sale or disposition or transaction, as herein set forth, as principal or agent, and if as agent, to set forth such information as is specified in this section, in relation to <strike class=\"amendmentDeletedText\">his</strike>\n    <u class=\"amendmentInsertedText\">such person&#39;s</u> principal as well as in relation to <strike class=\"amendmentDeletedText\">himself</strike>\n    <u class=\"amendmentInsertedText\">such person</u>, shall make any false statement in relation to any of such items; is guilty of a misdemeanor. </p>\n   <p class=\"indent\">\n    <u class=\"amendmentInsertedText\">3. Any person engaged in the business of dealing in any property or service who for any commercial purpose makes, publishes, disseminates, circulates or places before the public or causes, directly or indirectly, to be made, published, disseminated, circulated or placed before the public any advertisement respecting any such property or service, in any medium or media in which such advertisement appears, shall conspicuously disclose in such advertisement if a synthetic performer is in such advertisement, where such person has actual knowledge. A violation of this subdivision shall result in a civil penalty of one thousand dollars for a first violation, and five thousand dollars for any subsequent violation.</u>\n   </p>\n   <p class=\"indent\">\n    <u class=\"amendmentInsertedText\">4. Nothing in this section shall limit, reduce, or enlarge any rights any person may have under section fifty, fifty-f, or fifty-one of the civil rights law or under any other law.</u>\n   </p>\n   <p class=\"indent\">\n    <u class=\"amendmentInsertedText\">5. Nothing in this section shall be construed to limit, or to enlarge, the protections that 47 U.S.C. section 230 confers on an interactive computer service for content provided by another information content provider, as such terms are defined in 47 U.S.C. section 230.</u>\n   </p>\n   <p class=\"indent\">Section 2. Severability clause. If any clause, sentence, paragraph, subdivision, section or part of this act shall be adjudged by any court of competent jurisdiction to be invalid, such judgment shall not affect, impair, or invalidate the remainder thereof, but shall be confined in its operation to the clause, sentence, paragraph, subdivision, section or part thereof directly involved in the controversy in which such judgment shall have been rendered. It is hereby declared to be the intent of the legislature that this act would have been enacted even if such invalid provisions had not been included herein. </p>\n   <p class=\"indent\">Section 3. This act shall take effect immediately.</p>\n  </div>\n </div>\n    </div>\t\n<table cellpadding=0 cellspacing=0 width=\"100%\">\n   <tr>\n      <td>\n          Copyright &copy; 2025 State Net\n      </td>\n<BR>\n<!--???MOVED INTO resources.cgi      <td align=\"right\">\n          <img src=\"https://custom.statenet.com/network/poweredby.gif\" alt=\"Powered by State Net\">\n      </td>-->\n\n    </tr>\n</table>\n</body></html>\n",
      "markdown": "The following has special meaning: _green underline denotes added text_ ~~red struck out text denotes deleted text~~ | [![Powered by State Net](https://custom.statenet.com/network/poweredby.gif)](https://www.lexisnexis.com/statenet/)  \n---|---  \n  \n2025 NY S 1228 | | Author: | Gianaris  \n---|---  \nVersion: | Amended  \nVersion Date: | 04/03/2025  \n  \n**STATE OF NEW YORK**\n\n1228--A\n\n2025-2026 Regular Sessions\n\n**IN SENATE**\n\nJanuary 8, 2025\n\nIntroduced by Sen. GIANARIS -- read twice and ordered printed, and when\nprinted to be committed to the Committee on Consumer Protection -- committee\ndischarged, bill amended, ordered reprinted as amended and recommitted to said\ncommittee\n\nAN ACT to amend the general business law, in relation to requiring\nadvertisements to disclose the use of a synthetic performer\n\n**The People of the State of New York, represented in Senate and Assembly, do\nenact as follows:**\n\nSection 1. Section 396-b of the general business law, as added by chapter 1031\nof the laws of 1965, is amended to read as follows:\n\nSection 396-b. Advertisements. _1\\. For the purposes of this section, the\nfollowing terms shall have the following meanings:_\n\n_(a) \"Artificial intelligence\", \"artificial intelligence technology\", or \"AI\"\nmeans a machine-based system that can, for a given set of human-defined\nobjectives, make predictions, recommendations, or decisions influencing real\nor virtual environments, and that uses machineand human-based inputs to\nperceive real and virtual environments, abstract such perceptions into models\nthrough analysis in an automated manner, and use model inference to formulate\noptions for information or action._\n\n_(b) \"Generative artificial intelligence\" means a class of artificial\nintelligence models that are self-supervised and emulate the structure and\ncharacteristics of input data to generate derived synthetic content,\nincluding, but not limited to, images, videos, audio, text, and other digital\ncontent._\n\n_(c) \"Synthetic performer\" means a digitally created asset created,\nreproduced, or modified by computer, using generative artificial intelligence\nor a software algorithm, that is intended to create the impression that the\nasset is engaging in an audio, audiovisual, and/or visual performance of a\nhuman performer who is not recognizable as any identifiable natural\nperformer._\n\n_2._ Any person, firm, corporation or association, or agent or employee\nthereof, hereinafter called person, who, being engaged in the business of\ndealing in any property, makes, publishes, disseminates, circulates or places\nbefore the public or causes, directly or indirectly, to be made, published,\ndisseminated, circulated or placed before the public, in this state, any\nadvertisement respecting any such property, in any newspaper, magazine, or\nother publication, or over any radio station or television station, unless it\nis stated in any such advertisement that the advertiser is a dealer in such\nproperty or from the context of any such advertisement, it plainly appears\nthat such person is a dealer in such property so offered for sale in any such\nadvertisement; or when placing or causing any such advertisement to appear in\nany newspaper, magazine or other publication or radio or television station as\ndescribed in this section, if requested by the publisher of any such\nnewspaper, magazine or other publication or owner or operator of such radio or\ntelevision station or any agent or representative thereof to file with such\nowner or operator, publisher, agent or representative thereof ~~his~~ _such\nperson 's_ true name, or where ~~he~~ _such person_ is transacting business\nunder a name other than the true name pursuant to law, then the name under\nwhich such business is transacted, and each business address wherein any\nbusiness is transacted by ~~him~~ _such person_ , in the class of property\nadvertised or to be advertised for sale in such advertisement, shall make any\nfalse statement in relation to any of such items; or if requested by the\npublisher of any such newspaper, magazine or other publication or owner or\noperator of such radio or television station or any agent or representative\nthereof to file with such owner, operator, publisher, agent or representative\nthereof a statement showing whether ~~he~~ _such person_ is causing such\nadvertisement to appear or is offering to make such sale or disposition or\ntransaction, as herein set forth, as principal or agent, and if as agent, to\nset forth such information as is specified in this section, in relation to\n~~his~~ _such person 's_ principal as well as in relation to ~~himself~~ _such\nperson_ , shall make any false statement in relation to any of such items; is\nguilty of a misdemeanor.\n\n_3\\. Any person engaged in the business of dealing in any property or service\nwho for any commercial purpose makes, publishes, disseminates, circulates or\nplaces before the public or causes, directly or indirectly, to be made,\npublished, disseminated, circulated or placed before the public any\nadvertisement respecting any such property or service, in any medium or media\nin which such advertisement appears, shall conspicuously disclose in such\nadvertisement if a synthetic performer is in such advertisement, where such\nperson has actual knowledge. A violation of this subdivision shall result in a\ncivil penalty of one thousand dollars for a first violation, and five thousand\ndollars for any subsequent violation._\n\n_4\\. Nothing in this section shall limit, reduce, or enlarge any rights any\nperson may have under section fifty, fifty-f, or fifty-one of the civil rights\nlaw or under any other law._\n\n_5\\. Nothing in this section shall be construed to limit, or to enlarge, the\nprotections that 47 U.S.C. section 230 confers on an interactive computer\nservice for content provided by another information content provider, as such\nterms are defined in 47 U.S.C. section 230._\n\nSection 2. Severability clause. If any clause, sentence, paragraph,\nsubdivision, section or part of this act shall be adjudged by any court of\ncompetent jurisdiction to be invalid, such judgment shall not affect, impair,\nor invalidate the remainder thereof, but shall be confined in its operation to\nthe clause, sentence, paragraph, subdivision, section or part thereof directly\ninvolved in the controversy in which such judgment shall have been rendered.\nIt is hereby declared to be the intent of the legislature that this act would\nhave been enacted even if such invalid provisions had not been included\nherein.\n\nSection 3. This act shall take effect immediately.\n\nCopyright (C) 2025 State Net  \n  \n---\n\n",
      "latest_version": false
    },
    {
      "date": "05/15/2025",
      "label": "Amended",
      "url": "https://custom.statenet.com/public/resources.cgi?mode=show_text&id=ID:bill:NY2025000S1228&verid=NY2025000S1228_20250515_0_A&",
      "raw_html": "<html>\n<head>\n<title>Bill Resource</title>\n\n<!--   <link href=\"https://custom.statenet.com/network/Common/css/extregtext.css\" rel=\"stylesheet\" type=\"text/css\" />-->\n   <link href=\"https://custom.statenet.com/network/Common/css/xmltext-2.0.css\" rel=\"stylesheet\" type=\"text/css\" />\n   <link href=\"https://custom.statenet.com/network/Common/css/additional-text.css\" rel=\"stylesheet\" type=\"text/css\" />\n\n\t<style type=\"text/css\">\n<!--\n\ntd, body {\n     background-color: white;\n\tfont-family: Verdana, Arial, Helvetica, sans-serif;\n\tfont-size: 12px;\n}\n\n.resourceContainer {\n   border: 1px solid black;\n}\n-->\n</style>\n</head>\n<body>\n\n    <div style=\"width: 750px; margin: auto\">\n       <div style=\"font-size: .8em;margin-bottom: 10px\"><table width=\"100%\"><tr><td align=\"left\" style=\"font-size: .8em;\"><div>The following has special meaning:</div>\n<div><u class=\"amendmentInsertedText\">green underline denotes added text</u></div>\n<div><strike class=\"amendmentDeletedText\">red struck out text denotes deleted text</strike></div></td> <td align=\"right\"><a href=\"https://www.lexisnexis.com/statenet/\"><img alt=\"Powered by State Net\" src=\"https://custom.statenet.com/network/poweredby.gif\" /></a></td></tr></table></div><table id=\"text-identifier\"><tr><td class=\"key\">2025 NY S 1228</td> <td><table><tr><td class=\"label\">Author:</td> <td>Gianaris</td></tr> <tr><td class=\"label\">Version:</td> <td>Amended</td></tr> <tr><td class=\"label\">Version Date:</td> <td>05/15/2025</td></tr></table></td></tr></table><div class=\"documentBody\">\n  <a name=\"head_document_section\"></a><div class=\"head\">\n   <p class=\"center\">\n    <b>STATE OF NEW YORK</b>\n   </p>\n   <p class=\"center\">1228--B </p>\n   <p class=\"center\">2025-2026 Regular Sessions </p>\n   <p class=\"center\">\n    <b>IN SENATE</b>\n   </p>\n   <p class=\"center\">January 8, 2025 </p>\n   <p class=\"indent\">Introduced by Sen. GIANARIS -- read twice and ordered printed, and when printed to be committed to the Committee on Consumer Protection -- committee discharged, bill amended, ordered reprinted as amended and recommitted to said committee -- committee discharged, bill amended, ordered reprinted as amended and recommitted to said committee </p>\n  </div>\n  <a name=\"title_document_section\"></a><div class=\"title\">\n   <p class=\"indent\">AN ACT to amend the general business law, in relation to requiring advertisements to disclose the use of a synthetic performer </p>\n  </div>\n  <a name=\"text_document_section\"></a><div class=\"text\">\n   <span>\n    <p class=\"indent\">\n     <b>The People of the State of New York, represented in Senate and Assembly, do enact as follows:</b>\n    </p>\n   </span>\n   <p class=\"indent\">Section 1. Section 396-b of the general business law, as added by chapter 1031 of the laws of 1965, is amended to read as follows: </p>\n   <p class=\"indent\">Section 396-b. Advertisements. <u class=\"amendmentInsertedText\">1. For the purposes of this section, the following terms shall have the following meanings:</u>\n   </p>\n   <p class=\"indent\">\n    <u class=\"amendmentInsertedText\">(a) &quot;Artificial intelligence&quot;, &quot;artificial intelligence technology&quot;, or &quot;AI&quot; means a machine-based system that can, for a given set of human-defined objectives, make predictions, recommendations, or decisions influencing real or virtual environments, and that uses machineand human-based inputs to perceive real and virtual environments, abstract such perceptions into models through analysis in an automated manner, and use model inference to formulate options for information or action.</u>\n   </p>\n   <p class=\"indent\">\n    <u class=\"amendmentInsertedText\">(b) &quot;Generative artificial intelligence&quot; means a class of artificial intelligence models that are self-supervised and emulate the structure and characteristics of input data to generate derived synthetic content, including, but not limited to, images, videos, audio, text, and other digital content.</u>\n   </p>\n   <p class=\"indent\">\n    <u class=\"amendmentInsertedText\">(c) &quot;Synthetic performer&quot; means a digitally created asset created, reproduced, or modified by computer, using generative artificial intelligence or a software algorithm, that is intended to create the impression that the asset is engaging in an audio, audiovisual, and/or visual performance of a human performer who is not recognizable as any identifiable natural performer.</u>\n   </p>\n   <p class=\"indent\">\n    <u class=\"amendmentInsertedText\">2.</u> Any person, firm, corporation or association, or agent or employee thereof, hereinafter called person, who, being engaged in the business of dealing in any property, makes, publishes, disseminates, circulates or places before the public or causes, directly or indirectly, to be made, published, disseminated, circulated or placed before the public, in this state, any advertisement respecting any such property, in any newspaper, magazine, or other publication, or over any radio station or television station, unless it is stated in any such advertisement that the advertiser is a dealer in such property or from the context of any such advertisement, it plainly appears that such person is a dealer in such property so offered for sale in any such advertisement; or when placing or causing any such advertisement to appear in any newspaper, magazine or other publication or radio or television station as described in this section, if requested by the publisher of any such newspaper, magazine or other publication or owner or operator of such radio or television station or any agent or representative thereof to file with such owner or operator, publisher, agent or representative thereof <strike class=\"amendmentDeletedText\">his</strike>\n    <u class=\"amendmentInsertedText\">such person&#39;s</u> true name, or where <strike class=\"amendmentDeletedText\">he</strike>\n    <u class=\"amendmentInsertedText\">such person</u> is transacting business under a name other than the true name pursuant to law, then the name under which such business is transacted, and each business address wherein any business is transacted by <strike class=\"amendmentDeletedText\">him</strike>\n    <u class=\"amendmentInsertedText\">such person</u>, in the class of property advertised or to be advertised for sale in such advertisement, shall make any false statement in relation to any of such items; or if requested by the publisher of any such newspaper, magazine or other publication or owner or operator of such radio or television station or any agent or representative thereof to file with such owner, operator, publisher, agent or representative thereof a statement showing whether <strike class=\"amendmentDeletedText\">he</strike>\n    <u class=\"amendmentInsertedText\">such person</u> is causing such advertisement to appear or is offering to make such sale or disposition or transaction, as herein set forth, as principal or agent, and if as agent, to set forth such information as is specified in this section, in relation to <strike class=\"amendmentDeletedText\">his</strike>\n    <u class=\"amendmentInsertedText\">such person&#39;s</u> principal as well as in relation to <strike class=\"amendmentDeletedText\">himself</strike>\n    <u class=\"amendmentInsertedText\">such person</u>, shall make any false statement in relation to any of such items; is guilty of a misdemeanor. </p>\n   <p class=\"indent\">\n    <u class=\"amendmentInsertedText\">3. Any person engaged in the business of dealing in any property or service who for any commercial purpose makes, publishes, disseminates, circulates or places before the public or causes, directly or indirectly, to be made, published, disseminated, circulated or placed before the public any advertisement respecting any such property or service, in any medium or media in which such advertisement appears, shall conspicuously disclose in such advertisement if a synthetic performer is in such advertisement, where such person has actual knowledge. A violation of this subdivision shall result in a civil penalty of one thousand dollars for a first violation, and five thousand dollars for any subsequent violation.</u>\n   </p>\n   <p class=\"indent\">\n    <u class=\"amendmentInsertedText\">4. This section shall not apply to advertisements and promotional materials for expressive works, including but not limited to, motion pictures, television programs, streaming content, documentaries, video games, or other similar audiovisual works, provided that the use of synthetic media in the advertisement or promotional material is consistent with its use in the expressive work.</u>\n   </p>\n   <p class=\"indent\">\n    <u class=\"amendmentInsertedText\">5. Nothing in this section shall limit, reduce, or enlarge any rights any person may have under section fifty, fifty-f, or fifty-one of the civil rights law or under any other law.</u>\n   </p>\n   <p class=\"indent\">\n    <u class=\"amendmentInsertedText\">6. Nothing in this section shall be construed to limit, or to enlarge, the protections that 47 U.S.C. section 230 confers on an interactive computer service for content provided by another information content provider, as such terms are defined in 47 U.S.C. section 230.</u>\n   </p>\n   <p class=\"indent\">Section 2. Severability clause. If any clause, sentence, paragraph, subdivision, section or part of this act shall be adjudged by any court of competent jurisdiction to be invalid, such judgment shall not affect, impair, or invalidate the remainder thereof, but shall be confined in its operation to the clause, sentence, paragraph, subdivision, section or part thereof directly involved in the controversy in which such judgment shall have been rendered. It is hereby declared to be the intent of the legislature that this act would have been enacted even if such invalid provisions had not been included herein. </p>\n   <p class=\"indent\">Section 3. This act shall take effect immediately.</p>\n  </div>\n </div>\n    </div>\t\n<table cellpadding=0 cellspacing=0 width=\"100%\">\n   <tr>\n      <td>\n          Copyright &copy; 2025 State Net\n      </td>\n<BR>\n<!--???MOVED INTO resources.cgi      <td align=\"right\">\n          <img src=\"https://custom.statenet.com/network/poweredby.gif\" alt=\"Powered by State Net\">\n      </td>-->\n\n    </tr>\n</table>\n</body></html>\n",
      "markdown": "The following has special meaning: _green underline denotes added text_ ~~red struck out text denotes deleted text~~ | [![Powered by State Net](https://custom.statenet.com/network/poweredby.gif)](https://www.lexisnexis.com/statenet/)  \n---|---  \n  \n2025 NY S 1228 | | Author: | Gianaris  \n---|---  \nVersion: | Amended  \nVersion Date: | 05/15/2025  \n  \n**STATE OF NEW YORK**\n\n1228--B\n\n2025-2026 Regular Sessions\n\n**IN SENATE**\n\nJanuary 8, 2025\n\nIntroduced by Sen. GIANARIS -- read twice and ordered printed, and when\nprinted to be committed to the Committee on Consumer Protection -- committee\ndischarged, bill amended, ordered reprinted as amended and recommitted to said\ncommittee -- committee discharged, bill amended, ordered reprinted as amended\nand recommitted to said committee\n\nAN ACT to amend the general business law, in relation to requiring\nadvertisements to disclose the use of a synthetic performer\n\n**The People of the State of New York, represented in Senate and Assembly, do\nenact as follows:**\n\nSection 1. Section 396-b of the general business law, as added by chapter 1031\nof the laws of 1965, is amended to read as follows:\n\nSection 396-b. Advertisements. _1\\. For the purposes of this section, the\nfollowing terms shall have the following meanings:_\n\n_(a) \"Artificial intelligence\", \"artificial intelligence technology\", or \"AI\"\nmeans a machine-based system that can, for a given set of human-defined\nobjectives, make predictions, recommendations, or decisions influencing real\nor virtual environments, and that uses machineand human-based inputs to\nperceive real and virtual environments, abstract such perceptions into models\nthrough analysis in an automated manner, and use model inference to formulate\noptions for information or action._\n\n_(b) \"Generative artificial intelligence\" means a class of artificial\nintelligence models that are self-supervised and emulate the structure and\ncharacteristics of input data to generate derived synthetic content,\nincluding, but not limited to, images, videos, audio, text, and other digital\ncontent._\n\n_(c) \"Synthetic performer\" means a digitally created asset created,\nreproduced, or modified by computer, using generative artificial intelligence\nor a software algorithm, that is intended to create the impression that the\nasset is engaging in an audio, audiovisual, and/or visual performance of a\nhuman performer who is not recognizable as any identifiable natural\nperformer._\n\n_2._ Any person, firm, corporation or association, or agent or employee\nthereof, hereinafter called person, who, being engaged in the business of\ndealing in any property, makes, publishes, disseminates, circulates or places\nbefore the public or causes, directly or indirectly, to be made, published,\ndisseminated, circulated or placed before the public, in this state, any\nadvertisement respecting any such property, in any newspaper, magazine, or\nother publication, or over any radio station or television station, unless it\nis stated in any such advertisement that the advertiser is a dealer in such\nproperty or from the context of any such advertisement, it plainly appears\nthat such person is a dealer in such property so offered for sale in any such\nadvertisement; or when placing or causing any such advertisement to appear in\nany newspaper, magazine or other publication or radio or television station as\ndescribed in this section, if requested by the publisher of any such\nnewspaper, magazine or other publication or owner or operator of such radio or\ntelevision station or any agent or representative thereof to file with such\nowner or operator, publisher, agent or representative thereof ~~his~~ _such\nperson 's_ true name, or where ~~he~~ _such person_ is transacting business\nunder a name other than the true name pursuant to law, then the name under\nwhich such business is transacted, and each business address wherein any\nbusiness is transacted by ~~him~~ _such person_ , in the class of property\nadvertised or to be advertised for sale in such advertisement, shall make any\nfalse statement in relation to any of such items; or if requested by the\npublisher of any such newspaper, magazine or other publication or owner or\noperator of such radio or television station or any agent or representative\nthereof to file with such owner, operator, publisher, agent or representative\nthereof a statement showing whether ~~he~~ _such person_ is causing such\nadvertisement to appear or is offering to make such sale or disposition or\ntransaction, as herein set forth, as principal or agent, and if as agent, to\nset forth such information as is specified in this section, in relation to\n~~his~~ _such person 's_ principal as well as in relation to ~~himself~~ _such\nperson_ , shall make any false statement in relation to any of such items; is\nguilty of a misdemeanor.\n\n_3\\. Any person engaged in the business of dealing in any property or service\nwho for any commercial purpose makes, publishes, disseminates, circulates or\nplaces before the public or causes, directly or indirectly, to be made,\npublished, disseminated, circulated or placed before the public any\nadvertisement respecting any such property or service, in any medium or media\nin which such advertisement appears, shall conspicuously disclose in such\nadvertisement if a synthetic performer is in such advertisement, where such\nperson has actual knowledge. A violation of this subdivision shall result in a\ncivil penalty of one thousand dollars for a first violation, and five thousand\ndollars for any subsequent violation._\n\n_4\\. This section shall not apply to advertisements and promotional materials\nfor expressive works, including but not limited to, motion pictures,\ntelevision programs, streaming content, documentaries, video games, or other\nsimilar audiovisual works, provided that the use of synthetic media in the\nadvertisement or promotional material is consistent with its use in the\nexpressive work._\n\n_5\\. Nothing in this section shall limit, reduce, or enlarge any rights any\nperson may have under section fifty, fifty-f, or fifty-one of the civil rights\nlaw or under any other law._\n\n_6\\. Nothing in this section shall be construed to limit, or to enlarge, the\nprotections that 47 U.S.C. section 230 confers on an interactive computer\nservice for content provided by another information content provider, as such\nterms are defined in 47 U.S.C. section 230._\n\nSection 2. Severability clause. If any clause, sentence, paragraph,\nsubdivision, section or part of this act shall be adjudged by any court of\ncompetent jurisdiction to be invalid, such judgment shall not affect, impair,\nor invalidate the remainder thereof, but shall be confined in its operation to\nthe clause, sentence, paragraph, subdivision, section or part thereof directly\ninvolved in the controversy in which such judgment shall have been rendered.\nIt is hereby declared to be the intent of the legislature that this act would\nhave been enacted even if such invalid provisions had not been included\nherein.\n\nSection 3. This act shall take effect immediately.\n\nCopyright (C) 2025 State Net  \n  \n---\n\n",
      "latest_version": false
    },
    {
      "date": "05/21/2025",
      "label": "Amended",
      "url": "https://custom.statenet.com/public/resources.cgi?mode=show_text&id=ID:bill:NY2025000S1228&verid=NY2025000S1228_20250521_0_A&",
      "raw_html": "<html>\n<head>\n<title>Bill Resource</title>\n\n<!--   <link href=\"https://custom.statenet.com/network/Common/css/extregtext.css\" rel=\"stylesheet\" type=\"text/css\" />-->\n   <link href=\"https://custom.statenet.com/network/Common/css/xmltext-2.0.css\" rel=\"stylesheet\" type=\"text/css\" />\n   <link href=\"https://custom.statenet.com/network/Common/css/additional-text.css\" rel=\"stylesheet\" type=\"text/css\" />\n\n\t<style type=\"text/css\">\n<!--\n\ntd, body {\n     background-color: white;\n\tfont-family: Verdana, Arial, Helvetica, sans-serif;\n\tfont-size: 12px;\n}\n\n.resourceContainer {\n   border: 1px solid black;\n}\n-->\n</style>\n</head>\n<body>\n\n    <div style=\"width: 750px; margin: auto\">\n       <div style=\"font-size: .8em;margin-bottom: 10px\"><table width=\"100%\"><tr><td align=\"left\" style=\"font-size: .8em;\"><div>The following has special meaning:</div>\n<div><u class=\"amendmentInsertedText\">green underline denotes added text</u></div>\n<div><strike class=\"amendmentDeletedText\">red struck out text denotes deleted text</strike></div></td> <td align=\"right\"><a href=\"https://www.lexisnexis.com/statenet/\"><img alt=\"Powered by State Net\" src=\"https://custom.statenet.com/network/poweredby.gif\" /></a></td></tr></table></div><table id=\"text-identifier\"><tr><td class=\"key\">2025 NY S 1228</td> <td><table><tr><td class=\"label\">Author:</td> <td>Gianaris</td></tr> <tr><td class=\"label\">Version:</td> <td>Amended</td></tr> <tr><td class=\"label\">Version Date:</td> <td>05/21/2025</td></tr></table></td></tr></table><div class=\"documentBody\">\n  <a name=\"head_document_section\"></a><div class=\"head\">\n   <p class=\"center\">\n    <b>STATE OF NEW YORK</b>\n   </p>\n   <p class=\"center\">1228--C </p>\n   <p class=\"center\">2025-2026 Regular Sessions </p>\n   <p class=\"center\">\n    <b>IN SENATE</b>\n   </p>\n   <p class=\"center\">January 8, 2025 </p>\n   <p class=\"indent\">Introduced by Sen. GIANARIS -- read twice and ordered printed, and when printed to be committed to the Committee on Consumer Protection -- committee discharged, bill amended, ordered reprinted as amended and recommitted to said committee -- committee discharged, bill amended, ordered reprinted as amended and recommitted to said committee -- committee discharged, bill amended, ordered reprinted as amended and recommitted to said committee </p>\n  </div>\n  <a name=\"title_document_section\"></a><div class=\"title\">\n   <p class=\"indent\">AN ACT to amend the general business law, in relation to requiring advertisements to disclose the use of a synthetic performer </p>\n  </div>\n  <a name=\"text_document_section\"></a><div class=\"text\">\n   <span>\n    <p class=\"indent\">\n     <b>The People of the State of New York, represented in Senate and Assembly, do enact as follows:</b>\n    </p>\n   </span>\n   <p class=\"indent\">Section 1. Section 396-b of the general business law, as added by chapter 1031 of the laws of 1965, is amended to read as follows: </p>\n   <p class=\"indent\">Section 396-b. Advertisements. <u class=\"amendmentInsertedText\">1. For the purposes of this section, the following terms shall have the following meanings:</u>\n   </p>\n   <p class=\"indent\">\n    <u class=\"amendmentInsertedText\">(a) &quot;Artificial intelligence&quot;, &quot;artificial intelligence technology&quot;, or &quot;AI&quot; means a machine-based system that can, for a given set of human-defined objectives, make predictions, recommendations, or decisions influencing real or virtual environments, and that uses machineand human-based inputs to perceive real and virtual environments, abstract such perceptions into models through analysis in an automated manner, and use model inference to formulate options for information or action.</u>\n   </p>\n   <p class=\"indent\">\n    <u class=\"amendmentInsertedText\">(b) &quot;Generative artificial intelligence&quot; means a class of artificial intelligence models that are self-supervised and emulate the structure and characteristics of input data to generate derived synthetic content, including, but not limited to, images, videos, audio, text, and other digital content.</u>\n   </p>\n   <p class=\"indent\">\n    <u class=\"amendmentInsertedText\">(c) &quot;Synthetic performer&quot; means a digitally created asset created, reproduced, or modified by computer, using generative artificial intelligence or a software algorithm, that is intended to create the impression that the asset is engaging in an audio, audiovisual, and/or visual performance of a human performer who is not recognizable as any identifiable natural performer.</u>\n   </p>\n   <p class=\"indent\">\n    <u class=\"amendmentInsertedText\">2.</u> Any person, firm, corporation or association, or agent or employee thereof, hereinafter called person, who, being engaged in the business of dealing in any property, makes, publishes, disseminates, circulates or places before the public or causes, directly or indirectly, to be made, published, disseminated, circulated or placed before the public, in this state, any advertisement respecting any such property, in any newspaper, magazine, or other publication, or over any radio station or television station, unless it is stated in any such advertisement that the advertiser is a dealer in such property or from the context of any such advertisement, it plainly appears that such person is a dealer in such property so offered for sale in any such advertisement; or when placing or causing any such advertisement to appear in any newspaper, magazine or other publication or radio or television station as described in this section, if requested by the publisher of any such newspaper, magazine or other publication or owner or operator of such radio or television station or any agent or representative thereof to file with such owner or operator, publisher, agent or representative thereof <strike class=\"amendmentDeletedText\">his</strike>\n    <u class=\"amendmentInsertedText\">such person&#39;s</u> true name, or where <strike class=\"amendmentDeletedText\">he</strike>\n    <u class=\"amendmentInsertedText\">such person</u> is transacting business under a name other than the true name pursuant to law, then the name under which such business is transacted, and each business address wherein any business is transacted by <strike class=\"amendmentDeletedText\">him</strike>\n    <u class=\"amendmentInsertedText\">such person</u>, in the class of property advertised or to be advertised for sale in such advertisement, shall make any false statement in relation to any of such items; or if requested by the publisher of any such newspaper, magazine or other publication or owner or operator of such radio or television station or any agent or representative thereof to file with such owner, operator, publisher, agent or representative thereof a statement showing whether <strike class=\"amendmentDeletedText\">he</strike>\n    <u class=\"amendmentInsertedText\">such person</u> is causing such advertisement to appear or is offering to make such sale or disposition or transaction, as herein set forth, as principal or agent, and if as agent, to set forth such information as is specified in this section, in relation to <strike class=\"amendmentDeletedText\">his</strike>\n    <u class=\"amendmentInsertedText\">such person&#39;s</u> principal as well as in relation to <strike class=\"amendmentDeletedText\">himself</strike>\n    <u class=\"amendmentInsertedText\">such person</u>, shall make any false statement in relation to any of such items; is guilty of a misdemeanor. </p>\n   <p class=\"indent\">\n    <u class=\"amendmentInsertedText\">3. Any person engaged in the business of dealing in any property or service who for any commercial purpose makes, publishes, disseminates, circulates or places before the public or causes, directly or indirectly, to be made, published, disseminated, circulated or placed before the public any advertisement respecting any such property or service, in any medium or media in which such advertisement appears, shall conspicuously disclose in such advertisement if a synthetic performer is in such advertisement, where such person has actual knowledge. A violation of this subdivision shall result in a civil penalty of one thousand dollars for a first violation, and five thousand dollars for any subsequent violation.</u>\n   </p>\n   <p class=\"indent\">\n    <u class=\"amendmentInsertedText\">4. This section shall not apply to advertisements and promotional materials for expressive works, including but not limited to, motion pictures, television programs, streaming content, documentaries, video games, or other similar audiovisual works, provided that the use of a synthetic performer in the advertisement or promotional material is consistent with its use in the expressive work.</u>\n   </p>\n   <p class=\"indent\">\n    <u class=\"amendmentInsertedText\">5. Nothing in this section shall limit, reduce, or enlarge any rights any person may have under section fifty, fifty-f, or fifty-one of the civil rights law or under any other law.</u>\n   </p>\n   <p class=\"indent\">\n    <u class=\"amendmentInsertedText\">6. Nothing in this section shall be construed to limit, or to enlarge, the protections that 47 U.S.C. section 230 confers on an interactive computer service for content provided by another information content provider, as such terms are defined in 47 U.S.C. section 230.</u>\n   </p>\n   <p class=\"indent\">Section 2. Severability clause. If any clause, sentence, paragraph, subdivision, section or part of this act shall be adjudged by any court of competent jurisdiction to be invalid, such judgment shall not affect, impair, or invalidate the remainder thereof, but shall be confined in its operation to the clause, sentence, paragraph, subdivision, section or part thereof directly involved in the controversy in which such judgment shall have been rendered. It is hereby declared to be the intent of the legislature that this act would have been enacted even if such invalid provisions had not been included herein. </p>\n   <p class=\"indent\">Section 3. This act shall take effect immediately.</p>\n  </div>\n </div>\n    </div>\t\n<table cellpadding=0 cellspacing=0 width=\"100%\">\n   <tr>\n      <td>\n          Copyright &copy; 2025 State Net\n      </td>\n<BR>\n<!--???MOVED INTO resources.cgi      <td align=\"right\">\n          <img src=\"https://custom.statenet.com/network/poweredby.gif\" alt=\"Powered by State Net\">\n      </td>-->\n\n    </tr>\n</table>\n</body></html>\n",
      "markdown": "The following has special meaning: _green underline denotes added text_ ~~red struck out text denotes deleted text~~ | [![Powered by State Net](https://custom.statenet.com/network/poweredby.gif)](https://www.lexisnexis.com/statenet/)  \n---|---  \n  \n2025 NY S 1228 | | Author: | Gianaris  \n---|---  \nVersion: | Amended  \nVersion Date: | 05/21/2025  \n  \n**STATE OF NEW YORK**\n\n1228--C\n\n2025-2026 Regular Sessions\n\n**IN SENATE**\n\nJanuary 8, 2025\n\nIntroduced by Sen. GIANARIS -- read twice and ordered printed, and when\nprinted to be committed to the Committee on Consumer Protection -- committee\ndischarged, bill amended, ordered reprinted as amended and recommitted to said\ncommittee -- committee discharged, bill amended, ordered reprinted as amended\nand recommitted to said committee -- committee discharged, bill amended,\nordered reprinted as amended and recommitted to said committee\n\nAN ACT to amend the general business law, in relation to requiring\nadvertisements to disclose the use of a synthetic performer\n\n**The People of the State of New York, represented in Senate and Assembly, do\nenact as follows:**\n\nSection 1. Section 396-b of the general business law, as added by chapter 1031\nof the laws of 1965, is amended to read as follows:\n\nSection 396-b. Advertisements. _1\\. For the purposes of this section, the\nfollowing terms shall have the following meanings:_\n\n_(a) \"Artificial intelligence\", \"artificial intelligence technology\", or \"AI\"\nmeans a machine-based system that can, for a given set of human-defined\nobjectives, make predictions, recommendations, or decisions influencing real\nor virtual environments, and that uses machineand human-based inputs to\nperceive real and virtual environments, abstract such perceptions into models\nthrough analysis in an automated manner, and use model inference to formulate\noptions for information or action._\n\n_(b) \"Generative artificial intelligence\" means a class of artificial\nintelligence models that are self-supervised and emulate the structure and\ncharacteristics of input data to generate derived synthetic content,\nincluding, but not limited to, images, videos, audio, text, and other digital\ncontent._\n\n_(c) \"Synthetic performer\" means a digitally created asset created,\nreproduced, or modified by computer, using generative artificial intelligence\nor a software algorithm, that is intended to create the impression that the\nasset is engaging in an audio, audiovisual, and/or visual performance of a\nhuman performer who is not recognizable as any identifiable natural\nperformer._\n\n_2._ Any person, firm, corporation or association, or agent or employee\nthereof, hereinafter called person, who, being engaged in the business of\ndealing in any property, makes, publishes, disseminates, circulates or places\nbefore the public or causes, directly or indirectly, to be made, published,\ndisseminated, circulated or placed before the public, in this state, any\nadvertisement respecting any such property, in any newspaper, magazine, or\nother publication, or over any radio station or television station, unless it\nis stated in any such advertisement that the advertiser is a dealer in such\nproperty or from the context of any such advertisement, it plainly appears\nthat such person is a dealer in such property so offered for sale in any such\nadvertisement; or when placing or causing any such advertisement to appear in\nany newspaper, magazine or other publication or radio or television station as\ndescribed in this section, if requested by the publisher of any such\nnewspaper, magazine or other publication or owner or operator of such radio or\ntelevision station or any agent or representative thereof to file with such\nowner or operator, publisher, agent or representative thereof ~~his~~ _such\nperson 's_ true name, or where ~~he~~ _such person_ is transacting business\nunder a name other than the true name pursuant to law, then the name under\nwhich such business is transacted, and each business address wherein any\nbusiness is transacted by ~~him~~ _such person_ , in the class of property\nadvertised or to be advertised for sale in such advertisement, shall make any\nfalse statement in relation to any of such items; or if requested by the\npublisher of any such newspaper, magazine or other publication or owner or\noperator of such radio or television station or any agent or representative\nthereof to file with such owner, operator, publisher, agent or representative\nthereof a statement showing whether ~~he~~ _such person_ is causing such\nadvertisement to appear or is offering to make such sale or disposition or\ntransaction, as herein set forth, as principal or agent, and if as agent, to\nset forth such information as is specified in this section, in relation to\n~~his~~ _such person 's_ principal as well as in relation to ~~himself~~ _such\nperson_ , shall make any false statement in relation to any of such items; is\nguilty of a misdemeanor.\n\n_3\\. Any person engaged in the business of dealing in any property or service\nwho for any commercial purpose makes, publishes, disseminates, circulates or\nplaces before the public or causes, directly or indirectly, to be made,\npublished, disseminated, circulated or placed before the public any\nadvertisement respecting any such property or service, in any medium or media\nin which such advertisement appears, shall conspicuously disclose in such\nadvertisement if a synthetic performer is in such advertisement, where such\nperson has actual knowledge. A violation of this subdivision shall result in a\ncivil penalty of one thousand dollars for a first violation, and five thousand\ndollars for any subsequent violation._\n\n_4\\. This section shall not apply to advertisements and promotional materials\nfor expressive works, including but not limited to, motion pictures,\ntelevision programs, streaming content, documentaries, video games, or other\nsimilar audiovisual works, provided that the use of a synthetic performer in\nthe advertisement or promotional material is consistent with its use in the\nexpressive work._\n\n_5\\. Nothing in this section shall limit, reduce, or enlarge any rights any\nperson may have under section fifty, fifty-f, or fifty-one of the civil rights\nlaw or under any other law._\n\n_6\\. Nothing in this section shall be construed to limit, or to enlarge, the\nprotections that 47 U.S.C. section 230 confers on an interactive computer\nservice for content provided by another information content provider, as such\nterms are defined in 47 U.S.C. section 230._\n\nSection 2. Severability clause. If any clause, sentence, paragraph,\nsubdivision, section or part of this act shall be adjudged by any court of\ncompetent jurisdiction to be invalid, such judgment shall not affect, impair,\nor invalidate the remainder thereof, but shall be confined in its operation to\nthe clause, sentence, paragraph, subdivision, section or part thereof directly\ninvolved in the controversy in which such judgment shall have been rendered.\nIt is hereby declared to be the intent of the legislature that this act would\nhave been enacted even if such invalid provisions had not been included\nherein.\n\nSection 3. This act shall take effect immediately.\n\nCopyright (C) 2025 State Net  \n  \n---\n\n",
      "latest_version": true
    }
  ]
}