{
  "bill_id": "NY2025000A6972",
  "source_url": "http://custom.statenet.com/public/resources.cgi?id=ID:bill:NY2025000A6972&cuiq=93d84396-c63b-526a-b152-38b7f79b4cfd&client_md=e4f6fea4-27b4-5d41-b7d3-766fe52569f0",
  "versions": [
    {
      "date": "03/18/2025",
      "label": "Introduced",
      "url": "https://custom.statenet.com/public/resources.cgi?mode=show_text&id=ID:bill:NY2025000A6972&verid=NY2025000A6972_20250318_0_I&",
      "raw_html": "<html>\n<head>\n<title>Bill Resource</title>\n\n<!--   <link href=\"https://custom.statenet.com/network/Common/css/extregtext.css\" rel=\"stylesheet\" type=\"text/css\" />-->\n   <link href=\"https://custom.statenet.com/network/Common/css/xmltext-2.0.css\" rel=\"stylesheet\" type=\"text/css\" />\n   <link href=\"https://custom.statenet.com/network/Common/css/additional-text.css\" rel=\"stylesheet\" type=\"text/css\" />\n\n\t<style type=\"text/css\">\n<!--\n\ntd, body {\n     background-color: white;\n\tfont-family: Verdana, Arial, Helvetica, sans-serif;\n\tfont-size: 12px;\n}\n\n.resourceContainer {\n   border: 1px solid black;\n}\n-->\n</style>\n</head>\n<body>\n\n    <div style=\"width: 750px; margin: auto\">\n       <div style=\"font-size: .8em;margin-bottom: 10px\"><table width=\"100%\"><tr><td align=\"left\" style=\"font-size: .8em;\"><div>The following has special meaning:</div>\n<div><u class=\"amendmentInsertedText\">green underline denotes added text</u></div>\n<div><strike class=\"amendmentDeletedText\">red struck out text denotes deleted text</strike></div></td> <td align=\"right\"><a href=\"https://www.lexisnexis.com/statenet/\"><img alt=\"Powered by State Net\" src=\"https://custom.statenet.com/network/poweredby.gif\" /></a></td></tr></table></div><table id=\"text-identifier\"><tr><td class=\"key\">2025 NY A 6972</td> <td><table><tr><td class=\"label\">Author:</td> <td>Solages</td></tr> <tr><td class=\"label\">Version:</td> <td>Introduced</td></tr> <tr><td class=\"label\">Version Date:</td> <td>03/18/2025</td></tr></table></td></tr></table><div class=\"documentBody\">\n  <a name=\"head_document_section\"></a><div class=\"head\">\n   <p class=\"center\">\n    <b>STATE OF NEW YORK</b>\n   </p>\n   <p class=\"center\">6972 </p>\n   <p class=\"center\">2025-2026 Regular Sessions </p>\n   <p class=\"center\">\n    <b>IN ASSEMBLY</b>\n   </p>\n   <p class=\"center\">March 18, 2025 </p>\n   <p class=\"indent\">Introduced by M. of A. SOLAGES -- read once and referred to the Committee on Education </p>\n  </div>\n  <a name=\"title_document_section\"></a><div class=\"title\">\n   <p class=\"indent\">AN ACT to amend the education law, in relation to creating an artificial intelligence working group in the department of education; and providing for the repeal of such provisions upon expiration thereof </p>\n  </div>\n  <a name=\"text_document_section\"></a><div class=\"text\">\n   <span>\n    <p class=\"indent\">\n     <b>The People of the State of New York, represented in Senate and Assembly, do enact as follows:</b>\n    </p>\n   </span>\n   <p class=\"indent\">Section 1. Legislative findings. The legislature finds and declares that there is an urgent need for state guidance and locally adopted policies regarding the safe and effective use of artificial intelligence in education to benefit and protect pupils and educators. It is the intent of the legislature to ensure that the use of artificial intelligence technology-enabled teaching and learning practices are in coordination with, rather than a replacement of, educators. </p>\n   <p class=\"indent\">Section 2. The education law is amended by adding a new section 115 to read as follows: </p>\n   <p class=\"indent\">\n    <u class=\"amendmentInsertedText\">Section 115. Artificial intelligence working group. 1. For the purposes of this section:</u>\n   </p>\n   <p class=\"indent\">\n    <u class=\"amendmentInsertedText\">(a) &quot;Artificial intelligence system&quot; or &quot;AI system&quot; shall mean a machine-based system that, for explicit or implicit objectives, infers, from the input it receives, how to generate outputs such as predictions, content, recommendations, or decisions that can influence physical or virtual environments. Different AI systems vary in their levels of autonomy and adaptiveness after deployment.</u>\n   </p>\n   <p class=\"indent\">\n    <u class=\"amendmentInsertedText\">(b) &quot;Working group&quot; means the artificial intelligence working group created by this section.</u>\n   </p>\n   <p class=\"indent\">\n    <u class=\"amendmentInsertedText\">2. There is hereby created in the department an artificial intelligence working group for the purposes of:</u>\n   </p>\n   <p class=\"indent\">\n    <u class=\"amendmentInsertedText\">(a) developing guidance on the safe and effective use of artificial intelligence in ways that benefit, and do not harm, pupils and educators;</u>\n   </p>\n   <p class=\"indent\">\n    <u class=\"amendmentInsertedText\">(b) developing a model policy, reflecting available research, for school districts and charter schools regarding the safe and effective use of artificial intelligence in ways that benefit, and do not negatively impact, educational quality, pupil critical thinking and writing skills, creativity, and the essential work of educators; and</u>\n   </p>\n   <p class=\"indent\">\n    <u class=\"amendmentInsertedText\">(c) identifying other ways in which the state can support educators in developing and sharing effective practices involving artificial intelligence that minimize risk and maximize benefits to pupils and educators.</u>\n   </p>\n   <p class=\"indent\">\n    <u class=\"amendmentInsertedText\">3. (a) The working group shall consist of:</u>\n   </p>\n   <p class=\"indent\">\n    <u class=\"amendmentInsertedText\">(i) the commissioner or the commissioner&#39;s designee;</u>\n   </p>\n   <p class=\"indent\">\n    <u class=\"amendmentInsertedText\">(ii) the director of the office of information technology services or the director&#39;s designee;</u>\n   </p>\n   <p class=\"indent\">\n    <u class=\"amendmentInsertedText\">(iii) thirteen additional members to be appointed as follows:</u>\n   </p>\n   <p class=\"indent\">\n    <u class=\"amendmentInsertedText\">(1) eight members to be appointed by the governor;</u>\n   </p>\n   <p class=\"indent\">\n    <u class=\"amendmentInsertedText\">(2) one member to be appointed by the temporary president of the senate;</u>\n   </p>\n   <p class=\"indent\">\n    <u class=\"amendmentInsertedText\">(3) one member to be appointed by the speaker of the assembly;</u>\n   </p>\n   <p class=\"indent\">\n    <u class=\"amendmentInsertedText\">(4) one member to be appointed by the minority leader of the senate;</u>\n   </p>\n   <p class=\"indent\">\n    <u class=\"amendmentInsertedText\">(5) one member to be appointed by the minority leader of the assembly; and</u>\n   </p>\n   <p class=\"indent\">\n    <u class=\"amendmentInsertedText\">(6) one member to be appointed by the director of the office of information technology services.</u>\n   </p>\n   <p class=\"indent\">\n    <u class=\"amendmentInsertedText\">(b) The members appointed pursuant to clauses one, two, three, four and five of subparagraph (iii) of paragraph (a) of this subdivision shall be selected from school district administrators, public school teachers serving in elementary and/or secondary teaching positions with knowledge of the use of artificial intelligence in education, university and community college faculty with expertise in artificial intelligence and its uses in education, and representatives of private sector business or industry, with expertise in artificial intelligence and its uses in education.</u>\n   </p>\n   <p class=\"indent\">\n    <u class=\"amendmentInsertedText\">(c) The commissioner or the commissioner&#39;s designee shall serve, ex officio, as the chair of the working group, and the director of the office of information technology services or the director&#39;s designee shall serve as the vice chair of the working group. In appointing members of the working group, appointing authorities shall ensure that such members, as a group, represent diverse scientific perspectives relevant to the duties of the working group. The members of the working group, except those who serve ex officio, shall be allowed their actual and necessary expenses incurred in the performance of their duties under this section but shall receive no additional compensation for services rendered pursuant to this section.</u>\n   </p>\n   <p class=\"indent\">\n    <u class=\"amendmentInsertedText\">(d) The working group, on call of the chair, shall meet at least twice each year and at such other times as may be necessary. The working group may establish quorum requirements and other rules and procedures regarding conduct of its meetings and other affairs.</u>\n   </p>\n   <p class=\"indent\">\n    <u class=\"amendmentInsertedText\">(e) If any appointments to the working group are not made by July first, two thousand twenty-five, then the working group may proceed to meet and fulfill its responsibilities, pursuant to this section, without such appointees.</u>\n   </p>\n   <p class=\"indent\">\n    <u class=\"amendmentInsertedText\">4. The working group shall have the following powers and responsibilities:</u>\n   </p>\n   <p class=\"indent\">\n    <u class=\"amendmentInsertedText\">(a) to assess the current state of artificial intelligence used by school districts and charter schools, including all of the following:</u>\n   </p>\n   <p class=\"indent\">\n    <u class=\"amendmentInsertedText\">(i) technologies most commonly in use;</u>\n   </p>\n   <p class=\"indent\">\n    <u class=\"amendmentInsertedText\">(ii) the typical cost of such technologies;</u>\n   </p>\n   <p class=\"indent\">\n    <u class=\"amendmentInsertedText\">(iii) the ownership structure of such technologies;</u>\n   </p>\n   <p class=\"indent\">\n    <u class=\"amendmentInsertedText\">(iv) the ownership structure of pupiland employee-created materials;</u>\n   </p>\n   <p class=\"indent\">\n    <u class=\"amendmentInsertedText\">(v) the licensing agreements for those technologies;</u>\n   </p>\n   <p class=\"indent\">\n    <u class=\"amendmentInsertedText\">(vi) the ability to access source code for those technologies;</u>\n   </p>\n   <p class=\"indent\">\n    <u class=\"amendmentInsertedText\">(vii) the degree to which educators were involved in the decision to use artificial intelligence; and</u>\n   </p>\n   <p class=\"indent\">\n    <u class=\"amendmentInsertedText\">(viii) artificial intelligence as a topic of instruction in developing class content.</u>\n   </p>\n   <p class=\"indent\">\n    <u class=\"amendmentInsertedText\">(b) to assess the projected state of artificial intelligence use in education, including anticipated and potential developments in artificial intelligence technology in education.</u>\n   </p>\n   <p class=\"indent\">\n    <u class=\"amendmentInsertedText\">(c) to conduct at least three public meetings to incorporate feedback from pupils, families, and relevant stakeholders into the assessment required by this subdivision. Such public meetings may be held by teleconference.</u>\n   </p>\n   <p class=\"indent\">\n    <u class=\"amendmentInsertedText\">(d) (i) to detail current uses of artificial intelligence in educational settings including through the identification of the following:</u>\n   </p>\n   <p class=\"indent\">\n    <u class=\"amendmentInsertedText\">(1) examples of human-centered artificial intelligence that aid, further, and improve teaching and learning, including in ways that do not exacerbate existing inequities, and the work of educators;</u>\n   </p>\n   <p class=\"indent\">\n    <u class=\"amendmentInsertedText\">(2) examples of human replacement artificial intelligence that could negatively impact pupil development, jeopardize pupil data security, or risk the jobs of educators; and</u>\n   </p>\n   <p class=\"indent\">\n    <u class=\"amendmentInsertedText\">(3) examples of strategies to ensure that there are opportunities for stakeholders to offer meaningful feedback before any given form of artificial intelligence is introduced to pupils or educators.</u>\n   </p>\n   <p class=\"indent\">\n    <u class=\"amendmentInsertedText\">(ii) In performing the work required by this subdivision, the working group shall solicit input from educators and pupils on their experience using the technologies identified in paragraph (a) of this subdivision.</u>\n   </p>\n   <p class=\"indent\">\n    <u class=\"amendmentInsertedText\">(e) to identify other ways in which the state can support educators in developing and sharing effective practices that minimize risk and maximize benefits to pupils and educators, including, but not limited to, establishing communities of practice on the use of artificial intelligence in education.</u>\n   </p>\n   <p class=\"indent\">\n    <u class=\"amendmentInsertedText\">(f) to make recommendations for legislative and administrative proposals to further the findings of the working group.</u>\n   </p>\n   <p class=\"indent\">\n    <u class=\"amendmentInsertedText\">5. (a) On or before January first, two thousand twenty-six, the working group shall develop guidance for school districts and charter schools on the safe use of artificial intelligence in education. The guidance shall address the following:</u>\n   </p>\n   <p class=\"indent\">\n    <u class=\"amendmentInsertedText\">(i) academic integrity and plagiarism utilizing artificial intelligence systems;</u>\n   </p>\n   <p class=\"indent\">\n    <u class=\"amendmentInsertedText\">(ii) acceptable and unacceptable uses of artificial intelligence systems by pupils and educators;</u>\n   </p>\n   <p class=\"indent\">\n    <u class=\"amendmentInsertedText\">(iii) pupil and educator data privacy and data security;</u>\n   </p>\n   <p class=\"indent\">\n    <u class=\"amendmentInsertedText\">(iv) parent and guardian access to information that pupils enter into artificial intelligence systems; and</u>\n   </p>\n   <p class=\"indent\">\n    <u class=\"amendmentInsertedText\">(v) procurement of software by school districts or charter schools that ensures the safety and privacy of pupils and educators, and the protection of their data;</u>\n   </p>\n   <p class=\"indent\">\n    <u class=\"amendmentInsertedText\">(b) On or before July first, two thousand twenty-six, the working group shall develop a model policy for school districts and charter schools regarding the safe and effective use of artificial intelligence in ways that benefit, and do not negatively impact, pupils and educators. This policy shall address the following:</u>\n   </p>\n   <p class=\"indent\">\n    <u class=\"amendmentInsertedText\">(i) academic integrity and plagiarism utilizing artificial intelligence systems;</u>\n   </p>\n   <p class=\"indent\">\n    <u class=\"amendmentInsertedText\">(ii) acceptable and unacceptable uses of artificial intelligence systems by pupils and educators;</u>\n   </p>\n   <p class=\"indent\">\n    <u class=\"amendmentInsertedText\">(iii) pupil and educator data privacy and data security;</u>\n   </p>\n   <p class=\"indent\">\n    <u class=\"amendmentInsertedText\">(iv) parent and guardian access to information that pupils enter into artificial intelligence systems;</u>\n   </p>\n   <p class=\"indent\">\n    <u class=\"amendmentInsertedText\">(v) procurement of software by school districts or charter schools that ensures the safety and privacy of pupils and educators and their data;</u>\n   </p>\n   <p class=\"indent\">\n    <u class=\"amendmentInsertedText\">(vi) effective use of artificial intelligence to support, and avoid risk to, teaching and learning;</u>\n   </p>\n   <p class=\"indent\">\n    <u class=\"amendmentInsertedText\">(vii) effective practices to support, and avoid risk to, educators and pupils;</u>\n   </p>\n   <p class=\"indent\">\n    <u class=\"amendmentInsertedText\">(viii) strategies to ensure that artificial intelligence does not exacerbate existing inequities in the education system; and</u>\n   </p>\n   <p class=\"indent\">\n    <u class=\"amendmentInsertedText\">(ix) professional development strategies for educators on the use of artificial intelligence.</u>\n   </p>\n   <p class=\"indent\">\n    <u class=\"amendmentInsertedText\">6. The department shall post on its website the guidance developed and the model policy for school districts and charter schools developed pursuant to subdivision five of this section.</u>\n   </p>\n   <p class=\"indent\">\n    <u class=\"amendmentInsertedText\">7. The working group shall be subject to article seven of the public officers law.</u>\n   </p>\n   <p class=\"indent\">\n    <u class=\"amendmentInsertedText\">8. On or before January first, two thousand twenty-seven, the working group shall submit a report presenting the results of the assessments preformed pursuant to subdivision four of this section, and a summary of the working group&#39;s findings, conclusions and recommendations to the governor, the temporary president of the senate and the speaker of the assembly. The working group shall be dissolved upon submission of the report required by this subdivision.</u>\n   </p>\n   <p class=\"indent\">Section 3. This act shall take effect immediately and shall expire and be deemed repealed on January 31, 2031.</p>\n  </div>\n </div>\n    </div>\t\n<table cellpadding=0 cellspacing=0 width=\"100%\">\n   <tr>\n      <td>\n          Copyright &copy; 2025 State Net\n      </td>\n<BR>\n<!--???MOVED INTO resources.cgi      <td align=\"right\">\n          <img src=\"https://custom.statenet.com/network/poweredby.gif\" alt=\"Powered by State Net\">\n      </td>-->\n\n    </tr>\n</table>\n</body></html>\n",
      "markdown": "The following has special meaning: _green underline denotes added text_ ~~red struck out text denotes deleted text~~ | [![Powered by State Net](https://custom.statenet.com/network/poweredby.gif)](https://www.lexisnexis.com/statenet/)  \n---|---  \n  \n2025 NY A 6972 | | Author: | Solages  \n---|---  \nVersion: | Introduced  \nVersion Date: | 03/18/2025  \n  \n**STATE OF NEW YORK**\n\n6972\n\n2025-2026 Regular Sessions\n\n**IN ASSEMBLY**\n\nMarch 18, 2025\n\nIntroduced by M. of A. SOLAGES -- read once and referred to the Committee on\nEducation\n\nAN ACT to amend the education law, in relation to creating an artificial\nintelligence working group in the department of education; and providing for\nthe repeal of such provisions upon expiration thereof\n\n**The People of the State of New York, represented in Senate and Assembly, do\nenact as follows:**\n\nSection 1. Legislative findings. The legislature finds and declares that there\nis an urgent need for state guidance and locally adopted policies regarding\nthe safe and effective use of artificial intelligence in education to benefit\nand protect pupils and educators. It is the intent of the legislature to\nensure that the use of artificial intelligence technology-enabled teaching and\nlearning practices are in coordination with, rather than a replacement of,\neducators.\n\nSection 2. The education law is amended by adding a new section 115 to read as\nfollows:\n\n_Section 115. Artificial intelligence working group. 1. For the purposes of\nthis section:_\n\n_(a) \"Artificial intelligence system\" or \"AI system\" shall mean a machine-\nbased system that, for explicit or implicit objectives, infers, from the input\nit receives, how to generate outputs such as predictions, content,\nrecommendations, or decisions that can influence physical or virtual\nenvironments. Different AI systems vary in their levels of autonomy and\nadaptiveness after deployment._\n\n_(b) \"Working group\" means the artificial intelligence working group created\nby this section._\n\n_2\\. There is hereby created in the department an artificial intelligence\nworking group for the purposes of:_\n\n_(a) developing guidance on the safe and effective use of artificial\nintelligence in ways that benefit, and do not harm, pupils and educators;_\n\n_(b) developing a model policy, reflecting available research, for school\ndistricts and charter schools regarding the safe and effective use of\nartificial intelligence in ways that benefit, and do not negatively impact,\neducational quality, pupil critical thinking and writing skills, creativity,\nand the essential work of educators; and_\n\n_(c) identifying other ways in which the state can support educators in\ndeveloping and sharing effective practices involving artificial intelligence\nthat minimize risk and maximize benefits to pupils and educators._\n\n_3\\. (a) The working group shall consist of:_\n\n_(i) the commissioner or the commissioner 's designee;_\n\n_(ii) the director of the office of information technology services or the\ndirector 's designee;_\n\n_(iii) thirteen additional members to be appointed as follows:_\n\n_(1) eight members to be appointed by the governor;_\n\n_(2) one member to be appointed by the temporary president of the senate;_\n\n_(3) one member to be appointed by the speaker of the assembly;_\n\n_(4) one member to be appointed by the minority leader of the senate;_\n\n_(5) one member to be appointed by the minority leader of the assembly; and_\n\n_(6) one member to be appointed by the director of the office of information\ntechnology services._\n\n_(b) The members appointed pursuant to clauses one, two, three, four and five\nof subparagraph (iii) of paragraph (a) of this subdivision shall be selected\nfrom school district administrators, public school teachers serving in\nelementary and/or secondary teaching positions with knowledge of the use of\nartificial intelligence in education, university and community college faculty\nwith expertise in artificial intelligence and its uses in education, and\nrepresentatives of private sector business or industry, with expertise in\nartificial intelligence and its uses in education._\n\n_(c) The commissioner or the commissioner 's designee shall serve, ex officio,\nas the chair of the working group, and the director of the office of\ninformation technology services or the director's designee shall serve as the\nvice chair of the working group. In appointing members of the working group,\nappointing authorities shall ensure that such members, as a group, represent\ndiverse scientific perspectives relevant to the duties of the working group.\nThe members of the working group, except those who serve ex officio, shall be\nallowed their actual and necessary expenses incurred in the performance of\ntheir duties under this section but shall receive no additional compensation\nfor services rendered pursuant to this section._\n\n_(d) The working group, on call of the chair, shall meet at least twice each\nyear and at such other times as may be necessary. The working group may\nestablish quorum requirements and other rules and procedures regarding conduct\nof its meetings and other affairs._\n\n_(e) If any appointments to the working group are not made by July first, two\nthousand twenty-five, then the working group may proceed to meet and fulfill\nits responsibilities, pursuant to this section, without such appointees._\n\n_4\\. The working group shall have the following powers and responsibilities:_\n\n_(a) to assess the current state of artificial intelligence used by school\ndistricts and charter schools, including all of the following:_\n\n_(i) technologies most commonly in use;_\n\n_(ii) the typical cost of such technologies;_\n\n_(iii) the ownership structure of such technologies;_\n\n_(iv) the ownership structure of pupiland employee-created materials;_\n\n_(v) the licensing agreements for those technologies;_\n\n_(vi) the ability to access source code for those technologies;_\n\n_(vii) the degree to which educators were involved in the decision to use\nartificial intelligence; and_\n\n_(viii) artificial intelligence as a topic of instruction in developing class\ncontent._\n\n_(b) to assess the projected state of artificial intelligence use in\neducation, including anticipated and potential developments in artificial\nintelligence technology in education._\n\n_(c) to conduct at least three public meetings to incorporate feedback from\npupils, families, and relevant stakeholders into the assessment required by\nthis subdivision. Such public meetings may be held by teleconference._\n\n_(d) (i) to detail current uses of artificial intelligence in educational\nsettings including through the identification of the following:_\n\n_(1) examples of human-centered artificial intelligence that aid, further, and\nimprove teaching and learning, including in ways that do not exacerbate\nexisting inequities, and the work of educators;_\n\n_(2) examples of human replacement artificial intelligence that could\nnegatively impact pupil development, jeopardize pupil data security, or risk\nthe jobs of educators; and_\n\n_(3) examples of strategies to ensure that there are opportunities for\nstakeholders to offer meaningful feedback before any given form of artificial\nintelligence is introduced to pupils or educators._\n\n_(ii) In performing the work required by this subdivision, the working group\nshall solicit input from educators and pupils on their experience using the\ntechnologies identified in paragraph (a) of this subdivision._\n\n_(e) to identify other ways in which the state can support educators in\ndeveloping and sharing effective practices that minimize risk and maximize\nbenefits to pupils and educators, including, but not limited to, establishing\ncommunities of practice on the use of artificial intelligence in education._\n\n_(f) to make recommendations for legislative and administrative proposals to\nfurther the findings of the working group._\n\n_5\\. (a) On or before January first, two thousand twenty-six, the working\ngroup shall develop guidance for school districts and charter schools on the\nsafe use of artificial intelligence in education. The guidance shall address\nthe following:_\n\n_(i) academic integrity and plagiarism utilizing artificial intelligence\nsystems;_\n\n_(ii) acceptable and unacceptable uses of artificial intelligence systems by\npupils and educators;_\n\n_(iii) pupil and educator data privacy and data security;_\n\n_(iv) parent and guardian access to information that pupils enter into\nartificial intelligence systems; and_\n\n_(v) procurement of software by school districts or charter schools that\nensures the safety and privacy of pupils and educators, and the protection of\ntheir data;_\n\n_(b) On or before July first, two thousand twenty-six, the working group shall\ndevelop a model policy for school districts and charter schools regarding the\nsafe and effective use of artificial intelligence in ways that benefit, and do\nnot negatively impact, pupils and educators. This policy shall address the\nfollowing:_\n\n_(i) academic integrity and plagiarism utilizing artificial intelligence\nsystems;_\n\n_(ii) acceptable and unacceptable uses of artificial intelligence systems by\npupils and educators;_\n\n_(iii) pupil and educator data privacy and data security;_\n\n_(iv) parent and guardian access to information that pupils enter into\nartificial intelligence systems;_\n\n_(v) procurement of software by school districts or charter schools that\nensures the safety and privacy of pupils and educators and their data;_\n\n_(vi) effective use of artificial intelligence to support, and avoid risk to,\nteaching and learning;_\n\n_(vii) effective practices to support, and avoid risk to, educators and\npupils;_\n\n_(viii) strategies to ensure that artificial intelligence does not exacerbate\nexisting inequities in the education system; and_\n\n_(ix) professional development strategies for educators on the use of\nartificial intelligence._\n\n_6\\. The department shall post on its website the guidance developed and the\nmodel policy for school districts and charter schools developed pursuant to\nsubdivision five of this section._\n\n_7\\. The working group shall be subject to article seven of the public\nofficers law._\n\n_8\\. On or before January first, two thousand twenty-seven, the working group\nshall submit a report presenting the results of the assessments preformed\npursuant to subdivision four of this section, and a summary of the working\ngroup 's findings, conclusions and recommendations to the governor, the\ntemporary president of the senate and the speaker of the assembly. The working\ngroup shall be dissolved upon submission of the report required by this\nsubdivision._\n\nSection 3. This act shall take effect immediately and shall expire and be\ndeemed repealed on January 31, 2031.\n\nCopyright (C) 2025 State Net  \n  \n---\n\n",
      "latest_version": true
    }
  ]
}