{
  "bill_id": "NY2025000S934",
  "source_url": "http://custom.statenet.com/public/resources.cgi?id=ID:bill:NY2025000S934&cuiq=93d84396-c63b-526a-b152-38b7f79b4cfd&client_md=e4f6fea4-27b4-5d41-b7d3-766fe52569f0",
  "versions": [
    {
      "date": "01/08/2025",
      "label": "Introduced",
      "url": "https://custom.statenet.com/public/resources.cgi?mode=show_text&id=ID:bill:NY2025000S934&verid=NY2025000S934_20250108_0_I&",
      "raw_html": "<html>\n<head>\n<title>Bill Resource</title>\n\n<!--   <link href=\"https://custom.statenet.com/network/Common/css/extregtext.css\" rel=\"stylesheet\" type=\"text/css\" />-->\n   <link href=\"https://custom.statenet.com/network/Common/css/xmltext-2.0.css\" rel=\"stylesheet\" type=\"text/css\" />\n   <link href=\"https://custom.statenet.com/network/Common/css/additional-text.css\" rel=\"stylesheet\" type=\"text/css\" />\n\n\t<style type=\"text/css\">\n<!--\n\ntd, body {\n     background-color: white;\n\tfont-family: Verdana, Arial, Helvetica, sans-serif;\n\tfont-size: 12px;\n}\n\n.resourceContainer {\n   border: 1px solid black;\n}\n-->\n</style>\n</head>\n<body>\n\n    <div style=\"width: 750px; margin: auto\">\n       <div style=\"font-size: .8em;margin-bottom: 10px\"><table width=\"100%\"><tr><td align=\"left\" style=\"font-size: .8em;\"><div>The following has special meaning:</div>\n<div><u class=\"amendmentInsertedText\">green underline denotes added text</u></div>\n<div><strike class=\"amendmentDeletedText\">red struck out text denotes deleted text</strike></div></td> <td align=\"right\"><a href=\"https://www.lexisnexis.com/statenet/\"><img alt=\"Powered by State Net\" src=\"https://custom.statenet.com/network/poweredby.gif\" /></a></td></tr></table></div><table id=\"text-identifier\"><tr><td class=\"key\">2025 NY S 934</td> <td><table><tr><td class=\"label\">Author:</td> <td>Gonzalez</td></tr> <tr><td class=\"label\">Version:</td> <td>Introduced</td></tr> <tr><td class=\"label\">Version Date:</td> <td>01/08/2025</td></tr></table></td></tr></table><div class=\"documentBody\">\n  <a name=\"head_document_section\"></a><div class=\"head\">\n   <p class=\"center\">\n    <b>STATE OF NEW YORK</b>\n   </p>\n   <p class=\"center\">934 </p>\n   <p class=\"center\">2025-2026 Regular Sessions </p>\n   <p class=\"center\">\n    <b>IN SENATE</b>\n   </p>\n   <p class=\"indent\">\n    <u class=\"amendmentInsertedText\">(Prefiled)</u>\n   </p>\n   <p class=\"center\">January 8, 2025 </p>\n   <p class=\"indent\">Introduced by Sen. GONZALEZ -- read twice and ordered printed, and when printed to be committed to the Committee on Internet and Technology </p>\n  </div>\n  <a name=\"title_document_section\"></a><div class=\"title\">\n   <p class=\"indent\">AN ACT to amend the general business law, in relation to requiring warnings on generative artificial intelligence systems </p>\n  </div>\n  <a name=\"text_document_section\"></a><div class=\"text\">\n   <span>\n    <p class=\"indent\">\n     <b>The People of the State of New York, represented in Senate and Assembly, do enact as follows:</b>\n    </p>\n   </span>\n   <p class=\"indent\">Section 1. The general business law is amended by adding a new section 399-zzzzzz to read as follows: </p>\n   <p class=\"indent\">\n    <u class=\"amendmentInsertedText\">Section 399-zzzzzz. Warnings on generative artificial intelligence systems. 1. As used in this section the following terms shall have the following meanings:</u>\n   </p>\n   <p class=\"indent\">\n    <u class=\"amendmentInsertedText\">(a) &quot;Generative artificial intelligence system&quot; shall mean any artificial intelligence system whose primary function is to generate content, which can take the form of code, text, images, and more.</u>\n   </p>\n   <p class=\"indent\">\n    <u class=\"amendmentInsertedText\">(b) &quot;Artificial intelligence&quot; shall mean a machine-based system that can, for a given set of human-defined objectives, make predictions, recommendations, or decisions influencing real or virtual environments. Artificial intelligence systems use machineand human-based inputs to perceive real and virtual environments; abstract such perceptions into models through analysis in an automated manner; and use model inference to formulate options for information or action. This definition includes but is not limited to systems that use machine learning, large language model, natural language processing, and computer vision technologies, including generative AI.</u>\n   </p>\n   <p class=\"indent\">\n    <u class=\"amendmentInsertedText\">2. The owner, licensee or operator of a generative artificial intelligence system shall conspicuously display a warning on the system&#39;s user interface that is reasonably calculated to consistently apprise the user that the outputs of the generative artificial intelligence system may be inaccurate and/or inappropriate.</u>\n   </p>\n   <p class=\"indent\">\n    <u class=\"amendmentInsertedText\">3. Where such owner, licensee or operator of a generative artificial intelligence system fails to provide the warning required in subdivision two of this section, such owner, licensee or operator shall be assessed a civil penalty of the lesser of twenty-five dollars per user of such system or one hundred thousand dollars. Each calendar year during which a violation continues shall constitute a separate violation.</u>\n   </p>\n   <p class=\"indent\">Section 2. This act shall take effect on the ninetieth day after it shall have become a law.</p>\n  </div>\n </div>\n    </div>\t\n<table cellpadding=0 cellspacing=0 width=\"100%\">\n   <tr>\n      <td>\n          Copyright &copy; 2025 State Net\n      </td>\n<BR>\n<!--???MOVED INTO resources.cgi      <td align=\"right\">\n          <img src=\"https://custom.statenet.com/network/poweredby.gif\" alt=\"Powered by State Net\">\n      </td>-->\n\n    </tr>\n</table>\n</body></html>\n",
      "markdown": "The following has special meaning: _green underline denotes added text_ ~~red struck out text denotes deleted text~~ | [![Powered by State Net](https://custom.statenet.com/network/poweredby.gif)](https://www.lexisnexis.com/statenet/)  \n---|---  \n  \n2025 NY S 934 | | Author: | Gonzalez  \n---|---  \nVersion: | Introduced  \nVersion Date: | 01/08/2025  \n  \n**STATE OF NEW YORK**\n\n934\n\n2025-2026 Regular Sessions\n\n**IN SENATE**\n\n_(Prefiled)_\n\nJanuary 8, 2025\n\nIntroduced by Sen. GONZALEZ -- read twice and ordered printed, and when\nprinted to be committed to the Committee on Internet and Technology\n\nAN ACT to amend the general business law, in relation to requiring warnings on\ngenerative artificial intelligence systems\n\n**The People of the State of New York, represented in Senate and Assembly, do\nenact as follows:**\n\nSection 1. The general business law is amended by adding a new section\n399-zzzzzz to read as follows:\n\n_Section 399-zzzzzz. Warnings on generative artificial intelligence systems.\n1. As used in this section the following terms shall have the following\nmeanings:_\n\n_(a) \"Generative artificial intelligence system\" shall mean any artificial\nintelligence system whose primary function is to generate content, which can\ntake the form of code, text, images, and more._\n\n_(b) \"Artificial intelligence\" shall mean a machine-based system that can, for\na given set of human-defined objectives, make predictions, recommendations, or\ndecisions influencing real or virtual environments. Artificial intelligence\nsystems use machineand human-based inputs to perceive real and virtual\nenvironments; abstract such perceptions into models through analysis in an\nautomated manner; and use model inference to formulate options for information\nor action. This definition includes but is not limited to systems that use\nmachine learning, large language model, natural language processing, and\ncomputer vision technologies, including generative AI._\n\n_2\\. The owner, licensee or operator of a generative artificial intelligence\nsystem shall conspicuously display a warning on the system 's user interface\nthat is reasonably calculated to consistently apprise the user that the\noutputs of the generative artificial intelligence system may be inaccurate\nand/or inappropriate._\n\n_3\\. Where such owner, licensee or operator of a generative artificial\nintelligence system fails to provide the warning required in subdivision two\nof this section, such owner, licensee or operator shall be assessed a civil\npenalty of the lesser of twenty-five dollars per user of such system or one\nhundred thousand dollars. Each calendar year during which a violation\ncontinues shall constitute a separate violation._\n\nSection 2. This act shall take effect on the ninetieth day after it shall have\nbecome a law.\n\nCopyright (C) 2025 State Net  \n  \n---\n\n",
      "latest_version": false
    },
    {
      "date": "06/09/2025",
      "label": "Amended",
      "url": "https://custom.statenet.com/public/resources.cgi?mode=show_text&id=ID:bill:NY2025000S934&verid=NY2025000S934_20250609_0_A&",
      "raw_html": "<html>\n<head>\n<title>Bill Resource</title>\n\n<!--   <link href=\"https://custom.statenet.com/network/Common/css/extregtext.css\" rel=\"stylesheet\" type=\"text/css\" />-->\n   <link href=\"https://custom.statenet.com/network/Common/css/xmltext-2.0.css\" rel=\"stylesheet\" type=\"text/css\" />\n   <link href=\"https://custom.statenet.com/network/Common/css/additional-text.css\" rel=\"stylesheet\" type=\"text/css\" />\n\n\t<style type=\"text/css\">\n<!--\n\ntd, body {\n     background-color: white;\n\tfont-family: Verdana, Arial, Helvetica, sans-serif;\n\tfont-size: 12px;\n}\n\n.resourceContainer {\n   border: 1px solid black;\n}\n-->\n</style>\n</head>\n<body>\n\n    <div style=\"width: 750px; margin: auto\">\n       <div style=\"font-size: .8em;margin-bottom: 10px\"><table width=\"100%\"><tr><td align=\"left\" style=\"font-size: .8em;\"><div>The following has special meaning:</div>\n<div><u class=\"amendmentInsertedText\">green underline denotes added text</u></div>\n<div><strike class=\"amendmentDeletedText\">red struck out text denotes deleted text</strike></div></td> <td align=\"right\"><a href=\"https://www.lexisnexis.com/statenet/\"><img alt=\"Powered by State Net\" src=\"https://custom.statenet.com/network/poweredby.gif\" /></a></td></tr></table></div><table id=\"text-identifier\"><tr><td class=\"key\">2025 NY S 934</td> <td><table><tr><td class=\"label\">Author:</td> <td>Gonzalez</td></tr> <tr><td class=\"label\">Version:</td> <td>Amended</td></tr> <tr><td class=\"label\">Version Date:</td> <td>06/09/2025</td></tr></table></td></tr></table><div class=\"documentBody\">\n  <a name=\"head_document_section\"></a><div class=\"head\">\n   <p class=\"center\">\n    <b>STATE OF NEW YORK</b>\n   </p>\n   <p class=\"center\">934--A </p>\n   <p class=\"center\">Cal. No. 297 </p>\n   <p class=\"center\">2025-2026 Regular Sessions </p>\n   <p class=\"center\">\n    <b>IN SENATE</b>\n   </p>\n   <p class=\"indent\">\n    <u class=\"amendmentInsertedText\">(Prefiled)</u>\n   </p>\n   <p class=\"center\">January 8, 2025 </p>\n   <p class=\"indent\">Introduced by Sens. GONZALEZ, MAY, WEBB -- read twice and ordered printed, and when printed to be committed to the Committee on Internet and Technology -- reported favorably from said committee, ordered to first and second report, ordered to a third reading, passed by Senate and delivered to the Assembly, recalled, vote reconsidered, restored to third reading, amended and ordered reprinted, retaining its place in the order of third reading </p>\n  </div>\n  <a name=\"title_document_section\"></a><div class=\"title\">\n   <p class=\"indent\">AN ACT to amend the general business law, in relation to requiring notices on generative artificial intelligence systems </p>\n  </div>\n  <a name=\"text_document_section\"></a><div class=\"text\">\n   <span>\n    <p class=\"indent\">\n     <b>The People of the State of New York, represented in Senate and Assembly, do enact as follows:</b>\n    </p>\n   </span>\n   <p class=\"indent\">Section 1. The general business law is amended by adding a new section 399-zzzzzz to read as follows: </p>\n   <p class=\"indent\">\n    <u class=\"amendmentInsertedText\">Section 399-zzzzzz. Notices on generative artificial intelligence systems. 1. As used in this section the following terms shall have the following meanings:</u>\n   </p>\n   <p class=\"indent\">\n    <u class=\"amendmentInsertedText\">(a) &quot;Generative artificial intelligence system&quot; shall mean a class of artificial intelligence models that are self-supervised and emulate the structure and characteristics of input data to generate derived synthetic content, including, but not limited to, images, videos, audio, text and other digital content.</u>\n   </p>\n   <p class=\"indent\">\n    <u class=\"amendmentInsertedText\">(b) &quot;Artificial intelligence&quot; shall mean a machine-based system that can, for a given set of human-defined objectives, make predictions, recommendations, or decisions influencing real or virtual environments, and that uses machineand human-based inputs to perceive real and virtual environments, abstract such perceptions into models through analysis in an automated manner, and use model inference to formulate options for information or action. This definition includes but is not limited to systems that use machine learning, large language model, natural language processing, and computer vision technologies, including generative AI.</u>\n   </p>\n   <p class=\"indent\">\n    <u class=\"amendmentInsertedText\">2. The owner, licensee or operator of a generative artificial intelligence system shall clearly and conspicuously display a notice on the system&#39;s user interface that the outputs of the generative artificial intelligence system may be inaccurate.</u>\n   </p>\n   <p class=\"indent\">\n    <u class=\"amendmentInsertedText\">3. Where such owner, licensee or operator of a generative artificial intelligence system fails to provide the notice required in subdivision two of this section, such owner, licensee or operator shall be assessed a civil penalty up to one thousand dollars for each violation. Each user the owner, licensee or operator fails to provide a notice to shall constitute a separate violation for each instance.</u>\n   </p>\n   <p class=\"indent\">Section 2. This act shall take effect on the ninetieth day after it shall have become a law.</p>\n  </div>\n </div>\n    </div>\t\n<table cellpadding=0 cellspacing=0 width=\"100%\">\n   <tr>\n      <td>\n          Copyright &copy; 2025 State Net\n      </td>\n<BR>\n<!--???MOVED INTO resources.cgi      <td align=\"right\">\n          <img src=\"https://custom.statenet.com/network/poweredby.gif\" alt=\"Powered by State Net\">\n      </td>-->\n\n    </tr>\n</table>\n</body></html>\n",
      "markdown": "The following has special meaning: _green underline denotes added text_ ~~red struck out text denotes deleted text~~ | [![Powered by State Net](https://custom.statenet.com/network/poweredby.gif)](https://www.lexisnexis.com/statenet/)  \n---|---  \n  \n2025 NY S 934 | | Author: | Gonzalez  \n---|---  \nVersion: | Amended  \nVersion Date: | 06/09/2025  \n  \n**STATE OF NEW YORK**\n\n934--A\n\nCal. No. 297\n\n2025-2026 Regular Sessions\n\n**IN SENATE**\n\n_(Prefiled)_\n\nJanuary 8, 2025\n\nIntroduced by Sens. GONZALEZ, MAY, WEBB -- read twice and ordered printed, and\nwhen printed to be committed to the Committee on Internet and Technology --\nreported favorably from said committee, ordered to first and second report,\nordered to a third reading, passed by Senate and delivered to the Assembly,\nrecalled, vote reconsidered, restored to third reading, amended and ordered\nreprinted, retaining its place in the order of third reading\n\nAN ACT to amend the general business law, in relation to requiring notices on\ngenerative artificial intelligence systems\n\n**The People of the State of New York, represented in Senate and Assembly, do\nenact as follows:**\n\nSection 1. The general business law is amended by adding a new section\n399-zzzzzz to read as follows:\n\n_Section 399-zzzzzz. Notices on generative artificial intelligence systems. 1.\nAs used in this section the following terms shall have the following\nmeanings:_\n\n_(a) \"Generative artificial intelligence system\" shall mean a class of\nartificial intelligence models that are self-supervised and emulate the\nstructure and characteristics of input data to generate derived synthetic\ncontent, including, but not limited to, images, videos, audio, text and other\ndigital content._\n\n_(b) \"Artificial intelligence\" shall mean a machine-based system that can, for\na given set of human-defined objectives, make predictions, recommendations, or\ndecisions influencing real or virtual environments, and that uses machineand\nhuman-based inputs to perceive real and virtual environments, abstract such\nperceptions into models through analysis in an automated manner, and use model\ninference to formulate options for information or action. This definition\nincludes but is not limited to systems that use machine learning, large\nlanguage model, natural language processing, and computer vision technologies,\nincluding generative AI._\n\n_2\\. The owner, licensee or operator of a generative artificial intelligence\nsystem shall clearly and conspicuously display a notice on the system 's user\ninterface that the outputs of the generative artificial intelligence system\nmay be inaccurate._\n\n_3\\. Where such owner, licensee or operator of a generative artificial\nintelligence system fails to provide the notice required in subdivision two of\nthis section, such owner, licensee or operator shall be assessed a civil\npenalty up to one thousand dollars for each violation. Each user the owner,\nlicensee or operator fails to provide a notice to shall constitute a separate\nviolation for each instance._\n\nSection 2. This act shall take effect on the ninetieth day after it shall have\nbecome a law.\n\nCopyright (C) 2025 State Net  \n  \n---\n\n",
      "latest_version": true
    }
  ]
}