{
  "bill_id": "NY2025000A7611",
  "source_url": "http://custom.statenet.com/public/resources.cgi?id=ID:bill:NY2025000A7611&cuiq=93d84396-c63b-526a-b152-38b7f79b4cfd&client_md=e4f6fea4-27b4-5d41-b7d3-766fe52569f0",
  "versions": [
    {
      "date": "04/01/2025",
      "label": "Introduced",
      "url": "https://custom.statenet.com/public/resources.cgi?mode=show_text&id=ID:bill:NY2025000A7611&verid=NY2025000A7611_20250401_0_I&",
      "raw_html": "<html>\n<head>\n<title>Bill Resource</title>\n\n<!--   <link href=\"https://custom.statenet.com/network/Common/css/extregtext.css\" rel=\"stylesheet\" type=\"text/css\" />-->\n   <link href=\"https://custom.statenet.com/network/Common/css/xmltext-2.0.css\" rel=\"stylesheet\" type=\"text/css\" />\n   <link href=\"https://custom.statenet.com/network/Common/css/additional-text.css\" rel=\"stylesheet\" type=\"text/css\" />\n\n\t<style type=\"text/css\">\n<!--\n\ntd, body {\n     background-color: white;\n\tfont-family: Verdana, Arial, Helvetica, sans-serif;\n\tfont-size: 12px;\n}\n\n.resourceContainer {\n   border: 1px solid black;\n}\n-->\n</style>\n</head>\n<body>\n\n    <div style=\"width: 750px; margin: auto\">\n       <div style=\"font-size: .8em;margin-bottom: 10px\"><table width=\"100%\"><tr><td align=\"left\" style=\"font-size: .8em;\"><div>The following has special meaning:</div>\n<div><u class=\"amendmentInsertedText\">green underline denotes added text</u></div>\n<div><strike class=\"amendmentDeletedText\">red struck out text denotes deleted text</strike></div></td> <td align=\"right\"><a href=\"https://www.lexisnexis.com/statenet/\"><img alt=\"Powered by State Net\" src=\"https://custom.statenet.com/network/poweredby.gif\" /></a></td></tr></table></div><table id=\"text-identifier\"><tr><td class=\"key\">2025 NY A 7611</td> <td><table><tr><td class=\"label\">Author:</td> <td>Slater</td></tr> <tr><td class=\"label\">Version:</td> <td>Introduced</td></tr> <tr><td class=\"label\">Version Date:</td> <td>04/01/2025</td></tr></table></td></tr></table><div class=\"documentBody\">\n  <a name=\"head_document_section\"></a><div class=\"head\">\n   <p class=\"center\">\n    <b>STATE OF NEW YORK</b>\n   </p>\n   <p class=\"center\">7611 </p>\n   <p class=\"center\">2025-2026 Regular Sessions </p>\n   <p class=\"center\">\n    <b>IN ASSEMBLY</b>\n   </p>\n   <p class=\"center\">April 1, 2025 </p>\n   <p class=\"indent\">Introduced by M. of A. SLATER -- read once and referred to the Committee on Governmental Operations </p>\n  </div>\n  <a name=\"title_document_section\"></a><div class=\"title\">\n   <p class=\"indent\">AN ACT to amend the state technology law, in relation to establishing the digital government modernization initiative and the digital government enhancements pilot program </p>\n  </div>\n  <a name=\"text_document_section\"></a><div class=\"text\">\n   <span>\n    <p class=\"indent\">\n     <b>The People of the State of New York, represented in Senate and Assembly, do enact as follows:</b>\n    </p>\n   </span>\n   <p class=\"indent\">Section 1. Short title. This act shall be known and may be cited as the &quot;New York State Digital Government Modernization Act&quot;. </p>\n   <p class=\"indent\">Section 2. Legislative intent. The legislature finds and declares that: Modernizing the state&#39;s digital infrastructure is crucial for improving the efficiency, accessibility, and responsiveness of government services. A unified digital portal can significantly reduce wait times, streamline processes, and enhance user satisfaction. Therefore, it is the intent of the legislature to establish a digital government modernization initiative to achieve these goals through innovation and strategic investment in technology. </p>\n   <p class=\"indent\">Section 3. The state technology law is amended by adding a new article 5 to read as follows: </p>\n   <p class=\"indent\">\n    <u class=\"amendmentInsertedText\">ARTICLE V</u>\n   </p>\n   <p class=\"indent\">\n    <u class=\"amendmentInsertedText\">NEW YORK STATE DIGITAL GOVERNMENT MODERNIZATION ACT</u>\n   </p>\n   <p class=\"indent\">\n    <u class=\"amendmentInsertedText\">Section 501. Definitions.</u>\n   </p>\n   <p class=\"indent\">\n    <u class=\"amendmentInsertedText\">502. The digital government modernization initiative.</u>\n   </p>\n   <p class=\"indent\">\n    <u class=\"amendmentInsertedText\">503. Digital government enhancements pilot program.</u>\n   </p>\n   <p class=\"indent\">\n    <u class=\"amendmentInsertedText\">Section 501. Definitions. For the purpose of this article:</u>\n   </p>\n   <p class=\"indent\">\n    <u class=\"amendmentInsertedText\">1. &quot;Initiative&quot; shall mean the digital government modernization initiative established under section five hundred two of this article.</u>\n   </p>\n   <p class=\"indent\">\n    <u class=\"amendmentInsertedText\">2. &quot;Pilot program&quot; shall mean the digital government enhancements pilot program established under section five hundred three of this article.</u>\n   </p>\n   <p class=\"indent\">\n    <u class=\"amendmentInsertedText\">3. &quot;Office&quot; means the office of information technology services.</u>\n   </p>\n   <p class=\"indent\">\n    <u class=\"amendmentInsertedText\">Section 502. The digital government modernization initiative. 1. There is hereby established within the office the digital government modernization initiative.</u>\n   </p>\n   <p class=\"indent\">\n    <u class=\"amendmentInsertedText\">2. The initiative shall:</u>\n   </p>\n   <p class=\"indent\">\n    <u class=\"amendmentInsertedText\">(a) improve the accessibility and efficiency of online government services.</u>\n   </p>\n   <p class=\"indent\">\n    <u class=\"amendmentInsertedText\">(b) reduce wait times for resident inquiries and applications for governmental services.</u>\n   </p>\n   <p class=\"indent\">\n    <u class=\"amendmentInsertedText\">(c) ensure secure, user-friendly, and mobile-optimized digital experiences for governmental services.</u>\n   </p>\n   <p class=\"indent\">\n    <u class=\"amendmentInsertedText\">Section 503. Digital government enhancements pilot program. 1. The office, through the initiative, shall conduct a two year pilot program to assess the feasibility and effectiveness of certain digital government enhancements.</u>\n   </p>\n   <p class=\"indent\">\n    <u class=\"amendmentInsertedText\">2. The pilot program shall include:</u>\n   </p>\n   <p class=\"indent\">\n    <u class=\"amendmentInsertedText\">(a) Department of motor vehicle services, including, but not limited to, online driver&#39;s license renewals, vehicle registrations, and permit applications.</u>\n   </p>\n   <p class=\"indent\">\n    <u class=\"amendmentInsertedText\">(b) Tax payments and filings, including, but not limited to, streamlining digital payment processing for state taxes.</u>\n   </p>\n   <p class=\"indent\">\n    <u class=\"amendmentInsertedText\">(c) Business licensing and permits, including but not limited to, streamlining applications for business certifications.</u>\n   </p>\n   <p class=\"indent\">\n    <u class=\"amendmentInsertedText\">(d) Public assistance and benefits, including but not limited to, automating applications for Medicaid, the supplemental nutrition assistance program, and the home energy assistance program.</u>\n   </p>\n   <p class=\"indent\">\n    <u class=\"amendmentInsertedText\">(e) A centralized digital government portal to provide residents with a single, secure login through a digital identification system. Such portal shall integrate artificial intelligence-powered virtual assistants capable of providing around-the-clock support for common questions and requests. All digital services offered through the portal shall be designed to function seamlessly on smartphones, tablets, and other mobile devices. Additionally, the portal shall deploy artificial intelligence to assist with processing applications, permits, and inquiries, with human oversight to ensure accuracy, fairness, and compliance with all applicable laws. Accessibility shall be a core component of the initiative, with real-time translation available in at least ten languages and full compliance with the Americans with Disabilities Act, including support for screen readers, voice navigation, and text resizing.</u>\n   </p>\n   <p class=\"indent\">\n    <u class=\"amendmentInsertedText\">(f) A unified payment system that accepts widely used digital payment platforms, including, but not limited to, Apple Pay, Google Pay, Venmo, PayPal, and major credit and debit cards. Such payment system shall reduce the need for physical paperwork and in-person visits for routine government transactions. Such payment system shall also implement tools to gather feedback from users and shall publicly display key performance metrics, such as processing times and user satisfaction, through a realtime digital dashboard.</u>\n   </p>\n   <p class=\"indent\">\n    <u class=\"amendmentInsertedText\">3. The pilot program shall be implemented within one year of the effective date of this section and shall end two years after such date. The pilot program shall be continuously evaluated over such period.</u>\n   </p>\n   <p class=\"indent\">\n    <u class=\"amendmentInsertedText\">4. Throughout the pilot program, the office shall provide reports to the governor, the majority and minority leaders of the senate, and the speaker and minority leader of the assembly every six months. Such reports shall include, but not be limited to, data on service usage, user satisfaction, processing times, and cost savings achieved through modernization efforts. Such reports shall also include feedback from residents and businesses regarding the usability of the new digital systems. Upon completion of the pilot program, a final report shall be submitted assessing the success of the initiative and providing recommendations as to whether the program should be expanded or made permanent.</u>\n   </p>\n   <p class=\"indent\">Section 4. This act shall take effect immediately.</p>\n  </div>\n </div>\n    </div>\t\n<table cellpadding=0 cellspacing=0 width=\"100%\">\n   <tr>\n      <td>\n          Copyright &copy; 2025 State Net\n      </td>\n<BR>\n<!--???MOVED INTO resources.cgi      <td align=\"right\">\n          <img src=\"https://custom.statenet.com/network/poweredby.gif\" alt=\"Powered by State Net\">\n      </td>-->\n\n    </tr>\n</table>\n</body></html>\n",
      "markdown": "The following has special meaning: _green underline denotes added text_ ~~red struck out text denotes deleted text~~ | [![Powered by State Net](https://custom.statenet.com/network/poweredby.gif)](https://www.lexisnexis.com/statenet/)  \n---|---  \n  \n2025 NY A 7611 | | Author: | Slater  \n---|---  \nVersion: | Introduced  \nVersion Date: | 04/01/2025  \n  \n**STATE OF NEW YORK**\n\n7611\n\n2025-2026 Regular Sessions\n\n**IN ASSEMBLY**\n\nApril 1, 2025\n\nIntroduced by M. of A. SLATER -- read once and referred to the Committee on\nGovernmental Operations\n\nAN ACT to amend the state technology law, in relation to establishing the\ndigital government modernization initiative and the digital government\nenhancements pilot program\n\n**The People of the State of New York, represented in Senate and Assembly, do\nenact as follows:**\n\nSection 1. Short title. This act shall be known and may be cited as the \"New\nYork State Digital Government Modernization Act\".\n\nSection 2. Legislative intent. The legislature finds and declares that:\nModernizing the state's digital infrastructure is crucial for improving the\nefficiency, accessibility, and responsiveness of government services. A\nunified digital portal can significantly reduce wait times, streamline\nprocesses, and enhance user satisfaction. Therefore, it is the intent of the\nlegislature to establish a digital government modernization initiative to\nachieve these goals through innovation and strategic investment in technology.\n\nSection 3. The state technology law is amended by adding a new article 5 to\nread as follows:\n\n_ARTICLE V_\n\n_NEW YORK STATE DIGITAL GOVERNMENT MODERNIZATION ACT_\n\n_Section 501. Definitions._\n\n_502\\. The digital government modernization initiative._\n\n_503\\. Digital government enhancements pilot program._\n\n_Section 501. Definitions. For the purpose of this article:_\n\n_1. \"Initiative\" shall mean the digital government modernization initiative\nestablished under section five hundred two of this article._\n\n_2. \"Pilot program\" shall mean the digital government enhancements pilot\nprogram established under section five hundred three of this article._\n\n_3. \"Office\" means the office of information technology services._\n\n_Section 502. The digital government modernization initiative. 1. There is\nhereby established within the office the digital government modernization\ninitiative._\n\n_2\\. The initiative shall:_\n\n_(a) improve the accessibility and efficiency of online government services._\n\n_(b) reduce wait times for resident inquiries and applications for\ngovernmental services._\n\n_(c) ensure secure, user-friendly, and mobile-optimized digital experiences\nfor governmental services._\n\n_Section 503. Digital government enhancements pilot program. 1. The office,\nthrough the initiative, shall conduct a two year pilot program to assess the\nfeasibility and effectiveness of certain digital government enhancements._\n\n_2\\. The pilot program shall include:_\n\n_(a) Department of motor vehicle services, including, but not limited to,\nonline driver 's license renewals, vehicle registrations, and permit\napplications._\n\n_(b) Tax payments and filings, including, but not limited to, streamlining\ndigital payment processing for state taxes._\n\n_(c) Business licensing and permits, including but not limited to,\nstreamlining applications for business certifications._\n\n_(d) Public assistance and benefits, including but not limited to, automating\napplications for Medicaid, the supplemental nutrition assistance program, and\nthe home energy assistance program._\n\n_(e) A centralized digital government portal to provide residents with a\nsingle, secure login through a digital identification system. Such portal\nshall integrate artificial intelligence-powered virtual assistants capable of\nproviding around-the-clock support for common questions and requests. All\ndigital services offered through the portal shall be designed to function\nseamlessly on smartphones, tablets, and other mobile devices. Additionally,\nthe portal shall deploy artificial intelligence to assist with processing\napplications, permits, and inquiries, with human oversight to ensure accuracy,\nfairness, and compliance with all applicable laws. Accessibility shall be a\ncore component of the initiative, with real-time translation available in at\nleast ten languages and full compliance with the Americans with Disabilities\nAct, including support for screen readers, voice navigation, and text\nresizing._\n\n_(f) A unified payment system that accepts widely used digital payment\nplatforms, including, but not limited to, Apple Pay, Google Pay, Venmo,\nPayPal, and major credit and debit cards. Such payment system shall reduce the\nneed for physical paperwork and in-person visits for routine government\ntransactions. Such payment system shall also implement tools to gather\nfeedback from users and shall publicly display key performance metrics, such\nas processing times and user satisfaction, through a realtime digital\ndashboard._\n\n_3\\. The pilot program shall be implemented within one year of the effective\ndate of this section and shall end two years after such date. The pilot\nprogram shall be continuously evaluated over such period._\n\n_4\\. Throughout the pilot program, the office shall provide reports to the\ngovernor, the majority and minority leaders of the senate, and the speaker and\nminority leader of the assembly every six months. Such reports shall include,\nbut not be limited to, data on service usage, user satisfaction, processing\ntimes, and cost savings achieved through modernization efforts. Such reports\nshall also include feedback from residents and businesses regarding the\nusability of the new digital systems. Upon completion of the pilot program, a\nfinal report shall be submitted assessing the success of the initiative and\nproviding recommendations as to whether the program should be expanded or made\npermanent._\n\nSection 4. This act shall take effect immediately.\n\nCopyright (C) 2025 State Net  \n  \n---\n\n",
      "latest_version": true
    }
  ]
}