{
  "bill_id": "NY2025000A6974",
  "source_url": "http://custom.statenet.com/public/resources.cgi?id=ID:bill:NY2025000A6974&cuiq=93d84396-c63b-526a-b152-38b7f79b4cfd&client_md=e4f6fea4-27b4-5d41-b7d3-766fe52569f0",
  "versions": [
    {
      "date": "03/18/2025",
      "label": "Introduced",
      "url": "https://custom.statenet.com/public/resources.cgi?mode=show_text&id=ID:bill:NY2025000A6974&verid=NY2025000A6974_20250318_0_I&",
      "raw_html": "<html>\n<head>\n<title>Bill Resource</title>\n\n<!--   <link href=\"https://custom.statenet.com/network/Common/css/extregtext.css\" rel=\"stylesheet\" type=\"text/css\" />-->\n   <link href=\"https://custom.statenet.com/network/Common/css/xmltext-2.0.css\" rel=\"stylesheet\" type=\"text/css\" />\n   <link href=\"https://custom.statenet.com/network/Common/css/additional-text.css\" rel=\"stylesheet\" type=\"text/css\" />\n\n\t<style type=\"text/css\">\n<!--\n\ntd, body {\n     background-color: white;\n\tfont-family: Verdana, Arial, Helvetica, sans-serif;\n\tfont-size: 12px;\n}\n\n.resourceContainer {\n   border: 1px solid black;\n}\n-->\n</style>\n</head>\n<body>\n\n    <div style=\"width: 750px; margin: auto\">\n       <div style=\"font-size: .8em;margin-bottom: 10px\"><table width=\"100%\"><tr><td align=\"left\" style=\"font-size: .8em;\"><div>The following has special meaning:</div>\n<div><u class=\"amendmentInsertedText\">green underline denotes added text</u></div>\n<div><strike class=\"amendmentDeletedText\">red struck out text denotes deleted text</strike></div></td> <td align=\"right\"><a href=\"https://www.lexisnexis.com/statenet/\"><img alt=\"Powered by State Net\" src=\"https://custom.statenet.com/network/poweredby.gif\" /></a></td></tr></table></div><table id=\"text-identifier\"><tr><td class=\"key\">2025 NY A 6974</td> <td><table><tr><td class=\"label\">Author:</td> <td>Bores</td></tr> <tr><td class=\"label\">Version:</td> <td>Introduced</td></tr> <tr><td class=\"label\">Version Date:</td> <td>03/18/2025</td></tr></table></td></tr></table><div class=\"documentBody\">\n  <a name=\"head_document_section\"></a><div class=\"head\">\n   <p class=\"center\">\n    <b>STATE OF NEW YORK</b>\n   </p>\n   <p class=\"center\">6974 </p>\n   <p class=\"center\">2025-2026 Regular Sessions </p>\n   <p class=\"center\">\n    <b>IN ASSEMBLY</b>\n   </p>\n   <p class=\"center\">March 18, 2025 </p>\n   <p class=\"indent\">Introduced by M. of A. BORES -- read once and referred to the Committee on Consumer Affairs and Protection </p>\n  </div>\n  <a name=\"title_document_section\"></a><div class=\"title\">\n   <p class=\"indent\">AN ACT to amend the general business law, in relation to enacting the Stop Addictive Feeds Exploitation (SAFE) for all act </p>\n  </div>\n  <a name=\"text_document_section\"></a><div class=\"text\">\n   <span>\n    <p class=\"indent\">\n     <b>The People of the State of New York, represented in Senate and Assembly, do enact as follows:</b>\n    </p>\n   </span>\n   <p class=\"indent\">Section 1. This act shall be known and may be cited as the &quot;stop addictive feeds exploitation (safe) for all act&quot;. </p>\n   <p class=\"indent\">Section 2. The general business law is amended by adding a new article 45-A to read as follows: </p>\n   <p class=\"indent\">\n    <u class=\"amendmentInsertedText\">Article 45-A</u>\n   </p>\n   <p class=\"indent\">\n    <u class=\"amendmentInsertedText\">SAFE for All Act</u>\n   </p>\n   <p class=\"indent\">\n    <u class=\"amendmentInsertedText\">Section 1509. Definitions.</u>\n   </p>\n   <p class=\"indent\">\n    <u class=\"amendmentInsertedText\">1510. Required settings.</u>\n   </p>\n   <p class=\"indent\">\n    <u class=\"amendmentInsertedText\">1511. Prohibition of dark patterns.</u>\n   </p>\n   <p class=\"indent\">\n    <u class=\"amendmentInsertedText\">1512. Applicability of SAFE for kids act.</u>\n   </p>\n   <p class=\"indent\">\n    <u class=\"amendmentInsertedText\">1513. Scope.</u>\n   </p>\n   <p class=\"indent\">\n    <u class=\"amendmentInsertedText\">1514. Rulemaking authority.</u>\n   </p>\n   <p class=\"indent\">\n    <u class=\"amendmentInsertedText\">1515. Remedies.</u>\n   </p>\n   <p class=\"indent\">\n    <u class=\"amendmentInsertedText\">Section 1509. Definitions. For the purposes of this article, the following terms shall have the following meanings:</u>\n   </p>\n   <p class=\"indent\">\n    <u class=\"amendmentInsertedText\">1. &quot;Addictive feed&quot; shall mean a regularly updated stream of algorithmic recommendations that a user encounters on a website, online service, online application, mobile application, or portion thereof.</u>\n   </p>\n   <p class=\"indent\">\n    <u class=\"amendmentInsertedText\">2. &quot;Addictive social media platform&quot; shall mean a website, online service, online application, or mobile application, that offers or provides users with addictive feeds as a significant part of the provision of such website, online service, online application, or mobile application.</u>\n   </p>\n   <p class=\"indent\">\n    <u class=\"amendmentInsertedText\">3. &quot;Algorithmic recommendation&quot; shall mean when a website, online service, online application, or mobile application, or a portion thereof, containing multiple pieces of media generated or shared by users, recommends, selects, or prioritizes certain media for display to a user, either concurrently or sequentially, based in whole or in part on information associated with such user or such user&#39;s device, but shall not include the following:</u>\n   </p>\n   <p class=\"indent\">\n    <u class=\"amendmentInsertedText\">(a) recommendations, prioritizations, or selections based on information that is not persistently associated with the user or user&#39;s device, and does not concern the user&#39;s previous interactions with media generated or shared by other users;</u>\n   </p>\n   <p class=\"indent\">\n    <u class=\"amendmentInsertedText\">(b) recommendations, prioritizations, or selections based on user-selected privacy or accessibility settings, or technical information concerning the user&#39;s device;</u>\n   </p>\n   <p class=\"indent\">\n    <u class=\"amendmentInsertedText\">(c) where the user expressly and unambiguously requested the specific media, media by the author, creator, or poster of media the user has subscribed to, or media shared by users to a page or group the user has subscribed to, provided that the media is not recommended, selected, or prioritized for display based, in whole or in part, on other information associated with the user or the user&#39;s device that is not otherwise permissible under this subdivision;</u>\n   </p>\n   <p class=\"indent\">\n    <u class=\"amendmentInsertedText\">(d) where the user expressly and unambiguously requested that specific media, media by a specified author, creator, or poster of media the user has subscribed to, or media shared by users to a page or group the user has subscribed to pursuant to paragraph (c) of this subdivision, be blocked, prioritized, or deprioritized for display, provided that the media is not recommended, selected, or prioritized for display based, in whole or in part, on other information associated with the user or the user&#39;s device that is not otherwise permissible under this subdivision;</u>\n   </p>\n   <p class=\"indent\">\n    <u class=\"amendmentInsertedText\">(e) where the media are direct and private communications;</u>\n   </p>\n   <p class=\"indent\">\n    <u class=\"amendmentInsertedText\">(f) where the media are recommended, selected, or prioritized only in response to a specific search inquiry by the user;</u>\n   </p>\n   <p class=\"indent\">\n    <u class=\"amendmentInsertedText\">(g) where the media recommended, selected, or prioritized for display is exclusively next in a pre-existing sequence from the same author, creator, poster, or source; or</u>\n   </p>\n   <p class=\"indent\">\n    <u class=\"amendmentInsertedText\">(h) where the recommendation, prioritization, or selection is necessary to comply with the provisions of this article and any regulations promulgated pursuant to this article.</u>\n   </p>\n   <p class=\"indent\">\n    <u class=\"amendmentInsertedText\">4. &quot;Autoplay&quot; shall mean when a website, online service, online application, or mobile application plays one or more pieces of embedded media automatically, without the user explicitly selecting a play icon, on such service or application or a portion thereof.</u>\n   </p>\n   <p class=\"indent\">\n    <u class=\"amendmentInsertedText\">5. &quot;Covered minor&quot; shall have the meaning set forth in subdivision three of section fifteen hundred of this chapter.</u>\n   </p>\n   <p class=\"indent\">\n    <u class=\"amendmentInsertedText\">6. &quot;Media&quot; shall mean text, an image, or a video.</u>\n   </p>\n   <p class=\"indent\">\n    <u class=\"amendmentInsertedText\">7. &quot;Operator&quot; shall mean any person, business, or other legal entity, who operates or provides an addictive social media platform.</u>\n   </p>\n   <p class=\"indent\">\n    <u class=\"amendmentInsertedText\">8. &quot;User&quot; shall mean a user of a website, online service, online application, or mobile application in New York, not acting as an operator, or agent or affiliate of the operator, of such website, online service, online application, or mobile application, or any portion thereof.</u>\n   </p>\n   <p class=\"indent\">\n    <u class=\"amendmentInsertedText\">Section 1510. Required settings. It shall be unlawful for an operator to provide an addictive social media platform to a user in this state unless such platform offers mechanisms through which a user may:</u>\n   </p>\n   <p class=\"indent\">\n    <u class=\"amendmentInsertedText\">1. Turn off algorithmic recommendations;</u>\n   </p>\n   <p class=\"indent\">\n    <u class=\"amendmentInsertedText\">2. Turn off notifications concerning an addictive feed, provided further that such mechanism shall, at a minimum, provide the user with the ability to turn off notifications overall or to turn off notifications between the hours of 12 AM Eastern and 6 AM Eastern;</u>\n   </p>\n   <p class=\"indent\">\n    <u class=\"amendmentInsertedText\">3. Turn off autoplay on such platform; and</u>\n   </p>\n   <p class=\"indent\">\n    <u class=\"amendmentInsertedText\">4. Limit such user&#39;s access to such platform to any length of day specified by such user, provided further that any mechanism which solely reminds such user of time spent on a platform rather than allowing such user to limit such user&#39;s access shall not be in compliance with this subdivision.</u>\n   </p>\n   <p class=\"indent\">\n    <u class=\"amendmentInsertedText\">Section 1511. Prohibition of dark patterns. 1. The settings required in section fifteen hundred ten of this article shall be presented in a clear and accessible manner on an addictive social media platform. It shall be unlawful for such platform to deploy any mechanism or design which intentionally inhibits the purpose of this article, subverts user choice or autonomy, or makes it more difficult for a user to exercise their rights under any of the prescribed settings in section fifteen hundred ten of this article.</u>\n   </p>\n   <p class=\"indent\">\n    <u class=\"amendmentInsertedText\">2. It shall be unlawful for an addictive social media platform to deploy any mechanism or design which intentionally serves to make it more difficult for a user to deactivate, reactivate, suspend, or cancel such user&#39;s account or profile.</u>\n   </p>\n   <p class=\"indent\">\n    <u class=\"amendmentInsertedText\">Section 1512. Applicability of the SAFE for kids act. Nothing in this article shall be construed or interpreted to override, supplant, or conflict with any of the provisions of the SAFE for kids act contained in article forty-five of this chapter.</u>\n   </p>\n   <p class=\"indent\">\n    <u class=\"amendmentInsertedText\">Section 1513. Scope. 1. This article shall apply to conduct that occurs in whole or in part in New York. For purposes of this article, conduct takes place wholly outside of New York if the addictive social media platform is accessed by a user who is physically located outside of New York.</u>\n   </p>\n   <p class=\"indent\">\n    <u class=\"amendmentInsertedText\">2. Nothing in this article shall be construed to impose liability for commercial activities or actions by operators subject to 15 USC Section 6501 that is inconsistent with the treatment of such activities or actions under 15 USC Section 6502.</u>\n   </p>\n   <p class=\"indent\">\n    <u class=\"amendmentInsertedText\">Section 1514. Rulemaking authority. The attorney general shall promulgate rules and regulations to effectuate and enforce the provisions of this article.</u>\n   </p>\n   <p class=\"indent\">\n    <u class=\"amendmentInsertedText\">Section 1515. Remedies. 1. On or after the effective date of this article, whenever it appears to the attorney general, upon complaint or otherwise, that any person, within or outside the state, has violated the provisions of this article, the attorney general may bring an action or special proceeding in the name and on behalf of the people of the state of New York to enjoin any such violation, to obtain restitution of any moneys or property obtained directly or indirectly by any such violation, to obtain disgorgement of any profits or gains obtained directly or indirectly by any such violation, to obtain damages caused directly or indirectly by any such violation, to obtain civil penalties of up to five thousand dollars per violation, and to obtain any such other and further relief as the court may deem proper, including preliminary relief.</u>\n   </p>\n   <p class=\"indent\">\n    <u class=\"amendmentInsertedText\">2. The attorney general shall maintain a website to receive complaints, information, and/or referrals from members of the public concerning an operator&#39;s or addictive social media platform&#39;s alleged compliance or noncompliance with the provisions of this article.</u>\n   </p>\n   <p class=\"indent\">Section 3. Severability. If any clause, sentence, paragraph, subdivision, section, or part of this act shall be adjudged by any court of competent jurisdiction to be invalid, such judgment shall not affect, impair, or invalidate the remainder thereof, but shall be confined in its operation to the clause, sentence, paragraph, subdivision, section, or part thereof directly involved in the controversy in which such judgment shall have been rendered. It is hereby declared to be the intent of the legislature that this act would have been enacted even if such invalid provisions had not been included herein. </p>\n   <p class=\"indent\">Section 4. This act shall take effect on the one hundred eightieth day after the office of the attorney general shall promulgate rules and regulations necessary to effectuate the provisions of this act; provided that the office of the attorney general shall notify the legislative bill drafting commission upon the occurrence of the enactment of the rules and regulations necessary to effectuate and enforce the provisions of section three of this act in order that the commission may maintain an accurate and timely effective database of the official text of the laws of the state of New York in furtherance of effectuating the provisions of section 44 of the legislative law and section 70-b of the public officers law. Effective immediately, the addition, amendment and/or repeal of any rule or regulation necessary for the implementation of this act on its effective date are authorized to be made and completed on or before such effective date.</p>\n  </div>\n </div>\n    </div>\t\n<table cellpadding=0 cellspacing=0 width=\"100%\">\n   <tr>\n      <td>\n          Copyright &copy; 2025 State Net\n      </td>\n<BR>\n<!--???MOVED INTO resources.cgi      <td align=\"right\">\n          <img src=\"https://custom.statenet.com/network/poweredby.gif\" alt=\"Powered by State Net\">\n      </td>-->\n\n    </tr>\n</table>\n</body></html>\n",
      "markdown": "The following has special meaning: _green underline denotes added text_ ~~red struck out text denotes deleted text~~ | [![Powered by State Net](https://custom.statenet.com/network/poweredby.gif)](https://www.lexisnexis.com/statenet/)  \n---|---  \n  \n2025 NY A 6974 | | Author: | Bores  \n---|---  \nVersion: | Introduced  \nVersion Date: | 03/18/2025  \n  \n**STATE OF NEW YORK**\n\n6974\n\n2025-2026 Regular Sessions\n\n**IN ASSEMBLY**\n\nMarch 18, 2025\n\nIntroduced by M. of A. BORES -- read once and referred to the Committee on\nConsumer Affairs and Protection\n\nAN ACT to amend the general business law, in relation to enacting the Stop\nAddictive Feeds Exploitation (SAFE) for all act\n\n**The People of the State of New York, represented in Senate and Assembly, do\nenact as follows:**\n\nSection 1. This act shall be known and may be cited as the \"stop addictive\nfeeds exploitation (safe) for all act\".\n\nSection 2. The general business law is amended by adding a new article 45-A to\nread as follows:\n\n_Article 45-A_\n\n_SAFE for All Act_\n\n_Section 1509. Definitions._\n\n_1510\\. Required settings._\n\n_1511\\. Prohibition of dark patterns._\n\n_1512\\. Applicability of SAFE for kids act._\n\n_1513\\. Scope._\n\n_1514\\. Rulemaking authority._\n\n_1515\\. Remedies._\n\n_Section 1509. Definitions. For the purposes of this article, the following\nterms shall have the following meanings:_\n\n_1. \"Addictive feed\" shall mean a regularly updated stream of algorithmic\nrecommendations that a user encounters on a website, online service, online\napplication, mobile application, or portion thereof._\n\n_2. \"Addictive social media platform\" shall mean a website, online service,\nonline application, or mobile application, that offers or provides users with\naddictive feeds as a significant part of the provision of such website, online\nservice, online application, or mobile application._\n\n_3. \"Algorithmic recommendation\" shall mean when a website, online service,\nonline application, or mobile application, or a portion thereof, containing\nmultiple pieces of media generated or shared by users, recommends, selects, or\nprioritizes certain media for display to a user, either concurrently or\nsequentially, based in whole or in part on information associated with such\nuser or such user's device, but shall not include the following:_\n\n_(a) recommendations, prioritizations, or selections based on information that\nis not persistently associated with the user or user 's device, and does not\nconcern the user's previous interactions with media generated or shared by\nother users;_\n\n_(b) recommendations, prioritizations, or selections based on user-selected\nprivacy or accessibility settings, or technical information concerning the\nuser 's device;_\n\n_(c) where the user expressly and unambiguously requested the specific media,\nmedia by the author, creator, or poster of media the user has subscribed to,\nor media shared by users to a page or group the user has subscribed to,\nprovided that the media is not recommended, selected, or prioritized for\ndisplay based, in whole or in part, on other information associated with the\nuser or the user 's device that is not otherwise permissible under this\nsubdivision;_\n\n_(d) where the user expressly and unambiguously requested that specific media,\nmedia by a specified author, creator, or poster of media the user has\nsubscribed to, or media shared by users to a page or group the user has\nsubscribed to pursuant to paragraph (c) of this subdivision, be blocked,\nprioritized, or deprioritized for display, provided that the media is not\nrecommended, selected, or prioritized for display based, in whole or in part,\non other information associated with the user or the user 's device that is\nnot otherwise permissible under this subdivision;_\n\n_(e) where the media are direct and private communications;_\n\n_(f) where the media are recommended, selected, or prioritized only in\nresponse to a specific search inquiry by the user;_\n\n_(g) where the media recommended, selected, or prioritized for display is\nexclusively next in a pre-existing sequence from the same author, creator,\nposter, or source; or_\n\n_(h) where the recommendation, prioritization, or selection is necessary to\ncomply with the provisions of this article and any regulations promulgated\npursuant to this article._\n\n_4. \"Autoplay\" shall mean when a website, online service, online application,\nor mobile application plays one or more pieces of embedded media\nautomatically, without the user explicitly selecting a play icon, on such\nservice or application or a portion thereof._\n\n_5. \"Covered minor\" shall have the meaning set forth in subdivision three of\nsection fifteen hundred of this chapter._\n\n_6. \"Media\" shall mean text, an image, or a video._\n\n_7. \"Operator\" shall mean any person, business, or other legal entity, who\noperates or provides an addictive social media platform._\n\n_8. \"User\" shall mean a user of a website, online service, online application,\nor mobile application in New York, not acting as an operator, or agent or\naffiliate of the operator, of such website, online service, online\napplication, or mobile application, or any portion thereof._\n\n_Section 1510. Required settings. It shall be unlawful for an operator to\nprovide an addictive social media platform to a user in this state unless such\nplatform offers mechanisms through which a user may:_\n\n_1\\. Turn off algorithmic recommendations;_\n\n_2\\. Turn off notifications concerning an addictive feed, provided further\nthat such mechanism shall, at a minimum, provide the user with the ability to\nturn off notifications overall or to turn off notifications between the hours\nof 12 AM Eastern and 6 AM Eastern;_\n\n_3\\. Turn off autoplay on such platform; and_\n\n_4\\. Limit such user 's access to such platform to any length of day specified\nby such user, provided further that any mechanism which solely reminds such\nuser of time spent on a platform rather than allowing such user to limit such\nuser's access shall not be in compliance with this subdivision._\n\n_Section 1511. Prohibition of dark patterns. 1. The settings required in\nsection fifteen hundred ten of this article shall be presented in a clear and\naccessible manner on an addictive social media platform. It shall be unlawful\nfor such platform to deploy any mechanism or design which intentionally\ninhibits the purpose of this article, subverts user choice or autonomy, or\nmakes it more difficult for a user to exercise their rights under any of the\nprescribed settings in section fifteen hundred ten of this article._\n\n_2\\. It shall be unlawful for an addictive social media platform to deploy any\nmechanism or design which intentionally serves to make it more difficult for a\nuser to deactivate, reactivate, suspend, or cancel such user 's account or\nprofile._\n\n_Section 1512. Applicability of the SAFE for kids act. Nothing in this article\nshall be construed or interpreted to override, supplant, or conflict with any\nof the provisions of the SAFE for kids act contained in article forty-five of\nthis chapter._\n\n_Section 1513. Scope. 1. This article shall apply to conduct that occurs in\nwhole or in part in New York. For purposes of this article, conduct takes\nplace wholly outside of New York if the addictive social media platform is\naccessed by a user who is physically located outside of New York._\n\n_2\\. Nothing in this article shall be construed to impose liability for\ncommercial activities or actions by operators subject to 15 USC Section 6501\nthat is inconsistent with the treatment of such activities or actions under 15\nUSC Section 6502._\n\n_Section 1514. Rulemaking authority. The attorney general shall promulgate\nrules and regulations to effectuate and enforce the provisions of this\narticle._\n\n_Section 1515. Remedies. 1. On or after the effective date of this article,\nwhenever it appears to the attorney general, upon complaint or otherwise, that\nany person, within or outside the state, has violated the provisions of this\narticle, the attorney general may bring an action or special proceeding in the\nname and on behalf of the people of the state of New York to enjoin any such\nviolation, to obtain restitution of any moneys or property obtained directly\nor indirectly by any such violation, to obtain disgorgement of any profits or\ngains obtained directly or indirectly by any such violation, to obtain damages\ncaused directly or indirectly by any such violation, to obtain civil penalties\nof up to five thousand dollars per violation, and to obtain any such other and\nfurther relief as the court may deem proper, including preliminary relief._\n\n_2\\. The attorney general shall maintain a website to receive complaints,\ninformation, and/or referrals from members of the public concerning an\noperator 's or addictive social media platform's alleged compliance or\nnoncompliance with the provisions of this article._\n\nSection 3. Severability. If any clause, sentence, paragraph, subdivision,\nsection, or part of this act shall be adjudged by any court of competent\njurisdiction to be invalid, such judgment shall not affect, impair, or\ninvalidate the remainder thereof, but shall be confined in its operation to\nthe clause, sentence, paragraph, subdivision, section, or part thereof\ndirectly involved in the controversy in which such judgment shall have been\nrendered. It is hereby declared to be the intent of the legislature that this\nact would have been enacted even if such invalid provisions had not been\nincluded herein.\n\nSection 4. This act shall take effect on the one hundred eightieth day after\nthe office of the attorney general shall promulgate rules and regulations\nnecessary to effectuate the provisions of this act; provided that the office\nof the attorney general shall notify the legislative bill drafting commission\nupon the occurrence of the enactment of the rules and regulations necessary to\neffectuate and enforce the provisions of section three of this act in order\nthat the commission may maintain an accurate and timely effective database of\nthe official text of the laws of the state of New York in furtherance of\neffectuating the provisions of section 44 of the legislative law and section\n70-b of the public officers law. Effective immediately, the addition,\namendment and/or repeal of any rule or regulation necessary for the\nimplementation of this act on its effective date are authorized to be made and\ncompleted on or before such effective date.\n\nCopyright (C) 2025 State Net  \n  \n---\n\n",
      "latest_version": true
    }
  ]
}