{
  "bill_id": "NY2025000S6471",
  "source_url": "http://custom.statenet.com/public/resources.cgi?id=ID:bill:NY2025000S6471&cuiq=93d84396-c63b-526a-b152-38b7f79b4cfd&client_md=e4f6fea4-27b4-5d41-b7d3-766fe52569f0",
  "versions": [
    {
      "date": "03/14/2025",
      "label": "Introduced",
      "url": "https://custom.statenet.com/public/resources.cgi?mode=show_text&id=ID:bill:NY2025000S6471&verid=NY2025000S6471_20250314_0_I&",
      "raw_html": "<html>\n<head>\n<title>Bill Resource</title>\n\n<!--   <link href=\"https://custom.statenet.com/network/Common/css/extregtext.css\" rel=\"stylesheet\" type=\"text/css\" />-->\n   <link href=\"https://custom.statenet.com/network/Common/css/xmltext-2.0.css\" rel=\"stylesheet\" type=\"text/css\" />\n   <link href=\"https://custom.statenet.com/network/Common/css/additional-text.css\" rel=\"stylesheet\" type=\"text/css\" />\n\n\t<style type=\"text/css\">\n<!--\n\ntd, body {\n     background-color: white;\n\tfont-family: Verdana, Arial, Helvetica, sans-serif;\n\tfont-size: 12px;\n}\n\n.resourceContainer {\n   border: 1px solid black;\n}\n-->\n</style>\n</head>\n<body>\n\n    <div style=\"width: 750px; margin: auto\">\n       <div style=\"font-size: .8em;margin-bottom: 10px\"><table width=\"100%\"><tr><td align=\"left\" style=\"font-size: .8em;\"><div>The following has special meaning:</div>\n<div><u class=\"amendmentInsertedText\">green underline denotes added text</u></div>\n<div><strike class=\"amendmentDeletedText\">red struck out text denotes deleted text</strike></div></td> <td align=\"right\"><a href=\"https://www.lexisnexis.com/statenet/\"><img alt=\"Powered by State Net\" src=\"https://custom.statenet.com/network/poweredby.gif\" /></a></td></tr></table></div><table id=\"text-identifier\"><tr><td class=\"key\">2025 NY S 6471</td> <td><table><tr><td class=\"label\">Author:</td> <td>Cleare</td></tr> <tr><td class=\"label\">Version:</td> <td>Introduced</td></tr> <tr><td class=\"label\">Version Date:</td> <td>03/14/2025</td></tr></table></td></tr></table><div class=\"documentBody\">\n  <a name=\"head_document_section\"></a><div class=\"head\">\n   <p class=\"center\">\n    <b>STATE OF NEW YORK</b>\n   </p>\n   <p class=\"center\">6471 </p>\n   <p class=\"center\">2025-2026 Regular Sessions </p>\n   <p class=\"center\">\n    <b>IN SENATE</b>\n   </p>\n   <p class=\"center\">March 14, 2025 </p>\n   <p class=\"indent\">Introduced by Sen. CLEARE -- read twice and ordered printed, and when printed to be committed to the Committee on Investigations and Government Operations </p>\n  </div>\n  <a name=\"title_document_section\"></a><div class=\"title\">\n   <p class=\"indent\">AN ACT to amend the real property law, in relation to the use of automated decision tools to make housing decisions </p>\n  </div>\n  <a name=\"text_document_section\"></a><div class=\"text\">\n   <span>\n    <p class=\"indent\">\n     <b>The People of the State of New York, represented in Senate and Assembly, do enact as follows:</b>\n    </p>\n   </span>\n   <p class=\"indent\">Section 1. The real property law is amended by adding a new section 227-g to read as follows: </p>\n   <p class=\"indent\">\n    <u class=\"amendmentInsertedText\">Section 227-g. Use of automated decision tools. 1. For the purposes of this section, the following terms shall have the following meanings:</u>\n   </p>\n   <p class=\"indent\">\n    <u class=\"amendmentInsertedText\">(a) &quot;Automated decision tool&quot; means any computational process, derived from machine learning, statistical modeling, data analytics, or artificial intelligence, that issues simplified output, including a score, classification, or recommendation, that is used to substantially assist or replace discretionary decision making for making housing decisions that impact natural persons. &quot;Automated decision tool&quot; does not include a tool that does not automate, support, substantially assist, or replace discretionary decision-making processes and that does not materially impact natural persons, including, but not limited to, a junk email filter, firewall, antivirus software, calculator, spreadsheet, database, data set, or other compilation of data.</u>\n   </p>\n   <p class=\"indent\">\n    <u class=\"amendmentInsertedText\">(b) &quot;Disparate impact analysis&quot; means an impartial evaluation conducted by an independent auditor. Such disparate impact analysis shall include, but not be limited to, testing of the extent to which use of an automated decision tool is likely to result in an adverse impact to the detriment of any group on the basis of sex, race, ethnicity, or other protected class under this article. A disparate impact analysis shall differentiate between applicants who were selected and applicants who were not selected by the tool.</u>\n   </p>\n   <p class=\"indent\">\n    <u class=\"amendmentInsertedText\">(c) &quot;Housing decision&quot; means to screen applicants for housing.</u>\n   </p>\n   <p class=\"indent\">\n    <u class=\"amendmentInsertedText\">2. It shall be unlawful for a landlord to implement or use an automated decision tool that fails to comply with the following provisions:</u>\n   </p>\n   <p class=\"indent\">\n    <u class=\"amendmentInsertedText\">(a) No less than annually, a disparate impact analysis shall be conducted to assess the actual impact of any automated decision tool used by any landlord to select applicants for housing within the state. Such disparate impact analysis shall be provided to the landlord.</u>\n   </p>\n   <p class=\"indent\">\n    <u class=\"amendmentInsertedText\">(b) A summary of the most recent disparate impact analysis of such tool as well as the distribution date of the tool to which the analysis applies shall be made publicly available on the website of the landlord prior to the implementation or use of such tool. Such summary shall also be made accessible through any listing for housing on a digital platform for which the landlord intends to use an automated decision tool to screen applicants for housing.</u>\n   </p>\n   <p class=\"indent\">\n    <u class=\"amendmentInsertedText\">3. (a) Any landlord that uses an automated decision tool to screen applicants for housing shall notify each such applicant of the following:</u>\n   </p>\n   <p class=\"indent\">\n    <u class=\"amendmentInsertedText\">(i) That an automated decision tool will be used in connection with the assessment or evaluation of such applicant;</u>\n   </p>\n   <p class=\"indent\">\n    <u class=\"amendmentInsertedText\">(ii) The characteristics that such automated decision tool will use in the assessment of such applicant;</u>\n   </p>\n   <p class=\"indent\">\n    <u class=\"amendmentInsertedText\">(iii) Information about the type of data collected for such automated decision tool, the source of such data, and the landlord&#39;s data retention policy; and</u>\n   </p>\n   <p class=\"indent\">\n    <u class=\"amendmentInsertedText\">(iv) If an application for housing is denied through use of the automated decision tool, the reason for such denial.</u>\n   </p>\n   <p class=\"indent\">\n    <u class=\"amendmentInsertedText\">(b) The notice required by paragraph (a) of this subdivision shall be made no less than twenty-four hours before the use of such automated decision tool and shall allow such applicant to request an alternative selection process or accommodation.</u>\n   </p>\n   <p class=\"indent\">\n    <u class=\"amendmentInsertedText\">4. The attorney general may initiate an investigation if a preponderance of the evidence, including the summary of the most recent disparate impact analysis establishes a suspicion of a violation. The attorney general may also initiate in any court of competent jurisdiction any action or proceeding that may be appropriate or necessary for correction of any violation issued pursuant to this section, including mandating compliance with the provisions of this section or such other relief as may be appropriate.</u>\n   </p>\n   <p class=\"indent\">Section 2. This act shall take effect immediately.</p>\n  </div>\n </div>\n    </div>\t\n<table cellpadding=0 cellspacing=0 width=\"100%\">\n   <tr>\n      <td>\n          Copyright &copy; 2025 State Net\n      </td>\n<BR>\n<!--???MOVED INTO resources.cgi      <td align=\"right\">\n          <img src=\"https://custom.statenet.com/network/poweredby.gif\" alt=\"Powered by State Net\">\n      </td>-->\n\n    </tr>\n</table>\n</body></html>\n",
      "markdown": "The following has special meaning: _green underline denotes added text_ ~~red struck out text denotes deleted text~~ | [![Powered by State Net](https://custom.statenet.com/network/poweredby.gif)](https://www.lexisnexis.com/statenet/)  \n---|---  \n  \n2025 NY S 6471 | | Author: | Cleare  \n---|---  \nVersion: | Introduced  \nVersion Date: | 03/14/2025  \n  \n**STATE OF NEW YORK**\n\n6471\n\n2025-2026 Regular Sessions\n\n**IN SENATE**\n\nMarch 14, 2025\n\nIntroduced by Sen. CLEARE -- read twice and ordered printed, and when printed\nto be committed to the Committee on Investigations and Government Operations\n\nAN ACT to amend the real property law, in relation to the use of automated\ndecision tools to make housing decisions\n\n**The People of the State of New York, represented in Senate and Assembly, do\nenact as follows:**\n\nSection 1. The real property law is amended by adding a new section 227-g to\nread as follows:\n\n_Section 227-g. Use of automated decision tools. 1. For the purposes of this\nsection, the following terms shall have the following meanings:_\n\n_(a) \"Automated decision tool\" means any computational process, derived from\nmachine learning, statistical modeling, data analytics, or artificial\nintelligence, that issues simplified output, including a score,\nclassification, or recommendation, that is used to substantially assist or\nreplace discretionary decision making for making housing decisions that impact\nnatural persons. \"Automated decision tool\" does not include a tool that does\nnot automate, support, substantially assist, or replace discretionary\ndecision-making processes and that does not materially impact natural persons,\nincluding, but not limited to, a junk email filter, firewall, antivirus\nsoftware, calculator, spreadsheet, database, data set, or other compilation of\ndata._\n\n_(b) \"Disparate impact analysis\" means an impartial evaluation conducted by an\nindependent auditor. Such disparate impact analysis shall include, but not be\nlimited to, testing of the extent to which use of an automated decision tool\nis likely to result in an adverse impact to the detriment of any group on the\nbasis of sex, race, ethnicity, or other protected class under this article. A\ndisparate impact analysis shall differentiate between applicants who were\nselected and applicants who were not selected by the tool._\n\n_(c) \"Housing decision\" means to screen applicants for housing._\n\n_2\\. It shall be unlawful for a landlord to implement or use an automated\ndecision tool that fails to comply with the following provisions:_\n\n_(a) No less than annually, a disparate impact analysis shall be conducted to\nassess the actual impact of any automated decision tool used by any landlord\nto select applicants for housing within the state. Such disparate impact\nanalysis shall be provided to the landlord._\n\n_(b) A summary of the most recent disparate impact analysis of such tool as\nwell as the distribution date of the tool to which the analysis applies shall\nbe made publicly available on the website of the landlord prior to the\nimplementation or use of such tool. Such summary shall also be made accessible\nthrough any listing for housing on a digital platform for which the landlord\nintends to use an automated decision tool to screen applicants for housing._\n\n_3\\. (a) Any landlord that uses an automated decision tool to screen\napplicants for housing shall notify each such applicant of the following:_\n\n_(i) That an automated decision tool will be used in connection with the\nassessment or evaluation of such applicant;_\n\n_(ii) The characteristics that such automated decision tool will use in the\nassessment of such applicant;_\n\n_(iii) Information about the type of data collected for such automated\ndecision tool, the source of such data, and the landlord 's data retention\npolicy; and_\n\n_(iv) If an application for housing is denied through use of the automated\ndecision tool, the reason for such denial._\n\n_(b) The notice required by paragraph (a) of this subdivision shall be made no\nless than twenty-four hours before the use of such automated decision tool and\nshall allow such applicant to request an alternative selection process or\naccommodation._\n\n_4\\. The attorney general may initiate an investigation if a preponderance of\nthe evidence, including the summary of the most recent disparate impact\nanalysis establishes a suspicion of a violation. The attorney general may also\ninitiate in any court of competent jurisdiction any action or proceeding that\nmay be appropriate or necessary for correction of any violation issued\npursuant to this section, including mandating compliance with the provisions\nof this section or such other relief as may be appropriate._\n\nSection 2. This act shall take effect immediately.\n\nCopyright (C) 2025 State Net  \n  \n---\n\n",
      "latest_version": false
    },
    {
      "date": "05/19/2025",
      "label": "Amended",
      "url": "https://custom.statenet.com/public/resources.cgi?mode=show_text&id=ID:bill:NY2025000S6471&verid=NY2025000S6471_20250519_0_A&",
      "raw_html": "<html>\n<head>\n<title>Bill Resource</title>\n\n<!--   <link href=\"https://custom.statenet.com/network/Common/css/extregtext.css\" rel=\"stylesheet\" type=\"text/css\" />-->\n   <link href=\"https://custom.statenet.com/network/Common/css/xmltext-2.0.css\" rel=\"stylesheet\" type=\"text/css\" />\n   <link href=\"https://custom.statenet.com/network/Common/css/additional-text.css\" rel=\"stylesheet\" type=\"text/css\" />\n\n\t<style type=\"text/css\">\n<!--\n\ntd, body {\n     background-color: white;\n\tfont-family: Verdana, Arial, Helvetica, sans-serif;\n\tfont-size: 12px;\n}\n\n.resourceContainer {\n   border: 1px solid black;\n}\n-->\n</style>\n</head>\n<body>\n\n    <div style=\"width: 750px; margin: auto\">\n       <div style=\"font-size: .8em;margin-bottom: 10px\"><table width=\"100%\"><tr><td align=\"left\" style=\"font-size: .8em;\"><div>The following has special meaning:</div>\n<div><u class=\"amendmentInsertedText\">green underline denotes added text</u></div>\n<div><strike class=\"amendmentDeletedText\">red struck out text denotes deleted text</strike></div></td> <td align=\"right\"><a href=\"https://www.lexisnexis.com/statenet/\"><img alt=\"Powered by State Net\" src=\"https://custom.statenet.com/network/poweredby.gif\" /></a></td></tr></table></div><table id=\"text-identifier\"><tr><td class=\"key\">2025 NY S 6471</td> <td><table><tr><td class=\"label\">Author:</td> <td>Cleare</td></tr> <tr><td class=\"label\">Version:</td> <td>Amended</td></tr> <tr><td class=\"label\">Version Date:</td> <td>05/19/2025</td></tr></table></td></tr></table><div class=\"documentBody\">\n  <a name=\"head_document_section\"></a><div class=\"head\">\n   <p class=\"center\">\n    <b>STATE OF NEW YORK</b>\n   </p>\n   <p class=\"center\">6471--A </p>\n   <p class=\"center\">2025-2026 Regular Sessions </p>\n   <p class=\"center\">\n    <b>IN SENATE</b>\n   </p>\n   <p class=\"center\">March 14, 2025 </p>\n   <p class=\"indent\">Introduced by Sen. CLEARE -- read twice and ordered printed, and when printed to be committed to the Committee on Investigations and Government Operations -- committee discharged, bill amended, ordered reprinted as amended and recommitted to said committee </p>\n  </div>\n  <a name=\"title_document_section\"></a><div class=\"title\">\n   <p class=\"indent\">AN ACT to amend the real property law, in relation to the use of automated housing decision making tools to make housing decisions </p>\n  </div>\n  <a name=\"text_document_section\"></a><div class=\"text\">\n   <span>\n    <p class=\"indent\">\n     <b>The People of the State of New York, represented in Senate and Assembly, do enact as follows:</b>\n    </p>\n   </span>\n   <p class=\"indent\">Section 1. The real property law is amended by adding a new section 227-g to read as follows: </p>\n   <p class=\"indent\">\n    <u class=\"amendmentInsertedText\">Section 227-g. Use of automated housing decision making tools. 1. For the purposes of this section, the following terms shall have the following meanings:</u>\n   </p>\n   <p class=\"indent\">\n    <u class=\"amendmentInsertedText\">(a) &quot;Automated housing decision making tool&quot; means any software that uses algorithms, computational models, or artificial intelligence techniques, or a combination thereof, to materially automate, substantially assist, or replace human decision-making regarding housing decisions that impact natural persons. &quot;Automated housing decision making tool&quot; does not include a tool that does not automate, support, substantially assist, or replace discretionary decision-making processes and that does not materially impact natural persons, including, but not limited to, a junk email filter, firewall, antivirus software, calculator, spreadsheet, database, data set, or other compilation of data.</u>\n   </p>\n   <p class=\"indent\">\n    <u class=\"amendmentInsertedText\">(b) &quot;Disparate impact analysis&quot; means an impartial evaluation conducted by an independent auditor. Such disparate impact analysis shall include, but not be limited to, testing of the extent to which use of an automated housing decision making tool is likely to result in an adverse impact to the detriment of any group on the basis of sex, race, ethnicity, or other protected class under this article. A disparate impact analysis shall differentiate between applicants who were selected and applicants who were not selected by the tool.</u>\n   </p>\n   <p class=\"indent\">\n    <u class=\"amendmentInsertedText\">(c) &quot;Housing decision&quot; means to screen applicants for housing.</u>\n   </p>\n   <p class=\"indent\">\n    <u class=\"amendmentInsertedText\">2. It shall be unlawful for a landlord to implement or use an automated housing decision making tool, including the use of an automated housing decision making tool that issues a score, classification, or recommendation, that fails to comply with the following provisions:</u>\n   </p>\n   <p class=\"indent\">\n    <u class=\"amendmentInsertedText\">(a) No less than annually, a disparate impact analysis shall be conducted to assess the actual impact of any automated housing decision making tool used by any landlord to select applicants for housing within the state. Such disparate impact analysis shall be provided to the landlord.</u>\n   </p>\n   <p class=\"indent\">\n    <u class=\"amendmentInsertedText\">(b) A summary of the most recent disparate impact analysis of such tool as well as the distribution date of the tool to which the analysis applies shall be made publicly available on the website of the landlord prior to the implementation or use of such tool. Such summary shall also be made accessible through any listing for housing on a digital platform for which the landlord intends to use an automated housing decision making tool to screen applicants for housing.</u>\n   </p>\n   <p class=\"indent\">\n    <u class=\"amendmentInsertedText\">3. (a) Any landlord that uses an automated housing decision making tool to screen applicants for housing shall notify each such applicant of the following:</u>\n   </p>\n   <p class=\"indent\">\n    <u class=\"amendmentInsertedText\">(i) That an automated housing decision making tool will be used in connection with the assessment or evaluation of such applicant;</u>\n   </p>\n   <p class=\"indent\">\n    <u class=\"amendmentInsertedText\">(ii) The characteristics that such automated housing decision making tool will use in the assessment of such applicant;</u>\n   </p>\n   <p class=\"indent\">\n    <u class=\"amendmentInsertedText\">(iii) Information about the type of data collected for such automated housing decision making tool, the source of such data, and the landlord&#39;s data retention policy; and</u>\n   </p>\n   <p class=\"indent\">\n    <u class=\"amendmentInsertedText\">(iv) If an application for housing is denied through use of the automated housing decision making tool, the reason for such denial.</u>\n   </p>\n   <p class=\"indent\">\n    <u class=\"amendmentInsertedText\">(b) The notice required by paragraph (a) of this subdivision shall be made no less than twenty-four hours before the use of such automated housing decision making tool and shall allow such applicant to request an alternative selection process or accommodation.</u>\n   </p>\n   <p class=\"indent\">\n    <u class=\"amendmentInsertedText\">4. The attorney general may initiate an investigation if a preponderance of the evidence, including the summary of the most recent disparate impact analysis establishes a suspicion of a violation. The attorney general may also initiate in any court of competent jurisdiction any action or proceeding that may be appropriate or necessary for correction of any violation issued pursuant to this section, including mandating compliance with the provisions of this section or such other relief as may be appropriate.</u>\n   </p>\n   <p class=\"indent\">Section 2. This act shall take effect immediately.</p>\n  </div>\n </div>\n    </div>\t\n<table cellpadding=0 cellspacing=0 width=\"100%\">\n   <tr>\n      <td>\n          Copyright &copy; 2025 State Net\n      </td>\n<BR>\n<!--???MOVED INTO resources.cgi      <td align=\"right\">\n          <img src=\"https://custom.statenet.com/network/poweredby.gif\" alt=\"Powered by State Net\">\n      </td>-->\n\n    </tr>\n</table>\n</body></html>\n",
      "markdown": "The following has special meaning: _green underline denotes added text_ ~~red struck out text denotes deleted text~~ | [![Powered by State Net](https://custom.statenet.com/network/poweredby.gif)](https://www.lexisnexis.com/statenet/)  \n---|---  \n  \n2025 NY S 6471 | | Author: | Cleare  \n---|---  \nVersion: | Amended  \nVersion Date: | 05/19/2025  \n  \n**STATE OF NEW YORK**\n\n6471--A\n\n2025-2026 Regular Sessions\n\n**IN SENATE**\n\nMarch 14, 2025\n\nIntroduced by Sen. CLEARE -- read twice and ordered printed, and when printed\nto be committed to the Committee on Investigations and Government Operations\n-- committee discharged, bill amended, ordered reprinted as amended and\nrecommitted to said committee\n\nAN ACT to amend the real property law, in relation to the use of automated\nhousing decision making tools to make housing decisions\n\n**The People of the State of New York, represented in Senate and Assembly, do\nenact as follows:**\n\nSection 1. The real property law is amended by adding a new section 227-g to\nread as follows:\n\n_Section 227-g. Use of automated housing decision making tools. 1. For the\npurposes of this section, the following terms shall have the following\nmeanings:_\n\n_(a) \"Automated housing decision making tool\" means any software that uses\nalgorithms, computational models, or artificial intelligence techniques, or a\ncombination thereof, to materially automate, substantially assist, or replace\nhuman decision-making regarding housing decisions that impact natural persons.\n\"Automated housing decision making tool\" does not include a tool that does not\nautomate, support, substantially assist, or replace discretionary decision-\nmaking processes and that does not materially impact natural persons,\nincluding, but not limited to, a junk email filter, firewall, antivirus\nsoftware, calculator, spreadsheet, database, data set, or other compilation of\ndata._\n\n_(b) \"Disparate impact analysis\" means an impartial evaluation conducted by an\nindependent auditor. Such disparate impact analysis shall include, but not be\nlimited to, testing of the extent to which use of an automated housing\ndecision making tool is likely to result in an adverse impact to the detriment\nof any group on the basis of sex, race, ethnicity, or other protected class\nunder this article. A disparate impact analysis shall differentiate between\napplicants who were selected and applicants who were not selected by the\ntool._\n\n_(c) \"Housing decision\" means to screen applicants for housing._\n\n_2\\. It shall be unlawful for a landlord to implement or use an automated\nhousing decision making tool, including the use of an automated housing\ndecision making tool that issues a score, classification, or recommendation,\nthat fails to comply with the following provisions:_\n\n_(a) No less than annually, a disparate impact analysis shall be conducted to\nassess the actual impact of any automated housing decision making tool used by\nany landlord to select applicants for housing within the state. Such disparate\nimpact analysis shall be provided to the landlord._\n\n_(b) A summary of the most recent disparate impact analysis of such tool as\nwell as the distribution date of the tool to which the analysis applies shall\nbe made publicly available on the website of the landlord prior to the\nimplementation or use of such tool. Such summary shall also be made accessible\nthrough any listing for housing on a digital platform for which the landlord\nintends to use an automated housing decision making tool to screen applicants\nfor housing._\n\n_3\\. (a) Any landlord that uses an automated housing decision making tool to\nscreen applicants for housing shall notify each such applicant of the\nfollowing:_\n\n_(i) That an automated housing decision making tool will be used in connection\nwith the assessment or evaluation of such applicant;_\n\n_(ii) The characteristics that such automated housing decision making tool\nwill use in the assessment of such applicant;_\n\n_(iii) Information about the type of data collected for such automated housing\ndecision making tool, the source of such data, and the landlord 's data\nretention policy; and_\n\n_(iv) If an application for housing is denied through use of the automated\nhousing decision making tool, the reason for such denial._\n\n_(b) The notice required by paragraph (a) of this subdivision shall be made no\nless than twenty-four hours before the use of such automated housing decision\nmaking tool and shall allow such applicant to request an alternative selection\nprocess or accommodation._\n\n_4\\. The attorney general may initiate an investigation if a preponderance of\nthe evidence, including the summary of the most recent disparate impact\nanalysis establishes a suspicion of a violation. The attorney general may also\ninitiate in any court of competent jurisdiction any action or proceeding that\nmay be appropriate or necessary for correction of any violation issued\npursuant to this section, including mandating compliance with the provisions\nof this section or such other relief as may be appropriate._\n\nSection 2. This act shall take effect immediately.\n\nCopyright (C) 2025 State Net  \n  \n---\n\n",
      "latest_version": true
    }
  ]
}