{
  "bill_id": "NY2025000A6180",
  "source_url": "http://custom.statenet.com/public/resources.cgi?id=ID:bill:NY2025000A6180&cuiq=93d84396-c63b-526a-b152-38b7f79b4cfd&client_md=e4f6fea4-27b4-5d41-b7d3-766fe52569f0",
  "versions": [
    {
      "date": "02/26/2025",
      "label": "Introduced",
      "url": "https://custom.statenet.com/public/resources.cgi?mode=show_text&id=ID:bill:NY2025000A6180&verid=NY2025000A6180_20250226_0_I&",
      "raw_html": "<html>\n<head>\n<title>Bill Resource</title>\n\n<!--   <link href=\"https://custom.statenet.com/network/Common/css/extregtext.css\" rel=\"stylesheet\" type=\"text/css\" />-->\n   <link href=\"https://custom.statenet.com/network/Common/css/xmltext-2.0.css\" rel=\"stylesheet\" type=\"text/css\" />\n   <link href=\"https://custom.statenet.com/network/Common/css/additional-text.css\" rel=\"stylesheet\" type=\"text/css\" />\n\n\t<style type=\"text/css\">\n<!--\n\ntd, body {\n     background-color: white;\n\tfont-family: Verdana, Arial, Helvetica, sans-serif;\n\tfont-size: 12px;\n}\n\n.resourceContainer {\n   border: 1px solid black;\n}\n-->\n</style>\n</head>\n<body>\n\n    <div style=\"width: 750px; margin: auto\">\n       <div style=\"font-size: .8em;margin-bottom: 10px\"><table width=\"100%\"><tr><td align=\"left\" style=\"font-size: .8em;\"><div>The following has special meaning:</div>\n<div><u class=\"amendmentInsertedText\">green underline denotes added text</u></div>\n<div><strike class=\"amendmentDeletedText\">red struck out text denotes deleted text</strike></div></td> <td align=\"right\"><a href=\"https://www.lexisnexis.com/statenet/\"><img alt=\"Powered by State Net\" src=\"https://custom.statenet.com/network/poweredby.gif\" /></a></td></tr></table></div><table id=\"text-identifier\"><tr><td class=\"key\">2025 NY A 6180</td> <td><table><tr><td class=\"label\">Author:</td> <td>Meeks</td></tr> <tr><td class=\"label\">Version:</td> <td>Introduced</td></tr> <tr><td class=\"label\">Version Date:</td> <td>02/26/2025</td></tr></table></td></tr></table><div class=\"documentBody\">\n  <a name=\"head_document_section\"></a><div class=\"head\">\n   <p class=\"center\">\n    <b>STATE OF NEW YORK</b>\n   </p>\n   <p class=\"center\">6180 </p>\n   <p class=\"center\">2025-2026 Regular Sessions </p>\n   <p class=\"center\">\n    <b>IN ASSEMBLY</b>\n   </p>\n   <p class=\"center\">February 26, 2025 </p>\n   <p class=\"indent\">Introduced by M. of A. MEEKS, SANTABARBARA, MAMDANI, JACKSON, ANDERSON, ZACCARO, GIBBS, CLARK, CUNNINGHAM, ROSENTHAL, BRONSON -- read once and referred to the Committee on Ways and Means </p>\n  </div>\n  <a name=\"title_document_section\"></a><div class=\"title\">\n   <p class=\"indent\">AN ACT to amend the tax law, in relation to excluding a production which uses artificial intelligence or autonomous vehicles in a manner which results in the displacement of employees whose salaries are qualified expenses from the definition of qualified film for the purposes of the empire state film production credit </p>\n  </div>\n  <a name=\"text_document_section\"></a><div class=\"text\">\n   <span>\n    <p class=\"indent\">\n     <b>The People of the State of New York, represented in Senate and Assembly, do enact as follows:</b>\n    </p>\n   </span>\n   <p class=\"indent\">Section 1. Paragraph 3 of subdivision (b) of section 24 of the tax law, as amended by section 9-a of part D of chapter 59 of the laws of 2023, is amended to read as follows: </p>\n   <p class=\"indent\">(3) &quot;Qualified film&quot; means a feature-length film, television film, relocated television production, television pilot or television series, regardless of the medium by means of which the film, pilot or series is created or conveyed. For the purposes of the credit provided by this section only, a &quot;qualified film&quot; whose majority of principal photography shooting days in the production of the qualified film are shot in Westchester, Rockland, Nassau, or Suffolk county or any of the five New York City boroughs shall have a minimum budget of one million dollars. A &quot;qualified film&quot;, whose majority of principal photography shooting days in the production of the qualified film are shot in any other county of the state than those listed in the preceding sentence shall have a minimum budget of two hundred fifty thousand dollars. &quot;Qualified film&quot; shall not include: (i) a documentary film, news or current affairs program, interview or talk program, &quot;how-to&quot; (i.e., instructional) film or program, film or program consisting primarily of stock footage, sporting event or sporting program, game show, award ceremony, film or program intended primarily for industrial, corporate or institutional end-users, fundraising film or program, daytime drama (i.e., daytime &quot;soap opera&quot;), commercials, music videos or &quot;reality&quot; program; (ii) a production for which records are required under section 2257 of title 18, United States code, to be maintained with respect to any performer in such production (reporting of books, films, etc. with respect to sexually explicit conduct); <strike class=\"amendmentDeletedText\">or</strike> (iii) <u class=\"amendmentInsertedText\">a production which uses artificial intelligence or autonomous vehicles in a manner which results in the displacement of employees whose salaries are qualified expenses, unless such replacement is permitted by a current collective bargaining agreement in force covering such employees; or (iv)</u> other than a relocated television production, a television series commonly known as variety entertainment, variety sketch and variety talk, i.e., a program with components of improvisational or scripted content (monologues, sketches, interviews), either exclusively or in combination with other entertainment elements such as musical performances, dancing, cooking, crafts, pranks, stunts, and games and which may be further defined in regulations of the commissioner of economic development. However, a qualified film shall include a television series as described in subparagraph <strike class=\"amendmentDeletedText\">(iii)</strike>\n    <u class=\"amendmentInsertedText\">(iv)</u> of this paragraph only if an application for such series has been deemed conditionally eligible for the tax credit under this section prior to April first, two thousand twenty, such series remains in continuous production for each season, and an annual application for each season of such series is continually submitted for such series after April first, two thousand twenty. A series that changes either or both the title of the series or the principal cast prior to March thirty-first, two thousand twenty-three, shall be considered to remain in continuous production for each season, provided the series films at the same location as prior seasons, is produced by the same entity, and retains at least eighty percent of the staff from the prior season. </p>\n   <p class=\"indent\">Section 2. This act shall take effect immediately.</p>\n  </div>\n </div>\n    </div>\t\n<table cellpadding=0 cellspacing=0 width=\"100%\">\n   <tr>\n      <td>\n          Copyright &copy; 2025 State Net\n      </td>\n<BR>\n<!--???MOVED INTO resources.cgi      <td align=\"right\">\n          <img src=\"https://custom.statenet.com/network/poweredby.gif\" alt=\"Powered by State Net\">\n      </td>-->\n\n    </tr>\n</table>\n</body></html>\n",
      "markdown": "The following has special meaning: _green underline denotes added text_ ~~red struck out text denotes deleted text~~ | [![Powered by State Net](https://custom.statenet.com/network/poweredby.gif)](https://www.lexisnexis.com/statenet/)  \n---|---  \n  \n2025 NY A 6180 | | Author: | Meeks  \n---|---  \nVersion: | Introduced  \nVersion Date: | 02/26/2025  \n  \n**STATE OF NEW YORK**\n\n6180\n\n2025-2026 Regular Sessions\n\n**IN ASSEMBLY**\n\nFebruary 26, 2025\n\nIntroduced by M. of A. MEEKS, SANTABARBARA, MAMDANI, JACKSON, ANDERSON,\nZACCARO, GIBBS, CLARK, CUNNINGHAM, ROSENTHAL, BRONSON -- read once and\nreferred to the Committee on Ways and Means\n\nAN ACT to amend the tax law, in relation to excluding a production which uses\nartificial intelligence or autonomous vehicles in a manner which results in\nthe displacement of employees whose salaries are qualified expenses from the\ndefinition of qualified film for the purposes of the empire state film\nproduction credit\n\n**The People of the State of New York, represented in Senate and Assembly, do\nenact as follows:**\n\nSection 1. Paragraph 3 of subdivision (b) of section 24 of the tax law, as\namended by section 9-a of part D of chapter 59 of the laws of 2023, is amended\nto read as follows:\n\n(3) \"Qualified film\" means a feature-length film, television film, relocated\ntelevision production, television pilot or television series, regardless of\nthe medium by means of which the film, pilot or series is created or conveyed.\nFor the purposes of the credit provided by this section only, a \"qualified\nfilm\" whose majority of principal photography shooting days in the production\nof the qualified film are shot in Westchester, Rockland, Nassau, or Suffolk\ncounty or any of the five New York City boroughs shall have a minimum budget\nof one million dollars. A \"qualified film\", whose majority of principal\nphotography shooting days in the production of the qualified film are shot in\nany other county of the state than those listed in the preceding sentence\nshall have a minimum budget of two hundred fifty thousand dollars. \"Qualified\nfilm\" shall not include: (i) a documentary film, news or current affairs\nprogram, interview or talk program, \"how-to\" (i.e., instructional) film or\nprogram, film or program consisting primarily of stock footage, sporting event\nor sporting program, game show, award ceremony, film or program intended\nprimarily for industrial, corporate or institutional end-users, fundraising\nfilm or program, daytime drama (i.e., daytime \"soap opera\"), commercials,\nmusic videos or \"reality\" program; (ii) a production for which records are\nrequired under section 2257 of title 18, United States code, to be maintained\nwith respect to any performer in such production (reporting of books, films,\netc. with respect to sexually explicit conduct); ~~or~~ (iii) _a production\nwhich uses artificial intelligence or autonomous vehicles in a manner which\nresults in the displacement of employees whose salaries are qualified\nexpenses, unless such replacement is permitted by a current collective\nbargaining agreement in force covering such employees; or (iv)_ other than a\nrelocated television production, a television series commonly known as variety\nentertainment, variety sketch and variety talk, i.e., a program with\ncomponents of improvisational or scripted content (monologues, sketches,\ninterviews), either exclusively or in combination with other entertainment\nelements such as musical performances, dancing, cooking, crafts, pranks,\nstunts, and games and which may be further defined in regulations of the\ncommissioner of economic development. However, a qualified film shall include\na television series as described in subparagraph ~~(iii)~~ _(iv)_ of this\nparagraph only if an application for such series has been deemed conditionally\neligible for the tax credit under this section prior to April first, two\nthousand twenty, such series remains in continuous production for each season,\nand an annual application for each season of such series is continually\nsubmitted for such series after April first, two thousand twenty. A series\nthat changes either or both the title of the series or the principal cast\nprior to March thirty-first, two thousand twenty-three, shall be considered to\nremain in continuous production for each season, provided the series films at\nthe same location as prior seasons, is produced by the same entity, and\nretains at least eighty percent of the staff from the prior season.\n\nSection 2. This act shall take effect immediately.\n\nCopyright (C) 2025 State Net  \n  \n---\n\n",
      "latest_version": true
    }
  ]
}