{
  "bill_id": "OK2025000H1983",
  "source_url": "http://custom.statenet.com/public/resources.cgi?id=ID:bill:OK2025000H1983&cuiq=93d84396-c63b-526a-b152-38b7f79b4cfd&client_md=e4f6fea4-27b4-5d41-b7d3-766fe52569f0",
  "versions": [
    {
      "date": "01/17/2025",
      "label": "Prefiled",
      "url": "https://custom.statenet.com/public/resources.cgi?mode=show_text&id=ID:bill:OK2025000H1983&verid=OK2025000H1983_20250117_0_F&",
      "raw_html": "<html>\n<head>\n<title>Bill Resource</title>\n\n<!--   <link href=\"https://custom.statenet.com/network/Common/css/extregtext.css\" rel=\"stylesheet\" type=\"text/css\" />-->\n   <link href=\"https://custom.statenet.com/network/Common/css/xmltext-2.0.css\" rel=\"stylesheet\" type=\"text/css\" />\n   <link href=\"https://custom.statenet.com/network/Common/css/additional-text.css\" rel=\"stylesheet\" type=\"text/css\" />\n\n\t<style type=\"text/css\">\n<!--\n\ntd, body {\n     background-color: white;\n\tfont-family: Verdana, Arial, Helvetica, sans-serif;\n\tfont-size: 12px;\n}\n\n.resourceContainer {\n   border: 1px solid black;\n}\n-->\n</style>\n</head>\n<body>\n\n    <div style=\"width: 750px; margin: auto\">\n       <div style=\"font-size: .8em;margin-bottom: 10px\"><table width=\"100%\"><tr><td align=\"left\" style=\"font-size: .8em;\"><div>The following has special meaning:</div>\n<div><u class=\"amendmentInsertedText\">green underline denotes added text</u></div>\n<div><strike class=\"amendmentDeletedText\">red struck out text denotes deleted text</strike></div></td> <td align=\"right\"><a href=\"https://www.lexisnexis.com/statenet/\"><img alt=\"Powered by State Net\" src=\"https://custom.statenet.com/network/poweredby.gif\" /></a></td></tr></table></div><table id=\"text-identifier\"><tr><td class=\"key\">2025 OK H 1983</td> <td><table><tr><td class=\"label\">Author:</td> <td>Ranson</td></tr> <tr><td class=\"label\">Version:</td> <td>Prefiled</td></tr> <tr><td class=\"label\">Version Date:</td> <td>01/17/2025</td></tr></table></td></tr></table><div class=\"documentBody\">\n  <a name=\"head_document_section\"></a><div class=\"head\">\n   <p class=\"center\">STATE OF OKLAHOMA</p>\n   <p class=\"center\">1st Session of the 60th Legislature (2025)</p>\n   <p class=\"center\">HOUSE BILL 1983 </p>\n   <p class=\"center\">By: Ranson</p>\n   <p class=\"center\">AS INTRODUCED</p>\n  </div>\n  <a name=\"code_document_section\"></a><div class=\"code\">\n   <p class=\"left\">An Act relating to schools; requiring media literacy and cybersecurity to be taught; outlining instruction requirements; requiring students in certain grades to take the media literacy and cybersecurity course; prescribing the length of the course; allowing exception for certain transfer students; mandating that the State Department of Education adopt curriculum standards; directing the Department to develop guidelines, material, and resources; requiring the Department to report the standards created; providing for codification; and providing an effective date.</p>\n  </div>\n  <a name=\"text_document_section\"></a><div class=\"text\">\n   <span>\n    <p class=\"indent\">BE IT ENACTED BY THE PEOPLE OF THE STATE OF OKLAHOMA:</p>\n   </span>\n   <p class=\"indent\">SECTION 1. NEW LAW A new section of law to be codified in the Oklahoma Statutes as Section 11-103.17 of Title 70, unless there is created a duplication in numbering, reads as follows:</p>\n   <p class=\"indent\">A. Media literacy and cybersecurity education shall be taught in the public schools of this state. Media literacy and cybersecurity education shall include, but is not limited to, the following areas of instruction:</p>\n   <p class=\"indent\">1. Identifying and avoiding online scams such as: phishing, catfishing, malware, ransomware, scareware, and clickbait;</p>\n   <p class=\"indent\">2. Identifying fraudulent emails, websites, and social media profiles;</p>\n   <p class=\"indent\">3. Using passwords and online security;</p>\n   <p class=\"indent\">4. Protecting personal information;</p>\n   <p class=\"indent\">5. Identifying fake news, including how to find sources to verify information; and</p>\n   <p class=\"indent\">6. Identifying deepfake images, videos, and audio and identifying artificial intelligence (AI).</p>\n   <p class=\"indent\">B. Beginning with students entering the sixth grade in the 2027-2028 school year, students shall fulfill the requirement by satisfactorily completing a media literacy and cybersecurity course containing the areas of instruction as provided in subsection A of this section during the sixth, seventh, or eighth grade.</p>\n   <p class=\"indent\">C. Media literacy and cybersecurity instruction shall be provided in a one-half (1/2) unit course.</p>\n   <p class=\"indent\">D. For students who transfer into an Oklahoma school district from out of state during or after the eighth grade, school districts may make an exception to the requirements for a media literacy and cybersecurity course pursuant to the provisions of Section 11-103.6 of this title. School districts shall still encourage completion of instruction in media literacy and cybersecurity.</p>\n   <p class=\"indent\">E. The State Board of Education shall identify and adopt curriculum standards for media literacy and cybersecurity instruction that reflect the areas of instruction listed in subsection A of this section. The standards shall be incorporated into the state academic content standards adopted by the Board pursuant to Section 11-103.6 of Title 70 of the Oklahoma Statutes.</p>\n   <p class=\"indent\">F. The State Department of Education shall:</p>\n   <p class=\"indent\">1. Develop guidelines and material designed to enable schools to offer media literacy and cybersecurity as a separate course. The guidelines shall outline the areas of instruction to be taught based on the curriculum standards adopted by the Board;</p>\n   <p class=\"indent\">2. Develop professional development programs that are designed to help teachers provide instruction in media literacy and cybersecurity. Development programs shall be designed to help teachers provide instruction through a separate media literacy and cybersecurity course;</p>\n   <p class=\"indent\">3. Provide resources to assist schools in developing a separate media literacy and cybersecurity course; and</p>\n   <p class=\"indent\">4. Provide and identify resources designed to enable students identified as English language learners and students with specific learning disabilities or individual educational needs to understand and use the media literacy and cybersecurity information presented.</p>\n   <p class=\"indent\">G. Within thirty (30) days of completing the media literacy and cybersecurity curriculum standards, the State Board of Education shall submit to the Speaker of the Oklahoma House of Representatives and the President Pro Tempore of the Oklahoma State Senate a report outlining the standards.</p>\n   <p class=\"indent\">SECTION 2. This act shall become effective November 1, 2025.</p>\n  </div>\n </div>\n    </div>\t\n<table cellpadding=0 cellspacing=0 width=\"100%\">\n   <tr>\n      <td>\n          Copyright &copy; 2025 State Net\n      </td>\n<BR>\n<!--???MOVED INTO resources.cgi      <td align=\"right\">\n          <img src=\"https://custom.statenet.com/network/poweredby.gif\" alt=\"Powered by State Net\">\n      </td>-->\n\n    </tr>\n</table>\n</body></html>\n",
      "markdown": "The following has special meaning: _green underline denotes added text_ ~~red struck out text denotes deleted text~~ | [![Powered by State Net](https://custom.statenet.com/network/poweredby.gif)](https://www.lexisnexis.com/statenet/)  \n---|---  \n  \n2025 OK H 1983 | | Author: | Ranson  \n---|---  \nVersion: | Prefiled  \nVersion Date: | 01/17/2025  \n  \nSTATE OF OKLAHOMA\n\n1st Session of the 60th Legislature (2025)\n\nHOUSE BILL 1983\n\nBy: Ranson\n\nAS INTRODUCED\n\nAn Act relating to schools; requiring media literacy and cybersecurity to be\ntaught; outlining instruction requirements; requiring students in certain\ngrades to take the media literacy and cybersecurity course; prescribing the\nlength of the course; allowing exception for certain transfer students;\nmandating that the State Department of Education adopt curriculum standards;\ndirecting the Department to develop guidelines, material, and resources;\nrequiring the Department to report the standards created; providing for\ncodification; and providing an effective date.\n\nBE IT ENACTED BY THE PEOPLE OF THE STATE OF OKLAHOMA:\n\nSECTION 1. NEW LAW A new section of law to be codified in the Oklahoma\nStatutes as Section 11-103.17 of Title 70, unless there is created a\nduplication in numbering, reads as follows:\n\nA. Media literacy and cybersecurity education shall be taught in the public\nschools of this state. Media literacy and cybersecurity education shall\ninclude, but is not limited to, the following areas of instruction:\n\n1\\. Identifying and avoiding online scams such as: phishing, catfishing,\nmalware, ransomware, scareware, and clickbait;\n\n2\\. Identifying fraudulent emails, websites, and social media profiles;\n\n3\\. Using passwords and online security;\n\n4\\. Protecting personal information;\n\n5\\. Identifying fake news, including how to find sources to verify\ninformation; and\n\n6\\. Identifying deepfake images, videos, and audio and identifying artificial\nintelligence (AI).\n\nB. Beginning with students entering the sixth grade in the 2027-2028 school\nyear, students shall fulfill the requirement by satisfactorily completing a\nmedia literacy and cybersecurity course containing the areas of instruction as\nprovided in subsection A of this section during the sixth, seventh, or eighth\ngrade.\n\nC. Media literacy and cybersecurity instruction shall be provided in a one-\nhalf (1/2) unit course.\n\nD. For students who transfer into an Oklahoma school district from out of\nstate during or after the eighth grade, school districts may make an exception\nto the requirements for a media literacy and cybersecurity course pursuant to\nthe provisions of Section 11-103.6 of this title. School districts shall still\nencourage completion of instruction in media literacy and cybersecurity.\n\nE. The State Board of Education shall identify and adopt curriculum standards\nfor media literacy and cybersecurity instruction that reflect the areas of\ninstruction listed in subsection A of this section. The standards shall be\nincorporated into the state academic content standards adopted by the Board\npursuant to Section 11-103.6 of Title 70 of the Oklahoma Statutes.\n\nF. The State Department of Education shall:\n\n1\\. Develop guidelines and material designed to enable schools to offer media\nliteracy and cybersecurity as a separate course. The guidelines shall outline\nthe areas of instruction to be taught based on the curriculum standards\nadopted by the Board;\n\n2\\. Develop professional development programs that are designed to help\nteachers provide instruction in media literacy and cybersecurity. Development\nprograms shall be designed to help teachers provide instruction through a\nseparate media literacy and cybersecurity course;\n\n3\\. Provide resources to assist schools in developing a separate media\nliteracy and cybersecurity course; and\n\n4\\. Provide and identify resources designed to enable students identified as\nEnglish language learners and students with specific learning disabilities or\nindividual educational needs to understand and use the media literacy and\ncybersecurity information presented.\n\nG. Within thirty (30) days of completing the media literacy and cybersecurity\ncurriculum standards, the State Board of Education shall submit to the Speaker\nof the Oklahoma House of Representatives and the President Pro Tempore of the\nOklahoma State Senate a report outlining the standards.\n\nSECTION 2. This act shall become effective November 1, 2025.\n\nCopyright (C) 2025 State Net  \n  \n---\n\n",
      "latest_version": false
    },
    {
      "date": "02/03/2025",
      "label": "Introduced",
      "url": "https://custom.statenet.com/public/resources.cgi?mode=show_text&id=ID:bill:OK2025000H1983&verid=OK2025000H1983_20250203_0_I&",
      "raw_html": "<html>\n<head>\n<title>Bill Resource</title>\n\n<!--   <link href=\"https://custom.statenet.com/network/Common/css/extregtext.css\" rel=\"stylesheet\" type=\"text/css\" />-->\n   <link href=\"https://custom.statenet.com/network/Common/css/xmltext-2.0.css\" rel=\"stylesheet\" type=\"text/css\" />\n   <link href=\"https://custom.statenet.com/network/Common/css/additional-text.css\" rel=\"stylesheet\" type=\"text/css\" />\n\n\t<style type=\"text/css\">\n<!--\n\ntd, body {\n     background-color: white;\n\tfont-family: Verdana, Arial, Helvetica, sans-serif;\n\tfont-size: 12px;\n}\n\n.resourceContainer {\n   border: 1px solid black;\n}\n-->\n</style>\n</head>\n<body>\n\n    <div style=\"width: 750px; margin: auto\">\n       <div style=\"font-size: .8em;margin-bottom: 10px\"><table width=\"100%\"><tr><td align=\"left\" style=\"font-size: .8em;\"><div>The following has special meaning:</div>\n<div><u class=\"amendmentInsertedText\">green underline denotes added text</u></div>\n<div><strike class=\"amendmentDeletedText\">red struck out text denotes deleted text</strike></div></td> <td align=\"right\"><a href=\"https://www.lexisnexis.com/statenet/\"><img alt=\"Powered by State Net\" src=\"https://custom.statenet.com/network/poweredby.gif\" /></a></td></tr></table></div><table id=\"text-identifier\"><tr><td class=\"key\">2025 OK H 1983</td> <td><table><tr><td class=\"label\">Author:</td> <td>Ranson</td></tr> <tr><td class=\"label\">Version:</td> <td>Introduced</td></tr> <tr><td class=\"label\">Version Date:</td> <td>02/03/2025</td></tr></table></td></tr></table><div class=\"documentBody\">\n  <a name=\"head_document_section\"></a><div class=\"head\">\n   <p class=\"center\">STATE OF OKLAHOMA</p>\n   <p class=\"center\">1st Session of the 60th Legislature (2025)</p>\n   <p class=\"center\">HOUSE BILL 1983 </p>\n   <p class=\"center\">By: Ranson</p>\n   <p class=\"center\">AS INTRODUCED</p>\n  </div>\n  <a name=\"code_document_section\"></a><div class=\"code\">\n   <p class=\"left\">An Act relating to schools; requiring media literacy and cybersecurity to be taught; outlining instruction requirements; requiring students in certain grades to take the media literacy and cybersecurity course; prescribing the length of the course; allowing exception for certain transfer students; mandating that the State Department of Education adopt curriculum standards; directing the Department to develop guidelines, material, and resources; requiring the Department to report the standards created; providing for codification; and providing an effective date.</p>\n  </div>\n  <a name=\"text_document_section\"></a><div class=\"text\">\n   <span>\n    <p class=\"indent\">BE IT ENACTED BY THE PEOPLE OF THE STATE OF OKLAHOMA:</p>\n   </span>\n   <p class=\"indent\">SECTION 1. NEW LAW A new section of law to be codified in the Oklahoma Statutes as Section 11-103.17 of Title 70, unless there is created a duplication in numbering, reads as follows:</p>\n   <p class=\"indent\">A. Media literacy and cybersecurity education shall be taught in the public schools of this state. Media literacy and cybersecurity education shall include, but is not limited to, the following areas of instruction:</p>\n   <p class=\"indent\">1. Identifying and avoiding online scams such as: phishing, catfishing, malware, ransomware, scareware, and clickbait;</p>\n   <p class=\"indent\">2. Identifying fraudulent emails, websites, and social media profiles;</p>\n   <p class=\"indent\">3. Using passwords and online security;</p>\n   <p class=\"indent\">4. Protecting personal information;</p>\n   <p class=\"indent\">5. Identifying fake news, including how to find sources to verify information; and</p>\n   <p class=\"indent\">6. Identifying deepfake images, videos, and audio and identifying artificial intelligence (AI).</p>\n   <p class=\"indent\">B. Beginning with students entering the sixth grade in the 2027-2028 school year, students shall fulfill the requirement by satisfactorily completing a media literacy and cybersecurity course containing the areas of instruction as provided in subsection A of this section during the sixth, seventh, or eighth grade.</p>\n   <p class=\"indent\">C. Media literacy and cybersecurity instruction shall be provided in a one-half (1/2) unit course.</p>\n   <p class=\"indent\">D. For students who transfer into an Oklahoma school district from out of state during or after the eighth grade, school districts may make an exception to the requirements for a media literacy and cybersecurity course pursuant to the provisions of Section 11-103.6 of this title. School districts shall still encourage completion of instruction in media literacy and cybersecurity.</p>\n   <p class=\"indent\">E. The State Board of Education shall identify and adopt curriculum standards for media literacy and cybersecurity instruction that reflect the areas of instruction listed in subsection A of this section. The standards shall be incorporated into the state academic content standards adopted by the Board pursuant to Section 11-103.6 of Title 70 of the Oklahoma Statutes.</p>\n   <p class=\"indent\">F. The State Department of Education shall:</p>\n   <p class=\"indent\">1. Develop guidelines and material designed to enable schools to offer media literacy and cybersecurity as a separate course. The guidelines shall outline the areas of instruction to be taught based on the curriculum standards adopted by the Board;</p>\n   <p class=\"indent\">2. Develop professional development programs that are designed to help teachers provide instruction in media literacy and cybersecurity. Development programs shall be designed to help teachers provide instruction through a separate media literacy and cybersecurity course;</p>\n   <p class=\"indent\">3. Provide resources to assist schools in developing a separate media literacy and cybersecurity course; and</p>\n   <p class=\"indent\">4. Provide and identify resources designed to enable students identified as English language learners and students with specific learning disabilities or individual educational needs to understand and use the media literacy and cybersecurity information presented.</p>\n   <p class=\"indent\">G. Within thirty (30) days of completing the media literacy and cybersecurity curriculum standards, the State Board of Education shall submit to the Speaker of the Oklahoma House of Representatives and the President Pro Tempore of the Oklahoma State Senate a report outlining the standards.</p>\n   <p class=\"indent\">SECTION 2. This act shall become effective November 1, 2025.</p>\n  </div>\n </div>\n    </div>\t\n<table cellpadding=0 cellspacing=0 width=\"100%\">\n   <tr>\n      <td>\n          Copyright &copy; 2025 State Net\n      </td>\n<BR>\n<!--???MOVED INTO resources.cgi      <td align=\"right\">\n          <img src=\"https://custom.statenet.com/network/poweredby.gif\" alt=\"Powered by State Net\">\n      </td>-->\n\n    </tr>\n</table>\n</body></html>\n",
      "markdown": "The following has special meaning: _green underline denotes added text_ ~~red struck out text denotes deleted text~~ | [![Powered by State Net](https://custom.statenet.com/network/poweredby.gif)](https://www.lexisnexis.com/statenet/)  \n---|---  \n  \n2025 OK H 1983 | | Author: | Ranson  \n---|---  \nVersion: | Introduced  \nVersion Date: | 02/03/2025  \n  \nSTATE OF OKLAHOMA\n\n1st Session of the 60th Legislature (2025)\n\nHOUSE BILL 1983\n\nBy: Ranson\n\nAS INTRODUCED\n\nAn Act relating to schools; requiring media literacy and cybersecurity to be\ntaught; outlining instruction requirements; requiring students in certain\ngrades to take the media literacy and cybersecurity course; prescribing the\nlength of the course; allowing exception for certain transfer students;\nmandating that the State Department of Education adopt curriculum standards;\ndirecting the Department to develop guidelines, material, and resources;\nrequiring the Department to report the standards created; providing for\ncodification; and providing an effective date.\n\nBE IT ENACTED BY THE PEOPLE OF THE STATE OF OKLAHOMA:\n\nSECTION 1. NEW LAW A new section of law to be codified in the Oklahoma\nStatutes as Section 11-103.17 of Title 70, unless there is created a\nduplication in numbering, reads as follows:\n\nA. Media literacy and cybersecurity education shall be taught in the public\nschools of this state. Media literacy and cybersecurity education shall\ninclude, but is not limited to, the following areas of instruction:\n\n1\\. Identifying and avoiding online scams such as: phishing, catfishing,\nmalware, ransomware, scareware, and clickbait;\n\n2\\. Identifying fraudulent emails, websites, and social media profiles;\n\n3\\. Using passwords and online security;\n\n4\\. Protecting personal information;\n\n5\\. Identifying fake news, including how to find sources to verify\ninformation; and\n\n6\\. Identifying deepfake images, videos, and audio and identifying artificial\nintelligence (AI).\n\nB. Beginning with students entering the sixth grade in the 2027-2028 school\nyear, students shall fulfill the requirement by satisfactorily completing a\nmedia literacy and cybersecurity course containing the areas of instruction as\nprovided in subsection A of this section during the sixth, seventh, or eighth\ngrade.\n\nC. Media literacy and cybersecurity instruction shall be provided in a one-\nhalf (1/2) unit course.\n\nD. For students who transfer into an Oklahoma school district from out of\nstate during or after the eighth grade, school districts may make an exception\nto the requirements for a media literacy and cybersecurity course pursuant to\nthe provisions of Section 11-103.6 of this title. School districts shall still\nencourage completion of instruction in media literacy and cybersecurity.\n\nE. The State Board of Education shall identify and adopt curriculum standards\nfor media literacy and cybersecurity instruction that reflect the areas of\ninstruction listed in subsection A of this section. The standards shall be\nincorporated into the state academic content standards adopted by the Board\npursuant to Section 11-103.6 of Title 70 of the Oklahoma Statutes.\n\nF. The State Department of Education shall:\n\n1\\. Develop guidelines and material designed to enable schools to offer media\nliteracy and cybersecurity as a separate course. The guidelines shall outline\nthe areas of instruction to be taught based on the curriculum standards\nadopted by the Board;\n\n2\\. Develop professional development programs that are designed to help\nteachers provide instruction in media literacy and cybersecurity. Development\nprograms shall be designed to help teachers provide instruction through a\nseparate media literacy and cybersecurity course;\n\n3\\. Provide resources to assist schools in developing a separate media\nliteracy and cybersecurity course; and\n\n4\\. Provide and identify resources designed to enable students identified as\nEnglish language learners and students with specific learning disabilities or\nindividual educational needs to understand and use the media literacy and\ncybersecurity information presented.\n\nG. Within thirty (30) days of completing the media literacy and cybersecurity\ncurriculum standards, the State Board of Education shall submit to the Speaker\nof the Oklahoma House of Representatives and the President Pro Tempore of the\nOklahoma State Senate a report outlining the standards.\n\nSECTION 2. This act shall become effective November 1, 2025.\n\nCopyright (C) 2025 State Net  \n  \n---\n\n",
      "latest_version": true
    }
  ]
}