{
  "bill_id": "OK2025000H1916",
  "source_url": "http://custom.statenet.com/public/resources.cgi?id=ID:bill:OK2025000H1916&cuiq=93d84396-c63b-526a-b152-38b7f79b4cfd&client_md=e4f6fea4-27b4-5d41-b7d3-766fe52569f0",
  "versions": [
    {
      "date": "01/16/2025",
      "label": "Prefiled",
      "url": "https://custom.statenet.com/public/resources.cgi?mode=show_text&id=ID:bill:OK2025000H1916&verid=OK2025000H1916_20250116_0_F&",
      "raw_html": "<html>\n<head>\n<title>Bill Resource</title>\n\n<!--   <link href=\"https://custom.statenet.com/network/Common/css/extregtext.css\" rel=\"stylesheet\" type=\"text/css\" />-->\n   <link href=\"https://custom.statenet.com/network/Common/css/xmltext-2.0.css\" rel=\"stylesheet\" type=\"text/css\" />\n   <link href=\"https://custom.statenet.com/network/Common/css/additional-text.css\" rel=\"stylesheet\" type=\"text/css\" />\n\n\t<style type=\"text/css\">\n<!--\n\ntd, body {\n     background-color: white;\n\tfont-family: Verdana, Arial, Helvetica, sans-serif;\n\tfont-size: 12px;\n}\n\n.resourceContainer {\n   border: 1px solid black;\n}\n-->\n</style>\n</head>\n<body>\n\n    <div style=\"width: 750px; margin: auto\">\n       <div style=\"font-size: .8em;margin-bottom: 10px\"><table width=\"100%\"><tr><td align=\"left\" style=\"font-size: .8em;\"><div>The following has special meaning:</div>\n<div><u class=\"amendmentInsertedText\">green underline denotes added text</u></div>\n<div><strike class=\"amendmentDeletedText\">red struck out text denotes deleted text</strike></div></td> <td align=\"right\"><a href=\"https://www.lexisnexis.com/statenet/\"><img alt=\"Powered by State Net\" src=\"https://custom.statenet.com/network/poweredby.gif\" /></a></td></tr></table></div><table id=\"text-identifier\"><tr><td class=\"key\">2025 OK H 1916</td> <td><table><tr><td class=\"label\">Author:</td> <td>Alonso</td></tr> <tr><td class=\"label\">Version:</td> <td>Prefiled</td></tr> <tr><td class=\"label\">Version Date:</td> <td>01/16/2025</td></tr></table></td></tr></table><div class=\"documentBody\">\n  <a name=\"head_document_section\"></a><div class=\"head\">\n   <p class=\"center\">STATE OF OKLAHOMA</p>\n   <p class=\"center\">1st Session of the 60th Legislature (2025)</p>\n   <p class=\"center\">HOUSE BILL 1916 </p>\n   <p class=\"center\">By: Alonso-Sandoval</p>\n   <p class=\"center\">AS INTRODUCED</p>\n  </div>\n  <a name=\"code_document_section\"></a><div class=\"code\">\n   <p class=\"left\">An Act relating to artificial intelligence; creating the Responsible Deployment of AI Systems Act; providing definitions; clarifying applicability of act; directing for AI systems to comply with existing laws; requiring deployers to classify AI systems; requiring deployers conduct assessments of AI systems; requiring certain evaluations and documentation of high-risk AI systems; requiring qualified overseers; directing deployers to notify individuals when high-risk AI system influences certain decisions; directing deployers to establish governance groups; requiring deployers to maintain certain information; directing for annual independent audits of high-risk AI systems; requiring implementation of protocols; requiring accessible feedback channels; requiring annual performance report; directing the AI Council to analyze feedback and make annual recommendations; providing for penalties; requiring deployers to publicly disclose noncompliance incidents; establishing the Artificial Intelligence Council; providing responsibilities; providing membership; directing for members to come from certain backgrounds; directing the AI Council to develop the AI Regulatory Sandbox Program; providing description of the AI Regulatory Sandbox Program; directing the AI Council to develop the Artificial Intelligence Workforce Development Program; clarifying eligible applicants; clarifying priorities; granting rulemaking authority to the AI Council; providing for codification; and providing an effective date.</p>\n  </div>\n  <a name=\"text_document_section\"></a><div class=\"text\">\n   <span>\n    <p class=\"indent\">BE IT ENACTED BY THE PEOPLE OF THE STATE OF OKLAHOMA:</p>\n   </span>\n   <p class=\"indent\">SECTION 1. NEW LAW A new section of law to be codified in the Oklahoma Statutes as Section 501 of Title 25, unless there is created a duplication in numbering, reads as follows:</p>\n   <p class=\"indent\">This act shall be known and may be cited as the &quot;Responsible Deployment of AI Systems Act&quot;.</p>\n   <p class=\"indent\">SECTION 2. NEW LAW A new section of law to be codified in the Oklahoma Statutes as Section 502 of Title 25, unless there is created a duplication in numbering, reads as follows:</p>\n   <p class=\"indent\">As used in this act:</p>\n   <p class=\"indent\">1. &quot;AI system&quot; means an artificial intelligence or machine learning-based or algorithmic technology designed to perform tasks that typically require human intelligence, including decision-making, prediction, or recommendation;</p>\n   <p class=\"indent\">2. &quot;Deployer&quot; means any public entity, private organization, or individual that implements AI systems for operational use;</p>\n   <p class=\"indent\">3. &quot;Risk classification&quot; means one of the following:</p>\n   <p class=\"indent\">a. Unacceptable Risk:</p>\n   <p class=\"indent\">(1) means AI applications incompatible with social values and fundamental rights,</p>\n   <p class=\"indent\">(2) includes social scoring, manipulative AI targeting vulnerable groups, and real-time biometric identification systems or may include any of the following:</p>\n   <p class=\"indent\">(a) deployment of AI systems for discriminatory lending practices or biased law enforcement profiling,</p>\n   <p class=\"indent\">(b) unauthorized use of biometric analysis tools for surveillance purposes in public and private spaces,</p>\n   <p class=\"indent\">(c) integration of AI into systems with unregulated access to sensitive government databases, or</p>\n   <p class=\"indent\">(d) AI-driven misinformation campaigns targeting elections, public health, or emergency response systems, and</p>\n   <p class=\"indent\">(3) AI systems under this category are prohibited from development, deployment, or use,</p>\n   <p class=\"indent\">b. High Risk:</p>\n   <p class=\"indent\">(1) means AI systems with significant potential to impact safety, civil liberties, or fundamental rights,</p>\n   <p class=\"indent\">(2) includes AI in health care, critical infrastructure, law enforcement, financial services, and public welfare, and</p>\n   <p class=\"indent\">(3) AI systems under this category are subject to rigorous pre-deployment risk assessments, independent audits, strict operational requirements, and ongoing real-time monitoring including mandatory human oversight by qualified overseers,</p>\n   <p class=\"indent\">c. Limited Risk:</p>\n   <p class=\"indent\">(1) means AI systems that pose moderate risks, such as manipulation or deceit, but not classified as high risk,</p>\n   <p class=\"indent\">(2) includes chatbots and content creation tools such as deepfake generators, and</p>\n   <p class=\"indent\">(3) AI systems under this category require providers to ensure transparency, informing users when they interact with AI systems or consume AI-generated content and requires basic safeguards to prevent manipulation, and</p>\n   <p class=\"indent\">d. Minimal Risk:</p>\n   <p class=\"indent\">(1) means AI systems with little to no risk to users,</p>\n   <p class=\"indent\">(2) Examples include most consumer-facing AI applications such as virtual assistants, and</p>\n   <p class=\"indent\">(3) AI systems under this category require minimal oversight, with adherence to basic data protection standards; and</p>\n   <p class=\"indent\">4. &quot;Qualified human overseer&quot; means a trained individual responsible for monitoring and validating high-risk AI system outputs, with authority to amend or override them when necessary.</p>\n   <p class=\"indent\">SECTION 3. NEW LAW A new section of law to be codified in the Oklahoma Statutes as Section 503 of Title 25, unless there is created a duplication in numbering, reads as follows:</p>\n   <p class=\"indent\">A. This act is applicable to all public sector agencies and private entities deploying artificial intelligence (AI) systems affecting individuals within this state.</p>\n   <p class=\"indent\">B. All AI systems shall comply with existing laws, including:</p>\n   <p class=\"indent\">1. Federal and state civil rights protections;</p>\n   <p class=\"indent\">2. Data protection laws and state privacy laws; and</p>\n   <p class=\"indent\">3. Consumer protection laws and regulations.</p>\n   <p class=\"indent\">SECTION 4. NEW LAW A new section of law to be codified in the Oklahoma Statutes as Section 504 of Title 25, unless there is created a duplication in numbering, reads as follows:</p>\n   <p class=\"indent\">A. Deployers must classify artificial intelligence (AI) systems into one of four risk categories outlined in Section 2 of this act before deployment.</p>\n   <p class=\"indent\">B. Deployers shall conduct assessments of AI systems to identify:</p>\n   <p class=\"indent\">1. Potential biases in training data;</p>\n   <p class=\"indent\">2. Risks to safety, civil liberties, and fundamental right; and</p>\n   <p class=\"indent\">3. Mitigation strategies for identified risks.</p>\n   <p class=\"indent\">C. High-risk AI systems must undergo ongoing performance evaluations, with documentation of findings and actions taken to address deficiencies.</p>\n   <p class=\"indent\">D. Qualified overseers must validate AI outputs before they are enacted and retain authority to override system recommendations.</p>\n   <p class=\"indent\">E. Deployers shall notify affected individuals when high-risk AI systems influence decisions about the individuals and provide avenues for appeal or human review.</p>\n   <p class=\"indent\">SECTION 5. NEW LAW A new section of law to be codified in the Oklahoma Statutes as Section 505 of Title 25, unless there is created a duplication in numbering, reads as follows:</p>\n   <p class=\"indent\">A. All deployers shall establish governance groups to oversee the classification, deployment, and monitoring of high-risk artificial intelligence (AI) systems.</p>\n   <p class=\"indent\">B. Deployers shall maintain the following:</p>\n   <p class=\"indent\">1. Updated inventories of deployed AI systems;</p>\n   <p class=\"indent\">2. Documentation on system design, intended use, and training data; and</p>\n   <p class=\"indent\">3. Records of audits, risk assessments, and oversight activities.</p>\n   <p class=\"indent\">C. High-risk AI systems must undergo annual independent audits to ensure compliance with legal and ethical standards.</p>\n   <p class=\"indent\">D. Deployers shall implement protocols to address identified deficiencies, including suspension or recalibration of systems.</p>\n   <p class=\"indent\">SECTION 6. NEW LAW A new section of law to be codified in the Oklahoma Statutes as Section 506 of Title 25, unless there is created a duplication in numbering, reads as follows:</p>\n   <p class=\"indent\">A. Deployers shall provide accessible channels for public and stakeholder feedback on the operation and impact of artificial intelligence (AI) systems.</p>\n   <p class=\"indent\">B. Aggregated feedback data must be included in an annual performance report made available by January 1 of each year to the Artificial Intelligence Council (AI Council), created in Section 8 of this act.</p>\n   <p class=\"indent\">C. The AI Council will analyze feedback and make annual recommendations to inform updates to state and industry-specific artificial intelligence and machine-learning regulations.</p>\n   <p class=\"indent\">SECTION 7. NEW LAW A new section of law to be codified in the Oklahoma Statutes as Section 507 of Title 25, unless there is created a duplication in numbering, reads as follows:</p>\n   <p class=\"indent\">A. Violations of this act may result in the Artificial Intelligence Council (AI Council) issuing any of the following:</p>\n   <p class=\"indent\">1. Financial penalties proportional to the severity of the infraction;</p>\n   <p class=\"indent\">2. Suspension or prohibition of noncompliant systems; and</p>\n   <p class=\"indent\">3 Mandatory external oversight until compliance is restored.</p>\n   <p class=\"indent\">B. Deployers shall publicly disclose noncompliance incidents and the corrective actions taken.</p>\n   <p class=\"indent\">SECTION 8. NEW LAW A new section of law to be codified in the Oklahoma Statutes as Section 508 of Title 25, unless there is created a duplication in numbering, reads as follows:</p>\n   <p class=\"indent\">A. There is hereby established the Artificial Intelligence Council (AI Council) which shall oversee the regulation, deployment, and ethical use of AI systems within this state.</p>\n   <p class=\"indent\">B. The AI Council shall be responsible for:</p>\n   <p class=\"indent\">1. Overseeing the AI Regulatory Sandbox Program to foster innovation while maintaining safety and accountability;</p>\n   <p class=\"indent\">2. Manage the AI Workforce Development Program, including administering grants to small businesses and educational institutions, with a focus on underserved communities;</p>\n   <p class=\"indent\">3. Develop and update guidelines for AI system classification, risk assessments, and ethical standards;</p>\n   <p class=\"indent\">4. Facilitate public and stakeholder engagement on AI policies and regulations; and</p>\n   <p class=\"indent\">5. Provide annual reports to the Legislature on the status of AI deployment, innovation, and workforce initiatives.</p>\n   <p class=\"indent\">C. The AI Council shall include nine (9) members:</p>\n   <p class=\"indent\">1. Three appointed by the Governor;</p>\n   <p class=\"indent\">2. Three appointed by the Speaker of the Oklahoma House of Representatives; and</p>\n   <p class=\"indent\">3. Three appointed by the President Tempore of the Oklahoma State Senate.</p>\n   <p class=\"indent\">D. Selected members shall come from one or more of the following backgrounds:</p>\n   <p class=\"indent\">1. Experts in artificial intelligence ethics, law, and technology;</p>\n   <p class=\"indent\">2. Representatives from public agencies and private industry; and</p>\n   <p class=\"indent\">3. Advocates for civil rights and underserved communities.</p>\n   <p class=\"indent\">SECTION 9. NEW LAW A new section of law to be codified in the Oklahoma Statutes as Section 509 of Title 25, unless there is created a duplication in numbering, reads as follows:</p>\n   <p class=\"indent\">A. The Artificial Intelligence Council (AI Council) shall develop the AI Regulatory Sandbox Program.</p>\n   <p class=\"indent\">B. The AI Regulatory Sandbox Program shall provide a controlled environment for deployers to test innovative AI systems while ensuring compliance with ethical and safety standards.</p>\n   <p class=\"indent\">C. The AI Council shall:</p>\n   <p class=\"indent\">1. Approve or deny applications for participation in the sandbox;</p>\n   <p class=\"indent\">2. Set limits and safeguards for testing activities; and</p>\n   <p class=\"indent\">3. Monitor and evaluate sandbox outcomes for compliance and potential risks.</p>\n   <p class=\"indent\">D. Applicants must demonstrate:</p>\n   <p class=\"indent\">1. The potential for societal benefit or economic development;</p>\n   <p class=\"indent\">2. Compliance with data privacy and security requirements; and</p>\n   <p class=\"indent\">3. Alignment with ethical principles set by the AI Council.</p>\n   <p class=\"indent\">E. Participants shall submit periodic progress reports and a final evaluation detailing the system&#39;s performance, risks identified, and mitigation measures taken.</p>\n   <p class=\"indent\">SECTION 10. NEW LAW A new section of law to be codified in the Oklahoma Statutes as Section 510 of Title 25, unless there is created a duplication in numbering, reads as follows:</p>\n   <p class=\"indent\">A. The Artificial Intelligence Council (AI Council) shall develop the Artificial Intelligence Workforce Development Program (AI Program), the purpose of which shall be to enhance AI-related workforce capabilities by focusing on small businesses and underserved communities, particularly rural and low-income areas.</p>\n   <p class=\"indent\">B. The AI Council shall:</p>\n   <p class=\"indent\">1. Develop grant criteria for small businesses and educational institutions; and</p>\n   <p class=\"indent\">2. Monitor program outcomes and report annually to the Legislature.</p>\n   <p class=\"indent\">C. Eligible applicants may include:</p>\n   <p class=\"indent\">1. Small businesses integrating AI systems to improve operations; and</p>\n   <p class=\"indent\">2. Educational institutions offering AI-related training or certification programs targeting underserved populations.</p>\n   <p class=\"indent\">D. The program shall prioritize:</p>\n   <p class=\"indent\">1. Rural outreach programs to introduce AI literacy and training;</p>\n   <p class=\"indent\">2. Partnerships with local schools to create STEM pathways focused on AI; and</p>\n   <p class=\"indent\">3. Affordable training opportunities for individuals from low-income backgrounds.</p>\n   <p class=\"indent\">SECTION 11. NEW LAW A new section of law to be codified in the Oklahoma Statutes as Section 511 of Title 25, unless there is created a duplication in numbering, reads as follows:</p>\n   <p class=\"indent\">The Artificial Intelligence Council (AI Council) shall have the authority to establish rules to enforce this act.</p>\n   <p class=\"indent\">SECTION 12. This act shall become effective November 1, 2025.</p>\n  </div>\n </div>\n    </div>\t\n<table cellpadding=0 cellspacing=0 width=\"100%\">\n   <tr>\n      <td>\n          Copyright &copy; 2025 State Net\n      </td>\n<BR>\n<!--???MOVED INTO resources.cgi      <td align=\"right\">\n          <img src=\"https://custom.statenet.com/network/poweredby.gif\" alt=\"Powered by State Net\">\n      </td>-->\n\n    </tr>\n</table>\n</body></html>\n",
      "markdown": "The following has special meaning: _green underline denotes added text_ ~~red struck out text denotes deleted text~~ | [![Powered by State Net](https://custom.statenet.com/network/poweredby.gif)](https://www.lexisnexis.com/statenet/)  \n---|---  \n  \n2025 OK H 1916 | | Author: | Alonso  \n---|---  \nVersion: | Prefiled  \nVersion Date: | 01/16/2025  \n  \nSTATE OF OKLAHOMA\n\n1st Session of the 60th Legislature (2025)\n\nHOUSE BILL 1916\n\nBy: Alonso-Sandoval\n\nAS INTRODUCED\n\nAn Act relating to artificial intelligence; creating the Responsible\nDeployment of AI Systems Act; providing definitions; clarifying applicability\nof act; directing for AI systems to comply with existing laws; requiring\ndeployers to classify AI systems; requiring deployers conduct assessments of\nAI systems; requiring certain evaluations and documentation of high-risk AI\nsystems; requiring qualified overseers; directing deployers to notify\nindividuals when high-risk AI system influences certain decisions; directing\ndeployers to establish governance groups; requiring deployers to maintain\ncertain information; directing for annual independent audits of high-risk AI\nsystems; requiring implementation of protocols; requiring accessible feedback\nchannels; requiring annual performance report; directing the AI Council to\nanalyze feedback and make annual recommendations; providing for penalties;\nrequiring deployers to publicly disclose noncompliance incidents; establishing\nthe Artificial Intelligence Council; providing responsibilities; providing\nmembership; directing for members to come from certain backgrounds; directing\nthe AI Council to develop the AI Regulatory Sandbox Program; providing\ndescription of the AI Regulatory Sandbox Program; directing the AI Council to\ndevelop the Artificial Intelligence Workforce Development Program; clarifying\neligible applicants; clarifying priorities; granting rulemaking authority to\nthe AI Council; providing for codification; and providing an effective date.\n\nBE IT ENACTED BY THE PEOPLE OF THE STATE OF OKLAHOMA:\n\nSECTION 1. NEW LAW A new section of law to be codified in the Oklahoma\nStatutes as Section 501 of Title 25, unless there is created a duplication in\nnumbering, reads as follows:\n\nThis act shall be known and may be cited as the \"Responsible Deployment of AI\nSystems Act\".\n\nSECTION 2. NEW LAW A new section of law to be codified in the Oklahoma\nStatutes as Section 502 of Title 25, unless there is created a duplication in\nnumbering, reads as follows:\n\nAs used in this act:\n\n1\\. \"AI system\" means an artificial intelligence or machine learning-based or\nalgorithmic technology designed to perform tasks that typically require human\nintelligence, including decision-making, prediction, or recommendation;\n\n2\\. \"Deployer\" means any public entity, private organization, or individual\nthat implements AI systems for operational use;\n\n3\\. \"Risk classification\" means one of the following:\n\na. Unacceptable Risk:\n\n(1) means AI applications incompatible with social values and fundamental\nrights,\n\n(2) includes social scoring, manipulative AI targeting vulnerable groups, and\nreal-time biometric identification systems or may include any of the\nfollowing:\n\n(a) deployment of AI systems for discriminatory lending practices or biased\nlaw enforcement profiling,\n\n(b) unauthorized use of biometric analysis tools for surveillance purposes in\npublic and private spaces,\n\n(c) integration of AI into systems with unregulated access to sensitive\ngovernment databases, or\n\n(d) AI-driven misinformation campaigns targeting elections, public health, or\nemergency response systems, and\n\n(3) AI systems under this category are prohibited from development,\ndeployment, or use,\n\nb. High Risk:\n\n(1) means AI systems with significant potential to impact safety, civil\nliberties, or fundamental rights,\n\n(2) includes AI in health care, critical infrastructure, law enforcement,\nfinancial services, and public welfare, and\n\n(3) AI systems under this category are subject to rigorous pre-deployment risk\nassessments, independent audits, strict operational requirements, and ongoing\nreal-time monitoring including mandatory human oversight by qualified\noverseers,\n\nc. Limited Risk:\n\n(1) means AI systems that pose moderate risks, such as manipulation or deceit,\nbut not classified as high risk,\n\n(2) includes chatbots and content creation tools such as deepfake generators,\nand\n\n(3) AI systems under this category require providers to ensure transparency,\ninforming users when they interact with AI systems or consume AI-generated\ncontent and requires basic safeguards to prevent manipulation, and\n\nd. Minimal Risk:\n\n(1) means AI systems with little to no risk to users,\n\n(2) Examples include most consumer-facing AI applications such as virtual\nassistants, and\n\n(3) AI systems under this category require minimal oversight, with adherence\nto basic data protection standards; and\n\n4\\. \"Qualified human overseer\" means a trained individual responsible for\nmonitoring and validating high-risk AI system outputs, with authority to amend\nor override them when necessary.\n\nSECTION 3. NEW LAW A new section of law to be codified in the Oklahoma\nStatutes as Section 503 of Title 25, unless there is created a duplication in\nnumbering, reads as follows:\n\nA. This act is applicable to all public sector agencies and private entities\ndeploying artificial intelligence (AI) systems affecting individuals within\nthis state.\n\nB. All AI systems shall comply with existing laws, including:\n\n1\\. Federal and state civil rights protections;\n\n2\\. Data protection laws and state privacy laws; and\n\n3\\. Consumer protection laws and regulations.\n\nSECTION 4. NEW LAW A new section of law to be codified in the Oklahoma\nStatutes as Section 504 of Title 25, unless there is created a duplication in\nnumbering, reads as follows:\n\nA. Deployers must classify artificial intelligence (AI) systems into one of\nfour risk categories outlined in Section 2 of this act before deployment.\n\nB. Deployers shall conduct assessments of AI systems to identify:\n\n1\\. Potential biases in training data;\n\n2\\. Risks to safety, civil liberties, and fundamental right; and\n\n3\\. Mitigation strategies for identified risks.\n\nC. High-risk AI systems must undergo ongoing performance evaluations, with\ndocumentation of findings and actions taken to address deficiencies.\n\nD. Qualified overseers must validate AI outputs before they are enacted and\nretain authority to override system recommendations.\n\nE. Deployers shall notify affected individuals when high-risk AI systems\ninfluence decisions about the individuals and provide avenues for appeal or\nhuman review.\n\nSECTION 5. NEW LAW A new section of law to be codified in the Oklahoma\nStatutes as Section 505 of Title 25, unless there is created a duplication in\nnumbering, reads as follows:\n\nA. All deployers shall establish governance groups to oversee the\nclassification, deployment, and monitoring of high-risk artificial\nintelligence (AI) systems.\n\nB. Deployers shall maintain the following:\n\n1\\. Updated inventories of deployed AI systems;\n\n2\\. Documentation on system design, intended use, and training data; and\n\n3\\. Records of audits, risk assessments, and oversight activities.\n\nC. High-risk AI systems must undergo annual independent audits to ensure\ncompliance with legal and ethical standards.\n\nD. Deployers shall implement protocols to address identified deficiencies,\nincluding suspension or recalibration of systems.\n\nSECTION 6. NEW LAW A new section of law to be codified in the Oklahoma\nStatutes as Section 506 of Title 25, unless there is created a duplication in\nnumbering, reads as follows:\n\nA. Deployers shall provide accessible channels for public and stakeholder\nfeedback on the operation and impact of artificial intelligence (AI) systems.\n\nB. Aggregated feedback data must be included in an annual performance report\nmade available by January 1 of each year to the Artificial Intelligence\nCouncil (AI Council), created in Section 8 of this act.\n\nC. The AI Council will analyze feedback and make annual recommendations to\ninform updates to state and industry-specific artificial intelligence and\nmachine-learning regulations.\n\nSECTION 7. NEW LAW A new section of law to be codified in the Oklahoma\nStatutes as Section 507 of Title 25, unless there is created a duplication in\nnumbering, reads as follows:\n\nA. Violations of this act may result in the Artificial Intelligence Council\n(AI Council) issuing any of the following:\n\n1\\. Financial penalties proportional to the severity of the infraction;\n\n2\\. Suspension or prohibition of noncompliant systems; and\n\n3 Mandatory external oversight until compliance is restored.\n\nB. Deployers shall publicly disclose noncompliance incidents and the\ncorrective actions taken.\n\nSECTION 8. NEW LAW A new section of law to be codified in the Oklahoma\nStatutes as Section 508 of Title 25, unless there is created a duplication in\nnumbering, reads as follows:\n\nA. There is hereby established the Artificial Intelligence Council (AI\nCouncil) which shall oversee the regulation, deployment, and ethical use of AI\nsystems within this state.\n\nB. The AI Council shall be responsible for:\n\n1\\. Overseeing the AI Regulatory Sandbox Program to foster innovation while\nmaintaining safety and accountability;\n\n2\\. Manage the AI Workforce Development Program, including administering\ngrants to small businesses and educational institutions, with a focus on\nunderserved communities;\n\n3\\. Develop and update guidelines for AI system classification, risk\nassessments, and ethical standards;\n\n4\\. Facilitate public and stakeholder engagement on AI policies and\nregulations; and\n\n5\\. Provide annual reports to the Legislature on the status of AI deployment,\ninnovation, and workforce initiatives.\n\nC. The AI Council shall include nine (9) members:\n\n1\\. Three appointed by the Governor;\n\n2\\. Three appointed by the Speaker of the Oklahoma House of Representatives;\nand\n\n3\\. Three appointed by the President Tempore of the Oklahoma State Senate.\n\nD. Selected members shall come from one or more of the following backgrounds:\n\n1\\. Experts in artificial intelligence ethics, law, and technology;\n\n2\\. Representatives from public agencies and private industry; and\n\n3\\. Advocates for civil rights and underserved communities.\n\nSECTION 9. NEW LAW A new section of law to be codified in the Oklahoma\nStatutes as Section 509 of Title 25, unless there is created a duplication in\nnumbering, reads as follows:\n\nA. The Artificial Intelligence Council (AI Council) shall develop the AI\nRegulatory Sandbox Program.\n\nB. The AI Regulatory Sandbox Program shall provide a controlled environment\nfor deployers to test innovative AI systems while ensuring compliance with\nethical and safety standards.\n\nC. The AI Council shall:\n\n1\\. Approve or deny applications for participation in the sandbox;\n\n2\\. Set limits and safeguards for testing activities; and\n\n3\\. Monitor and evaluate sandbox outcomes for compliance and potential risks.\n\nD. Applicants must demonstrate:\n\n1\\. The potential for societal benefit or economic development;\n\n2\\. Compliance with data privacy and security requirements; and\n\n3\\. Alignment with ethical principles set by the AI Council.\n\nE. Participants shall submit periodic progress reports and a final evaluation\ndetailing the system's performance, risks identified, and mitigation measures\ntaken.\n\nSECTION 10. NEW LAW A new section of law to be codified in the Oklahoma\nStatutes as Section 510 of Title 25, unless there is created a duplication in\nnumbering, reads as follows:\n\nA. The Artificial Intelligence Council (AI Council) shall develop the\nArtificial Intelligence Workforce Development Program (AI Program), the\npurpose of which shall be to enhance AI-related workforce capabilities by\nfocusing on small businesses and underserved communities, particularly rural\nand low-income areas.\n\nB. The AI Council shall:\n\n1\\. Develop grant criteria for small businesses and educational institutions;\nand\n\n2\\. Monitor program outcomes and report annually to the Legislature.\n\nC. Eligible applicants may include:\n\n1\\. Small businesses integrating AI systems to improve operations; and\n\n2\\. Educational institutions offering AI-related training or certification\nprograms targeting underserved populations.\n\nD. The program shall prioritize:\n\n1\\. Rural outreach programs to introduce AI literacy and training;\n\n2\\. Partnerships with local schools to create STEM pathways focused on AI; and\n\n3\\. Affordable training opportunities for individuals from low-income\nbackgrounds.\n\nSECTION 11. NEW LAW A new section of law to be codified in the Oklahoma\nStatutes as Section 511 of Title 25, unless there is created a duplication in\nnumbering, reads as follows:\n\nThe Artificial Intelligence Council (AI Council) shall have the authority to\nestablish rules to enforce this act.\n\nSECTION 12. This act shall become effective November 1, 2025.\n\nCopyright (C) 2025 State Net  \n  \n---\n\n",
      "latest_version": false
    },
    {
      "date": "02/03/2025",
      "label": "Introduced",
      "url": "https://custom.statenet.com/public/resources.cgi?mode=show_text&id=ID:bill:OK2025000H1916&verid=OK2025000H1916_20250203_0_I&",
      "raw_html": "<html>\n<head>\n<title>Bill Resource</title>\n\n<!--   <link href=\"https://custom.statenet.com/network/Common/css/extregtext.css\" rel=\"stylesheet\" type=\"text/css\" />-->\n   <link href=\"https://custom.statenet.com/network/Common/css/xmltext-2.0.css\" rel=\"stylesheet\" type=\"text/css\" />\n   <link href=\"https://custom.statenet.com/network/Common/css/additional-text.css\" rel=\"stylesheet\" type=\"text/css\" />\n\n\t<style type=\"text/css\">\n<!--\n\ntd, body {\n     background-color: white;\n\tfont-family: Verdana, Arial, Helvetica, sans-serif;\n\tfont-size: 12px;\n}\n\n.resourceContainer {\n   border: 1px solid black;\n}\n-->\n</style>\n</head>\n<body>\n\n    <div style=\"width: 750px; margin: auto\">\n       <div style=\"font-size: .8em;margin-bottom: 10px\"><table width=\"100%\"><tr><td align=\"left\" style=\"font-size: .8em;\"><div>The following has special meaning:</div>\n<div><u class=\"amendmentInsertedText\">green underline denotes added text</u></div>\n<div><strike class=\"amendmentDeletedText\">red struck out text denotes deleted text</strike></div></td> <td align=\"right\"><a href=\"https://www.lexisnexis.com/statenet/\"><img alt=\"Powered by State Net\" src=\"https://custom.statenet.com/network/poweredby.gif\" /></a></td></tr></table></div><table id=\"text-identifier\"><tr><td class=\"key\">2025 OK H 1916</td> <td><table><tr><td class=\"label\">Author:</td> <td>Alonso</td></tr> <tr><td class=\"label\">Version:</td> <td>Introduced</td></tr> <tr><td class=\"label\">Version Date:</td> <td>02/03/2025</td></tr></table></td></tr></table><div class=\"documentBody\">\n  <a name=\"head_document_section\"></a><div class=\"head\">\n   <p class=\"center\">STATE OF OKLAHOMA</p>\n   <p class=\"center\">1st Session of the 60th Legislature (2025)</p>\n   <p class=\"center\">HOUSE BILL 1916 </p>\n   <p class=\"center\">By: Alonso-Sandoval</p>\n   <p class=\"center\">AS INTRODUCED</p>\n  </div>\n  <a name=\"code_document_section\"></a><div class=\"code\">\n   <p class=\"left\">An Act relating to artificial intelligence; creating the Responsible Deployment of AI Systems Act; providing definitions; clarifying applicability of act; directing for AI systems to comply with existing laws; requiring deployers to classify AI systems; requiring deployers conduct assessments of AI systems; requiring certain evaluations and documentation of high-risk AI systems; requiring qualified overseers; directing deployers to notify individuals when high-risk AI system influences certain decisions; directing deployers to establish governance groups; requiring deployers to maintain certain information; directing for annual independent audits of high-risk AI systems; requiring implementation of protocols; requiring accessible feedback channels; requiring annual performance report; directing the AI Council to analyze feedback and make annual recommendations; providing for penalties; requiring deployers to publicly disclose noncompliance incidents; establishing the Artificial Intelligence Council; providing responsibilities; providing membership; directing for members to come from certain backgrounds; directing the AI Council to develop the AI Regulatory Sandbox Program; providing description of the AI Regulatory Sandbox Program; directing the AI Council to develop the Artificial Intelligence Workforce Development Program; clarifying eligible applicants; clarifying priorities; granting rulemaking authority to the AI Council; providing for codification; and providing an effective date.</p>\n  </div>\n  <a name=\"text_document_section\"></a><div class=\"text\">\n   <span>\n    <p class=\"indent\">BE IT ENACTED BY THE PEOPLE OF THE STATE OF OKLAHOMA:</p>\n   </span>\n   <p class=\"indent\">SECTION 1. NEW LAW A new section of law to be codified in the Oklahoma Statutes as Section 501 of Title 25, unless there is created a duplication in numbering, reads as follows:</p>\n   <p class=\"indent\">This act shall be known and may be cited as the &quot;Responsible Deployment of AI Systems Act&quot;.</p>\n   <p class=\"indent\">SECTION 2. NEW LAW A new section of law to be codified in the Oklahoma Statutes as Section 502 of Title 25, unless there is created a duplication in numbering, reads as follows:</p>\n   <p class=\"indent\">As used in this act:</p>\n   <p class=\"indent\">1. &quot;AI system&quot; means an artificial intelligence or machine learning-based or algorithmic technology designed to perform tasks that typically require human intelligence, including decision-making, prediction, or recommendation;</p>\n   <p class=\"indent\">2. &quot;Deployer&quot; means any public entity, private organization, or individual that implements AI systems for operational use;</p>\n   <p class=\"indent\">3. &quot;Risk classification&quot; means one of the following:</p>\n   <p class=\"indent\">a. Unacceptable Risk:</p>\n   <p class=\"indent\">(1) means AI applications incompatible with social values and fundamental rights,</p>\n   <p class=\"indent\">(2) includes social scoring, manipulative AI targeting vulnerable groups, and real-time biometric identification systems or may include any of the following:</p>\n   <p class=\"indent\">(a) deployment of AI systems for discriminatory lending practices or biased law enforcement profiling,</p>\n   <p class=\"indent\">(b) unauthorized use of biometric analysis tools for surveillance purposes in public and private spaces,</p>\n   <p class=\"indent\">(c) integration of AI into systems with unregulated access to sensitive government databases, or</p>\n   <p class=\"indent\">(d) AI-driven misinformation campaigns targeting elections, public health, or emergency response systems, and</p>\n   <p class=\"indent\">(3) AI systems under this category are prohibited from development, deployment, or use,</p>\n   <p class=\"indent\">b. High Risk:</p>\n   <p class=\"indent\">(1) means AI systems with significant potential to impact safety, civil liberties, or fundamental rights,</p>\n   <p class=\"indent\">(2) includes AI in health care, critical infrastructure, law enforcement, financial services, and public welfare, and</p>\n   <p class=\"indent\">(3) AI systems under this category are subject to rigorous pre-deployment risk assessments, independent audits, strict operational requirements, and ongoing real-time monitoring including mandatory human oversight by qualified overseers,</p>\n   <p class=\"indent\">c. Limited Risk:</p>\n   <p class=\"indent\">(1) means AI systems that pose moderate risks, such as manipulation or deceit, but not classified as high risk,</p>\n   <p class=\"indent\">(2) includes chatbots and content creation tools such as deepfake generators, and</p>\n   <p class=\"indent\">(3) AI systems under this category require providers to ensure transparency, informing users when they interact with AI systems or consume AI-generated content and requires basic safeguards to prevent manipulation, and</p>\n   <p class=\"indent\">d. Minimal Risk:</p>\n   <p class=\"indent\">(1) means AI systems with little to no risk to users,</p>\n   <p class=\"indent\">(2) Examples include most consumer-facing AI applications such as virtual assistants, and</p>\n   <p class=\"indent\">(3) AI systems under this category require minimal oversight, with adherence to basic data protection standards; and</p>\n   <p class=\"indent\">4. &quot;Qualified human overseer&quot; means a trained individual responsible for monitoring and validating high-risk AI system outputs, with authority to amend or override them when necessary.</p>\n   <p class=\"indent\">SECTION 3. NEW LAW A new section of law to be codified in the Oklahoma Statutes as Section 503 of Title 25, unless there is created a duplication in numbering, reads as follows:</p>\n   <p class=\"indent\">A. This act is applicable to all public sector agencies and private entities deploying artificial intelligence (AI) systems affecting individuals within this state.</p>\n   <p class=\"indent\">B. All AI systems shall comply with existing laws, including:</p>\n   <p class=\"indent\">1. Federal and state civil rights protections;</p>\n   <p class=\"indent\">2. Data protection laws and state privacy laws; and</p>\n   <p class=\"indent\">3. Consumer protection laws and regulations.</p>\n   <p class=\"indent\">SECTION 4. NEW LAW A new section of law to be codified in the Oklahoma Statutes as Section 504 of Title 25, unless there is created a duplication in numbering, reads as follows:</p>\n   <p class=\"indent\">A. Deployers must classify artificial intelligence (AI) systems into one of four risk categories outlined in Section 2 of this act before deployment.</p>\n   <p class=\"indent\">B. Deployers shall conduct assessments of AI systems to identify:</p>\n   <p class=\"indent\">1. Potential biases in training data;</p>\n   <p class=\"indent\">2. Risks to safety, civil liberties, and fundamental right; and</p>\n   <p class=\"indent\">3. Mitigation strategies for identified risks.</p>\n   <p class=\"indent\">C. High-risk AI systems must undergo ongoing performance evaluations, with documentation of findings and actions taken to address deficiencies.</p>\n   <p class=\"indent\">D. Qualified overseers must validate AI outputs before they are enacted and retain authority to override system recommendations.</p>\n   <p class=\"indent\">E. Deployers shall notify affected individuals when high-risk AI systems influence decisions about the individuals and provide avenues for appeal or human review.</p>\n   <p class=\"indent\">SECTION 5. NEW LAW A new section of law to be codified in the Oklahoma Statutes as Section 505 of Title 25, unless there is created a duplication in numbering, reads as follows:</p>\n   <p class=\"indent\">A. All deployers shall establish governance groups to oversee the classification, deployment, and monitoring of high-risk artificial intelligence (AI) systems.</p>\n   <p class=\"indent\">B. Deployers shall maintain the following:</p>\n   <p class=\"indent\">1. Updated inventories of deployed AI systems;</p>\n   <p class=\"indent\">2. Documentation on system design, intended use, and training data; and</p>\n   <p class=\"indent\">3. Records of audits, risk assessments, and oversight activities.</p>\n   <p class=\"indent\">C. High-risk AI systems must undergo annual independent audits to ensure compliance with legal and ethical standards.</p>\n   <p class=\"indent\">D. Deployers shall implement protocols to address identified deficiencies, including suspension or recalibration of systems.</p>\n   <p class=\"indent\">SECTION 6. NEW LAW A new section of law to be codified in the Oklahoma Statutes as Section 506 of Title 25, unless there is created a duplication in numbering, reads as follows:</p>\n   <p class=\"indent\">A. Deployers shall provide accessible channels for public and stakeholder feedback on the operation and impact of artificial intelligence (AI) systems.</p>\n   <p class=\"indent\">B. Aggregated feedback data must be included in an annual performance report made available by January 1 of each year to the Artificial Intelligence Council (AI Council), created in Section 8 of this act.</p>\n   <p class=\"indent\">C. The AI Council will analyze feedback and make annual recommendations to inform updates to state and industry-specific artificial intelligence and machine-learning regulations.</p>\n   <p class=\"indent\">SECTION 7. NEW LAW A new section of law to be codified in the Oklahoma Statutes as Section 507 of Title 25, unless there is created a duplication in numbering, reads as follows:</p>\n   <p class=\"indent\">A. Violations of this act may result in the Artificial Intelligence Council (AI Council) issuing any of the following:</p>\n   <p class=\"indent\">1. Financial penalties proportional to the severity of the infraction;</p>\n   <p class=\"indent\">2. Suspension or prohibition of noncompliant systems; and</p>\n   <p class=\"indent\">3 Mandatory external oversight until compliance is restored.</p>\n   <p class=\"indent\">B. Deployers shall publicly disclose noncompliance incidents and the corrective actions taken.</p>\n   <p class=\"indent\">SECTION 8. NEW LAW A new section of law to be codified in the Oklahoma Statutes as Section 508 of Title 25, unless there is created a duplication in numbering, reads as follows:</p>\n   <p class=\"indent\">A. There is hereby established the Artificial Intelligence Council (AI Council) which shall oversee the regulation, deployment, and ethical use of AI systems within this state.</p>\n   <p class=\"indent\">B. The AI Council shall be responsible for:</p>\n   <p class=\"indent\">1. Overseeing the AI Regulatory Sandbox Program to foster innovation while maintaining safety and accountability;</p>\n   <p class=\"indent\">2. Manage the AI Workforce Development Program, including administering grants to small businesses and educational institutions, with a focus on underserved communities;</p>\n   <p class=\"indent\">3. Develop and update guidelines for AI system classification, risk assessments, and ethical standards;</p>\n   <p class=\"indent\">4. Facilitate public and stakeholder engagement on AI policies and regulations; and</p>\n   <p class=\"indent\">5. Provide annual reports to the Legislature on the status of AI deployment, innovation, and workforce initiatives.</p>\n   <p class=\"indent\">C. The AI Council shall include nine (9) members:</p>\n   <p class=\"indent\">1. Three appointed by the Governor;</p>\n   <p class=\"indent\">2. Three appointed by the Speaker of the Oklahoma House of Representatives; and</p>\n   <p class=\"indent\">3. Three appointed by the President Tempore of the Oklahoma State Senate.</p>\n   <p class=\"indent\">D. Selected members shall come from one or more of the following backgrounds:</p>\n   <p class=\"indent\">1. Experts in artificial intelligence ethics, law, and technology;</p>\n   <p class=\"indent\">2. Representatives from public agencies and private industry; and</p>\n   <p class=\"indent\">3. Advocates for civil rights and underserved communities.</p>\n   <p class=\"indent\">SECTION 9. NEW LAW A new section of law to be codified in the Oklahoma Statutes as Section 509 of Title 25, unless there is created a duplication in numbering, reads as follows:</p>\n   <p class=\"indent\">A. The Artificial Intelligence Council (AI Council) shall develop the AI Regulatory Sandbox Program.</p>\n   <p class=\"indent\">B. The AI Regulatory Sandbox Program shall provide a controlled environment for deployers to test innovative AI systems while ensuring compliance with ethical and safety standards.</p>\n   <p class=\"indent\">C. The AI Council shall:</p>\n   <p class=\"indent\">1. Approve or deny applications for participation in the sandbox;</p>\n   <p class=\"indent\">2. Set limits and safeguards for testing activities; and</p>\n   <p class=\"indent\">3. Monitor and evaluate sandbox outcomes for compliance and potential risks.</p>\n   <p class=\"indent\">D. Applicants must demonstrate:</p>\n   <p class=\"indent\">1. The potential for societal benefit or economic development;</p>\n   <p class=\"indent\">2. Compliance with data privacy and security requirements; and</p>\n   <p class=\"indent\">3. Alignment with ethical principles set by the AI Council.</p>\n   <p class=\"indent\">E. Participants shall submit periodic progress reports and a final evaluation detailing the system&#39;s performance, risks identified, and mitigation measures taken.</p>\n   <p class=\"indent\">SECTION 10. NEW LAW A new section of law to be codified in the Oklahoma Statutes as Section 510 of Title 25, unless there is created a duplication in numbering, reads as follows:</p>\n   <p class=\"indent\">A. The Artificial Intelligence Council (AI Council) shall develop the Artificial Intelligence Workforce Development Program (AI Program), the purpose of which shall be to enhance AI-related workforce capabilities by focusing on small businesses and underserved communities, particularly rural and low-income areas.</p>\n   <p class=\"indent\">B. The AI Council shall:</p>\n   <p class=\"indent\">1. Develop grant criteria for small businesses and educational institutions; and</p>\n   <p class=\"indent\">2. Monitor program outcomes and report annually to the Legislature.</p>\n   <p class=\"indent\">C. Eligible applicants may include:</p>\n   <p class=\"indent\">1. Small businesses integrating AI systems to improve operations; and</p>\n   <p class=\"indent\">2. Educational institutions offering AI-related training or certification programs targeting underserved populations.</p>\n   <p class=\"indent\">D. The program shall prioritize:</p>\n   <p class=\"indent\">1. Rural outreach programs to introduce AI literacy and training;</p>\n   <p class=\"indent\">2. Partnerships with local schools to create STEM pathways focused on AI; and</p>\n   <p class=\"indent\">3. Affordable training opportunities for individuals from low-income backgrounds.</p>\n   <p class=\"indent\">SECTION 11. NEW LAW A new section of law to be codified in the Oklahoma Statutes as Section 511 of Title 25, unless there is created a duplication in numbering, reads as follows:</p>\n   <p class=\"indent\">The Artificial Intelligence Council (AI Council) shall have the authority to establish rules to enforce this act.</p>\n   <p class=\"indent\">SECTION 12. This act shall become effective November 1, 2025.</p>\n  </div>\n </div>\n    </div>\t\n<table cellpadding=0 cellspacing=0 width=\"100%\">\n   <tr>\n      <td>\n          Copyright &copy; 2025 State Net\n      </td>\n<BR>\n<!--???MOVED INTO resources.cgi      <td align=\"right\">\n          <img src=\"https://custom.statenet.com/network/poweredby.gif\" alt=\"Powered by State Net\">\n      </td>-->\n\n    </tr>\n</table>\n</body></html>\n",
      "markdown": "The following has special meaning: _green underline denotes added text_ ~~red struck out text denotes deleted text~~ | [![Powered by State Net](https://custom.statenet.com/network/poweredby.gif)](https://www.lexisnexis.com/statenet/)  \n---|---  \n  \n2025 OK H 1916 | | Author: | Alonso  \n---|---  \nVersion: | Introduced  \nVersion Date: | 02/03/2025  \n  \nSTATE OF OKLAHOMA\n\n1st Session of the 60th Legislature (2025)\n\nHOUSE BILL 1916\n\nBy: Alonso-Sandoval\n\nAS INTRODUCED\n\nAn Act relating to artificial intelligence; creating the Responsible\nDeployment of AI Systems Act; providing definitions; clarifying applicability\nof act; directing for AI systems to comply with existing laws; requiring\ndeployers to classify AI systems; requiring deployers conduct assessments of\nAI systems; requiring certain evaluations and documentation of high-risk AI\nsystems; requiring qualified overseers; directing deployers to notify\nindividuals when high-risk AI system influences certain decisions; directing\ndeployers to establish governance groups; requiring deployers to maintain\ncertain information; directing for annual independent audits of high-risk AI\nsystems; requiring implementation of protocols; requiring accessible feedback\nchannels; requiring annual performance report; directing the AI Council to\nanalyze feedback and make annual recommendations; providing for penalties;\nrequiring deployers to publicly disclose noncompliance incidents; establishing\nthe Artificial Intelligence Council; providing responsibilities; providing\nmembership; directing for members to come from certain backgrounds; directing\nthe AI Council to develop the AI Regulatory Sandbox Program; providing\ndescription of the AI Regulatory Sandbox Program; directing the AI Council to\ndevelop the Artificial Intelligence Workforce Development Program; clarifying\neligible applicants; clarifying priorities; granting rulemaking authority to\nthe AI Council; providing for codification; and providing an effective date.\n\nBE IT ENACTED BY THE PEOPLE OF THE STATE OF OKLAHOMA:\n\nSECTION 1. NEW LAW A new section of law to be codified in the Oklahoma\nStatutes as Section 501 of Title 25, unless there is created a duplication in\nnumbering, reads as follows:\n\nThis act shall be known and may be cited as the \"Responsible Deployment of AI\nSystems Act\".\n\nSECTION 2. NEW LAW A new section of law to be codified in the Oklahoma\nStatutes as Section 502 of Title 25, unless there is created a duplication in\nnumbering, reads as follows:\n\nAs used in this act:\n\n1\\. \"AI system\" means an artificial intelligence or machine learning-based or\nalgorithmic technology designed to perform tasks that typically require human\nintelligence, including decision-making, prediction, or recommendation;\n\n2\\. \"Deployer\" means any public entity, private organization, or individual\nthat implements AI systems for operational use;\n\n3\\. \"Risk classification\" means one of the following:\n\na. Unacceptable Risk:\n\n(1) means AI applications incompatible with social values and fundamental\nrights,\n\n(2) includes social scoring, manipulative AI targeting vulnerable groups, and\nreal-time biometric identification systems or may include any of the\nfollowing:\n\n(a) deployment of AI systems for discriminatory lending practices or biased\nlaw enforcement profiling,\n\n(b) unauthorized use of biometric analysis tools for surveillance purposes in\npublic and private spaces,\n\n(c) integration of AI into systems with unregulated access to sensitive\ngovernment databases, or\n\n(d) AI-driven misinformation campaigns targeting elections, public health, or\nemergency response systems, and\n\n(3) AI systems under this category are prohibited from development,\ndeployment, or use,\n\nb. High Risk:\n\n(1) means AI systems with significant potential to impact safety, civil\nliberties, or fundamental rights,\n\n(2) includes AI in health care, critical infrastructure, law enforcement,\nfinancial services, and public welfare, and\n\n(3) AI systems under this category are subject to rigorous pre-deployment risk\nassessments, independent audits, strict operational requirements, and ongoing\nreal-time monitoring including mandatory human oversight by qualified\noverseers,\n\nc. Limited Risk:\n\n(1) means AI systems that pose moderate risks, such as manipulation or deceit,\nbut not classified as high risk,\n\n(2) includes chatbots and content creation tools such as deepfake generators,\nand\n\n(3) AI systems under this category require providers to ensure transparency,\ninforming users when they interact with AI systems or consume AI-generated\ncontent and requires basic safeguards to prevent manipulation, and\n\nd. Minimal Risk:\n\n(1) means AI systems with little to no risk to users,\n\n(2) Examples include most consumer-facing AI applications such as virtual\nassistants, and\n\n(3) AI systems under this category require minimal oversight, with adherence\nto basic data protection standards; and\n\n4\\. \"Qualified human overseer\" means a trained individual responsible for\nmonitoring and validating high-risk AI system outputs, with authority to amend\nor override them when necessary.\n\nSECTION 3. NEW LAW A new section of law to be codified in the Oklahoma\nStatutes as Section 503 of Title 25, unless there is created a duplication in\nnumbering, reads as follows:\n\nA. This act is applicable to all public sector agencies and private entities\ndeploying artificial intelligence (AI) systems affecting individuals within\nthis state.\n\nB. All AI systems shall comply with existing laws, including:\n\n1\\. Federal and state civil rights protections;\n\n2\\. Data protection laws and state privacy laws; and\n\n3\\. Consumer protection laws and regulations.\n\nSECTION 4. NEW LAW A new section of law to be codified in the Oklahoma\nStatutes as Section 504 of Title 25, unless there is created a duplication in\nnumbering, reads as follows:\n\nA. Deployers must classify artificial intelligence (AI) systems into one of\nfour risk categories outlined in Section 2 of this act before deployment.\n\nB. Deployers shall conduct assessments of AI systems to identify:\n\n1\\. Potential biases in training data;\n\n2\\. Risks to safety, civil liberties, and fundamental right; and\n\n3\\. Mitigation strategies for identified risks.\n\nC. High-risk AI systems must undergo ongoing performance evaluations, with\ndocumentation of findings and actions taken to address deficiencies.\n\nD. Qualified overseers must validate AI outputs before they are enacted and\nretain authority to override system recommendations.\n\nE. Deployers shall notify affected individuals when high-risk AI systems\ninfluence decisions about the individuals and provide avenues for appeal or\nhuman review.\n\nSECTION 5. NEW LAW A new section of law to be codified in the Oklahoma\nStatutes as Section 505 of Title 25, unless there is created a duplication in\nnumbering, reads as follows:\n\nA. All deployers shall establish governance groups to oversee the\nclassification, deployment, and monitoring of high-risk artificial\nintelligence (AI) systems.\n\nB. Deployers shall maintain the following:\n\n1\\. Updated inventories of deployed AI systems;\n\n2\\. Documentation on system design, intended use, and training data; and\n\n3\\. Records of audits, risk assessments, and oversight activities.\n\nC. High-risk AI systems must undergo annual independent audits to ensure\ncompliance with legal and ethical standards.\n\nD. Deployers shall implement protocols to address identified deficiencies,\nincluding suspension or recalibration of systems.\n\nSECTION 6. NEW LAW A new section of law to be codified in the Oklahoma\nStatutes as Section 506 of Title 25, unless there is created a duplication in\nnumbering, reads as follows:\n\nA. Deployers shall provide accessible channels for public and stakeholder\nfeedback on the operation and impact of artificial intelligence (AI) systems.\n\nB. Aggregated feedback data must be included in an annual performance report\nmade available by January 1 of each year to the Artificial Intelligence\nCouncil (AI Council), created in Section 8 of this act.\n\nC. The AI Council will analyze feedback and make annual recommendations to\ninform updates to state and industry-specific artificial intelligence and\nmachine-learning regulations.\n\nSECTION 7. NEW LAW A new section of law to be codified in the Oklahoma\nStatutes as Section 507 of Title 25, unless there is created a duplication in\nnumbering, reads as follows:\n\nA. Violations of this act may result in the Artificial Intelligence Council\n(AI Council) issuing any of the following:\n\n1\\. Financial penalties proportional to the severity of the infraction;\n\n2\\. Suspension or prohibition of noncompliant systems; and\n\n3 Mandatory external oversight until compliance is restored.\n\nB. Deployers shall publicly disclose noncompliance incidents and the\ncorrective actions taken.\n\nSECTION 8. NEW LAW A new section of law to be codified in the Oklahoma\nStatutes as Section 508 of Title 25, unless there is created a duplication in\nnumbering, reads as follows:\n\nA. There is hereby established the Artificial Intelligence Council (AI\nCouncil) which shall oversee the regulation, deployment, and ethical use of AI\nsystems within this state.\n\nB. The AI Council shall be responsible for:\n\n1\\. Overseeing the AI Regulatory Sandbox Program to foster innovation while\nmaintaining safety and accountability;\n\n2\\. Manage the AI Workforce Development Program, including administering\ngrants to small businesses and educational institutions, with a focus on\nunderserved communities;\n\n3\\. Develop and update guidelines for AI system classification, risk\nassessments, and ethical standards;\n\n4\\. Facilitate public and stakeholder engagement on AI policies and\nregulations; and\n\n5\\. Provide annual reports to the Legislature on the status of AI deployment,\ninnovation, and workforce initiatives.\n\nC. The AI Council shall include nine (9) members:\n\n1\\. Three appointed by the Governor;\n\n2\\. Three appointed by the Speaker of the Oklahoma House of Representatives;\nand\n\n3\\. Three appointed by the President Tempore of the Oklahoma State Senate.\n\nD. Selected members shall come from one or more of the following backgrounds:\n\n1\\. Experts in artificial intelligence ethics, law, and technology;\n\n2\\. Representatives from public agencies and private industry; and\n\n3\\. Advocates for civil rights and underserved communities.\n\nSECTION 9. NEW LAW A new section of law to be codified in the Oklahoma\nStatutes as Section 509 of Title 25, unless there is created a duplication in\nnumbering, reads as follows:\n\nA. The Artificial Intelligence Council (AI Council) shall develop the AI\nRegulatory Sandbox Program.\n\nB. The AI Regulatory Sandbox Program shall provide a controlled environment\nfor deployers to test innovative AI systems while ensuring compliance with\nethical and safety standards.\n\nC. The AI Council shall:\n\n1\\. Approve or deny applications for participation in the sandbox;\n\n2\\. Set limits and safeguards for testing activities; and\n\n3\\. Monitor and evaluate sandbox outcomes for compliance and potential risks.\n\nD. Applicants must demonstrate:\n\n1\\. The potential for societal benefit or economic development;\n\n2\\. Compliance with data privacy and security requirements; and\n\n3\\. Alignment with ethical principles set by the AI Council.\n\nE. Participants shall submit periodic progress reports and a final evaluation\ndetailing the system's performance, risks identified, and mitigation measures\ntaken.\n\nSECTION 10. NEW LAW A new section of law to be codified in the Oklahoma\nStatutes as Section 510 of Title 25, unless there is created a duplication in\nnumbering, reads as follows:\n\nA. The Artificial Intelligence Council (AI Council) shall develop the\nArtificial Intelligence Workforce Development Program (AI Program), the\npurpose of which shall be to enhance AI-related workforce capabilities by\nfocusing on small businesses and underserved communities, particularly rural\nand low-income areas.\n\nB. The AI Council shall:\n\n1\\. Develop grant criteria for small businesses and educational institutions;\nand\n\n2\\. Monitor program outcomes and report annually to the Legislature.\n\nC. Eligible applicants may include:\n\n1\\. Small businesses integrating AI systems to improve operations; and\n\n2\\. Educational institutions offering AI-related training or certification\nprograms targeting underserved populations.\n\nD. The program shall prioritize:\n\n1\\. Rural outreach programs to introduce AI literacy and training;\n\n2\\. Partnerships with local schools to create STEM pathways focused on AI; and\n\n3\\. Affordable training opportunities for individuals from low-income\nbackgrounds.\n\nSECTION 11. NEW LAW A new section of law to be codified in the Oklahoma\nStatutes as Section 511 of Title 25, unless there is created a duplication in\nnumbering, reads as follows:\n\nThe Artificial Intelligence Council (AI Council) shall have the authority to\nestablish rules to enforce this act.\n\nSECTION 12. This act shall become effective November 1, 2025.\n\nCopyright (C) 2025 State Net  \n  \n---\n\n",
      "latest_version": true
    }
  ]
}