{
  "bill_id": "OR2025000H2748",
  "source_url": "http://custom.statenet.com/public/resources.cgi?id=ID:bill:OR2025000H2748&cuiq=93d84396-c63b-526a-b152-38b7f79b4cfd&client_md=e4f6fea4-27b4-5d41-b7d3-766fe52569f0",
  "versions": [
    {
      "date": "01/13/2025",
      "label": "Prefiled",
      "url": "https://custom.statenet.com/public/resources.cgi?mode=show_text&id=ID:bill:OR2025000H2748&verid=OR2025000H2748_20250113_0_F&",
      "raw_html": "<html>\n<head>\n<title>Bill Resource</title>\n\n<!--   <link href=\"https://custom.statenet.com/network/Common/css/extregtext.css\" rel=\"stylesheet\" type=\"text/css\" />-->\n   <link href=\"https://custom.statenet.com/network/Common/css/xmltext-2.0.css\" rel=\"stylesheet\" type=\"text/css\" />\n   <link href=\"https://custom.statenet.com/network/Common/css/additional-text.css\" rel=\"stylesheet\" type=\"text/css\" />\n\n\t<style type=\"text/css\">\n<!--\n\ntd, body {\n     background-color: white;\n\tfont-family: Verdana, Arial, Helvetica, sans-serif;\n\tfont-size: 12px;\n}\n\n.resourceContainer {\n   border: 1px solid black;\n}\n-->\n</style>\n</head>\n<body>\n\n    <div style=\"width: 750px; margin: auto\">\n       <div style=\"font-size: .8em;margin-bottom: 10px\"><table width=\"100%\"><tr><td align=\"left\" style=\"font-size: .8em;\"><div>The following has special meaning:</div>\n<div><u class=\"amendmentInsertedText\">green underline denotes added text</u></div>\n<div><strike class=\"amendmentDeletedText\">red struck out text denotes deleted text</strike></div></td> <td align=\"right\"><a href=\"https://www.lexisnexis.com/statenet/\"><img alt=\"Powered by State Net\" src=\"https://custom.statenet.com/network/poweredby.gif\" /></a></td></tr></table></div><table id=\"text-identifier\"><tr><td class=\"key\">2025 OR H 2748</td> <td><table><tr><td class=\"label\">Author:</td> <td>Nelson</td></tr> <tr><td class=\"label\">Version:</td> <td>Prefiled</td></tr> <tr><td class=\"label\">Version Date:</td> <td>01/13/2025</td></tr></table></td></tr></table><div class=\"documentBody\">\n  <a name=\"head_document_section\"></a><div class=\"head\">\n   <p class=\"center\">83rd OREGON LEGISLATIVE ASSEMBLY--2025 Regular Session</p>\n   <p class=\"center\">\n    <b>House Bill 2748</b>\n   </p>\n   <p class=\"left\">Sponsored by Representative NELSON; Representatives NATHANSON, NGUYEN D, Senator WOODS (Presession filed.)</p>\n   <p class=\"center\">\n    <b>SUMMARY</b>\n   </p>\n  </div>\n  <a name=\"digest_document_section\"></a><div class=\"digest\">\n   <p class=\"indent\">Digest: The Act says that an entity that is not a human may not call itself a nurse or similar title. (Flesch Readability Score: 72.3). </p>\n   <p class=\"indent\">Prohibits a nonhuman entity from using the title &ldquo;nurse&rdquo; or other similar titles.</p>\n  </div>\n  <a name=\"title_document_section\"></a><div class=\"title\">\n   <p class=\"center\">\n    <b>A BILL FOR AN ACT</b>\n   </p>\n   <p class=\"left\">Relating to the use of nursing titles.</p>\n  </div>\n  <a name=\"text_document_section\"></a><div class=\"text\">\n   <span>\n    <p class=\"indent\">\n     <b>Be It Enacted by the People of the State of Oregon:</b>\n    </p>\n   </span>\n   <p class=\"indent\">\n    <b>\n     <u>SECTION 1.</u>\n    </b>\n    <u class=\"amendmentInsertedText\">Section 2 of this 2025 Act is added to and made a part of ORS 678.010 to 678.410.</u>\n   </p>\n   <p class=\"indent\">\n    <b>\n     <u>SECTION 2.</u>\n    </b>\n    <u class=\"amendmentInsertedText\">A nonhuman entity, including but not limited to an agent powered by artificial intelligence, may not use any of the following titles:</u>\n   </p>\n   <p class=\"indent\">\n    <u class=\"amendmentInsertedText\">(1) Advanced Practice Registered Nurse or the abbreviation APRN;</u>\n   </p>\n   <p class=\"indent\">\n    <u class=\"amendmentInsertedText\">(2) Certified registered nurse anesthetist;</u>\n   </p>\n   <p class=\"indent\">\n    <u class=\"amendmentInsertedText\">(3) Clinical nurse specialist;</u>\n   </p>\n   <p class=\"indent\">\n    <u class=\"amendmentInsertedText\">(4) Nurse;</u>\n   </p>\n   <p class=\"indent\">\n    <u class=\"amendmentInsertedText\">(5) Nurse practitioner;</u>\n   </p>\n   <p class=\"indent\">\n    <u class=\"amendmentInsertedText\">(6) Medication aide;</u>\n   </p>\n   <p class=\"indent\">\n    <u class=\"amendmentInsertedText\">(7) Certified Medication Aide or the abbreviation CMA;</u>\n   </p>\n   <p class=\"indent\">\n    <u class=\"amendmentInsertedText\">(8) Nursing aide;</u>\n   </p>\n   <p class=\"indent\">\n    <u class=\"amendmentInsertedText\">(9) Nursing assistant; or</u>\n   </p>\n   <p class=\"indent\">\n    <u class=\"amendmentInsertedText\">(10) Certified Nursing Assistant or the abbreviation CNA.</u>\n   </p>\n  </div>\n </div>\n    </div>\t\n<table cellpadding=0 cellspacing=0 width=\"100%\">\n   <tr>\n      <td>\n          Copyright &copy; 2025 State Net\n      </td>\n<BR>\n<!--???MOVED INTO resources.cgi      <td align=\"right\">\n          <img src=\"https://custom.statenet.com/network/poweredby.gif\" alt=\"Powered by State Net\">\n      </td>-->\n\n    </tr>\n</table>\n</body></html>\n",
      "markdown": "The following has special meaning: _green underline denotes added text_ ~~red struck out text denotes deleted text~~ | [![Powered by State Net](https://custom.statenet.com/network/poweredby.gif)](https://www.lexisnexis.com/statenet/)  \n---|---  \n  \n2025 OR H 2748 | | Author: | Nelson  \n---|---  \nVersion: | Prefiled  \nVersion Date: | 01/13/2025  \n  \n83rd OREGON LEGISLATIVE ASSEMBLY--2025 Regular Session\n\n**House Bill 2748**\n\nSponsored by Representative NELSON; Representatives NATHANSON, NGUYEN D,\nSenator WOODS (Presession filed.)\n\n**SUMMARY**\n\nDigest: The Act says that an entity that is not a human may not call itself a\nnurse or similar title. (Flesch Readability Score: 72.3).\n\nProhibits a nonhuman entity from using the title \"nurse\" or other similar\ntitles.\n\n**A BILL FOR AN ACT**\n\nRelating to the use of nursing titles.\n\n**Be It Enacted by the People of the State of Oregon:**\n\n**_SECTION 1._ ** _Section 2 of this 2025 Act is added to and made a part of\nORS 678.010 to 678.410._\n\n**_SECTION 2._ ** _A nonhuman entity, including but not limited to an agent\npowered by artificial intelligence, may not use any of the following titles:_\n\n_(1) Advanced Practice Registered Nurse or the abbreviation APRN;_\n\n_(2) Certified registered nurse anesthetist;_\n\n_(3) Clinical nurse specialist;_\n\n_(4) Nurse;_\n\n_(5) Nurse practitioner;_\n\n_(6) Medication aide;_\n\n_(7) Certified Medication Aide or the abbreviation CMA;_\n\n_(8) Nursing aide;_\n\n_(9) Nursing assistant; or_\n\n_(10) Certified Nursing Assistant or the abbreviation CNA._\n\nCopyright (C) 2025 State Net  \n  \n---\n\n",
      "latest_version": false
    },
    {
      "date": "01/21/2025",
      "label": "Introduced",
      "url": "https://custom.statenet.com/public/resources.cgi?mode=show_text&id=ID:bill:OR2025000H2748&verid=OR2025000H2748_20250121_0_I&",
      "raw_html": "<html>\n<head>\n<title>Bill Resource</title>\n\n<!--   <link href=\"https://custom.statenet.com/network/Common/css/extregtext.css\" rel=\"stylesheet\" type=\"text/css\" />-->\n   <link href=\"https://custom.statenet.com/network/Common/css/xmltext-2.0.css\" rel=\"stylesheet\" type=\"text/css\" />\n   <link href=\"https://custom.statenet.com/network/Common/css/additional-text.css\" rel=\"stylesheet\" type=\"text/css\" />\n\n\t<style type=\"text/css\">\n<!--\n\ntd, body {\n     background-color: white;\n\tfont-family: Verdana, Arial, Helvetica, sans-serif;\n\tfont-size: 12px;\n}\n\n.resourceContainer {\n   border: 1px solid black;\n}\n-->\n</style>\n</head>\n<body>\n\n    <div style=\"width: 750px; margin: auto\">\n       <div style=\"font-size: .8em;margin-bottom: 10px\"><table width=\"100%\"><tr><td align=\"left\" style=\"font-size: .8em;\"><div>The following has special meaning:</div>\n<div><u class=\"amendmentInsertedText\">green underline denotes added text</u></div>\n<div><strike class=\"amendmentDeletedText\">red struck out text denotes deleted text</strike></div></td> <td align=\"right\"><a href=\"https://www.lexisnexis.com/statenet/\"><img alt=\"Powered by State Net\" src=\"https://custom.statenet.com/network/poweredby.gif\" /></a></td></tr></table></div><table id=\"text-identifier\"><tr><td class=\"key\">2025 OR H 2748</td> <td><table><tr><td class=\"label\">Author:</td> <td>Nelson</td></tr> <tr><td class=\"label\">Version:</td> <td>Introduced</td></tr> <tr><td class=\"label\">Version Date:</td> <td>01/21/2025</td></tr></table></td></tr></table><div class=\"documentBody\">\n  <a name=\"head_document_section\"></a><div class=\"head\">\n   <p class=\"center\">83rd OREGON LEGISLATIVE ASSEMBLY--2025 Regular Session</p>\n   <p class=\"center\">\n    <b>House Bill 2748</b>\n   </p>\n   <p class=\"left\">Sponsored by Representative NELSON; Representatives NATHANSON, NGUYEN D, Senator WOODS (Presession filed.)</p>\n   <p class=\"center\">\n    <b>SUMMARY</b>\n   </p>\n  </div>\n  <a name=\"digest_document_section\"></a><div class=\"digest\">\n   <p class=\"indent\">Digest: The Act says that an entity that is not a human may not call itself a nurse or similar title. (Flesch Readability Score: 72.3). </p>\n   <p class=\"indent\">Prohibits a nonhuman entity from using the title &ldquo;nurse&rdquo; or other similar titles.</p>\n  </div>\n  <a name=\"title_document_section\"></a><div class=\"title\">\n   <p class=\"center\">\n    <b>A BILL FOR AN ACT</b>\n   </p>\n   <p class=\"left\">Relating to the use of nursing titles.</p>\n  </div>\n  <a name=\"text_document_section\"></a><div class=\"text\">\n   <span>\n    <p class=\"indent\">\n     <b>Be It Enacted by the People of the State of Oregon:</b>\n    </p>\n   </span>\n   <p class=\"indent\">\n    <b>\n     <u>SECTION 1.</u>\n    </b>\n    <u class=\"amendmentInsertedText\">Section 2 of this 2025 Act is added to and made a part of ORS 678.010 to 678.410.</u>\n   </p>\n   <p class=\"indent\">\n    <b>\n     <u>SECTION 2.</u>\n    </b>\n    <u class=\"amendmentInsertedText\">A nonhuman entity, including but not limited to an agent powered by artificial intelligence, may not use any of the following titles:</u>\n   </p>\n   <p class=\"indent\">\n    <u class=\"amendmentInsertedText\">(1) Advanced Practice Registered Nurse or the abbreviation APRN;</u>\n   </p>\n   <p class=\"indent\">\n    <u class=\"amendmentInsertedText\">(2) Certified registered nurse anesthetist;</u>\n   </p>\n   <p class=\"indent\">\n    <u class=\"amendmentInsertedText\">(3) Clinical nurse specialist;</u>\n   </p>\n   <p class=\"indent\">\n    <u class=\"amendmentInsertedText\">(4) Nurse;</u>\n   </p>\n   <p class=\"indent\">\n    <u class=\"amendmentInsertedText\">(5) Nurse practitioner;</u>\n   </p>\n   <p class=\"indent\">\n    <u class=\"amendmentInsertedText\">(6) Medication aide;</u>\n   </p>\n   <p class=\"indent\">\n    <u class=\"amendmentInsertedText\">(7) Certified Medication Aide or the abbreviation CMA;</u>\n   </p>\n   <p class=\"indent\">\n    <u class=\"amendmentInsertedText\">(8) Nursing aide;</u>\n   </p>\n   <p class=\"indent\">\n    <u class=\"amendmentInsertedText\">(9) Nursing assistant; or</u>\n   </p>\n   <p class=\"indent\">\n    <u class=\"amendmentInsertedText\">(10) Certified Nursing Assistant or the abbreviation CNA.</u>\n   </p>\n  </div>\n </div>\n    </div>\t\n<table cellpadding=0 cellspacing=0 width=\"100%\">\n   <tr>\n      <td>\n          Copyright &copy; 2025 State Net\n      </td>\n<BR>\n<!--???MOVED INTO resources.cgi      <td align=\"right\">\n          <img src=\"https://custom.statenet.com/network/poweredby.gif\" alt=\"Powered by State Net\">\n      </td>-->\n\n    </tr>\n</table>\n</body></html>\n",
      "markdown": "The following has special meaning: _green underline denotes added text_ ~~red struck out text denotes deleted text~~ | [![Powered by State Net](https://custom.statenet.com/network/poweredby.gif)](https://www.lexisnexis.com/statenet/)  \n---|---  \n  \n2025 OR H 2748 | | Author: | Nelson  \n---|---  \nVersion: | Introduced  \nVersion Date: | 01/21/2025  \n  \n83rd OREGON LEGISLATIVE ASSEMBLY--2025 Regular Session\n\n**House Bill 2748**\n\nSponsored by Representative NELSON; Representatives NATHANSON, NGUYEN D,\nSenator WOODS (Presession filed.)\n\n**SUMMARY**\n\nDigest: The Act says that an entity that is not a human may not call itself a\nnurse or similar title. (Flesch Readability Score: 72.3).\n\nProhibits a nonhuman entity from using the title \"nurse\" or other similar\ntitles.\n\n**A BILL FOR AN ACT**\n\nRelating to the use of nursing titles.\n\n**Be It Enacted by the People of the State of Oregon:**\n\n**_SECTION 1._ ** _Section 2 of this 2025 Act is added to and made a part of\nORS 678.010 to 678.410._\n\n**_SECTION 2._ ** _A nonhuman entity, including but not limited to an agent\npowered by artificial intelligence, may not use any of the following titles:_\n\n_(1) Advanced Practice Registered Nurse or the abbreviation APRN;_\n\n_(2) Certified registered nurse anesthetist;_\n\n_(3) Clinical nurse specialist;_\n\n_(4) Nurse;_\n\n_(5) Nurse practitioner;_\n\n_(6) Medication aide;_\n\n_(7) Certified Medication Aide or the abbreviation CMA;_\n\n_(8) Nursing aide;_\n\n_(9) Nursing assistant; or_\n\n_(10) Certified Nursing Assistant or the abbreviation CNA._\n\nCopyright (C) 2025 State Net  \n  \n---\n\n",
      "latest_version": false
    },
    {
      "date": "05/27/2025",
      "label": "Engrossed-A",
      "url": "https://custom.statenet.com/public/resources.cgi?mode=show_text&id=ID:bill:OR2025000H2748&verid=OR2025000H2748_20250527_0_NA&",
      "raw_html": "<html>\n<head>\n<title>Bill Resource</title>\n\n<!--   <link href=\"https://custom.statenet.com/network/Common/css/extregtext.css\" rel=\"stylesheet\" type=\"text/css\" />-->\n   <link href=\"https://custom.statenet.com/network/Common/css/xmltext-2.0.css\" rel=\"stylesheet\" type=\"text/css\" />\n   <link href=\"https://custom.statenet.com/network/Common/css/additional-text.css\" rel=\"stylesheet\" type=\"text/css\" />\n\n\t<style type=\"text/css\">\n<!--\n\ntd, body {\n     background-color: white;\n\tfont-family: Verdana, Arial, Helvetica, sans-serif;\n\tfont-size: 12px;\n}\n\n.resourceContainer {\n   border: 1px solid black;\n}\n-->\n</style>\n</head>\n<body>\n\n    <div style=\"width: 750px; margin: auto\">\n       <div style=\"font-size: .8em;margin-bottom: 10px\"><table width=\"100%\"><tr><td align=\"left\" style=\"font-size: .8em;\"><div>The following has special meaning:</div>\n<div><u class=\"amendmentInsertedText\">green underline denotes added text</u></div>\n<div><strike class=\"amendmentDeletedText\">red struck out text denotes deleted text</strike></div></td> <td align=\"right\"><a href=\"https://www.lexisnexis.com/statenet/\"><img alt=\"Powered by State Net\" src=\"https://custom.statenet.com/network/poweredby.gif\" /></a></td></tr></table></div><table id=\"text-identifier\"><tr><td class=\"key\">2025 OR H 2748</td> <td><table><tr><td class=\"label\">Author:</td> <td>Nelson</td></tr> <tr><td class=\"label\">Version:</td> <td>Engrossed-A</td></tr> <tr><td class=\"label\">Version Date:</td> <td>05/27/2025</td></tr></table></td></tr></table><div class=\"documentBody\">\n  <a name=\"head_document_section\"></a><div class=\"head\">\n   <p class=\"center\">83rd OREGON LEGISLATIVE ASSEMBLY--2025 Regular Session</p>\n   <p class=\"center\">\n    <b>A-Engrossed</b>\n   </p>\n   <p class=\"center\">\n    <b>House Bill 2748</b>\n   </p>\n   <p class=\"center\">Ordered by the Senate May 27</p>\n   <p class=\"center\">Including Senate Amendments dated May 27</p>\n   <p class=\"left\">Sponsored by Representative NELSON; Representatives JAVADI, NATHANSON, NGUYEN D, WALTERS, Senators MANNING JR, MEEK, WOODS (Presession filed.)</p>\n   <p class=\"center\">\n    <b>SUMMARY</b>\n   </p>\n  </div>\n  <a name=\"digest_document_section\"></a><div class=\"digest\">\n   <p class=\"indent\">Digest: The Act says that an entity that is not a human may not call itself a nurse or similar title. (Flesch Readability Score: 72.3).</p>\n   <p class=\"indent\">Prohibits a nonhuman entity from using <strike class=\"amendmentDeletedText\">the title &ldquo;nurse&rdquo; or other similar titles</strike>\n    <u class=\"amendmentInsertedText\">specified nursing titles and abbreviations</u>.</p>\n  </div>\n  <a name=\"title_document_section\"></a><div class=\"title\">\n   <p class=\"center\">\n    <b>A BILL FOR AN ACT</b>\n   </p>\n   <p class=\"left\">Relating to the use of nursing titles.</p>\n  </div>\n  <a name=\"text_document_section\"></a><div class=\"text\">\n   <span>\n    <p class=\"left\">\n     <b>Be It Enacted by the People of the State of Oregon:</b>\n    </p>\n   </span>\n   <p class=\"indent\">\n    <b>\n     <u>SECTION 1.</u>\n    </b>\n    <u class=\"amendmentInsertedText\">Section 2 of this 2025 Act is added to and made a part of ORS 678.010 to 678.410.</u>\n   </p>\n   <p class=\"indent\">\n    <b>\n     <u>SECTION 2.</u>\n    </b>\n    <u class=\"amendmentInsertedText\">A nonhuman entity, including but not limited to an agent powered by artificial intelligence, may not use any of the following titles:</u>\n   </p>\n   <p class=\"indent\">\n    <u class=\"amendmentInsertedText\">(1) Advanced Practice Registered Nurse or the abbreviation APRN;</u>\n   </p>\n   <p class=\"indent\">\n    <u class=\"amendmentInsertedText\">(2) Certified registered nurse anesthetist or the abbreviation CRNA;</u>\n   </p>\n   <p class=\"indent\">\n    <u class=\"amendmentInsertedText\">(3) Clinical nurse specialist or the abbreviation CNS;</u>\n   </p>\n   <p class=\"indent\">\n    <u class=\"amendmentInsertedText\">(4) Licensed practical nurse or the abbreviation LPN;</u>\n   </p>\n   <p class=\"indent\">\n    <u class=\"amendmentInsertedText\">(5) Registered nurse or the abbreviation RN;</u>\n   </p>\n   <p class=\"indent\">\n    <u class=\"amendmentInsertedText\">(6) Nurse practitioner or the abbreviation NP;</u>\n   </p>\n   <p class=\"indent\">\n    <u class=\"amendmentInsertedText\">(7) Certified medication aide or the abbreviation CMA; or</u>\n   </p>\n   <p class=\"indent\">\n    <u class=\"amendmentInsertedText\">(8) Certified nursing assistant or the abbreviation CNA.</u>\n   </p>\n  </div>\n </div>\n    </div>\t\n<table cellpadding=0 cellspacing=0 width=\"100%\">\n   <tr>\n      <td>\n          Copyright &copy; 2025 State Net\n      </td>\n<BR>\n<!--???MOVED INTO resources.cgi      <td align=\"right\">\n          <img src=\"https://custom.statenet.com/network/poweredby.gif\" alt=\"Powered by State Net\">\n      </td>-->\n\n    </tr>\n</table>\n</body></html>\n",
      "markdown": "The following has special meaning: _green underline denotes added text_ ~~red struck out text denotes deleted text~~ | [![Powered by State Net](https://custom.statenet.com/network/poweredby.gif)](https://www.lexisnexis.com/statenet/)  \n---|---  \n  \n2025 OR H 2748 | | Author: | Nelson  \n---|---  \nVersion: | Engrossed-A  \nVersion Date: | 05/27/2025  \n  \n83rd OREGON LEGISLATIVE ASSEMBLY--2025 Regular Session\n\n**A-Engrossed**\n\n**House Bill 2748**\n\nOrdered by the Senate May 27\n\nIncluding Senate Amendments dated May 27\n\nSponsored by Representative NELSON; Representatives JAVADI, NATHANSON, NGUYEN\nD, WALTERS, Senators MANNING JR, MEEK, WOODS (Presession filed.)\n\n**SUMMARY**\n\nDigest: The Act says that an entity that is not a human may not call itself a\nnurse or similar title. (Flesch Readability Score: 72.3).\n\nProhibits a nonhuman entity from using ~~the title \"nurse\" or other similar\ntitles~~ _specified nursing titles and abbreviations_.\n\n**A BILL FOR AN ACT**\n\nRelating to the use of nursing titles.\n\n**Be It Enacted by the People of the State of Oregon:**\n\n**_SECTION 1._ ** _Section 2 of this 2025 Act is added to and made a part of\nORS 678.010 to 678.410._\n\n**_SECTION 2._ ** _A nonhuman entity, including but not limited to an agent\npowered by artificial intelligence, may not use any of the following titles:_\n\n_(1) Advanced Practice Registered Nurse or the abbreviation APRN;_\n\n_(2) Certified registered nurse anesthetist or the abbreviation CRNA;_\n\n_(3) Clinical nurse specialist or the abbreviation CNS;_\n\n_(4) Licensed practical nurse or the abbreviation LPN;_\n\n_(5) Registered nurse or the abbreviation RN;_\n\n_(6) Nurse practitioner or the abbreviation NP;_\n\n_(7) Certified medication aide or the abbreviation CMA; or_\n\n_(8) Certified nursing assistant or the abbreviation CNA._\n\nCopyright (C) 2025 State Net  \n  \n---\n\n",
      "latest_version": false
    },
    {
      "date": "06/13/2025",
      "label": "Enrolled",
      "url": "https://custom.statenet.com/public/resources.cgi?mode=show_text&id=ID:bill:OR2025000H2748&verid=OR2025000H2748_20250613_0_ENR&",
      "raw_html": "<html>\n<head>\n<title>Bill Resource</title>\n\n<!--   <link href=\"https://custom.statenet.com/network/Common/css/extregtext.css\" rel=\"stylesheet\" type=\"text/css\" />-->\n   <link href=\"https://custom.statenet.com/network/Common/css/xmltext-2.0.css\" rel=\"stylesheet\" type=\"text/css\" />\n   <link href=\"https://custom.statenet.com/network/Common/css/additional-text.css\" rel=\"stylesheet\" type=\"text/css\" />\n\n\t<style type=\"text/css\">\n<!--\n\ntd, body {\n     background-color: white;\n\tfont-family: Verdana, Arial, Helvetica, sans-serif;\n\tfont-size: 12px;\n}\n\n.resourceContainer {\n   border: 1px solid black;\n}\n-->\n</style>\n</head>\n<body>\n\n    <div style=\"width: 750px; margin: auto\">\n       <div style=\"font-size: .8em;margin-bottom: 10px\"><table width=\"100%\"><tr><td align=\"left\" style=\"font-size: .8em;\"><div>The following has special meaning:</div>\n<div><u class=\"amendmentInsertedText\">green underline denotes added text</u></div>\n<div><strike class=\"amendmentDeletedText\">red struck out text denotes deleted text</strike></div></td> <td align=\"right\"><a href=\"https://www.lexisnexis.com/statenet/\"><img alt=\"Powered by State Net\" src=\"https://custom.statenet.com/network/poweredby.gif\" /></a></td></tr></table></div><table id=\"text-identifier\"><tr><td class=\"key\">2025 OR H 2748</td> <td><table><tr><td class=\"label\">Author:</td> <td>Nelson</td></tr> <tr><td class=\"label\">Version:</td> <td>Enrolled</td></tr> <tr><td class=\"label\">Version Date:</td> <td>06/13/2025</td></tr></table></td></tr></table><div class=\"documentBody\">\n  <a name=\"head_document_section\"></a><div class=\"head\">\n   <p class=\"center\">83rd OREGON LEGISLATIVE ASSEMBLY--2025 Regular Session</p>\n   <p class=\"center\">\n    <b>Enrolled</b>\n   </p>\n   <p class=\"center\">\n    <b>House Bill 2748</b>\n   </p>\n   <p class=\"left\">Sponsored by Representative NELSON; Representatives JAVADI, NATHANSON, NGUYEN D, WALTERS, Senators MANNING JR, MEEK, WOODS (Presession filed.)</p>\n   <p class=\"center\">CHAPTER ___</p>\n  </div>\n  <a name=\"title_document_section\"></a><div class=\"title\">\n   <p class=\"center\">AN ACT</p>\n   <p class=\"left\">Relating to the use of nursing titles.</p>\n  </div>\n  <a name=\"text_document_section\"></a><div class=\"text\">\n   <span>\n    <p class=\"left\">\n     <b>Be It Enacted by the People of the State of Oregon:</b>\n    </p>\n   </span>\n   <p class=\"indent\">\n    <b>\n     <u>SECTION 1.</u>\n    </b>\n    <u class=\"amendmentInsertedText\">Section 2 of this 2025 Act is added to and made a part of ORS 678.010 to 678.410.</u>\n   </p>\n   <p class=\"indent\">\n    <b>\n     <u>SECTION 2.</u>\n    </b>\n    <u class=\"amendmentInsertedText\">A nonhuman entity, including but not limited to an agent powered by artificial intelligence, may not use any of the following titles:</u>\n   </p>\n   <p class=\"indent\">\n    <u class=\"amendmentInsertedText\">(1) Advanced Practice Registered Nurse or the abbreviation APRN;</u>\n   </p>\n   <p class=\"indent\">\n    <u class=\"amendmentInsertedText\">(2) Certified registered nurse anesthetist or the abbreviation CRNA;</u>\n   </p>\n   <p class=\"indent\">\n    <u class=\"amendmentInsertedText\">(3) Clinical nurse specialist or the abbreviation CNS;</u>\n   </p>\n   <p class=\"indent\">\n    <u class=\"amendmentInsertedText\">(4) Licensed practical nurse or the abbreviation LPN;</u>\n   </p>\n   <p class=\"indent\">\n    <u class=\"amendmentInsertedText\">(5) Registered nurse or the abbreviation RN;</u>\n   </p>\n   <p class=\"indent\">\n    <u class=\"amendmentInsertedText\">(6) Nurse practitioner or the abbreviation NP;</u>\n   </p>\n   <p class=\"indent\">\n    <u class=\"amendmentInsertedText\">(7) Certified medication aide or the abbreviation CMA; or</u>\n   </p>\n   <p class=\"indent\">\n    <u class=\"amendmentInsertedText\">(8) Certified nursing assistant or the abbreviation CNA.</u>\n   </p>\n  </div>\n </div>\n    </div>\t\n<table cellpadding=0 cellspacing=0 width=\"100%\">\n   <tr>\n      <td>\n          Copyright &copy; 2025 State Net\n      </td>\n<BR>\n<!--???MOVED INTO resources.cgi      <td align=\"right\">\n          <img src=\"https://custom.statenet.com/network/poweredby.gif\" alt=\"Powered by State Net\">\n      </td>-->\n\n    </tr>\n</table>\n</body></html>\n",
      "markdown": "The following has special meaning: _green underline denotes added text_ ~~red struck out text denotes deleted text~~ | [![Powered by State Net](https://custom.statenet.com/network/poweredby.gif)](https://www.lexisnexis.com/statenet/)  \n---|---  \n  \n2025 OR H 2748 | | Author: | Nelson  \n---|---  \nVersion: | Enrolled  \nVersion Date: | 06/13/2025  \n  \n83rd OREGON LEGISLATIVE ASSEMBLY--2025 Regular Session\n\n**Enrolled**\n\n**House Bill 2748**\n\nSponsored by Representative NELSON; Representatives JAVADI, NATHANSON, NGUYEN\nD, WALTERS, Senators MANNING JR, MEEK, WOODS (Presession filed.)\n\nCHAPTER ___\n\nAN ACT\n\nRelating to the use of nursing titles.\n\n**Be It Enacted by the People of the State of Oregon:**\n\n**_SECTION 1._ ** _Section 2 of this 2025 Act is added to and made a part of\nORS 678.010 to 678.410._\n\n**_SECTION 2._ ** _A nonhuman entity, including but not limited to an agent\npowered by artificial intelligence, may not use any of the following titles:_\n\n_(1) Advanced Practice Registered Nurse or the abbreviation APRN;_\n\n_(2) Certified registered nurse anesthetist or the abbreviation CRNA;_\n\n_(3) Clinical nurse specialist or the abbreviation CNS;_\n\n_(4) Licensed practical nurse or the abbreviation LPN;_\n\n_(5) Registered nurse or the abbreviation RN;_\n\n_(6) Nurse practitioner or the abbreviation NP;_\n\n_(7) Certified medication aide or the abbreviation CMA; or_\n\n_(8) Certified nursing assistant or the abbreviation CNA._\n\nCopyright (C) 2025 State Net  \n  \n---\n\n",
      "latest_version": false
    },
    {
      "date": "06/24/2025",
      "label": "Enacted - Final",
      "url": "https://custom.statenet.com/public/resources.cgi?mode=show_text&id=ID:bill:OR2025000H2748&verid=OR2025000H2748_20250624_0_EF&",
      "raw_html": "<html>\n<head>\n<title>Bill Resource</title>\n\n<!--   <link href=\"https://custom.statenet.com/network/Common/css/extregtext.css\" rel=\"stylesheet\" type=\"text/css\" />-->\n   <link href=\"https://custom.statenet.com/network/Common/css/xmltext-2.0.css\" rel=\"stylesheet\" type=\"text/css\" />\n   <link href=\"https://custom.statenet.com/network/Common/css/additional-text.css\" rel=\"stylesheet\" type=\"text/css\" />\n\n\t<style type=\"text/css\">\n<!--\n\ntd, body {\n     background-color: white;\n\tfont-family: Verdana, Arial, Helvetica, sans-serif;\n\tfont-size: 12px;\n}\n\n.resourceContainer {\n   border: 1px solid black;\n}\n-->\n</style>\n</head>\n<body>\n\n    <div style=\"width: 750px; margin: auto\">\n       <div style=\"font-size: .8em;margin-bottom: 10px\"><table width=\"100%\"><tr><td align=\"left\" style=\"font-size: .8em;\"><div>The following has special meaning:</div>\n<div><u class=\"amendmentInsertedText\">green underline denotes added text</u></div>\n<div><strike class=\"amendmentDeletedText\">red struck out text denotes deleted text</strike></div></td> <td align=\"right\"><a href=\"https://www.lexisnexis.com/statenet/\"><img alt=\"Powered by State Net\" src=\"https://custom.statenet.com/network/poweredby.gif\" /></a></td></tr></table></div><table id=\"text-identifier\"><tr><td class=\"key\">2025 OR H 2748</td> <td><table><tr><td class=\"label\">Author:</td> <td>Nelson</td></tr> <tr><td class=\"label\">Version:</td> <td>Enacted - Final</td></tr> <tr><td class=\"label\">Version Date:</td> <td>06/24/2025</td></tr></table></td></tr></table><div class=\"documentBody\">\n  <a name=\"head_document_section\"></a><div class=\"head\">\n   <p class=\"center\">83rd OREGON LEGISLATIVE ASSEMBLY--2025 Regular Session</p>\n   <p class=\"center\">\n    <b>Enrolled</b>\n   </p>\n   <p class=\"center\">\n    <b>House Bill 2748</b>\n   </p>\n   <p class=\"left\">Sponsored by Representative NELSON; Representatives JAVADI, NATHANSON, NGUYEN D, WALTERS, Senators MANNING JR, MEEK, WOODS (Presession filed.)</p>\n   <p class=\"center\">CHAPTER ___</p>\n  </div>\n  <a name=\"title_document_section\"></a><div class=\"title\">\n   <p class=\"center\">AN ACT</p>\n   <p class=\"left\">Relating to the use of nursing titles.</p>\n  </div>\n  <a name=\"text_document_section\"></a><div class=\"text\">\n   <span>\n    <p class=\"left\">\n     <b>Be It Enacted by the People of the State of Oregon:</b>\n    </p>\n   </span>\n   <a name=\"section-House Bill 2748, Section 1-new\"></a><div class=\"sectionContent\" title=\"Section: House Bill 2748, Section 1, Action: &quot;new&quot;\">\n    <p class=\"indent\">\n     <b>\n      <u>SECTION 1.</u>\n     </b>\n     <u class=\"amendmentInsertedText\">Section 2 of this 2025 Act is added to and made a part of ORS 678.010 to 678.410.</u>\n    </p>\n   </div>\n   <a name=\"section-678.___-new\"></a><div class=\"sectionContent\" title=\"Section: 678.___, Action: &quot;new&quot;\">\n    <p class=\"indent\">\n     <b>\n      <u>SECTION 2.</u>\n     </b>\n     <u class=\"amendmentInsertedText\">A nonhuman entity, including but not limited to an agent powered by artificial intelligence, may not use any of the following titles:</u>\n    </p>\n    <p class=\"indent\">\n     <u class=\"amendmentInsertedText\">(1) Advanced Practice Registered Nurse or the abbreviation APRN;</u>\n    </p>\n    <p class=\"indent\">\n     <u class=\"amendmentInsertedText\">(2) Certified registered nurse anesthetist or the abbreviation CRNA;</u>\n    </p>\n    <p class=\"indent\">\n     <u class=\"amendmentInsertedText\">(3) Clinical nurse specialist or the abbreviation CNS;</u>\n    </p>\n    <p class=\"indent\">\n     <u class=\"amendmentInsertedText\">(4) Licensed practical nurse or the abbreviation LPN;</u>\n    </p>\n    <p class=\"indent\">\n     <u class=\"amendmentInsertedText\">(5) Registered nurse or the abbreviation RN;</u>\n    </p>\n    <p class=\"indent\">\n     <u class=\"amendmentInsertedText\">(6) Nurse practitioner or the abbreviation NP;</u>\n    </p>\n    <p class=\"indent\">\n     <u class=\"amendmentInsertedText\">(7) Certified medication aide or the abbreviation CMA; or</u>\n    </p>\n    <p class=\"indent\">\n     <u class=\"amendmentInsertedText\">(8) Certified nursing assistant or the abbreviation CNA.</u>\n    </p>\n   </div>\n  </div>\n </div>\n    </div>\t\n<table cellpadding=0 cellspacing=0 width=\"100%\">\n   <tr>\n      <td>\n          Copyright &copy; 2025 State Net\n      </td>\n<BR>\n<!--???MOVED INTO resources.cgi      <td align=\"right\">\n          <img src=\"https://custom.statenet.com/network/poweredby.gif\" alt=\"Powered by State Net\">\n      </td>-->\n\n    </tr>\n</table>\n</body></html>\n",
      "markdown": "The following has special meaning: _green underline denotes added text_ ~~red struck out text denotes deleted text~~ | [![Powered by State Net](https://custom.statenet.com/network/poweredby.gif)](https://www.lexisnexis.com/statenet/)  \n---|---  \n  \n2025 OR H 2748 | | Author: | Nelson  \n---|---  \nVersion: | Enacted - Final  \nVersion Date: | 06/24/2025  \n  \n83rd OREGON LEGISLATIVE ASSEMBLY--2025 Regular Session\n\n**Enrolled**\n\n**House Bill 2748**\n\nSponsored by Representative NELSON; Representatives JAVADI, NATHANSON, NGUYEN\nD, WALTERS, Senators MANNING JR, MEEK, WOODS (Presession filed.)\n\nCHAPTER ___\n\nAN ACT\n\nRelating to the use of nursing titles.\n\n**Be It Enacted by the People of the State of Oregon:**\n\n**_SECTION 1._ ** _Section 2 of this 2025 Act is added to and made a part of\nORS 678.010 to 678.410._\n\n**_SECTION 2._ ** _A nonhuman entity, including but not limited to an agent\npowered by artificial intelligence, may not use any of the following titles:_\n\n_(1) Advanced Practice Registered Nurse or the abbreviation APRN;_\n\n_(2) Certified registered nurse anesthetist or the abbreviation CRNA;_\n\n_(3) Clinical nurse specialist or the abbreviation CNS;_\n\n_(4) Licensed practical nurse or the abbreviation LPN;_\n\n_(5) Registered nurse or the abbreviation RN;_\n\n_(6) Nurse practitioner or the abbreviation NP;_\n\n_(7) Certified medication aide or the abbreviation CMA; or_\n\n_(8) Certified nursing assistant or the abbreviation CNA._\n\nCopyright (C) 2025 State Net  \n  \n---\n\n",
      "latest_version": true
    }
  ]
}