{
  "bill_id": "RI2025000S8",
  "source_url": "http://custom.statenet.com/public/resources.cgi?id=ID:bill:RI2025000S8&cuiq=93d84396-c63b-526a-b152-38b7f79b4cfd&client_md=e4f6fea4-27b4-5d41-b7d3-766fe52569f0",
  "versions": [
    {
      "date": "01/14/2025",
      "label": "Introduced",
      "url": "https://custom.statenet.com/public/resources.cgi?mode=show_text&id=ID:bill:RI2025000S8&verid=RI2025000S8_20250114_0_I&",
      "raw_html": "<html>\n<head>\n<title>Bill Resource</title>\n\n<!--   <link href=\"https://custom.statenet.com/network/Common/css/extregtext.css\" rel=\"stylesheet\" type=\"text/css\" />-->\n   <link href=\"https://custom.statenet.com/network/Common/css/xmltext-2.0.css\" rel=\"stylesheet\" type=\"text/css\" />\n   <link href=\"https://custom.statenet.com/network/Common/css/additional-text.css\" rel=\"stylesheet\" type=\"text/css\" />\n\n\t<style type=\"text/css\">\n<!--\n\ntd, body {\n     background-color: white;\n\tfont-family: Verdana, Arial, Helvetica, sans-serif;\n\tfont-size: 12px;\n}\n\n.resourceContainer {\n   border: 1px solid black;\n}\n-->\n</style>\n</head>\n<body>\n\n    <div style=\"width: 750px; margin: auto\">\n       <div style=\"font-size: .8em;margin-bottom: 10px\"><table width=\"100%\"><tr><td align=\"left\" style=\"font-size: .8em;\"><div>The following has special meaning:</div>\n<div><u class=\"amendmentInsertedText\">green underline denotes added text</u></div>\n<div><strike class=\"amendmentDeletedText\">red struck out text denotes deleted text</strike></div></td> <td align=\"right\"><a href=\"https://www.lexisnexis.com/statenet/\"><img alt=\"Powered by State Net\" src=\"https://custom.statenet.com/network/poweredby.gif\" /></a></td></tr></table></div><table id=\"text-identifier\"><tr><td class=\"key\">2025 RI S 8</td> <td><table><tr><td class=\"label\">Author:</td> <td>McKenney</td></tr> <tr><td class=\"label\">Version:</td> <td>Introduced</td></tr> <tr><td class=\"label\">Version Date:</td> <td>01/14/2025</td></tr></table></td></tr></table><div class=\"documentBody\">\n  <a name=\"head_document_section\"></a><div class=\"head\">\n   <p class=\"center\">\n    <b>2025 -- S 0008</b>\n   </p>\n   <p class=\"center\">\n    <b>STATE OF RHODE ISLAND</b>\n   </p>\n   <p class=\"center\">\n    <b>IN GENERAL ASSEMBLY</b>\n   </p>\n   <p class=\"center\">\n    <b>JANUARY SESSION, A.D. 2025</b>\n   </p>\n   <p class=\"center\">\n    <b>____________</b>\n   </p>\n  </div>\n  <a name=\"title_document_section\"></a><div class=\"title\">\n   <p class=\"center\">\n    <b>SENATE RESOLUTION</b>\n   </p>\n   <p class=\"center\">\n    <b>AMENDING THE RULES OF THE SENATE FOR THE YEARS 2023-2024</b>\n   </p>\n  </div>\n  <a name=\"history_document_section\"></a><div class=\"history\">\n   <p class=\"indent\">\n    <b>\n     <u>Introduced By:</u>\n    </b> Senators McKenney, Gu, Ruggerio, Ciccone, Tikoian, Lawson, Zurier, LaMountain, Felag, and Urso</p>\n   <p class=\"indent\">\n    <b>\n     <u>Date Introduced:</u>\n    </b> January 14, 2025</p>\n   <p class=\"indent\">\n    <b>\n     <u>Referred To:</u>\n    </b> Recommended for Immediate Consideration</p>\n  </div>\n  <a name=\"text_document_section\"></a><div class=\"text\">\n   <p class=\"indent\">RESOLVED, That sections 5.1, 5.1-4 and 5.1-5 of the rules for the Senate adopted by the Senate at its January session A.D. 2023 entitled &quot;Senate Resolution Adopting the Rules of the Senate for the Years 2023-2024&quot; be and the same are hereby amended to read as follows:</p>\n   <p class=\"center\">\n    <b>SECTION 5.</b>\n   </p>\n   <p class=\"center\">\n    <b>COMMITTEES</b>\n   </p>\n   <p class=\"indent\">\n    <b>5.1 Standing Committees.</b>\n   </p>\n   <p class=\"indent\">The senate shall have the following standing committees:</p>\n   <p class=\"indent\">1. Committee on Judiciary</p>\n   <p class=\"indent\">2. Committee on Finance</p>\n   <p class=\"indent\">3. Committee on Housing and Municipal Government</p>\n   <p class=\"indent\">4. Committee on Labor <u class=\"amendmentInsertedText\">and Gaming</u>\n   </p>\n   <p class=\"indent\">5. Committee on Special Legislation and Veterans&#39; Affairs</p>\n   <p class=\"indent\">6. Committee on Health and Human Services</p>\n   <p class=\"indent\">7. Committee on Education</p>\n   <p class=\"indent\">8. Committee on Commerce</p>\n   <p class=\"indent\">9. Committee on Environment and Agriculture</p>\n   <p class=\"indent\">10. Committee on Rules, Government Ethics and Oversight</p>\n   <p class=\"indent\">\n    <u class=\"amendmentInsertedText\">11. Committee on Artificial Intelligence and Emerging Technologies</u>\n   </p>\n   <p class=\"indent\">\n    <b>5.1-4 Committee on Labor <u class=\"amendmentInsertedText\">and Gaming</u>.</b>\n   </p>\n   <p class=\"indent\">It shall be the duty of the committee on labor to consider the appointments of the governor referred to it by the senate which require the advice and consent of the senate and all legislation and matters relating to <u class=\"amendmentInsertedText\">gaming issues, constitutional amendments relating to gaming issues,</u> the workers&#39; compensation and labor laws of the state, to maintain oversight over the application, execution and operation of the laws within its jurisdiction and to consider such other matters as may be referred to it by the senate.</p>\n   <p class=\"indent\">\n    <b>5.1-5 Committee on Special Legislation and Veterans&#39; Affairs.</b>\n   </p>\n   <p class=\"indent\">It shall be the duty of the committee on special legislation and veterans&#39; affairs to consider the appointments of the governor referred to it by the senate which require the advice and consent of the senate and all legislation and matters relating to constitutional amendments, liquor laws, <strike class=\"amendmentDeletedText\">gaming issues,</strike> license plates, veterans&#39; affairs, domestic animals, commissions and resolutions, to maintain oversight over the application, execution and operation of the laws within its jurisdiction and to consider such other matters as may be referred to it by the senate.</p>\n   <p class=\"indent\">\n    <u class=\"amendmentInsertedText\">\n     <b>\n      <u>5.1-11 Committee on Artificial Intelligence and Emerging Technologies.</u>\n     </b>\n    </u>\n   </p>\n   <p class=\"indent\">\n    <u class=\"amendmentInsertedText\">It shall be the duty of the committee on artificial intelligence and emerging technologies to consider the appointments of the governor referred to it by the senate which require the advice and consent of the senate and all legislation and matters relating to the creation, use, and regulation of artificial intelligence and emerging technologies, and to maintain oversight over the application, execution and operation of the laws within its jurisdiction and to consider such other matters as may be referred to it by the senate.</u>\n   </p>\n  </div>\n  <a name=\"digest_document_section\"></a><div class=\"digest\">\n   <p class=\"center\">\n    <b>EXPLANATION</b>\n   </p>\n   <p class=\"center\">\n    <b>BY THE LEGISLATIVE COUNCIL</b>\n   </p>\n   <p class=\"center\">\n    <b>OF</b>\n   </p>\n   <p class=\"center\">\n    <b>SENATE RESOLUTION</b>\n   </p>\n   <p class=\"center\">\n    <b>AMENDING THE RULES OF THE SENATE FOR THE YEARS 2023-2024</b>\n   </p>\n   <p class=\"indent\">This resolution would amend the rules of the Senate relative to committees and would create a new committee on artificial intelligence and emerging technologies.</p>\n  </div>\n </div>\n    </div>\t\n<table cellpadding=0 cellspacing=0 width=\"100%\">\n   <tr>\n      <td>\n          Copyright &copy; 2025 State Net\n      </td>\n<BR>\n<!--???MOVED INTO resources.cgi      <td align=\"right\">\n          <img src=\"https://custom.statenet.com/network/poweredby.gif\" alt=\"Powered by State Net\">\n      </td>-->\n\n    </tr>\n</table>\n</body></html>\n",
      "markdown": "The following has special meaning: _green underline denotes added text_ ~~red struck out text denotes deleted text~~ | [![Powered by State Net](https://custom.statenet.com/network/poweredby.gif)](https://www.lexisnexis.com/statenet/)  \n---|---  \n  \n2025 RI S 8 | | Author: | McKenney  \n---|---  \nVersion: | Introduced  \nVersion Date: | 01/14/2025  \n  \n**2025 -- S 0008**\n\n**STATE OF RHODE ISLAND**\n\n**IN GENERAL ASSEMBLY**\n\n**JANUARY SESSION, A.D. 2025**\n\n**____________**\n\n**SENATE RESOLUTION**\n\n**AMENDING THE RULES OF THE SENATE FOR THE YEARS 2023-2024**\n\n**_Introduced By:_ ** Senators McKenney, Gu, Ruggerio, Ciccone, Tikoian,\nLawson, Zurier, LaMountain, Felag, and Urso\n\n**_Date Introduced:_ ** January 14, 2025\n\n**_Referred To:_ ** Recommended for Immediate Consideration\n\nRESOLVED, That sections 5.1, 5.1-4 and 5.1-5 of the rules for the Senate\nadopted by the Senate at its January session A.D. 2023 entitled \"Senate\nResolution Adopting the Rules of the Senate for the Years 2023-2024\" be and\nthe same are hereby amended to read as follows:\n\n**SECTION 5.**\n\n**COMMITTEES**\n\n**5.1 Standing Committees.**\n\nThe senate shall have the following standing committees:\n\n1\\. Committee on Judiciary\n\n2\\. Committee on Finance\n\n3\\. Committee on Housing and Municipal Government\n\n4\\. Committee on Labor _and Gaming_\n\n5\\. Committee on Special Legislation and Veterans' Affairs\n\n6\\. Committee on Health and Human Services\n\n7\\. Committee on Education\n\n8\\. Committee on Commerce\n\n9\\. Committee on Environment and Agriculture\n\n10\\. Committee on Rules, Government Ethics and Oversight\n\n_11\\. Committee on Artificial Intelligence and Emerging Technologies_\n\n**5.1-4 Committee on Labor _and Gaming_.**\n\nIt shall be the duty of the committee on labor to consider the appointments of\nthe governor referred to it by the senate which require the advice and consent\nof the senate and all legislation and matters relating to _gaming issues,\nconstitutional amendments relating to gaming issues,_ the workers'\ncompensation and labor laws of the state, to maintain oversight over the\napplication, execution and operation of the laws within its jurisdiction and\nto consider such other matters as may be referred to it by the senate.\n\n**5.1-5 Committee on Special Legislation and Veterans ' Affairs.**\n\nIt shall be the duty of the committee on special legislation and veterans'\naffairs to consider the appointments of the governor referred to it by the\nsenate which require the advice and consent of the senate and all legislation\nand matters relating to constitutional amendments, liquor laws, ~~gaming\nissues,~~ license plates, veterans' affairs, domestic animals, commissions and\nresolutions, to maintain oversight over the application, execution and\noperation of the laws within its jurisdiction and to consider such other\nmatters as may be referred to it by the senate.\n\n_**_5.1-11 Committee on Artificial Intelligence and Emerging Technologies._ **\n_\n\n_It shall be the duty of the committee on artificial intelligence and emerging\ntechnologies to consider the appointments of the governor referred to it by\nthe senate which require the advice and consent of the senate and all\nlegislation and matters relating to the creation, use, and regulation of\nartificial intelligence and emerging technologies, and to maintain oversight\nover the application, execution and operation of the laws within its\njurisdiction and to consider such other matters as may be referred to it by\nthe senate._\n\n**EXPLANATION**\n\n**BY THE LEGISLATIVE COUNCIL**\n\n**OF**\n\n**SENATE RESOLUTION**\n\n**AMENDING THE RULES OF THE SENATE FOR THE YEARS 2023-2024**\n\nThis resolution would amend the rules of the Senate relative to committees and\nwould create a new committee on artificial intelligence and emerging\ntechnologies.\n\nCopyright (C) 2025 State Net  \n  \n---\n\n",
      "latest_version": true
    },
    {
      "date": "01/14/2025",
      "label": "Adopted",
      "url": "https://custom.statenet.com/public/resources.cgi?mode=show_text&id=ID:bill:RI2025000S8&verid=RI2025000S8_20250114_0_AD&",
      "raw_html": "<html>\n<head>\n<title>Bill Resource</title>\n\n<!--   <link href=\"https://custom.statenet.com/network/Common/css/extregtext.css\" rel=\"stylesheet\" type=\"text/css\" />-->\n   <link href=\"https://custom.statenet.com/network/Common/css/xmltext-2.0.css\" rel=\"stylesheet\" type=\"text/css\" />\n   <link href=\"https://custom.statenet.com/network/Common/css/additional-text.css\" rel=\"stylesheet\" type=\"text/css\" />\n\n\t<style type=\"text/css\">\n<!--\n\ntd, body {\n     background-color: white;\n\tfont-family: Verdana, Arial, Helvetica, sans-serif;\n\tfont-size: 12px;\n}\n\n.resourceContainer {\n   border: 1px solid black;\n}\n-->\n</style>\n</head>\n<body>\n\n    <div style=\"width: 750px; margin: auto\">\n       <div style=\"font-size: .8em;margin-bottom: 10px\"><table width=\"100%\"><tr><td align=\"left\" style=\"font-size: .8em;\"><div>The following has special meaning:</div>\n<div><u class=\"amendmentInsertedText\">green underline denotes added text</u></div>\n<div><strike class=\"amendmentDeletedText\">red struck out text denotes deleted text</strike></div></td> <td align=\"right\"><a href=\"https://www.lexisnexis.com/statenet/\"><img alt=\"Powered by State Net\" src=\"https://custom.statenet.com/network/poweredby.gif\" /></a></td></tr></table></div><table id=\"text-identifier\"><tr><td class=\"key\">2025 RI S 8</td> <td><table><tr><td class=\"label\">Author:</td> <td>McKenney</td></tr> <tr><td class=\"label\">Version:</td> <td>Adopted</td></tr> <tr><td class=\"label\">Version Date:</td> <td>01/14/2025</td></tr></table></td></tr></table><div class=\"documentBody\">\n  <a name=\"head_document_section\"></a><div class=\"head\">\n   <p class=\"center\">\n    <b>2025 -- S 0008</b>\n   </p>\n   <p class=\"center\">\n    <b>STATE OF RHODE ISLAND</b>\n   </p>\n   <p class=\"center\">\n    <b>IN GENERAL ASSEMBLY</b>\n   </p>\n   <p class=\"center\">\n    <b>JANUARY SESSION, A.D. 2025</b>\n   </p>\n   <p class=\"center\">\n    <b>____________</b>\n   </p>\n  </div>\n  <a name=\"title_document_section\"></a><div class=\"title\">\n   <p class=\"center\">\n    <b>SENATE RESOLUTION</b>\n   </p>\n   <p class=\"center\">\n    <b>AMENDING THE RULES OF THE SENATE FOR THE YEARS 2023-2024</b>\n   </p>\n  </div>\n  <a name=\"history_document_section\"></a><div class=\"history\">\n   <p class=\"indent\">\n    <b>\n     <u>Introduced By:</u>\n    </b> Senators McKenney, Gu, Ruggerio, Ciccone, Tikoian, Lawson, Zurier, LaMountain, Felag, and Urso</p>\n   <p class=\"indent\">\n    <b>\n     <u>Date Introduced:</u>\n    </b> January 14, 2025</p>\n   <p class=\"indent\">\n    <b>\n     <u>Referred To:</u>\n    </b> Recommended for Immediate Consideration</p>\n  </div>\n  <a name=\"text_document_section\"></a><div class=\"text\">\n   <p class=\"indent\">RESOLVED, That sections 5.1, 5.1-4 and 5.1-5 of the rules for the Senate adopted by the Senate at its January session A.D. 2023 entitled &quot;Senate Resolution Adopting the Rules of the Senate for the Years 2023-2024&quot; be and the same are hereby amended to read as follows:</p>\n   <p class=\"center\">\n    <b>SECTION 5.</b>\n   </p>\n   <p class=\"center\">\n    <b>COMMITTEES</b>\n   </p>\n   <p class=\"indent\">\n    <b>5.1 Standing Committees.</b>\n   </p>\n   <p class=\"indent\">The senate shall have the following standing committees:</p>\n   <p class=\"indent\">1. Committee on Judiciary</p>\n   <p class=\"indent\">2. Committee on Finance</p>\n   <p class=\"indent\">3. Committee on Housing and Municipal Government</p>\n   <p class=\"indent\">4. Committee on Labor <u class=\"amendmentInsertedText\">and Gaming</u>\n   </p>\n   <p class=\"indent\">5. Committee on Special Legislation and Veterans&#39; Affairs</p>\n   <p class=\"indent\">6. Committee on Health and Human Services</p>\n   <p class=\"indent\">7. Committee on Education</p>\n   <p class=\"indent\">8. Committee on Commerce</p>\n   <p class=\"indent\">9. Committee on Environment and Agriculture</p>\n   <p class=\"indent\">10. Committee on Rules, Government Ethics and Oversight</p>\n   <p class=\"indent\">\n    <u class=\"amendmentInsertedText\">11. Committee on Artificial Intelligence and Emerging Technologies</u>\n   </p>\n   <p class=\"indent\">\n    <b>5.1-4 Committee on Labor <u class=\"amendmentInsertedText\">and Gaming</u>.</b>\n   </p>\n   <p class=\"indent\">It shall be the duty of the committee on labor to consider the appointments of the governor referred to it by the senate which require the advice and consent of the senate and all legislation and matters relating to <u class=\"amendmentInsertedText\">gaming issues, constitutional amendments relating to gaming issues,</u> the workers&#39; compensation and labor laws of the state, to maintain oversight over the application, execution and operation of the laws within its jurisdiction and to consider such other matters as may be referred to it by the senate.</p>\n   <p class=\"indent\">\n    <b>5.1-5 Committee on Special Legislation and Veterans&#39; Affairs.</b>\n   </p>\n   <p class=\"indent\">It shall be the duty of the committee on special legislation and veterans&#39; affairs to consider the appointments of the governor referred to it by the senate which require the advice and consent of the senate and all legislation and matters relating to constitutional amendments, liquor laws, <strike class=\"amendmentDeletedText\">gaming issues,</strike> license plates, veterans&#39; affairs, domestic animals, commissions and resolutions, to maintain oversight over the application, execution and operation of the laws within its jurisdiction and to consider such other matters as may be referred to it by the senate.</p>\n   <p class=\"indent\">\n    <u class=\"amendmentInsertedText\">\n     <b>\n      <u>5.1-11 Committee on Artificial Intelligence and Emerging Technologies.</u>\n     </b>\n    </u>\n   </p>\n   <p class=\"indent\">\n    <u class=\"amendmentInsertedText\">It shall be the duty of the committee on artificial intelligence and emerging technologies to consider the appointments of the governor referred to it by the senate which require the advice and consent of the senate and all legislation and matters relating to the creation, use, and regulation of artificial intelligence and emerging technologies, and to maintain oversight over the application, execution and operation of the laws within its jurisdiction and to consider such other matters as may be referred to it by the senate.</u>\n   </p>\n  </div>\n  <a name=\"digest_document_section\"></a><div class=\"digest\">\n   <p class=\"center\">\n    <b>EXPLANATION</b>\n   </p>\n   <p class=\"center\">\n    <b>BY THE LEGISLATIVE COUNCIL</b>\n   </p>\n   <p class=\"center\">\n    <b>OF</b>\n   </p>\n   <p class=\"center\">\n    <b>SENATE RESOLUTION</b>\n   </p>\n   <p class=\"center\">\n    <b>AMENDING THE RULES OF THE SENATE FOR THE YEARS 2023-2024</b>\n   </p>\n   <p class=\"indent\">This resolution would amend the rules of the Senate relative to committees and would create a new committee on artificial intelligence and emerging technologies.</p>\n  </div>\n </div>\n    </div>\t\n<table cellpadding=0 cellspacing=0 width=\"100%\">\n   <tr>\n      <td>\n          Copyright &copy; 2025 State Net\n      </td>\n<BR>\n<!--???MOVED INTO resources.cgi      <td align=\"right\">\n          <img src=\"https://custom.statenet.com/network/poweredby.gif\" alt=\"Powered by State Net\">\n      </td>-->\n\n    </tr>\n</table>\n</body></html>\n",
      "markdown": "The following has special meaning: _green underline denotes added text_ ~~red struck out text denotes deleted text~~ | [![Powered by State Net](https://custom.statenet.com/network/poweredby.gif)](https://www.lexisnexis.com/statenet/)  \n---|---  \n  \n2025 RI S 8 | | Author: | McKenney  \n---|---  \nVersion: | Adopted  \nVersion Date: | 01/14/2025  \n  \n**2025 -- S 0008**\n\n**STATE OF RHODE ISLAND**\n\n**IN GENERAL ASSEMBLY**\n\n**JANUARY SESSION, A.D. 2025**\n\n**____________**\n\n**SENATE RESOLUTION**\n\n**AMENDING THE RULES OF THE SENATE FOR THE YEARS 2023-2024**\n\n**_Introduced By:_ ** Senators McKenney, Gu, Ruggerio, Ciccone, Tikoian,\nLawson, Zurier, LaMountain, Felag, and Urso\n\n**_Date Introduced:_ ** January 14, 2025\n\n**_Referred To:_ ** Recommended for Immediate Consideration\n\nRESOLVED, That sections 5.1, 5.1-4 and 5.1-5 of the rules for the Senate\nadopted by the Senate at its January session A.D. 2023 entitled \"Senate\nResolution Adopting the Rules of the Senate for the Years 2023-2024\" be and\nthe same are hereby amended to read as follows:\n\n**SECTION 5.**\n\n**COMMITTEES**\n\n**5.1 Standing Committees.**\n\nThe senate shall have the following standing committees:\n\n1\\. Committee on Judiciary\n\n2\\. Committee on Finance\n\n3\\. Committee on Housing and Municipal Government\n\n4\\. Committee on Labor _and Gaming_\n\n5\\. Committee on Special Legislation and Veterans' Affairs\n\n6\\. Committee on Health and Human Services\n\n7\\. Committee on Education\n\n8\\. Committee on Commerce\n\n9\\. Committee on Environment and Agriculture\n\n10\\. Committee on Rules, Government Ethics and Oversight\n\n_11\\. Committee on Artificial Intelligence and Emerging Technologies_\n\n**5.1-4 Committee on Labor _and Gaming_.**\n\nIt shall be the duty of the committee on labor to consider the appointments of\nthe governor referred to it by the senate which require the advice and consent\nof the senate and all legislation and matters relating to _gaming issues,\nconstitutional amendments relating to gaming issues,_ the workers'\ncompensation and labor laws of the state, to maintain oversight over the\napplication, execution and operation of the laws within its jurisdiction and\nto consider such other matters as may be referred to it by the senate.\n\n**5.1-5 Committee on Special Legislation and Veterans ' Affairs.**\n\nIt shall be the duty of the committee on special legislation and veterans'\naffairs to consider the appointments of the governor referred to it by the\nsenate which require the advice and consent of the senate and all legislation\nand matters relating to constitutional amendments, liquor laws, ~~gaming\nissues,~~ license plates, veterans' affairs, domestic animals, commissions and\nresolutions, to maintain oversight over the application, execution and\noperation of the laws within its jurisdiction and to consider such other\nmatters as may be referred to it by the senate.\n\n_**_5.1-11 Committee on Artificial Intelligence and Emerging Technologies._ **\n_\n\n_It shall be the duty of the committee on artificial intelligence and emerging\ntechnologies to consider the appointments of the governor referred to it by\nthe senate which require the advice and consent of the senate and all\nlegislation and matters relating to the creation, use, and regulation of\nartificial intelligence and emerging technologies, and to maintain oversight\nover the application, execution and operation of the laws within its\njurisdiction and to consider such other matters as may be referred to it by\nthe senate._\n\n**EXPLANATION**\n\n**BY THE LEGISLATIVE COUNCIL**\n\n**OF**\n\n**SENATE RESOLUTION**\n\n**AMENDING THE RULES OF THE SENATE FOR THE YEARS 2023-2024**\n\nThis resolution would amend the rules of the Senate relative to committees and\nwould create a new committee on artificial intelligence and emerging\ntechnologies.\n\nCopyright (C) 2025 State Net  \n  \n---\n\n",
      "latest_version": true
    }
  ]
}