{
  "bill_id": "RI2025000S358",
  "source_url": "http://custom.statenet.com/public/resources.cgi?id=ID:bill:RI2025000S358&cuiq=93d84396-c63b-526a-b152-38b7f79b4cfd&client_md=e4f6fea4-27b4-5d41-b7d3-766fe52569f0",
  "versions": [
    {
      "date": "02/21/2025",
      "label": "Introduced",
      "url": "https://custom.statenet.com/public/resources.cgi?mode=show_text&id=ID:bill:RI2025000S358&verid=RI2025000S358_20250221_0_I&",
      "raw_html": "<html>\n<head>\n<title>Bill Resource</title>\n\n<!--   <link href=\"https://custom.statenet.com/network/Common/css/extregtext.css\" rel=\"stylesheet\" type=\"text/css\" />-->\n   <link href=\"https://custom.statenet.com/network/Common/css/xmltext-2.0.css\" rel=\"stylesheet\" type=\"text/css\" />\n   <link href=\"https://custom.statenet.com/network/Common/css/additional-text.css\" rel=\"stylesheet\" type=\"text/css\" />\n\n\t<style type=\"text/css\">\n<!--\n\ntd, body {\n     background-color: white;\n\tfont-family: Verdana, Arial, Helvetica, sans-serif;\n\tfont-size: 12px;\n}\n\n.resourceContainer {\n   border: 1px solid black;\n}\n-->\n</style>\n</head>\n<body>\n\n    <div style=\"width: 750px; margin: auto\">\n       <div style=\"font-size: .8em;margin-bottom: 10px\"><table width=\"100%\"><tr><td align=\"left\" style=\"font-size: .8em;\"><div>The following has special meaning:</div>\n<div><u class=\"amendmentInsertedText\">green underline denotes added text</u></div>\n<div><strike class=\"amendmentDeletedText\">red struck out text denotes deleted text</strike></div></td> <td align=\"right\"><a href=\"https://www.lexisnexis.com/statenet/\"><img alt=\"Powered by State Net\" src=\"https://custom.statenet.com/network/poweredby.gif\" /></a></td></tr></table></div><table id=\"text-identifier\"><tr><td class=\"key\">2025 RI S 358</td> <td><table><tr><td class=\"label\">Author:</td> <td>Gu</td></tr> <tr><td class=\"label\">Version:</td> <td>Introduced</td></tr> <tr><td class=\"label\">Version Date:</td> <td>02/21/2025</td></tr></table></td></tr></table><div class=\"documentBody\">\n  <a name=\"head_document_section\"></a><div class=\"head\">\n   <p class=\"center\">\n    <b>2025 -- S 0358</b>\n   </p>\n   <p class=\"center\">\n    <b>STATE OF RHODE ISLAND</b>\n   </p>\n   <p class=\"center\">\n    <b>IN GENERAL ASSEMBLY</b>\n   </p>\n   <p class=\"center\">\n    <b>JANUARY SESSION, A.D. 2025</b>\n   </p>\n   <p class=\"center\">\n    <b>____________</b>\n   </p>\n  </div>\n  <a name=\"title_document_section\"></a><div class=\"title\">\n   <p class=\"center\">\n    <b>AN ACT</b>\n   </p>\n   <p class=\"center\">\n    <b>RELATING TO COURTS AND CIVIL PROCEDURE -- PROCEDURE GENERALLY -- CAUSES OF ACTION</b>\n   </p>\n  </div>\n  <a name=\"history_document_section\"></a><div class=\"history\">\n   <p class=\"indent\">\n    <b>\n     <u>Introduced By:</u>\n    </b> Senators Gu, Zurier, DiPalma, Burke, Bell, Kallman, Bissaillon, Euer, and Tikoian</p>\n   <p class=\"indent\">\n    <b>\n     <u>Date Introduced:</u>\n    </b> February 21, 2025</p>\n   <p class=\"indent\">\n    <b>\n     <u>Referred To:</u>\n    </b> Senate Judiciary</p>\n  </div>\n  <a name=\"text_document_section\"></a><div class=\"text\">\n   <span>\n    <p class=\"indent\">It is enacted by the General Assembly as follows:</p>\n   </span>\n   <p class=\"indent\">SECTION 1. Chapter 9-1 of the General Laws entitled &quot;Causes of Action&quot; is hereby amended by adding thereto the following section:</p>\n   <p class=\"indent\">\n    <u class=\"amendmentInsertedText\">\n     <b>\n      <u>9-1-55. Artificial intelligence; liability for injuries. </u>\n     </b>\n    </u>\n   </p>\n   <p class=\"indent\">\n    <u class=\"amendmentInsertedText\">(a) When used in this section, the following words and phrases shall have the following meanings:</u>\n   </p>\n   <p class=\"indent\">\n    <u class=\"amendmentInsertedText\">(1) &quot;Artificial intelligence&quot; means an engineered or machine-based system that varies in its level of autonomy and that can, for explicit or implicit objectives, infer from the input it receives how to generate outputs that can influence physical or virtual environments. </u>\n   </p>\n   <p class=\"indent\">\n    <u class=\"amendmentInsertedText\">(2) &quot;Covered model&quot; means either of the following: </u>\n   </p>\n   <p class=\"indent\">\n    <u class=\"amendmentInsertedText\">(i) An artificial intelligence model trained using a quantity of computing power greater than 10^26 integer or floating-point operations, the cost of which exceeds one hundred million dollars ($100,000,000) when calculated using the average market prices of cloud compute at the start of training as reasonably assessed by the developer; or </u>\n   </p>\n   <p class=\"indent\">\n    <u class=\"amendmentInsertedText\">(ii) An artificial intelligence model created by fine-tuning a covered model using a quantity of computing power equal to or greater than three (3) times 10^25 integer or floating-point operations, the cost of which, as reasonably assessed by the developer, exceeds ten million dollars ($10,000,000) if calculated using the average market price of cloud compute at the start of fine-tuning.</u>\n   </p>\n   <p class=\"indent\">\n    <u class=\"amendmentInsertedText\">(3) &quot;Covered model derivative&quot; means any of the following: </u>\n   </p>\n   <p class=\"indent\">\n    <u class=\"amendmentInsertedText\">(i) An unmodified copy of a covered model; </u>\n   </p>\n   <p class=\"indent\">\n    <u class=\"amendmentInsertedText\">(ii) A copy of a covered model that has been subjected to post-training modifications unrelated to fine-tuning; </u>\n   </p>\n   <p class=\"indent\">\n    <u class=\"amendmentInsertedText\">(iii) A copy of a covered model that has been fine-tuned using a quantity of computing power not exceeding three (3) times 10^25 integer or floating-point operations, the cost of which, as reasonably assessed by the developer, does not exceed one million dollars ($1,000,000) if calculated using the average market price of cloud compute at the start of fine-tuning; or </u>\n   </p>\n   <p class=\"indent\">\n    <u class=\"amendmentInsertedText\">(4) A copy of a covered model that has been combined with other software. </u>\n   </p>\n   <p class=\"indent\">\n    <u class=\"amendmentInsertedText\">(5) &quot;Developer&quot; means a person that performs the initial training of a covered model either by training a model using a sufficient quantity of computing power and cost, or by fine-tuning an existing covered model or covered model derivative using a quantity of computing power and cost greater than the amount specified in subsection (a)(2) of this section. </u>\n   </p>\n   <p class=\"indent\">\n    <u class=\"amendmentInsertedText\">(6) &quot;Fine-tuning&quot; means adjusting the model weights of a trained covered model or covered model derivative by exposing it to additional data.</u>\n   </p>\n   <p class=\"indent\">\n    <u class=\"amendmentInsertedText\">(b) Artificial intelligence; liability for injuries. Except with respect to any causes of action for defamation, developers of covered models or covered model derivatives shall be strictly liable, regardless of the degree of care they exercised, for all injuries to a non-user of the covered model or covered model derivative that satisfy the actual harm element of an ordinary negligence claim if: </u>\n   </p>\n   <p class=\"indent\">\n    <u class=\"amendmentInsertedText\">(1) Those injuries are factually and proximately caused by a covered model or covered model derivative that engages in conduct that, if undertaken by an adult human of sound mind, would satisfy the elements of negligence or any intentional tort or crime; and </u>\n   </p>\n   <p class=\"indent\">\n    <u class=\"amendmentInsertedText\">(2) That conduct was neither intended nor could have been reasonably anticipated by: </u>\n   </p>\n   <p class=\"indent\">\n    <u class=\"amendmentInsertedText\">(i) The user of the model; or </u>\n   </p>\n   <p class=\"indent\">\n    <u class=\"amendmentInsertedText\">(ii) Any intermediary that fine-tuned, scaffolded, or otherwise modified the model.</u>\n   </p>\n   <p class=\"indent\">\n    <u class=\"amendmentInsertedText\">(c)(1) For the purposes of this section, any torts for which the mental state of the alleged tortfeasor is relevant to elements of the tort, there shall be a rebuttable presumption that the artificial intelligence system satisfies the relevant mental state if the finder of fact determines by a preponderance of the evidence that, if a natural person under similar circumstances to the artificial intelligence system took actions similar to those taken by the artificial intelligence system, that natural person would have acted with the relevant mental state. </u>\n   </p>\n   <p class=\"indent\">\n    <u class=\"amendmentInsertedText\">(2) Unless the court determines that the presumption established in subsection (c)(1) of this section is not applicable, if the party against whom the presumption is invoked presents evidence tending to rebut the presumption established in subsection (c)(1) of this section, the court shall instruct the finder of fact to find that the presumed facts exist unless the finder of fact is persuaded that the presumed facts do not exist. </u>\n   </p>\n   <p class=\"indent\">\n    <u class=\"amendmentInsertedText\">(3) For the purposes of this section, it shall not be a defense that artificial intelligence systems are incapable of having mental states.</u>\n   </p>\n   <p class=\"indent\">\n    <u class=\"amendmentInsertedText\">(d)(1) It shall be an affirmative defense to strict liability if the developer establishes that the covered model or covered model derivative satisfied the standard of care applicable to humans who perform the same function that the covered model or covered model derivative was engaged in performing when its conduct allegedly caused the plaintiff&#39;s injury.</u>\n   </p>\n   <p class=\"indent\">\n    <u class=\"amendmentInsertedText\">(2) It shall be an affirmative defense to strict liability if the developer establishes that the injuries to a non-user as described in this section were a result of a capabilities failure, in which a covered model or covered model derivative falls short of performing the intended or reasonably anticipated performance of the user, but the conduct of the system would not satisfy the elements of negligence or any intentional tort or crime if engaged in by an adult human of sound mind.</u>\n   </p>\n   <p class=\"indent\">SECTION 2. This act shall take effect upon passage.</p>\n  </div>\n  <a name=\"digest_document_section\"></a><div class=\"digest\">\n   <p class=\"center\">\n    <b>EXPLANATION</b>\n   </p>\n   <p class=\"center\">\n    <b>BY THE LEGISLATIVE COUNCIL</b>\n   </p>\n   <p class=\"center\">\n    <b>OF</b>\n   </p>\n   <p class=\"center\">\n    <b>AN ACT</b>\n   </p>\n   <p class=\"center\">\n    <b>RELATING TO COURTS AND CIVIL PROCEDURE -- PROCEDURE GENERALLY -- CAUSES OF ACTION</b>\n   </p>\n   <p class=\"indent\">This act would provide a civil cause of action for individuals injured by artificial intelligence.</p>\n   <p class=\"indent\">This act would take effect upon passage.</p>\n  </div>\n </div>\n    </div>\t\n<table cellpadding=0 cellspacing=0 width=\"100%\">\n   <tr>\n      <td>\n          Copyright &copy; 2025 State Net\n      </td>\n<BR>\n<!--???MOVED INTO resources.cgi      <td align=\"right\">\n          <img src=\"https://custom.statenet.com/network/poweredby.gif\" alt=\"Powered by State Net\">\n      </td>-->\n\n    </tr>\n</table>\n</body></html>\n",
      "markdown": "The following has special meaning: _green underline denotes added text_ ~~red struck out text denotes deleted text~~ | [![Powered by State Net](https://custom.statenet.com/network/poweredby.gif)](https://www.lexisnexis.com/statenet/)  \n---|---  \n  \n2025 RI S 358 | | Author: | Gu  \n---|---  \nVersion: | Introduced  \nVersion Date: | 02/21/2025  \n  \n**2025 -- S 0358**\n\n**STATE OF RHODE ISLAND**\n\n**IN GENERAL ASSEMBLY**\n\n**JANUARY SESSION, A.D. 2025**\n\n**____________**\n\n**AN ACT**\n\n**RELATING TO COURTS AND CIVIL PROCEDURE -- PROCEDURE GENERALLY -- CAUSES OF\nACTION**\n\n**_Introduced By:_ ** Senators Gu, Zurier, DiPalma, Burke, Bell, Kallman,\nBissaillon, Euer, and Tikoian\n\n**_Date Introduced:_ ** February 21, 2025\n\n**_Referred To:_ ** Senate Judiciary\n\nIt is enacted by the General Assembly as follows:\n\nSECTION 1. Chapter 9-1 of the General Laws entitled \"Causes of Action\" is\nhereby amended by adding thereto the following section:\n\n_**_9-1-55. Artificial intelligence; liability for injuries._ ** _\n\n_(a) When used in this section, the following words and phrases shall have the\nfollowing meanings:_\n\n_(1) \"Artificial intelligence\" means an engineered or machine-based system\nthat varies in its level of autonomy and that can, for explicit or implicit\nobjectives, infer from the input it receives how to generate outputs that can\ninfluence physical or virtual environments. _\n\n_(2) \"Covered model\" means either of the following: _\n\n_(i) An artificial intelligence model trained using a quantity of computing\npower greater than 10^26 integer or floating-point operations, the cost of\nwhich exceeds one hundred million dollars ($100,000,000) when calculated using\nthe average market prices of cloud compute at the start of training as\nreasonably assessed by the developer; or_\n\n_(ii) An artificial intelligence model created by fine-tuning a covered model\nusing a quantity of computing power equal to or greater than three (3) times\n10^25 integer or floating-point operations, the cost of which, as reasonably\nassessed by the developer, exceeds ten million dollars ($10,000,000) if\ncalculated using the average market price of cloud compute at the start of\nfine-tuning._\n\n_(3) \"Covered model derivative\" means any of the following: _\n\n_(i) An unmodified copy of a covered model;_\n\n_(ii) A copy of a covered model that has been subjected to post-training\nmodifications unrelated to fine-tuning;_\n\n_(iii) A copy of a covered model that has been fine-tuned using a quantity of\ncomputing power not exceeding three (3) times 10^25 integer or floating-point\noperations, the cost of which, as reasonably assessed by the developer, does\nnot exceed one million dollars ($1,000,000) if calculated using the average\nmarket price of cloud compute at the start of fine-tuning; or_\n\n_(4) A copy of a covered model that has been combined with other software._\n\n_(5) \"Developer\" means a person that performs the initial training of a\ncovered model either by training a model using a sufficient quantity of\ncomputing power and cost, or by fine-tuning an existing covered model or\ncovered model derivative using a quantity of computing power and cost greater\nthan the amount specified in subsection (a)(2) of this section. _\n\n_(6) \"Fine-tuning\" means adjusting the model weights of a trained covered\nmodel or covered model derivative by exposing it to additional data._\n\n_(b) Artificial intelligence; liability for injuries. Except with respect to\nany causes of action for defamation, developers of covered models or covered\nmodel derivatives shall be strictly liable, regardless of the degree of care\nthey exercised, for all injuries to a non-user of the covered model or covered\nmodel derivative that satisfy the actual harm element of an ordinary\nnegligence claim if:_\n\n_(1) Those injuries are factually and proximately caused by a covered model or\ncovered model derivative that engages in conduct that, if undertaken by an\nadult human of sound mind, would satisfy the elements of negligence or any\nintentional tort or crime; and_\n\n_(2) That conduct was neither intended nor could have been reasonably\nanticipated by:_\n\n_(i) The user of the model; or_\n\n_(ii) Any intermediary that fine-tuned, scaffolded, or otherwise modified the\nmodel._\n\n_(c)(1) For the purposes of this section, any torts for which the mental state\nof the alleged tortfeasor is relevant to elements of the tort, there shall be\na rebuttable presumption that the artificial intelligence system satisfies the\nrelevant mental state if the finder of fact determines by a preponderance of\nthe evidence that, if a natural person under similar circumstances to the\nartificial intelligence system took actions similar to those taken by the\nartificial intelligence system, that natural person would have acted with the\nrelevant mental state._\n\n_(2) Unless the court determines that the presumption established in\nsubsection (c)(1) of this section is not applicable, if the party against whom\nthe presumption is invoked presents evidence tending to rebut the presumption\nestablished in subsection (c)(1) of this section, the court shall instruct the\nfinder of fact to find that the presumed facts exist unless the finder of fact\nis persuaded that the presumed facts do not exist._\n\n_(3) For the purposes of this section, it shall not be a defense that\nartificial intelligence systems are incapable of having mental states._\n\n_(d)(1) It shall be an affirmative defense to strict liability if the\ndeveloper establishes that the covered model or covered model derivative\nsatisfied the standard of care applicable to humans who perform the same\nfunction that the covered model or covered model derivative was engaged in\nperforming when its conduct allegedly caused the plaintiff 's injury._\n\n_(2) It shall be an affirmative defense to strict liability if the developer\nestablishes that the injuries to a non-user as described in this section were\na result of a capabilities failure, in which a covered model or covered model\nderivative falls short of performing the intended or reasonably anticipated\nperformance of the user, but the conduct of the system would not satisfy the\nelements of negligence or any intentional tort or crime if engaged in by an\nadult human of sound mind._\n\nSECTION 2. This act shall take effect upon passage.\n\n**EXPLANATION**\n\n**BY THE LEGISLATIVE COUNCIL**\n\n**OF**\n\n**AN ACT**\n\n**RELATING TO COURTS AND CIVIL PROCEDURE -- PROCEDURE GENERALLY -- CAUSES OF\nACTION**\n\nThis act would provide a civil cause of action for individuals injured by\nartificial intelligence.\n\nThis act would take effect upon passage.\n\nCopyright (C) 2025 State Net  \n  \n---\n\n",
      "latest_version": true
    }
  ]
}