{
  "bill_id": "SC2025000H3796",
  "source_url": "http://custom.statenet.com/public/resources.cgi?id=ID:bill:SC2025000H3796&cuiq=93d84396-c63b-526a-b152-38b7f79b4cfd&client_md=e4f6fea4-27b4-5d41-b7d3-766fe52569f0",
  "versions": [
    {
      "date": "01/28/2025",
      "label": "Introduced",
      "url": "https://custom.statenet.com/public/resources.cgi?mode=show_text&id=ID:bill:SC2025000H3796&verid=SC2025000H3796_20250128_0_I&",
      "raw_html": "<html>\n<head>\n<title>Bill Resource</title>\n\n<!--   <link href=\"https://custom.statenet.com/network/Common/css/extregtext.css\" rel=\"stylesheet\" type=\"text/css\" />-->\n   <link href=\"https://custom.statenet.com/network/Common/css/xmltext-2.0.css\" rel=\"stylesheet\" type=\"text/css\" />\n   <link href=\"https://custom.statenet.com/network/Common/css/additional-text.css\" rel=\"stylesheet\" type=\"text/css\" />\n\n\t<style type=\"text/css\">\n<!--\n\ntd, body {\n     background-color: white;\n\tfont-family: Verdana, Arial, Helvetica, sans-serif;\n\tfont-size: 12px;\n}\n\n.resourceContainer {\n   border: 1px solid black;\n}\n-->\n</style>\n</head>\n<body>\n\n    <div style=\"width: 750px; margin: auto\">\n       <div style=\"font-size: .8em;margin-bottom: 10px\"><table width=\"100%\"><tr><td align=\"left\" style=\"font-size: .8em;\"><div>The following has special meaning:</div>\n<div><u class=\"amendmentInsertedText\">green underline denotes added text</u></div>\n<div><strike class=\"amendmentDeletedText\">red struck out text denotes deleted text</strike></div></td> <td align=\"right\"><a href=\"https://www.lexisnexis.com/statenet/\"><img alt=\"Powered by State Net\" src=\"https://custom.statenet.com/network/poweredby.gif\" /></a></td></tr></table></div><table id=\"text-identifier\"><tr><td class=\"key\">2025 SC H 3796</td> <td><table><tr><td class=\"label\">Author:</td> <td>Kilmartin</td></tr> <tr><td class=\"label\">Version:</td> <td>Introduced</td></tr> <tr><td class=\"label\">Version Date:</td> <td>01/28/2025</td></tr></table></td></tr></table><div class=\"documentBody\">\n  <a name=\"head_document_section\"></a><div class=\"head\">\n   <p class=\"center\">\n    <b>South Carolina General Assembly</b>\n   </p>\n   <p class=\"center\">126th Session, 2025-2026</p>\n   <p class=\"center\">\n    <b>H. 3796</b>\n   </p>\n  </div>\n  <a name=\"code_document_section\"></a><div class=\"code\">\n   <p class=\"center\">\n    <b>A BILL</b>\n   </p>\n   <p class=\"indent\">TO AMEND THE SOUTH CAROLINA CODE OF LAWS BY ADDING ARTICLE 29 TO CHAPTER 1, TITLE 1 SO AS TO PROHIBIT A GOVERNMENTAL ENTITY FROM GRANTING OR RECOGNIZING LEGAL PERSONHOOD IN CERTAIN ITEMS.</p>\n  </div>\n  <a name=\"text_document_section\"></a><div class=\"text\">\n   <span>\n    <p class=\"indent\">Be it enacted by the General Assembly of the State of South Carolina:</p>\n   </span>\n   <p class=\"indent\">SECTION 1. Chapter 1, Title 1 of the S.C. Code is amended by adding:</p>\n   <p class=\"center\">Article 29</p>\n   <p class=\"center\">Legal Personhood</p>\n   <p class=\"indent\"> Section 1-1-1910. (A) As used in this article:</p>\n   <p class=\"indent\"> (1) &quot;Body of water&quot; means any natural or man-made accumulation of water, regardless of whether the accumulation of water is static or subject to a force that causes a hydrological current.</p>\n   <p class=\"indent\"> (2) &quot;Governmental entity&quot; means:</p>\n   <p class=\"indent\"> (a) a court;</p>\n   <p class=\"indent\"> (b) the General Assembly;</p>\n   <p class=\"indent\"> (c) the governing body of a political subdivision; or</p>\n   <p class=\"indent\"> (d) another entity of the State or a political subdivision, if the entity has adjudicatory or rulemaking authority.</p>\n   <p class=\"indent\"> (3) &quot;Human being&quot; means a member of the species classified as Homo sapiens;</p>\n   <p class=\"indent\"> (4) &quot;Land&quot; means the solid terrestrial surface or subsurface of the earth.</p>\n   <p class=\"indent\"> (5) &quot;Legal personhood&quot; means:</p>\n   <p class=\"indent\"> (a) the legal rights and obligations of an individual under the laws of this State; or</p>\n   <p class=\"indent\"> (b) the legal rights and obligations of a person other than an individual under the laws of this State.</p>\n   <p class=\"indent\"> (6) &quot;Political subdivision&quot; means the same as that term is defined in Section 2-7-76.</p>\n   <p class=\"indent\"> (7) &quot;Real property&quot; means any building, fixture, improvement, appurtenance, structure, or other development that is affixed permanently to land.</p>\n   <p class=\"indent\"> (8) &quot;State&quot; means the same as that term is defined in Section 1-3-490.</p>\n   <p class=\"indent\"> (B) Notwithstanding any other provision of law, a governmental entity may not grant legal personhood to, nor recognize legal personhood in:</p>\n   <p class=\"indent\"> (1) artificial intelligence;</p>\n   <p class=\"indent\"> (2) an inanimate object;</p>\n   <p class=\"indent\"> (3) a body of water;</p>\n   <p class=\"indent\"> (4) land;</p>\n   <p class=\"indent\"> (5) real property;</p>\n   <p class=\"indent\"> (6) atmospheric gases;</p>\n   <p class=\"indent\"> (7) an astronomical object;</p>\n   <p class=\"indent\"> (8) weather;</p>\n   <p class=\"indent\"> (9) a plant;</p>\n   <p class=\"indent\"> (10) a nonhuman animal; or</p>\n   <p class=\"indent\"> (11) any other member of a taxonomic domain that is not a human being.</p>\n   <p class=\"indent\">SECTION 2. This act takes upon approval by the Governor.</p>\n  </div>\n </div>\n    </div>\t\n<table cellpadding=0 cellspacing=0 width=\"100%\">\n   <tr>\n      <td>\n          Copyright &copy; 2025 State Net\n      </td>\n<BR>\n<!--???MOVED INTO resources.cgi      <td align=\"right\">\n          <img src=\"https://custom.statenet.com/network/poweredby.gif\" alt=\"Powered by State Net\">\n      </td>-->\n\n    </tr>\n</table>\n</body></html>\n",
      "markdown": "The following has special meaning: _green underline denotes added text_ ~~red struck out text denotes deleted text~~ | [![Powered by State Net](https://custom.statenet.com/network/poweredby.gif)](https://www.lexisnexis.com/statenet/)  \n---|---  \n  \n2025 SC H 3796 | | Author: | Kilmartin  \n---|---  \nVersion: | Introduced  \nVersion Date: | 01/28/2025  \n  \n**South Carolina General Assembly**\n\n126th Session, 2025-2026\n\n**H. 3796**\n\n**A BILL**\n\nTO AMEND THE SOUTH CAROLINA CODE OF LAWS BY ADDING ARTICLE 29 TO CHAPTER 1,\nTITLE 1 SO AS TO PROHIBIT A GOVERNMENTAL ENTITY FROM GRANTING OR RECOGNIZING\nLEGAL PERSONHOOD IN CERTAIN ITEMS.\n\nBe it enacted by the General Assembly of the State of South Carolina:\n\nSECTION 1. Chapter 1, Title 1 of the S.C. Code is amended by adding:\n\nArticle 29\n\nLegal Personhood\n\nSection 1-1-1910. (A) As used in this article:\n\n(1) \"Body of water\" means any natural or man-made accumulation of water,\nregardless of whether the accumulation of water is static or subject to a\nforce that causes a hydrological current.\n\n(2) \"Governmental entity\" means:\n\n(a) a court;\n\n(b) the General Assembly;\n\n(c) the governing body of a political subdivision; or\n\n(d) another entity of the State or a political subdivision, if the entity has\nadjudicatory or rulemaking authority.\n\n(3) \"Human being\" means a member of the species classified as Homo sapiens;\n\n(4) \"Land\" means the solid terrestrial surface or subsurface of the earth.\n\n(5) \"Legal personhood\" means:\n\n(a) the legal rights and obligations of an individual under the laws of this\nState; or\n\n(b) the legal rights and obligations of a person other than an individual\nunder the laws of this State.\n\n(6) \"Political subdivision\" means the same as that term is defined in Section\n2-7-76.\n\n(7) \"Real property\" means any building, fixture, improvement, appurtenance,\nstructure, or other development that is affixed permanently to land.\n\n(8) \"State\" means the same as that term is defined in Section 1-3-490.\n\n(B) Notwithstanding any other provision of law, a governmental entity may not\ngrant legal personhood to, nor recognize legal personhood in:\n\n(1) artificial intelligence;\n\n(2) an inanimate object;\n\n(3) a body of water;\n\n(4) land;\n\n(5) real property;\n\n(6) atmospheric gases;\n\n(7) an astronomical object;\n\n(8) weather;\n\n(9) a plant;\n\n(10) a nonhuman animal; or\n\n(11) any other member of a taxonomic domain that is not a human being.\n\nSECTION 2. This act takes upon approval by the Governor.\n\nCopyright (C) 2025 State Net  \n  \n---\n\n",
      "latest_version": true
    }
  ]
}