{
  "bill_id": "SC2025000S225",
  "source_url": "http://custom.statenet.com/public/resources.cgi?id=ID:bill:SC2025000S225&cuiq=93d84396-c63b-526a-b152-38b7f79b4cfd&client_md=e4f6fea4-27b4-5d41-b7d3-766fe52569f0",
  "versions": [
    {
      "date": "01/15/2025",
      "label": "Introduced",
      "url": "https://custom.statenet.com/public/resources.cgi?mode=show_text&id=ID:bill:SC2025000S225&verid=SC2025000S225_20250115_0_I&",
      "raw_html": "<html>\n<head>\n<title>Bill Resource</title>\n\n<!--   <link href=\"https://custom.statenet.com/network/Common/css/extregtext.css\" rel=\"stylesheet\" type=\"text/css\" />-->\n   <link href=\"https://custom.statenet.com/network/Common/css/xmltext-2.0.css\" rel=\"stylesheet\" type=\"text/css\" />\n   <link href=\"https://custom.statenet.com/network/Common/css/additional-text.css\" rel=\"stylesheet\" type=\"text/css\" />\n\n\t<style type=\"text/css\">\n<!--\n\ntd, body {\n     background-color: white;\n\tfont-family: Verdana, Arial, Helvetica, sans-serif;\n\tfont-size: 12px;\n}\n\n.resourceContainer {\n   border: 1px solid black;\n}\n-->\n</style>\n</head>\n<body>\n\n    <div style=\"width: 750px; margin: auto\">\n       <div style=\"font-size: .8em;margin-bottom: 10px\"><table width=\"100%\"><tr><td align=\"left\" style=\"font-size: .8em;\"><div>The following has special meaning:</div>\n<div><u class=\"amendmentInsertedText\">green underline denotes added text</u></div>\n<div><strike class=\"amendmentDeletedText\">red struck out text denotes deleted text</strike></div></td> <td align=\"right\"><a href=\"https://www.lexisnexis.com/statenet/\"><img alt=\"Powered by State Net\" src=\"https://custom.statenet.com/network/poweredby.gif\" /></a></td></tr></table></div><table id=\"text-identifier\"><tr><td class=\"key\">2025 SC S 225</td> <td><table><tr><td class=\"label\">Author:</td> <td>Leber</td></tr> <tr><td class=\"label\">Version:</td> <td>Introduced</td></tr> <tr><td class=\"label\">Version Date:</td> <td>01/15/2025</td></tr></table></td></tr></table><div class=\"documentBody\">\n  <a name=\"head_document_section\"></a><div class=\"head\">\n   <p class=\"center\">\n    <b>South Carolina General Assembly</b>\n   </p>\n   <p class=\"center\">126th Session, 2025-2026</p>\n   <p class=\"center\">\n    <b>S. 225</b>\n   </p>\n  </div>\n  <a name=\"code_document_section\"></a><div class=\"code\">\n   <p class=\"center\">\n    <b>A SENATE RESOLUTION</b>\n   </p>\n   <p class=\"indent\">TO EXPRESS SUPPORT FOR THE DEVELOPMENT OF ARTIFICIAL INTELLIGENCE TECHNOLOGIES IN THE STATE OF SOUTH CAROLINA AND OPPOSE CENSORSHIP OR BIAS THAT WOULD HAMPER THE GROWTH OF THESE TECHNOLOGICAL ADVANCEMENTS.</p>\n  </div>\n  <a name=\"text_document_section\"></a><div class=\"text\">\n   <p class=\"indent\">Whereas, on October 30, 2023, President Joseph Biden executed and released the White House Executive Order on Safe, Secure, and Trustworthy Artificial Intelligence; and</p>\n   <p class=\"indent\">Whereas, Artificial Intelligence (AI) technologies, including large language models (LLMs), are rapidly advancing and have significant implications for the economy, privacy, and security; and</p>\n   <p class=\"indent\">Whereas, closed-source, for-profit AI LLMs developed by entities such as Google and OpenAI have raised concerns regarding censorship, bias, and the concentration of power within large tech companies often associated with political ideologies; and</p>\n   <p class=\"indent\">Whereas, open-source AI models offer a transparent alternative where the public can scrutinize, modify, and improve the code, thus democratizing AI development and reducing the risk of hidden biases and censorship; and</p>\n   <p class=\"indent\">Whereas, partnerships with universities, research institutions, and nonprofits can foster ethical AI development and promote research on transparency and accountability; and</p>\n   <p class=\"indent\">Whereas, the State of South Carolina has the opportunity to attract and nurture a diverse range of AI businesses by offering data center incentives and fostering a competitive environment; and</p>\n   <p class=\"indent\">Whereas, both closed-source and open-source AI models entail risks, such as the potential for powerful AI technologies to be exploited by nefarious actors, including foreign adversaries like China; and</p>\n   <p class=\"indent\">Whereas, technology-neutral regulations that address harmful business practices rather than the underlying technology are less likely to stifle innovation and more likely to remain relevant as AI technologies evolve; and</p>\n   <p class=\"indent\">Whereas, the State should take action to block federal overreach that could hamper the State&#39;s ability to foster an environment conducive to AI innovation and growth; and</p>\n   <p class=\"indent\">Whereas, companies that develop or deploy AI systems must be held accountable for negligence that leads to the misuse or abuse of these technologies, whether intentional or inadvertent; and</p>\n   <p class=\"indent\">Whereas, the South Carolina Senate recommends the establishment of clear and strong prohibitions on activities that violate privacy rights or enable mass surveillance, while carefully avoiding regulations that would inhibit technological innovation and progress; and</p>\n   <p class=\"indent\">Whereas, alongside the South Carolina Emerging Tech Association, Inc., the University of South Carolina-Artificial Intelligence Institute, the University of South Carolina School of Law, the University of South Carolina Darla Moore School, and Clemson University, the South Carolina Senate supports the promotion of open-source artificial intelligence (AI) development, the safeguarding against the monopolistic tendencies of closed-source, for-profit AI entities, and the creation of a regulatory environment that fosters innovation while guarding against misuse. Now, therefore,</p>\n   <p class=\"indent\">Be it resolved by the Senate:</p>\n   <p class=\"indent\">That the members of the South Carolina Senate, by this resolution, express support for the development of artificial intelligence technologies in the State of South Carolina and oppose censorship or bias that would hamper the growth of these technological advancements.</p>\n  </div>\n </div>\n    </div>\t\n<table cellpadding=0 cellspacing=0 width=\"100%\">\n   <tr>\n      <td>\n          Copyright &copy; 2025 State Net\n      </td>\n<BR>\n<!--???MOVED INTO resources.cgi      <td align=\"right\">\n          <img src=\"https://custom.statenet.com/network/poweredby.gif\" alt=\"Powered by State Net\">\n      </td>-->\n\n    </tr>\n</table>\n</body></html>\n",
      "markdown": "The following has special meaning: _green underline denotes added text_ ~~red struck out text denotes deleted text~~ | [![Powered by State Net](https://custom.statenet.com/network/poweredby.gif)](https://www.lexisnexis.com/statenet/)  \n---|---  \n  \n2025 SC S 225 | | Author: | Leber  \n---|---  \nVersion: | Introduced  \nVersion Date: | 01/15/2025  \n  \n**South Carolina General Assembly**\n\n126th Session, 2025-2026\n\n**S. 225**\n\n**A SENATE RESOLUTION**\n\nTO EXPRESS SUPPORT FOR THE DEVELOPMENT OF ARTIFICIAL INTELLIGENCE TECHNOLOGIES\nIN THE STATE OF SOUTH CAROLINA AND OPPOSE CENSORSHIP OR BIAS THAT WOULD HAMPER\nTHE GROWTH OF THESE TECHNOLOGICAL ADVANCEMENTS.\n\nWhereas, on October 30, 2023, President Joseph Biden executed and released the\nWhite House Executive Order on Safe, Secure, and Trustworthy Artificial\nIntelligence; and\n\nWhereas, Artificial Intelligence (AI) technologies, including large language\nmodels (LLMs), are rapidly advancing and have significant implications for the\neconomy, privacy, and security; and\n\nWhereas, closed-source, for-profit AI LLMs developed by entities such as\nGoogle and OpenAI have raised concerns regarding censorship, bias, and the\nconcentration of power within large tech companies often associated with\npolitical ideologies; and\n\nWhereas, open-source AI models offer a transparent alternative where the\npublic can scrutinize, modify, and improve the code, thus democratizing AI\ndevelopment and reducing the risk of hidden biases and censorship; and\n\nWhereas, partnerships with universities, research institutions, and nonprofits\ncan foster ethical AI development and promote research on transparency and\naccountability; and\n\nWhereas, the State of South Carolina has the opportunity to attract and\nnurture a diverse range of AI businesses by offering data center incentives\nand fostering a competitive environment; and\n\nWhereas, both closed-source and open-source AI models entail risks, such as\nthe potential for powerful AI technologies to be exploited by nefarious\nactors, including foreign adversaries like China; and\n\nWhereas, technology-neutral regulations that address harmful business\npractices rather than the underlying technology are less likely to stifle\ninnovation and more likely to remain relevant as AI technologies evolve; and\n\nWhereas, the State should take action to block federal overreach that could\nhamper the State's ability to foster an environment conducive to AI innovation\nand growth; and\n\nWhereas, companies that develop or deploy AI systems must be held accountable\nfor negligence that leads to the misuse or abuse of these technologies,\nwhether intentional or inadvertent; and\n\nWhereas, the South Carolina Senate recommends the establishment of clear and\nstrong prohibitions on activities that violate privacy rights or enable mass\nsurveillance, while carefully avoiding regulations that would inhibit\ntechnological innovation and progress; and\n\nWhereas, alongside the South Carolina Emerging Tech Association, Inc., the\nUniversity of South Carolina-Artificial Intelligence Institute, the University\nof South Carolina School of Law, the University of South Carolina Darla Moore\nSchool, and Clemson University, the South Carolina Senate supports the\npromotion of open-source artificial intelligence (AI) development, the\nsafeguarding against the monopolistic tendencies of closed-source, for-profit\nAI entities, and the creation of a regulatory environment that fosters\ninnovation while guarding against misuse. Now, therefore,\n\nBe it resolved by the Senate:\n\nThat the members of the South Carolina Senate, by this resolution, express\nsupport for the development of artificial intelligence technologies in the\nState of South Carolina and oppose censorship or bias that would hamper the\ngrowth of these technological advancements.\n\nCopyright (C) 2025 State Net  \n  \n---\n\n",
      "latest_version": true
    }
  ]
}