{
  "bill_id": "TN2025000H1209",
  "source_url": "http://custom.statenet.com/public/resources.cgi?id=ID:bill:TN2025000H1209&cuiq=93d84396-c63b-526a-b152-38b7f79b4cfd&client_md=e4f6fea4-27b4-5d41-b7d3-766fe52569f0",
  "versions": [
    {
      "date": "02/06/2025",
      "label": "Introduced",
      "url": "https://custom.statenet.com/public/resources.cgi?mode=show_text&id=ID:bill:TN2025000H1209&verid=TN2025000H1209_20250206_0_I&",
      "raw_html": "<html>\n<head>\n<title>Bill Resource</title>\n\n<!--   <link href=\"https://custom.statenet.com/network/Common/css/extregtext.css\" rel=\"stylesheet\" type=\"text/css\" />-->\n   <link href=\"https://custom.statenet.com/network/Common/css/xmltext-2.0.css\" rel=\"stylesheet\" type=\"text/css\" />\n   <link href=\"https://custom.statenet.com/network/Common/css/additional-text.css\" rel=\"stylesheet\" type=\"text/css\" />\n\n\t<style type=\"text/css\">\n<!--\n\ntd, body {\n     background-color: white;\n\tfont-family: Verdana, Arial, Helvetica, sans-serif;\n\tfont-size: 12px;\n}\n\n.resourceContainer {\n   border: 1px solid black;\n}\n-->\n</style>\n</head>\n<body>\n\n    <div style=\"width: 750px; margin: auto\">\n       <div style=\"font-size: .8em;margin-bottom: 10px\"><table width=\"100%\"><tr><td align=\"left\" style=\"font-size: .8em;\"><div>The following has special meaning:</div>\n<div><u class=\"amendmentInsertedText\">green underline denotes added text</u></div>\n<div><strike class=\"amendmentDeletedText\">red struck out text denotes deleted text</strike></div></td> <td align=\"right\"><a href=\"https://www.lexisnexis.com/statenet/\"><img alt=\"Powered by State Net\" src=\"https://custom.statenet.com/network/poweredby.gif\" /></a></td></tr></table></div><table id=\"text-identifier\"><tr><td class=\"key\">2025 TN H 1209</td> <td><table><tr><td class=\"label\">Author:</td> <td>Martin</td></tr> <tr><td class=\"label\">Version:</td> <td>Introduced</td></tr> <tr><td class=\"label\">Version Date:</td> <td>02/06/2025</td></tr></table></td></tr></table><div class=\"documentBody\">\n  <a name=\"head_document_section\"></a><div class=\"head\">\n   <p class=\"center\">HOUSE BILL 1209</p>\n   <p class=\"center\">By Martin G</p>\n  </div>\n  <a name=\"code_document_section\"></a><div class=\"code\">\n   <p class=\"indent\">AN ACT to amend Tennessee Code Annotated, Title 4, Chapter 3, Part 31, relative to the artificial intelligence advisory council.</p>\n  </div>\n  <a name=\"text_document_section\"></a><div class=\"text\">\n   <span>\n    <p class=\"indent\">BE IT ENACTED BY THE GENERAL ASSEMBLY OF THE STATE OF TENNESSEE:</p>\n   </span>\n   <p class=\"indent\">SECTION 1.  Tennessee Code Annotated, Section 4-3-3103(2), is amended by deleting the subdivision and substituting instead:</p>\n   <p class=\"indent\">(2)  &quot;Artificial intelligence&quot; or &quot;AI&quot; mean a machine-based system that can, for a given set of human-defined objectives, make predictions, recommendations, or decisions that influence real or virtual environments.  For purposes of this part, an artificial intelligence system uses machine and human-based inputs to:</p>\n   <p class=\"indent\">(A)  Perceive real and virtual environments;</p>\n   <p class=\"indent\">(B)  Abstract such perceptions into models through analysis in an automated manner; and</p>\n   <p class=\"indent\">(C)  Use model inference to formulate options for information or action.</p>\n   <p class=\"indent\">SECTION 2.  Tennessee Code Annotated, Section 4-3-3104(b), is amended by deleting &quot;twenty-four (24)&quot; and substituting &quot;at least twenty-four (24) but not more than twenty-seven (27)&quot;, and by adding the following as a new subdivision (17):</p>\n   <p class=\"indent\">(17)  Two (2) or three (3) nonvoting member experts, appointed pursuant to subdivision (c)(6).</p>\n   <p class=\"indent\">SECTION 3.  Tennessee Code Annotated, Section 4-3-3104(c), is amended by adding the following as new subdivisions:</p>\n   <p class=\"indent\">(5)  At least two (2) members appointed by the governor under subdivision (c)(14) must have demonstrated experience in artificial intelligence research or development, including in academia, private industry, or technology policy.</p>\n   <p class=\"indent\">(6)  The joint chairs may invite additional AI private sector specialists or academic experts to serve as nonvoting, advisory members, or to participate in subcommittees, at the request of any member; provided, however, that the council does not exceed twenty-seven (27) members.  The council may invite to participate or present before the council as many experts, entities, or individuals for testimony as the joint chairs may require and approve.</p>\n   <p class=\"indent\">(7)  The joint chairs shall administer meetings and operations of the council in accordance with the quorum requirements, voting procedures, and all other duties as required by state law regarding advisory councils, as well as the charter of the Tennessee artificial intelligence advisory council.</p>\n   <p class=\"indent\">SECTION 4.  Tennessee Code Annotated, Section 4-3-3105(c)(4), is amended by adding the following subdivisions:</p>\n   <p class=\"indent\">(A)  As part of its recommended action plan, the advisory council shall identify best practices for data privacy and security for state agencies; and</p>\n   <p class=\"indent\">(B)  When recommending best practices for AI data handling, privacy, and security, the advisory council shall reference and comply with the requirements established in the enterprise artificial intelligence policy, or any such policy amended thereto, as promulgated by the department of finance and administration, or a subsequent state agency with jurisdiction over subject matters pertaining to the handling of state information and data;</p>\n   <p class=\"indent\">SECTION 5.  Tennessee Code Annotated, Section 4-3-3105, is amended by adding the following as a new subsection:</p>\n   <p class=\"indent\">(e)</p>\n   <p class=\"indent\">(1)  Not later than December 31, 2025, and by December 31 of each year thereafter, the advisory council shall, in consultation with relevant state agencies, compile an inventory of existing federal and state laws, regulations, and executive orders that affect the development or use of artificial intelligence in this state.</p>\n   <p class=\"indent\">(2)  The inventory compiled under this subsection (e) must:</p>\n   <p class=\"indent\">(A)  Identify any potential overlaps, conflicts, or gaps that may create barriers to AI innovation;</p>\n   <p class=\"indent\">(B)  Suggest revisions or clarifications needed to harmonize AI- related laws and reduce unnecessary compliance burdens; and</p>\n   <p class=\"indent\">(C)  Evaluate how proposed or existing regulations align with federal directives and recognized industry frameworks to ensure consistency and predictability.</p>\n   <p class=\"indent\">SECTION 6.  This act takes effect July 1, 2025, the public welfare requiring it.</p>\n  </div>\n </div>\n    </div>\t\n<table cellpadding=0 cellspacing=0 width=\"100%\">\n   <tr>\n      <td>\n          Copyright &copy; 2025 State Net\n      </td>\n<BR>\n<!--???MOVED INTO resources.cgi      <td align=\"right\">\n          <img src=\"https://custom.statenet.com/network/poweredby.gif\" alt=\"Powered by State Net\">\n      </td>-->\n\n    </tr>\n</table>\n</body></html>\n",
      "markdown": "The following has special meaning: _green underline denotes added text_ ~~red struck out text denotes deleted text~~ | [![Powered by State Net](https://custom.statenet.com/network/poweredby.gif)](https://www.lexisnexis.com/statenet/)  \n---|---  \n  \n2025 TN H 1209 | | Author: | Martin  \n---|---  \nVersion: | Introduced  \nVersion Date: | 02/06/2025  \n  \nHOUSE BILL 1209\n\nBy Martin G\n\nAN ACT to amend Tennessee Code Annotated, Title 4, Chapter 3, Part 31,\nrelative to the artificial intelligence advisory council.\n\nBE IT ENACTED BY THE GENERAL ASSEMBLY OF THE STATE OF TENNESSEE:\n\nSECTION 1. Tennessee Code Annotated, Section 4-3-3103(2), is amended by\ndeleting the subdivision and substituting instead:\n\n(2) \"Artificial intelligence\" or \"AI\" mean a machine-based system that can,\nfor a given set of human-defined objectives, make predictions,\nrecommendations, or decisions that influence real or virtual environments. For\npurposes of this part, an artificial intelligence system uses machine and\nhuman-based inputs to:\n\n(A) Perceive real and virtual environments;\n\n(B) Abstract such perceptions into models through analysis in an automated\nmanner; and\n\n(C) Use model inference to formulate options for information or action.\n\nSECTION 2. Tennessee Code Annotated, Section 4-3-3104(b), is amended by\ndeleting \"twenty-four (24)\" and substituting \"at least twenty-four (24) but\nnot more than twenty-seven (27)\", and by adding the following as a new\nsubdivision (17):\n\n(17) Two (2) or three (3) nonvoting member experts, appointed pursuant to\nsubdivision (c)(6).\n\nSECTION 3. Tennessee Code Annotated, Section 4-3-3104(c), is amended by adding\nthe following as new subdivisions:\n\n(5) At least two (2) members appointed by the governor under subdivision\n(c)(14) must have demonstrated experience in artificial intelligence research\nor development, including in academia, private industry, or technology policy.\n\n(6) The joint chairs may invite additional AI private sector specialists or\nacademic experts to serve as nonvoting, advisory members, or to participate in\nsubcommittees, at the request of any member; provided, however, that the\ncouncil does not exceed twenty-seven (27) members. The council may invite to\nparticipate or present before the council as many experts, entities, or\nindividuals for testimony as the joint chairs may require and approve.\n\n(7) The joint chairs shall administer meetings and operations of the council\nin accordance with the quorum requirements, voting procedures, and all other\nduties as required by state law regarding advisory councils, as well as the\ncharter of the Tennessee artificial intelligence advisory council.\n\nSECTION 4. Tennessee Code Annotated, Section 4-3-3105(c)(4), is amended by\nadding the following subdivisions:\n\n(A) As part of its recommended action plan, the advisory council shall\nidentify best practices for data privacy and security for state agencies; and\n\n(B) When recommending best practices for AI data handling, privacy, and\nsecurity, the advisory council shall reference and comply with the\nrequirements established in the enterprise artificial intelligence policy, or\nany such policy amended thereto, as promulgated by the department of finance\nand administration, or a subsequent state agency with jurisdiction over\nsubject matters pertaining to the handling of state information and data;\n\nSECTION 5. Tennessee Code Annotated, Section 4-3-3105, is amended by adding\nthe following as a new subsection:\n\n(e)\n\n(1) Not later than December 31, 2025, and by December 31 of each year\nthereafter, the advisory council shall, in consultation with relevant state\nagencies, compile an inventory of existing federal and state laws,\nregulations, and executive orders that affect the development or use of\nartificial intelligence in this state.\n\n(2) The inventory compiled under this subsection (e) must:\n\n(A) Identify any potential overlaps, conflicts, or gaps that may create\nbarriers to AI innovation;\n\n(B) Suggest revisions or clarifications needed to harmonize AI- related laws\nand reduce unnecessary compliance burdens; and\n\n(C) Evaluate how proposed or existing regulations align with federal\ndirectives and recognized industry frameworks to ensure consistency and\npredictability.\n\nSECTION 6. This act takes effect July 1, 2025, the public welfare requiring\nit.\n\nCopyright (C) 2025 State Net  \n  \n---\n\n",
      "latest_version": true
    }
  ]
}