{
  "bill_id": "TN2025000H545",
  "source_url": "http://custom.statenet.com/public/resources.cgi?id=ID:bill:TN2025000H545&cuiq=93d84396-c63b-526a-b152-38b7f79b4cfd&client_md=e4f6fea4-27b4-5d41-b7d3-766fe52569f0",
  "versions": [
    {
      "date": "01/29/2025",
      "label": "Introduced",
      "url": "https://custom.statenet.com/public/resources.cgi?mode=show_text&id=ID:bill:TN2025000H545&verid=TN2025000H545_20250129_0_I&",
      "raw_html": "<html>\n<head>\n<title>Bill Resource</title>\n\n<!--   <link href=\"https://custom.statenet.com/network/Common/css/extregtext.css\" rel=\"stylesheet\" type=\"text/css\" />-->\n   <link href=\"https://custom.statenet.com/network/Common/css/xmltext-2.0.css\" rel=\"stylesheet\" type=\"text/css\" />\n   <link href=\"https://custom.statenet.com/network/Common/css/additional-text.css\" rel=\"stylesheet\" type=\"text/css\" />\n\n\t<style type=\"text/css\">\n<!--\n\ntd, body {\n     background-color: white;\n\tfont-family: Verdana, Arial, Helvetica, sans-serif;\n\tfont-size: 12px;\n}\n\n.resourceContainer {\n   border: 1px solid black;\n}\n-->\n</style>\n</head>\n<body>\n\n    <div style=\"width: 750px; margin: auto\">\n       <div style=\"font-size: .8em;margin-bottom: 10px\"><table width=\"100%\"><tr><td align=\"left\" style=\"font-size: .8em;\"><div>The following has special meaning:</div>\n<div><u class=\"amendmentInsertedText\">green underline denotes added text</u></div>\n<div><strike class=\"amendmentDeletedText\">red struck out text denotes deleted text</strike></div></td> <td align=\"right\"><a href=\"https://www.lexisnexis.com/statenet/\"><img alt=\"Powered by State Net\" src=\"https://custom.statenet.com/network/poweredby.gif\" /></a></td></tr></table></div><table id=\"text-identifier\"><tr><td class=\"key\">2025 TN H 545</td> <td><table><tr><td class=\"label\">Author:</td> <td>Cochran</td></tr> <tr><td class=\"label\">Version:</td> <td>Introduced</td></tr> <tr><td class=\"label\">Version Date:</td> <td>01/29/2025</td></tr></table></td></tr></table><div class=\"documentBody\">\n  <a name=\"head_document_section\"></a><div class=\"head\">\n   <p class=\"center\">HOUSE BILL 545</p>\n   <p class=\"center\">By Cochran</p>\n  </div>\n  <a name=\"code_document_section\"></a><div class=\"code\">\n   <p class=\"indent\">AN ACT to amend Tennessee Code Annotated, Title 49, relative to artificial intelligence.</p>\n  </div>\n  <a name=\"text_document_section\"></a><div class=\"text\">\n   <span>\n    <p class=\"indent\">BE IT ENACTED BY THE GENERAL ASSEMBLY OF THE STATE OF TENNESSEE:</p>\n   </span>\n   <p class=\"indent\">SECTION 1.  Tennessee Code Annotated, Title 49, Chapter 1, Part 2, is amended by adding the following as a new section:</p>\n   <p class=\"indent\">(a)  The department shall provide at least one (1) professional development course for teachers that provides asynchronous instruction on the use of artificial intelligence in the classroom; that is made available, at no cost, to teachers in grades six through twelve (6-12); and that may be used by teachers to earn professional development points.  The course content must be created by an entity with experience in a related subject area, such as computer science or another science, technology, engineering, and mathematics (STEM) field.</p>\n   <p class=\"indent\">(b)  By August 1, 2027, or within two (2) years of becoming licensed as a teacher in this state, whichever is later, teachers in grades six through twelve (6-12) must complete at least one (1) professional development course approved by the department that provides asynchronous instruction on the use of artificial intelligence in the classroom.  Each LEA and public charter school shall approve professional development points, pursuant to the state board of education&#39;s educator licensure policies and rules, for a teacher&#39;s completion of at least one (1) department-approved artificial intelligence training.</p>\n   <p class=\"indent\">SECTION 2.  This act takes effect upon becoming a law, the public welfare requiring it.</p>\n  </div>\n </div>\n    </div>\t\n<table cellpadding=0 cellspacing=0 width=\"100%\">\n   <tr>\n      <td>\n          Copyright &copy; 2025 State Net\n      </td>\n<BR>\n<!--???MOVED INTO resources.cgi      <td align=\"right\">\n          <img src=\"https://custom.statenet.com/network/poweredby.gif\" alt=\"Powered by State Net\">\n      </td>-->\n\n    </tr>\n</table>\n</body></html>\n",
      "markdown": "The following has special meaning: _green underline denotes added text_ ~~red struck out text denotes deleted text~~ | [![Powered by State Net](https://custom.statenet.com/network/poweredby.gif)](https://www.lexisnexis.com/statenet/)  \n---|---  \n  \n2025 TN H 545 | | Author: | Cochran  \n---|---  \nVersion: | Introduced  \nVersion Date: | 01/29/2025  \n  \nHOUSE BILL 545\n\nBy Cochran\n\nAN ACT to amend Tennessee Code Annotated, Title 49, relative to artificial\nintelligence.\n\nBE IT ENACTED BY THE GENERAL ASSEMBLY OF THE STATE OF TENNESSEE:\n\nSECTION 1. Tennessee Code Annotated, Title 49, Chapter 1, Part 2, is amended\nby adding the following as a new section:\n\n(a) The department shall provide at least one (1) professional development\ncourse for teachers that provides asynchronous instruction on the use of\nartificial intelligence in the classroom; that is made available, at no cost,\nto teachers in grades six through twelve (6-12); and that may be used by\nteachers to earn professional development points. The course content must be\ncreated by an entity with experience in a related subject area, such as\ncomputer science or another science, technology, engineering, and mathematics\n(STEM) field.\n\n(b) By August 1, 2027, or within two (2) years of becoming licensed as a\nteacher in this state, whichever is later, teachers in grades six through\ntwelve (6-12) must complete at least one (1) professional development course\napproved by the department that provides asynchronous instruction on the use\nof artificial intelligence in the classroom. Each LEA and public charter\nschool shall approve professional development points, pursuant to the state\nboard of education's educator licensure policies and rules, for a teacher's\ncompletion of at least one (1) department-approved artificial intelligence\ntraining.\n\nSECTION 2. This act takes effect upon becoming a law, the public welfare\nrequiring it.\n\nCopyright (C) 2025 State Net  \n  \n---\n\n",
      "latest_version": true
    }
  ]
}