{
  "bill_id": "TN2025000H972",
  "source_url": "http://custom.statenet.com/public/resources.cgi?id=ID:bill:TN2025000H972&cuiq=93d84396-c63b-526a-b152-38b7f79b4cfd&client_md=e4f6fea4-27b4-5d41-b7d3-766fe52569f0",
  "versions": [
    {
      "date": "02/05/2025",
      "label": "Introduced",
      "url": "https://custom.statenet.com/public/resources.cgi?mode=show_text&id=ID:bill:TN2025000H972&verid=TN2025000H972_20250205_0_I&",
      "raw_html": "<html>\n<head>\n<title>Bill Resource</title>\n\n<!--   <link href=\"https://custom.statenet.com/network/Common/css/extregtext.css\" rel=\"stylesheet\" type=\"text/css\" />-->\n   <link href=\"https://custom.statenet.com/network/Common/css/xmltext-2.0.css\" rel=\"stylesheet\" type=\"text/css\" />\n   <link href=\"https://custom.statenet.com/network/Common/css/additional-text.css\" rel=\"stylesheet\" type=\"text/css\" />\n\n\t<style type=\"text/css\">\n<!--\n\ntd, body {\n     background-color: white;\n\tfont-family: Verdana, Arial, Helvetica, sans-serif;\n\tfont-size: 12px;\n}\n\n.resourceContainer {\n   border: 1px solid black;\n}\n-->\n</style>\n</head>\n<body>\n\n    <div style=\"width: 750px; margin: auto\">\n       <div style=\"font-size: .8em;margin-bottom: 10px\"><table width=\"100%\"><tr><td align=\"left\" style=\"font-size: .8em;\"><div>The following has special meaning:</div>\n<div><u class=\"amendmentInsertedText\">green underline denotes added text</u></div>\n<div><strike class=\"amendmentDeletedText\">red struck out text denotes deleted text</strike></div></td> <td align=\"right\"><a href=\"https://www.lexisnexis.com/statenet/\"><img alt=\"Powered by State Net\" src=\"https://custom.statenet.com/network/poweredby.gif\" /></a></td></tr></table></div><table id=\"text-identifier\"><tr><td class=\"key\">2025 TN H 972</td> <td><table><tr><td class=\"label\">Author:</td> <td>McCalmon</td></tr> <tr><td class=\"label\">Version:</td> <td>Introduced</td></tr> <tr><td class=\"label\">Version Date:</td> <td>02/05/2025</td></tr></table></td></tr></table><div class=\"documentBody\">\n  <a name=\"head_document_section\"></a><div class=\"head\">\n   <p class=\"center\">HOUSE BILL 972</p>\n   <p class=\"center\">By McCalmon</p>\n  </div>\n  <a name=\"code_document_section\"></a><div class=\"code\">\n   <p class=\"indent\">AN ACT to amend Tennessee Code Annotated, Title 4; Title 5; Title 6; Title 7; Title 39; Title 47; Title 48; Title 55; Title 56; Title 62; Title 66 and Title 67, relative to motor vehicles.</p>\n  </div>\n  <a name=\"text_document_section\"></a><div class=\"text\">\n   <span>\n    <p class=\"indent\">BE IT ENACTED BY THE GENERAL ASSEMBLY OF THE STATE OF TENNESSEE:</p>\n   </span>\n   <p class=\"indent\">SECTION 1.  Tennessee Code Annotated, Title 55, Chapter 31, is amended by deleting the chapter and substituting the following:</p>\n   <p class=\"indent\">55-31-101.  Short title.</p>\n   <p class=\"indent\">This chapter is known and may be cited as the &quot;Modernization of Towing, Immobilization, and Oversight Normalization (MOTION) Act of 2025.&quot;</p>\n   <p class=\"indent\">55-31-102.  Chapter definitions.</p>\n   <p class=\"indent\">As used in this chapter:</p>\n   <p class=\"indent\">(1)  &quot;Abandoned motor vehicle&quot; means a motor vehicle physically located in this state that:</p>\n   <p class=\"indent\">(A)  Is left unattended on public property for more than ten (10) days;</p>\n   <p class=\"indent\">(B)  Is in an obvious state of disrepair and is left unattended on public property for more than three (3) days;</p>\n   <p class=\"indent\">(C)  Has remained illegally on public property for a period of more than forty-eight (48) hours;</p>\n   <p class=\"indent\">(D)  Is left unattended and interferes with or impedes the orderly flow of traffic or is left unattended during or prior to inclement weather conditions;</p>\n   <p class=\"indent\">(E)  Is unattended by reason of the arrest of the driver of the motor vehicle;</p>\n   <p class=\"indent\">(F)  Is creating a hazard, blocking access to public or private property, or parked illegally;</p>\n   <p class=\"indent\">(G)  Has remained on private property without the consent of the owner or person in control of the property for more than forty-eight (48) hours;</p>\n   <p class=\"indent\">(H)  Has remained on private residential property without the consent of the owner or person in control of the property; or</p>\n   <p class=\"indent\">(I)  Has been stored, parked, or left in a garage, trailer park, or any type of storage or parking lot for more than thirty (30) consecutive days;</p>\n   <p class=\"indent\">(2)  &quot;Authorized agent&quot; means:</p>\n   <p class=\"indent\">(A)  A person authorized to operate the motor vehicle;</p>\n   <p class=\"indent\">(B)  A person in possession of private property; or</p>\n   <p class=\"indent\">(C)  For an insurer or lienholder, a person authorized to act on behalf of the insurer or lienholder;</p>\n   <p class=\"indent\">(3)  &quot;Automatic license plate reader&quot; means one (1) or more mobile or fixed automated high-speed cameras used in combination with computer algorithms to convert images of motor vehicles or license plates into computer-readable data that can be used to determine the ownership of a motor vehicle;</p>\n   <p class=\"indent\">(4)  &quot;Boot&quot; or &quot;booting&quot; means the act of installing a vehicle immobilization device on a motor vehicle;</p>\n   <p class=\"indent\">(5)  &quot;Commercial parking lot&quot;:</p>\n   <p class=\"indent\">(A)  Means a privately owned parking lot or parking garage used for the temporary storage of motor vehicles, either for a fee or for use by customers of the owner of the parking lot or parking garage; and</p>\n   <p class=\"indent\">(B)  Does not include:</p>\n   <p class=\"indent\">(i)  A public street;</p>\n   <p class=\"indent\">(ii)  A public right-of-way;</p>\n   <p class=\"indent\">(iii)  A publicly owned parking lot or parking garage;</p>\n   <p class=\"indent\">(iv)  A motor vehicle storage facility; or</p>\n   <p class=\"indent\">(v)  An establishment for the servicing, repair, or maintenance of motor vehicles;</p>\n   <p class=\"indent\">(6)  &quot;Commercial parking lot owner&quot; means the owner or operator of a commercial parking lot;</p>\n   <p class=\"indent\">(7)  &quot;Curbstoning&quot; means selling, offering for sale, advertising for sale, or soliciting the sale of:</p>\n   <p class=\"indent\">(A)  A motor vehicle without a properly endorsed certificate of title, as required by &sect;&sect; 55-3-118 and 55-3-127, by a person engaged primarily in the sale of used motor vehicles if the person is not licensed as a motor vehicle dealer pursuant to chapter 17, part 1 of this title; or</p>\n   <p class=\"indent\">(B)  More than five (5) motor vehicles in any twelve-month period when the motor vehicles are titled in the person&#39;s name engaged primarily in the sale of used motor vehicles if the person is not licensed as a motor vehicle dealer pursuant to chapter 17, part 1 of this title;</p>\n   <p class=\"indent\">(8)  &quot;Demolisher&quot; means a person whose business is to convert a motor vehicle into processed scrap or scrap metal, or to otherwise wreck or dismantle motor vehicles;</p>\n   <p class=\"indent\">(9)  &quot;Garagekeeper&quot;:</p>\n   <p class=\"indent\">(A)  Means:</p>\n   <p class=\"indent\">(i)  A towing company;</p>\n   <p class=\"indent\">(ii)  A motor vehicle storage facility; or</p>\n   <p class=\"indent\">(iii)  An establishment for the servicing, repair, or maintenance of motor vehicles; and</p>\n   <p class=\"indent\">(B)  Does not include:</p>\n   <p class=\"indent\">(i)  A commercial parking lot;</p>\n   <p class=\"indent\">(ii)  A commercial parking lot owner; or</p>\n   <p class=\"indent\">(iii)  A publicly owned parking lot or parking garage;</p>\n   <p class=\"indent\">(10)  &quot;Immobile motor vehicle&quot; means a motor vehicle, trailer, semitrailer, or combination or part of a motor vehicle, trailer, or semitrailer that is immobilized and incapable of moving under its own power due to an accident, mechanical breakdown, weather condition, or other emergency situation;</p>\n   <p class=\"indent\">(11)  &quot;Law enforcement agency&quot; means:</p>\n   <p class=\"indent\">(A)  The Tennessee highway patrol;</p>\n   <p class=\"indent\">(B)  The sheriff&#39;s department of any county;</p>\n   <p class=\"indent\">(C)  The police department of any municipality; or</p>\n   <p class=\"indent\">(D)  Any department, board, or commission designated by the legislative body of any county with a metropolitan form of government to perform the duties of a law enforcement agency specified in this chapter;</p>\n   <p class=\"indent\">(12)  &quot;Local government&quot; means a municipality, county, or county having a metropolitan form of government;</p>\n   <p class=\"indent\">(13)  &quot;Motor vehicle&quot; has the same meaning as defined in &sect; 55-8-101 and includes a tractor or trailer as those terms are defined in &sect; 55-8-101;</p>\n   <p class=\"indent\">(14)  &quot;Motor vehicle portal&quot; means the electronic database or online platform established by the department of revenue pursuant to &sect; 55-31-104;</p>\n   <p class=\"indent\">(15)  &quot;Obvious state of disrepair&quot; means a motor vehicle that:</p>\n   <p class=\"indent\">(A)  Is inoperable under its own power;</p>\n   <p class=\"indent\">(B)  Is without one (1) or more wheels or inflated tires;</p>\n   <p class=\"indent\">(C)  Is burned throughout; or</p>\n   <p class=\"indent\">(D)  Has more than one (1) broken window;</p>\n   <p class=\"indent\">(16)  &quot;Person&quot; includes a natural person, firm, association, corporation, or partnership;</p>\n   <p class=\"indent\">(17)  &quot;Release fee&quot; means a fee charged by a towing company to release a motor vehicle after the towing company has begun to tow the motor vehicle;</p>\n   <p class=\"indent\">(18)  &quot;Third-party service provider&quot; means an entity that is approved by the department of revenue to create and implement the motor vehicle portal in compliance with &sect; 55-31-104;</p>\n   <p class=\"indent\">(19)  &quot;Towing company&quot; means a person engaged in the business of towing motor vehicles by use of a tow truck; and</p>\n   <p class=\"indent\">(20)  &quot;Vehicle immobilization device&quot; means a device that is designed or adapted to be attached to a parked motor vehicle to prohibit the motor vehicle&#39;s usual manner of movement or operation.</p>\n   <p class=\"indent\">55-31-103.  Penalties.</p>\n   <p class=\"indent\">(a)</p>\n   <p class=\"indent\">(1)  Except as otherwise provided in subdivision (a)(2):</p>\n   <p class=\"indent\">(A)  A violation of this chapter constitutes a violation of the Tennessee Consumer Protection Act of 1977, compiled in title 47, chapter 18, part 1, is an unfair or deceptive act or practice affecting trade or commerce, and is subject to the penalties and remedies as provided in the Tennessee Consumer Protection Act of 1977, in addition to any penalties and remedies established under this chapter;</p>\n   <p class=\"indent\">(B)  The attorney general and reporter has all of the investigative and enforcement authority that the attorney general and reporter has under the Tennessee Consumer Protection Act of 1977 relating to alleged violations of this chapter.  If the attorney general and reporter reasonably believes that a person has violated this chapter, then the attorney general and reporter may institute a proceeding under this section; and</p>\n   <p class=\"indent\">(C)  Costs of any kind or nature must not be taxed against the attorney general and reporter or the state in actions commenced under this chapter.</p>\n   <p class=\"indent\">(2)  Subdivision (a)(1) does not apply to &sect; 55-31-104 or part 3 of this chapter.</p>\n   <p class=\"indent\">(b)</p>\n   <p class=\"indent\">(1)  Except as otherwise provided in subdivision (b)(2), in addition to the remedy provided in subsection (a), a person injured as a result of a violation of this chapter is entitled to maintain a private right of action for injunctive relief and to recover actual damages, compensatory damages, punitive damages, and reasonable attorney&#39;s fees against an alleged violator.</p>\n   <p class=\"indent\">(2)  Subdivision (b)(1) does not apply to &sect; 55-31-104 or part 3 of this chapter.</p>\n   <p class=\"indent\">(c)</p>\n   <p class=\"indent\">(1)  A violation of &sect; 55-31-201, &sect; 55-31-204, &sect; 55-31-205, or &sect; 55-31-206 is a Class B misdemeanor.</p>\n   <p class=\"indent\">(2)  A violation of &sect; 55-31-201, &sect; 55-31-204, &sect; 55-31-205, or &sect; 55-31-206 for a second or subsequent offense is a Class A misdemeanor.</p>\n   <p class=\"indent\">55-31-104.  Motor vehicle portal.</p>\n   <p class=\"indent\">(a)</p>\n   <p class=\"indent\">(1)  The department of revenue shall create and implement an electronic database or online platform that allows a law enforcement agency or garagekeeper to input abandoned or immobile vehicle information for public notice to be made through a motor vehicle portal as required by &sect; 55-31-302. The department may contract with a third-party service provider to create and implement the motor vehicle portal.</p>\n   <p class=\"indent\">(2)  The department of revenue shall:</p>\n   <p class=\"indent\">(A)  Begin the procurement process to create and implement the motor vehicle portal described in subdivision (a)(1) no later than July 1, 2025; and</p>\n   <p class=\"indent\">(B)  Implement the motor vehicle portal required under subdivision (a)(1) no later than July 1, 2026.</p>\n   <p class=\"indent\">(b)  On and after the ninetieth day after the motor vehicle portal created pursuant to this section is operational and available for use, the department of revenue may charge a law enforcement agency or another user of the portal a fee for entering information or sending notification through the portal, but a fee must not be charged for conducting a public search on the motor vehicle portal.  The fee must be charged in an amount to cover the cost of creating, administering, and maintaining the motor vehicle portal created pursuant to this section.</p>\n   <p class=\"indent\">(c)  At a minimum, the motor vehicle portal must:</p>\n   <p class=\"indent\">(1)  Provide the public with real-time access to locate motor vehicles that have been towed pursuant to this chapter;</p>\n   <p class=\"indent\">(2)  Provide retrieval information and requirements of motor vehicles that have been towed pursuant to this chapter;</p>\n   <p class=\"indent\">(3)  Provide the fee amounts and payment methods for motor vehicles that have been towed pursuant to this chapter;</p>\n   <p class=\"indent\">(4)  Consolidate statewide towing data into one (1) searchable, centralized database available to the public to be searched;</p>\n   <p class=\"indent\">(5)  Allow and enable a towing company to submit detailed reports;</p>\n   <p class=\"indent\">(6)  Store data relevant to this chapter securely in a centralized database and allow access to law enforcement agencies and the public;</p>\n   <p class=\"indent\">(7)  Send notices via mail to the last known registered owner of a motor vehicle and all lienholders or record that a vehicle has been taken into custody;</p>\n   <p class=\"indent\">(8)  Provide application programming interface-accessible endpoints for retrieving data by other systems and for integration with other systems; and</p>\n   <p class=\"indent\">(9)  Allow and enable users to verify ownership of a motor vehicle.</p>\n   <p class=\"indent\">(d)  The commissioner of revenue is authorized to promulgate rules to effectuate this section.  The rules must be promulgated in accordance with the Uniform Administrative Procedures Act, compiled in title 4, chapter 5.</p>\n   <p class=\"indent\">(e)  The commissioner of revenue shall:</p>\n   <p class=\"indent\">(1)  Place a notice on the department of revenue&#39;s website that notifies the public of the date the motor vehicle portal is operational and available for use and what date is the ninetieth day following such date; and</p>\n   <p class=\"indent\">(2)  Notify the Tennessee code commission in writing of the date that the motor vehicle portal is operational and available for use and what date is the ninetieth day following such date.</p>\n   <p class=\"indent\">(f)  All revenues received from the fees must be earmarked and used for the administration and maintenance of the motor vehicle portal.  All funds generated pursuant to this section must be deposited into a special account earmarked solely for the purposes set forth in this section, and any unexpended funds do not revert to the general fund and must be held in the account for use in accordance with this section.</p>\n   <p class=\"indent\">55-31-105.  Removal of firearms from stored vehicles.</p>\n   <p class=\"indent\">A garagekeeper may remove and secure a firearm left in a stored motor vehicle if the firearm can be removed without causing damage to the motor vehicle.  If removed, the firearm must be tagged or logged in a manner to tie it to the vehicle from which it was removed, and the firearm must be stored at the business in a firearm safe or other type of secure storage.  The business shall notify the owner of the vehicle when a firearm is removed and secured, and such notice must include information regarding how the firearm may be retrieved.</p>\n   <p class=\"indent\">55-31-201.  Booting.</p>\n   <p class=\"indent\">It is an offense for any person to boot a motor vehicle.</p>\n   <p class=\"indent\">55-31-202.  Automatic license plate readers.</p>\n   <p class=\"indent\">A commercial parking lot owner shall not utilize an automatic license plate reader to enforce the commercial parking lot owner&#39;s parking requirements without first posting signage that:</p>\n   <p class=\"indent\">(1)  Is designed and placed in a manner that ensures clear visibility and readability by consumers parking in the commercial parking lot;</p>\n   <p class=\"indent\">(2)  Contains the language LICENSE PLATE READER IN USE;</p>\n   <p class=\"indent\">(3)  Is located at each designated entrance to the property, if a dedicated entrance to the commercial parking lot exists; and</p>\n   <p class=\"indent\">(4)  Is located on each level of the commercial parking lot, if the commercial parking lot has more than one (1) level.</p>\n   <p class=\"indent\">55-31-203.  Parking fees.</p>\n   <p class=\"indent\">(a)  A commercial parking lot owner that requires payment at the conclusion of a parking session shall not charge a penalty for nonpayment of parking fees unless:</p>\n   <p class=\"indent\">(1)  The commercial parking lot owner posts signage that:</p>\n   <p class=\"indent\">(A)  Is designed and placed in a manner that ensures clear visibility and readability by consumers parking in the commercial parking lot;</p>\n   <p class=\"indent\">(B)  Provides notice that motor vehicle owners who leave the commercial parking lot without paying parking fees will be subject to a penalty if the parking fees are not paid within seventy-two (72) hours from the time of the commercial parking lot owner&#39;s discovery of the nonpayment of parking fees; and</p>\n   <p class=\"indent\">(C)  Is located at each designated exit of the commercial parking lot;</p>\n   <p class=\"indent\">(2)  The actual cost of parking fees owed remains unpaid after seventy-two (72) hours from the time of the commercial parking lot owner&#39;s discovery of the nonpayment of parking fees; and</p>\n   <p class=\"indent\">(3)</p>\n   <p class=\"indent\">(A)  If the actual cost of parking fees owed remains unpaid for thirty (30) days or less from the date of the commercial parking lot owner&#39;s discovery of the nonpayment of parking fees, the fee is not greater than fifty dollars ($50.00); or</p>\n   <p class=\"indent\">(B)  If the actual cost of parking fees owed remains unpaid for greater than thirty (30) days from the date of the commercial parking lot owner&#39;s discovery of the nonpayment of parking fees, the fee is not greater than seventy-five dollars ($75.00).</p>\n   <p class=\"indent\">(b)  A commercial parking lot owner that requires payment at the beginning of a parking session shall not charge a penalty for nonpayment of parking fees unless:</p>\n   <p class=\"indent\">(1)  The commercial parking lot owner posts signage that:</p>\n   <p class=\"indent\">(A)  Is designed and placed in a manner that ensures clear visibility and readability by consumers parking in the commercial parking lot;</p>\n   <p class=\"indent\">(B)  Provides notice that motor vehicle owners who fail to pay the parking fees within thirty (30) minutes from the time of parking will be subject to a penalty; and</p>\n   <p class=\"indent\">(C)  Is located at each designated entrance of the commercial parking lot;</p>\n   <p class=\"indent\">(2)  The actual cost of parking fees owed remains unpaid after seventy-two (72) hours from the time of the commercial parking lot owner&#39;s discovery of the nonpayment of parking fees; and</p>\n   <p class=\"indent\">(3)  The actual cost of the parking fees complies with subdivision (a)(3).</p>\n   <p class=\"indent\">55-31-204.  Towing.</p>\n   <p class=\"indent\">(a)  Notwithstanding any other law to the contrary, a person shall not tow a motor vehicle without express written authorization by the owner or authorized agent of the owner of the motor vehicle unless:</p>\n   <p class=\"indent\">(1)  An owner or authorized agent of the owner of a commercial parking lot or other private property open to the public has authorized the towing of the motor vehicle left unattended and the owner has posted notice that any motor vehicle not authorized to park on the private property is subject to towing;</p>\n   <p class=\"indent\">(2)  An owner or authorized agent of the owner of a commercial parking lot or other private property open to the public has authorized the towing of a motor vehicle that has been unattended for more than twelve (12) hours;</p>\n   <p class=\"indent\">(3)  An owner or authorized agent of the owner of private property not open to the public has authorized the towing of a motor vehicle left unattended; or</p>\n   <p class=\"indent\">(4)  A law enforcement officer with appropriate jurisdiction requests that the motor vehicle be towed pursuant to &sect; 55-31-301.</p>\n   <p class=\"indent\">(b)  The authorization required pursuant to subdivision (a)(4) must include all information required by &sect; 66-19-103(d).</p>\n   <p class=\"indent\">(c)  A person attempting to tow a motor vehicle shall immediately release the vehicle that the person has begun to tow if:</p>\n   <p class=\"indent\">(1)  The motor vehicle has not left the original parking location; and</p>\n   <p class=\"indent\">(2)  The owner or operator of the motor vehicle pays a release fee.</p>\n   <p class=\"indent\">(d)</p>\n   <p class=\"indent\">(1)  Prior to ninety (90) days after the motor vehicle portal created pursuant to &sect; 55-31-104 is operational and available for use, if the owner of a motor vehicle is not present at the time the motor vehicle is towed, then within one (1) hour of a person towing the motor vehicle pursuant to this chapter, such person must notify the law enforcement agency with jurisdiction over the location from which the motor vehicle was towed of the vehicle identification number</p>\n   <p class=\"indent\">(VIN), registration information, if available, license plate number, a description of the vehicle, the location of the tow, and the location where the motor vehicle will be stored.  A law enforcement agency shall keep a record of all information required by this subsection (d) and must make the information available for public inspection.</p>\n   <p class=\"indent\">(2)  On or after ninety (90) days after the motor vehicle portal created pursuant to &sect; 55-31-104 is operational and available for use, if the owner of a motor vehicle is not present at the time the motor vehicle is towed, then within one (1) hour of a person towing the motor vehicle pursuant to this chapter, such person must enter the VIN, registration information, if available, license plate number, a description of the vehicle, the location of the tow, and the location where the motor vehicle will be stored into the motor vehicle portal.</p>\n   <p class=\"indent\">55-31-205.  Storage of vehicles.</p>\n   <p class=\"indent\">(a)  Notwithstanding this part or title 66, chapter 19, part 1, a garagekeeper shall not store a motor vehicle unless the garagekeeper first obtains the express written authorization for storage of the motor vehicle from a law enforcement officer with appropriate jurisdiction, the owner of the motor vehicle or authorized agent of the owner of the motor vehicle, or the owner or the authorized agent of the owner of the private property from which the motor vehicle was towed.  The authorization must include all of the information required by &sect; 66-19-103(d).</p>\n   <p class=\"indent\">(b)  This section and &sect; 66-19-103(b) do not apply to new or used motor vehicle dealers licensed under chapter 17 of this title.</p>\n   <p class=\"indent\">55-31-206.  Towing firm referral fees.</p>\n   <p class=\"indent\">(a)  Notwithstanding this chapter to the contrary, a towing company shall not make, confer, or offer any payment or other pecuniary benefit to an owner or manager of property from which the company has towed a motor vehicle with the intent of rewarding the owner or manager for referring the vehicle for towing.</p>\n   <p class=\"indent\">(b)  Notwithstanding this chapter to the contrary, an owner or manager of property from which a towing company has towed a motor vehicle shall not solicit or receive any payment or other pecuniary benefit from a towing company in exchange for referring a vehicle for towing to the company.</p>\n   <p class=\"indent\">55-31-207.  Fees.</p>\n   <p class=\"indent\">(a)  Except as otherwise provided in this section, a garagekeeper shall not charge the owner or lienholder of a stored motor vehicle a storage fee for a period exceeding twenty-one (21) days without the consent of the owner or lienholder, unless the owner or lienholder has been notified that the motor vehicle is available to be released from the garagekeeper and the owner or lienholder refuses to retrieve the motor vehicle.</p>\n   <p class=\"indent\">(b)  A garagekeeper shall not charge a storage fee for any day on which the motor vehicle is not available for release to the owner, lienholder, or insurer, unless the failure to release is based on a hold placed on the motor vehicle by law enforcement.</p>\n   <p class=\"indent\">(c)  Upon provision of documentation from an insurer or lienholder showing its right to take custody of a motor vehicle, a garagekeeper shall release the motor vehicle to the insurer or lienholder, or an authorized agent or representative for such insurer or lienholder, upon the insurer&#39;s or lienholder&#39;s payment of reasonable charges due, without requiring additional consent from the owner of the motor vehicle.  The insurer or lienholder shall indemnify and hold harmless the releasing person from any action, cause of action, claim, judgment, loss, liability, damage, or cost that it may incur due to wrongful release of the motor vehicle to an authorized agent or representative of the insurer or lienholder.</p>\n   <p class=\"indent\">(d)</p>\n   <p class=\"indent\">(1)  Prior to ninety (90) days after the motor vehicle portal created pursuant to &sect; 55-31-104 is operational and available for use, a garagekeeper may charge a storage fee for a period exceeding twenty-one (21) days if the last known registered owner of the motor vehicle and all lienholders of record are notified using a national delivery carrier that provides electronic tracking of the intent to charge a storage fee for a period to exceed twenty-one (21) days.  The notice must be given at least ten (10) days prior to the imposition of any additional storage fee.</p>\n   <p class=\"indent\">(2)  On or after ninety (90) days after the motor vehicle portal created pursuant to &sect; 55-31-104 is operational and available for use, a garagekeeper may charge a storage fee for a period exceeding twenty-one (21) days if the garagekeeper notifies all registered owners of the motor vehicle and all lienholders of record of the intent to charge a storage fee for a period to exceed twenty-one (21) days via the online motor vehicle portal.</p>\n   <p class=\"indent\">(e)  A garagekeeper, whether as the principal business of the garagekeeper or incidental to the garagekeeper&#39;s principal business, shall not charge a person for the towing or storage of a motor vehicle that was towed or stored without the express written authorization of the owner of the motor vehicle to tow or store:</p>\n   <p class=\"indent\">(1)  A fee charged at a higher rate than the maximum fee that has been approved by the Tennessee highway patrol district to be charged for the same service by persons engaged in a business described in this section;</p>\n   <p class=\"indent\">(2)  A gate, access, or release fee during normal business hours for any day during which daily storage is also being charged; or</p>\n   <p class=\"indent\">(3)  A release fee of more than one hundred dollars ($100).</p>\n   <p class=\"indent\">55-31-301.  Law Enforcement &ndash; abandoned or immobile motor vehicle &ndash; motor vehicle used in curbstoning.</p>\n   <p class=\"indent\">(a)  A law enforcement agency may take into custody, or utilize a garagekeeper to take into custody, a motor vehicle found abandoned, immobile, or used in curbstoning, or the agency may provide notice that the motor vehicle is abandoned, immobile, or being used in curbstoning prior to taking the motor vehicle into custody, or utilizing a garagekeeper to take the motor vehicle into custody; provided, that a motor vehicle used in curbstoning on residential property must not be taken into custody unless the law enforcement agency provides notice on the motor vehicle at least forty-eight (48) hours prior to the seizure.</p>\n   <p class=\"indent\">(b)</p>\n   <p class=\"indent\">(1)  Prior to ninety (90) days after the motor vehicle portal created pursuant to &sect; 55-31-104 is operational and available for use, a law enforcement agency or other public agency taking possession of a motor vehicle pursuant to this section must:</p>\n   <p class=\"indent\">(A)  Within three (3) business days after taking the motor vehicle into custody, verify ownership of the motor vehicle through the Tennessee Information Enforcement System (TIES).  If a public agency attempts to verify ownership information through TIES and the response is Not on File, then the agency shall contact the department of revenue title and registration division, which must search records not contained in TIES for the ownership information.  If the title and registration division locates ownership information through this search, then the division must notify the appropriate public agency and the agency must distribute the information as provided in this subdivision (b)(1);</p>\n   <p class=\"indent\">(B)  Provide the ownership information obtained in subdivision (b)(1)(A) to the garagekeeper responsible for towing or storing the motor vehicle; and</p>\n   <p class=\"indent\">(C)  Within three (3) business days after receiving verification of ownership pursuant to subdivision (b)(1)(A), send notice to the last known registered owner of the motor vehicle and all lienholders of record that the vehicle has been taken into custody.</p>\n   <p class=\"indent\">(2)  On or after ninety (90) days after the motor vehicle portal created pursuant to &sect; 55-31-104 is operational and available for use, a law enforcement agency or other public agency taking possession of a motor vehicle pursuant to this section must:</p>\n   <p class=\"indent\">(A)  Within one (1) hour after taking the motor vehicle into custody, verify ownership of the motor vehicle through the online motor vehicle portal; and</p>\n   <p class=\"indent\">(B)  Provide the ownership information obtained in subdivision (b)(2)(A) to the garagekeeper responsible for towing or storing the motor vehicle.</p>\n   <p class=\"indent\">(c)</p>\n   <p class=\"indent\">(1)  The owner or lienholder of an abandoned or immobile motor vehicle may appeal a determination that a motor vehicle is abandoned or immobile.  If the owner or lienholder of an abandoned or immobile motor vehicle fails to appeal an action or determination or fails to remove the motor vehicle within twenty (20) days from receipt of the notice that a motor vehicle is abandoned or immobile, then the law enforcement agency or other public agency may take the motor vehicle into custody at any time, including by utilizing a garagekeeper to take the motor vehicle into custody, and no other notice is required.</p>\n   <p class=\"indent\">(2)  If the owner or lienholder of an abandoned or immobile motor vehicle that has not been taken into custody by a law enforcement agency pursuant to subdivision (c)(1) appeals, then the law enforcement agency shall not take the motor vehicle into custody while the appeal is pending.</p>\n   <p class=\"indent\">(d)  Any notice required by subsection (a) must:</p>\n   <p class=\"indent\">(1)  Be written in plain language;</p>\n   <p class=\"indent\">(2)  Contain the year, make, model, and vehicle identification number of the motor vehicle, if ascertainable;</p>\n   <p class=\"indent\">(3)  Provide the location of the motor vehicle if the motor vehicle has been taken into custody, or provide a statement advising the owner that the law enforcement agency will take the abandoned, immobile, or unattended vehicle into custody in no less than twenty (20) days from the date of receipt of the notice, unless the owner appeals the determination by the law enforcement agency that the vehicle is abandoned or immobile, or the owner removes the vehicle from the property within the twenty-day period;</p>\n   <p class=\"indent\">(4)  Inform the owner and any lienholders of the right to reclaim the motor vehicle within twenty (20) days after the date of receipt of the notice, upon payment of all towing, preservation, and storage charges resulting from placing the vehicle in custody; and</p>\n   <p class=\"indent\">(5)  State that the failure of the owner or lienholders to exercise the right to reclaim the vehicle will be deemed a waiver by the owner and all lienholders of all right, title, and interest in the vehicle and consent to the demolition of the vehicle or its sale at a public auction.</p>\n   <p class=\"indent\">(e)  A law enforcement agency may employ its own personnel, equipment, and facilities or hire persons, equipment, and facilities for the purpose of removing, preserving, and storing motor vehicles that are abandoned, immobile, unattended, or used in curbstoning.</p>\n   <p class=\"indent\">(f)  A motor vehicle used in curbstoning is subject to seizure and forfeiture in the same manner as provided by law for seizure and forfeiture of other items under title 40, chapter 33.</p>\n   <p class=\"indent\">(g)  Notwithstanding another law to the contrary, this section does not limit a local government&#39;s initiative for more restrictive requirements regarding the sale of curbstoned vehicles.</p>\n   <p class=\"indent\">(h)  A law enforcement agency requesting another person to tow a motor vehicle pursuant to this section must provide the authorization required pursuant to &sect; 55-31- 204(a)(3) to the person to tow prior to requesting the tow.</p>\n   <p class=\"indent\">55-31-302.  Notice.</p>\n   <p class=\"indent\">(a)</p>\n   <p class=\"indent\">(1)  Prior to ninety (90) days after the motor vehicle portal created pursuant to &sect; 55-31-104 is operational and available for use, when any person other than a law enforcement agency or other public agency takes possession of a motor vehicle found abandoned or immobile, the action must be reported immediately to the department of revenue taxpayer and vehicle services division for verification of ownership on a form prescribed and provided by the registrar of motor vehicles.</p>\n   <p class=\"indent\">(2)  On or after ninety (90) days after the motor vehicle portal created pursuant to &sect; 55-31-104 is operational and available for use, when any person other than a law enforcement agency or other public agency takes possession of a motor vehicle found abandoned or immobile, the action must be reported to the online motor vehicle portal.</p>\n   <p class=\"indent\">(b)</p>\n   <p class=\"indent\">(1)  In addition to the notification requirements of &sect; 55-31-301 and subsection (a), a garagekeeper that has in its possession an abandoned or immobile motor vehicle taken into custody by any person shall, within three (3) business days after the motor vehicle is taken into its possession, verify ownership of the motor vehicle.  The garagekeeper shall, within three (3) business days after receiving verification of ownership, provide notice to the last known registered owner of the motor vehicle and all lienholders of record.  The notification requirements included in subsection (a) apply to the notice required to be provided by a garagekeeper pursuant to this subdivision (b)(1).</p>\n   <p class=\"indent\">(2)  A garagekeeper that does not verify ownership of a motor vehicle within three (3) business days after taking possession of the motor vehicle pursuant to this section or that does not notify in the manner required by subsection (a) the owner of the motor vehicle within three (3) business days after receiving verification of ownership from the appropriate state department or agency shall not receive more than six (6) days of storage-related expenses.  A garagekeeper that is found by a court of competent jurisdiction to have failed to release a motor vehicle upon the presentment of payment for towing and storage expenses is subject to civil liability to the motor vehicle owner, secured creditor, lessor, or lienholder who prevails in an action brought under this section for reasonable costs and attorney&#39;s fees incurred by the person instituting the action.</p>\n   <p class=\"indent\">(3)  If the owner of the motor vehicle or the owner&#39;s agent is present at the time a garagekeeper commences towing the owner&#39;s or agent&#39;s motor vehicle,</p>\n   <p class=\"indent\">then this subsection (b) does not apply to the garagekeeper; provided, however, that this subdivision (b)(3) does not exempt the garagekeeper from any other notification requirements under this section or another provision of law.</p>\n   <p class=\"indent\">55-31-303.  Auctions and auctioneers.</p>\n   <p class=\"indent\">(a)  If an abandoned or immobile motor vehicle has not been reclaimed as provided for in &sect; 55-31-301 or &sect; 55-31-302, then the law enforcement agency or garagekeeper must sell the abandoned or immobile motor vehicle at a public auction.</p>\n   <p class=\"indent\">(b)  The purchaser of the motor vehicle takes title to the motor vehicle free and clear of all liens and claims of ownership, must receive a sales receipt from the law enforcement agency, and, upon presentation of the sales receipt, the department of revenue shall issue a certificate of title to the purchaser.</p>\n   <p class=\"indent\">(c)  The sales receipt only is sufficient title for purposes of transferring the motor vehicle to a demolisher for demolition, wrecking, or dismantling, and, in this case, further titling of the motor vehicle is not necessary.</p>\n   <p class=\"indent\">(d)  The proceeds of the sale of an abandoned or immobile motor vehicle must be used for payment of the expenses of the auction, the costs of towing, preserving, and storing the abandoned or immobile motor vehicle, and all notice and publication costs, including costs to post the motor vehicle on the motor vehicle portal, incurred pursuant to &sect; 55-31-301 or &sect; 55-31-302.</p>\n   <p class=\"indent\">(e)  Any remainder from the proceeds of a sale must be held by the law enforcement agency for the owner of the motor vehicle or entitled lienholder for sixty (60) days from the date of the sale, and then must be deposited in a special fund that must remain available for the payment of auction, towing, preserving, storage, and all notice and publication costs, including costs to post the motor vehicle on the motor vehicle portal, that result from placing other abandoned or immobile vehicles in custody,</p>\n   <p class=\"indent\">whenever the proceeds from a sale of other abandoned or immobile motor vehicles are insufficient to meet these expenses and costs.</p>\n   <p class=\"indent\">55-31-304.  Garagekeepers.</p>\n   <p class=\"indent\">(a)  Notwithstanding this chapter to the contrary, the law enforcement agency through its chief officer, after complying with &sect; 55-31-301, may execute a written waiver of its right to sell a vehicle taken into custody under this chapter in favor of a garagekeeper in whose possession the vehicle was lawfully placed by the law enforcement agency under this chapter.  If a garagekeeper has made repairs to a vehicle for which a waiver has been executed, then the garagekeeper may proceed to enforce the lien as provided in &sect; 66-19-103.  If the garagekeeper has not made repairs to a vehicle for which a waiver has been executed, then the garagekeeper may proceed to sell the vehicle in accordance with the procedure established in &sect; 55-31-303.</p>\n   <p class=\"indent\">(b)  As to third-party purchasers, the sale of the abandoned or immobile vehicle is valid, but the garagekeeper shall sell the vehicle in a commercially reasonable manner.</p>\n   <p class=\"indent\">(c)  A person injured as a result of a violation of subsection (b) is entitled to maintain a private right of action for injunctive relief and to recover actual damages, compensatory damages, punitive damages, and reasonable attorney&#39;s fees against an alleged violator.</p>\n   <p class=\"indent\">55-31-305.  Demolishers.</p>\n   <p class=\"indent\">(a)  A person upon whose property or in whose possession is found an abandoned or immobile motor vehicle, or a person being the owner of a motor vehicle whose title certificate is faulty, lost, or destroyed, may apply to the law enforcement agency of the jurisdiction in which the vehicle is situated for authority to sell, give away, or dispose of the vehicle to a demolisher.</p>\n   <p class=\"indent\">(b)  The application must set out the name and address of the applicant, the year, make, model, and vehicle identification number of the motor vehicle, if ascertainable, together with any other identifying features, and must contain a concise statement of the facts surrounding the abandonment, or that the title of the motor vehicle is lost or destroyed, or the reasons for the defect of title.  The applicant must execute an affidavit stating that the facts alleged therein are true and that no material fact has been withheld.</p>\n   <p class=\"indent\">(c)  If the law enforcement agency finds that the application is executed in proper form and shows that the motor vehicle has been abandoned or immobile upon the property of the applicant, or if it shows that the motor vehicle is not reported stolen and is not abandoned or immobile but that the applicant appears to be the rightful owner, then the law enforcement agency shall follow the notification procedures set forth in &sect; 55-31- 301 or &sect; 55-31-302.</p>\n   <p class=\"indent\">(d)  If an abandoned or immobile motor vehicle is not reclaimed in accordance with &sect; 55-31-301 or &sect; 55-31-302, then the law enforcement agency shall give the applicant a certificate of authority to sell the motor vehicle to any demolisher for demolition, wrecking, or dismantling.  The demolisher shall accept the certificate in lieu of the certificate of title to the motor vehicle.</p>\n   <p class=\"indent\">(e)  Notwithstanding this part to the contrary, a person upon whose property or in whose possession is found an abandoned or immobile motor vehicle, or the owner of a motor vehicle whose title certificate is faulty, lost, or destroyed, may dispose of the motor vehicle to a demolisher without the motor vehicle&#39;s title and without the notification procedures of &sect; 55-31-301 or &sect; 55-31-302, if the motor vehicle is over ten (10) years old and has no engine or is otherwise totally inoperable.</p>\n   <p class=\"indent\">(f)</p>\n   <p class=\"indent\">(1)  If a vehicle has an engine, and is properly licensed but otherwise fits the description of this section, then such vehicle left on a public highway or street and towed at the direction of local or state law enforcement officials must be held at least ten (10) days.  If, at the end of that period, no claim has been received for the vehicle, then the vehicle may be disposed of in accordance with this section.</p>\n   <p class=\"indent\">(2)  Subdivision (f)(1) does not apply in counties with a metropolitan form of government, in which counties subsection (e) remains in full force and effect.</p>\n   <p class=\"indent\">55-31-306.  Demolishers - Surrender of certificate of title or auction sales receipt for cancelation - Records and recordation.</p>\n   <p class=\"indent\">(a)  A demolisher who purchases or otherwise acquires a motor vehicle for purposes of wrecking, dismantling, or demolition is not required to obtain a certificate of title for the motor vehicle in the demolisher&#39;s name.  After the motor vehicle has been demolished, processed, or changed so that it physically is no longer a motor vehicle, the demolisher shall make the required notification to the National Motor Vehicle Title Information System and surrender for cancelation the certificate of title or auction sales receipt.  The department of revenue taxpayer and vehicle services division shall issue forms and rules governing the surrender of auction sales receipts and certificates of title as are appropriate.</p>\n   <p class=\"indent\">(b)  A demolisher shall keep an accurate and complete record of all motor vehicles purchased or received in the course of the demolisher&#39;s business.  The records must contain the name and address of the person from whom each motor vehicle was purchased or received, the date when the purchase or receipt occurred, and the date reported to the National Motor Vehicle Title Information System.  The demolisher shall make the records open for inspection by any law enforcement agency at any time during normal business hours.  A record required by this section must be kept by the demolisher for at least one (1) year after the date of the transaction to which it applies.</p>\n   <p class=\"indent\">SECTION 2.  Tennessee Code Annotated, Section 66-14-104, is amended by designating the current language as subsection (a) and adding the following language:</p>\n   <p class=\"indent\">(b)  On or after ninety (90) days after the motor vehicle portal created pursuant to &sect; 55-31-104 is operational and available for use, in the event the good is a motor vehicle or another good requiring a certificate of title pursuant to title 55, the newspaper advertisement is not required, and the public sale notice must be posted through the online motor vehicle portal created pursuant to &sect; 55-31-104 and must contain the year; make; model; license plate number; vehicle identification number, if applicable; and the time and date of the sale of the motor vehicle.</p>\n   <p class=\"indent\">SECTION 3.  Tennessee Code Annotated, Section 66-19-103(b)(1)(A), is amended by deleting subdivision (i) and substituting:</p>\n   <p class=\"indent\">(i)  Is only required to advertise the sale on the motor vehicle portal developed pursuant to &sect; 55-31-104; and</p>\n   <p class=\"indent\">SECTION 4.  Tennessee Code Annotated, Section 66-19-103(b)(1)(B), is amended by deleting the language &quot;a nationally recognized overnight delivery carrier, other than the United States postal service, requesting proof of delivery&quot; and substituting instead &quot; a national delivery carrier that provides electronic tracking&quot;.</p>\n   <p class=\"indent\">SECTION 5.  Tennessee Code Annotated, Section 66-19-103(b)(6), is amended by deleting &quot;&sect; 55-32-308&quot; and substituting &quot;&sect; 55-31-205&quot;.</p>\n   <p class=\"indent\">SECTION 6.  Tennessee Code Annotated, Section 66-19-103(c), is amended by deleting &quot;chapter 32&quot; and substituting &quot;chapter 31&quot;.</p>\n   <p class=\"indent\">SECTION 7.  Tennessee Code Annotated, Section 47-18-104(b)(65), is amended by deleting &quot;&sect; 55-31-204&quot; and substituting &quot;&sect; 55-31-202&quot;.</p>\n   <p class=\"indent\">SECTION 8.  Tennessee Code Annotated, Section 47-18-104(b)(66), is amended by deleting &quot;&sect; 55-31-307&quot; and substituting &quot;&sect; 55-31-204&quot;.</p>\n   <p class=\"indent\">SECTION 9.  The headings in this act are for reference purposes only and do not constitute a part of the law enacted by this act.  However, the Tennessee Code Commission is requested to include the headings in any compilation or publication containing this act.</p>\n   <p class=\"indent\">SECTION 10.  Upon receipt by the Tennessee Code Commission of the written notice from the Commissioner of Revenue pursuant to &sect; 55-31-104(f), which includes the date that is ninety (90) days after the motor vehicle portal becomes operational and available for use, the Commission is requested to update the Code to reflect that date in &sect;&sect; 55-31-104(b), 55-31- 204(d), 55-31-207(d), 55-31-301(b), 55-31-302(a) and 66-14-104(b).</p>\n   <p class=\"indent\">SECTION 11.  This act takes effect upon becoming a law, the public welfare requiring it.</p>\n  </div>\n </div>\n    </div>\t\n<table cellpadding=0 cellspacing=0 width=\"100%\">\n   <tr>\n      <td>\n          Copyright &copy; 2025 State Net\n      </td>\n<BR>\n<!--???MOVED INTO resources.cgi      <td align=\"right\">\n          <img src=\"https://custom.statenet.com/network/poweredby.gif\" alt=\"Powered by State Net\">\n      </td>-->\n\n    </tr>\n</table>\n</body></html>\n",
      "markdown": "The following has special meaning: _green underline denotes added text_ ~~red struck out text denotes deleted text~~ | [![Powered by State Net](https://custom.statenet.com/network/poweredby.gif)](https://www.lexisnexis.com/statenet/)  \n---|---  \n  \n2025 TN H 972 | | Author: | McCalmon  \n---|---  \nVersion: | Introduced  \nVersion Date: | 02/05/2025  \n  \nHOUSE BILL 972\n\nBy McCalmon\n\nAN ACT to amend Tennessee Code Annotated, Title 4; Title 5; Title 6; Title 7;\nTitle 39; Title 47; Title 48; Title 55; Title 56; Title 62; Title 66 and Title\n67, relative to motor vehicles.\n\nBE IT ENACTED BY THE GENERAL ASSEMBLY OF THE STATE OF TENNESSEE:\n\nSECTION 1. Tennessee Code Annotated, Title 55, Chapter 31, is amended by\ndeleting the chapter and substituting the following:\n\n55-31-101. Short title.\n\nThis chapter is known and may be cited as the \"Modernization of Towing,\nImmobilization, and Oversight Normalization (MOTION) Act of 2025.\"\n\n55-31-102. Chapter definitions.\n\nAs used in this chapter:\n\n(1) \"Abandoned motor vehicle\" means a motor vehicle physically located in this\nstate that:\n\n(A) Is left unattended on public property for more than ten (10) days;\n\n(B) Is in an obvious state of disrepair and is left unattended on public\nproperty for more than three (3) days;\n\n(C) Has remained illegally on public property for a period of more than forty-\neight (48) hours;\n\n(D) Is left unattended and interferes with or impedes the orderly flow of\ntraffic or is left unattended during or prior to inclement weather conditions;\n\n(E) Is unattended by reason of the arrest of the driver of the motor vehicle;\n\n(F) Is creating a hazard, blocking access to public or private property, or\nparked illegally;\n\n(G) Has remained on private property without the consent of the owner or\nperson in control of the property for more than forty-eight (48) hours;\n\n(H) Has remained on private residential property without the consent of the\nowner or person in control of the property; or\n\n(I) Has been stored, parked, or left in a garage, trailer park, or any type of\nstorage or parking lot for more than thirty (30) consecutive days;\n\n(2) \"Authorized agent\" means:\n\n(A) A person authorized to operate the motor vehicle;\n\n(B) A person in possession of private property; or\n\n(C) For an insurer or lienholder, a person authorized to act on behalf of the\ninsurer or lienholder;\n\n(3) \"Automatic license plate reader\" means one (1) or more mobile or fixed\nautomated high-speed cameras used in combination with computer algorithms to\nconvert images of motor vehicles or license plates into computer-readable data\nthat can be used to determine the ownership of a motor vehicle;\n\n(4) \"Boot\" or \"booting\" means the act of installing a vehicle immobilization\ndevice on a motor vehicle;\n\n(5) \"Commercial parking lot\":\n\n(A) Means a privately owned parking lot or parking garage used for the\ntemporary storage of motor vehicles, either for a fee or for use by customers\nof the owner of the parking lot or parking garage; and\n\n(B) Does not include:\n\n(i) A public street;\n\n(ii) A public right-of-way;\n\n(iii) A publicly owned parking lot or parking garage;\n\n(iv) A motor vehicle storage facility; or\n\n(v) An establishment for the servicing, repair, or maintenance of motor\nvehicles;\n\n(6) \"Commercial parking lot owner\" means the owner or operator of a commercial\nparking lot;\n\n(7) \"Curbstoning\" means selling, offering for sale, advertising for sale, or\nsoliciting the sale of:\n\n(A) A motor vehicle without a properly endorsed certificate of title, as\nrequired by §§ 55-3-118 and 55-3-127, by a person engaged primarily in the\nsale of used motor vehicles if the person is not licensed as a motor vehicle\ndealer pursuant to chapter 17, part 1 of this title; or\n\n(B) More than five (5) motor vehicles in any twelve-month period when the\nmotor vehicles are titled in the person's name engaged primarily in the sale\nof used motor vehicles if the person is not licensed as a motor vehicle dealer\npursuant to chapter 17, part 1 of this title;\n\n(8) \"Demolisher\" means a person whose business is to convert a motor vehicle\ninto processed scrap or scrap metal, or to otherwise wreck or dismantle motor\nvehicles;\n\n(9) \"Garagekeeper\":\n\n(A) Means:\n\n(i) A towing company;\n\n(ii) A motor vehicle storage facility; or\n\n(iii) An establishment for the servicing, repair, or maintenance of motor\nvehicles; and\n\n(B) Does not include:\n\n(i) A commercial parking lot;\n\n(ii) A commercial parking lot owner; or\n\n(iii) A publicly owned parking lot or parking garage;\n\n(10) \"Immobile motor vehicle\" means a motor vehicle, trailer, semitrailer, or\ncombination or part of a motor vehicle, trailer, or semitrailer that is\nimmobilized and incapable of moving under its own power due to an accident,\nmechanical breakdown, weather condition, or other emergency situation;\n\n(11) \"Law enforcement agency\" means:\n\n(A) The Tennessee highway patrol;\n\n(B) The sheriff's department of any county;\n\n(C) The police department of any municipality; or\n\n(D) Any department, board, or commission designated by the legislative body of\nany county with a metropolitan form of government to perform the duties of a\nlaw enforcement agency specified in this chapter;\n\n(12) \"Local government\" means a municipality, county, or county having a\nmetropolitan form of government;\n\n(13) \"Motor vehicle\" has the same meaning as defined in § 55-8-101 and\nincludes a tractor or trailer as those terms are defined in § 55-8-101;\n\n(14) \"Motor vehicle portal\" means the electronic database or online platform\nestablished by the department of revenue pursuant to § 55-31-104;\n\n(15) \"Obvious state of disrepair\" means a motor vehicle that:\n\n(A) Is inoperable under its own power;\n\n(B) Is without one (1) or more wheels or inflated tires;\n\n(C) Is burned throughout; or\n\n(D) Has more than one (1) broken window;\n\n(16) \"Person\" includes a natural person, firm, association, corporation, or\npartnership;\n\n(17) \"Release fee\" means a fee charged by a towing company to release a motor\nvehicle after the towing company has begun to tow the motor vehicle;\n\n(18) \"Third-party service provider\" means an entity that is approved by the\ndepartment of revenue to create and implement the motor vehicle portal in\ncompliance with § 55-31-104;\n\n(19) \"Towing company\" means a person engaged in the business of towing motor\nvehicles by use of a tow truck; and\n\n(20) \"Vehicle immobilization device\" means a device that is designed or\nadapted to be attached to a parked motor vehicle to prohibit the motor\nvehicle's usual manner of movement or operation.\n\n55-31-103. Penalties.\n\n(a)\n\n(1) Except as otherwise provided in subdivision (a)(2):\n\n(A) A violation of this chapter constitutes a violation of the Tennessee\nConsumer Protection Act of 1977, compiled in title 47, chapter 18, part 1, is\nan unfair or deceptive act or practice affecting trade or commerce, and is\nsubject to the penalties and remedies as provided in the Tennessee Consumer\nProtection Act of 1977, in addition to any penalties and remedies established\nunder this chapter;\n\n(B) The attorney general and reporter has all of the investigative and\nenforcement authority that the attorney general and reporter has under the\nTennessee Consumer Protection Act of 1977 relating to alleged violations of\nthis chapter. If the attorney general and reporter reasonably believes that a\nperson has violated this chapter, then the attorney general and reporter may\ninstitute a proceeding under this section; and\n\n(C) Costs of any kind or nature must not be taxed against the attorney general\nand reporter or the state in actions commenced under this chapter.\n\n(2) Subdivision (a)(1) does not apply to § 55-31-104 or part 3 of this\nchapter.\n\n(b)\n\n(1) Except as otherwise provided in subdivision (b)(2), in addition to the\nremedy provided in subsection (a), a person injured as a result of a violation\nof this chapter is entitled to maintain a private right of action for\ninjunctive relief and to recover actual damages, compensatory damages,\npunitive damages, and reasonable attorney's fees against an alleged violator.\n\n(2) Subdivision (b)(1) does not apply to § 55-31-104 or part 3 of this\nchapter.\n\n(c)\n\n(1) A violation of § 55-31-201, § 55-31-204, § 55-31-205, or § 55-31-206 is a\nClass B misdemeanor.\n\n(2) A violation of § 55-31-201, § 55-31-204, § 55-31-205, or § 55-31-206 for a\nsecond or subsequent offense is a Class A misdemeanor.\n\n55-31-104. Motor vehicle portal.\n\n(a)\n\n(1) The department of revenue shall create and implement an electronic\ndatabase or online platform that allows a law enforcement agency or\ngaragekeeper to input abandoned or immobile vehicle information for public\nnotice to be made through a motor vehicle portal as required by § 55-31-302.\nThe department may contract with a third-party service provider to create and\nimplement the motor vehicle portal.\n\n(2) The department of revenue shall:\n\n(A) Begin the procurement process to create and implement the motor vehicle\nportal described in subdivision (a)(1) no later than July 1, 2025; and\n\n(B) Implement the motor vehicle portal required under subdivision (a)(1) no\nlater than July 1, 2026.\n\n(b) On and after the ninetieth day after the motor vehicle portal created\npursuant to this section is operational and available for use, the department\nof revenue may charge a law enforcement agency or another user of the portal a\nfee for entering information or sending notification through the portal, but a\nfee must not be charged for conducting a public search on the motor vehicle\nportal. The fee must be charged in an amount to cover the cost of creating,\nadministering, and maintaining the motor vehicle portal created pursuant to\nthis section.\n\n(c) At a minimum, the motor vehicle portal must:\n\n(1) Provide the public with real-time access to locate motor vehicles that\nhave been towed pursuant to this chapter;\n\n(2) Provide retrieval information and requirements of motor vehicles that have\nbeen towed pursuant to this chapter;\n\n(3) Provide the fee amounts and payment methods for motor vehicles that have\nbeen towed pursuant to this chapter;\n\n(4) Consolidate statewide towing data into one (1) searchable, centralized\ndatabase available to the public to be searched;\n\n(5) Allow and enable a towing company to submit detailed reports;\n\n(6) Store data relevant to this chapter securely in a centralized database and\nallow access to law enforcement agencies and the public;\n\n(7) Send notices via mail to the last known registered owner of a motor\nvehicle and all lienholders or record that a vehicle has been taken into\ncustody;\n\n(8) Provide application programming interface-accessible endpoints for\nretrieving data by other systems and for integration with other systems; and\n\n(9) Allow and enable users to verify ownership of a motor vehicle.\n\n(d) The commissioner of revenue is authorized to promulgate rules to\neffectuate this section. The rules must be promulgated in accordance with the\nUniform Administrative Procedures Act, compiled in title 4, chapter 5.\n\n(e) The commissioner of revenue shall:\n\n(1) Place a notice on the department of revenue's website that notifies the\npublic of the date the motor vehicle portal is operational and available for\nuse and what date is the ninetieth day following such date; and\n\n(2) Notify the Tennessee code commission in writing of the date that the motor\nvehicle portal is operational and available for use and what date is the\nninetieth day following such date.\n\n(f) All revenues received from the fees must be earmarked and used for the\nadministration and maintenance of the motor vehicle portal. All funds\ngenerated pursuant to this section must be deposited into a special account\nearmarked solely for the purposes set forth in this section, and any\nunexpended funds do not revert to the general fund and must be held in the\naccount for use in accordance with this section.\n\n55-31-105. Removal of firearms from stored vehicles.\n\nA garagekeeper may remove and secure a firearm left in a stored motor vehicle\nif the firearm can be removed without causing damage to the motor vehicle. If\nremoved, the firearm must be tagged or logged in a manner to tie it to the\nvehicle from which it was removed, and the firearm must be stored at the\nbusiness in a firearm safe or other type of secure storage. The business shall\nnotify the owner of the vehicle when a firearm is removed and secured, and\nsuch notice must include information regarding how the firearm may be\nretrieved.\n\n55-31-201. Booting.\n\nIt is an offense for any person to boot a motor vehicle.\n\n55-31-202. Automatic license plate readers.\n\nA commercial parking lot owner shall not utilize an automatic license plate\nreader to enforce the commercial parking lot owner's parking requirements\nwithout first posting signage that:\n\n(1) Is designed and placed in a manner that ensures clear visibility and\nreadability by consumers parking in the commercial parking lot;\n\n(2) Contains the language LICENSE PLATE READER IN USE;\n\n(3) Is located at each designated entrance to the property, if a dedicated\nentrance to the commercial parking lot exists; and\n\n(4) Is located on each level of the commercial parking lot, if the commercial\nparking lot has more than one (1) level.\n\n55-31-203. Parking fees.\n\n(a) A commercial parking lot owner that requires payment at the conclusion of\na parking session shall not charge a penalty for nonpayment of parking fees\nunless:\n\n(1) The commercial parking lot owner posts signage that:\n\n(A) Is designed and placed in a manner that ensures clear visibility and\nreadability by consumers parking in the commercial parking lot;\n\n(B) Provides notice that motor vehicle owners who leave the commercial parking\nlot without paying parking fees will be subject to a penalty if the parking\nfees are not paid within seventy-two (72) hours from the time of the\ncommercial parking lot owner's discovery of the nonpayment of parking fees;\nand\n\n(C) Is located at each designated exit of the commercial parking lot;\n\n(2) The actual cost of parking fees owed remains unpaid after seventy-two (72)\nhours from the time of the commercial parking lot owner's discovery of the\nnonpayment of parking fees; and\n\n(3)\n\n(A) If the actual cost of parking fees owed remains unpaid for thirty (30)\ndays or less from the date of the commercial parking lot owner's discovery of\nthe nonpayment of parking fees, the fee is not greater than fifty dollars\n($50.00); or\n\n(B) If the actual cost of parking fees owed remains unpaid for greater than\nthirty (30) days from the date of the commercial parking lot owner's discovery\nof the nonpayment of parking fees, the fee is not greater than seventy-five\ndollars ($75.00).\n\n(b) A commercial parking lot owner that requires payment at the beginning of a\nparking session shall not charge a penalty for nonpayment of parking fees\nunless:\n\n(1) The commercial parking lot owner posts signage that:\n\n(A) Is designed and placed in a manner that ensures clear visibility and\nreadability by consumers parking in the commercial parking lot;\n\n(B) Provides notice that motor vehicle owners who fail to pay the parking fees\nwithin thirty (30) minutes from the time of parking will be subject to a\npenalty; and\n\n(C) Is located at each designated entrance of the commercial parking lot;\n\n(2) The actual cost of parking fees owed remains unpaid after seventy-two (72)\nhours from the time of the commercial parking lot owner's discovery of the\nnonpayment of parking fees; and\n\n(3) The actual cost of the parking fees complies with subdivision (a)(3).\n\n55-31-204. Towing.\n\n(a) Notwithstanding any other law to the contrary, a person shall not tow a\nmotor vehicle without express written authorization by the owner or authorized\nagent of the owner of the motor vehicle unless:\n\n(1) An owner or authorized agent of the owner of a commercial parking lot or\nother private property open to the public has authorized the towing of the\nmotor vehicle left unattended and the owner has posted notice that any motor\nvehicle not authorized to park on the private property is subject to towing;\n\n(2) An owner or authorized agent of the owner of a commercial parking lot or\nother private property open to the public has authorized the towing of a motor\nvehicle that has been unattended for more than twelve (12) hours;\n\n(3) An owner or authorized agent of the owner of private property not open to\nthe public has authorized the towing of a motor vehicle left unattended; or\n\n(4) A law enforcement officer with appropriate jurisdiction requests that the\nmotor vehicle be towed pursuant to § 55-31-301.\n\n(b) The authorization required pursuant to subdivision (a)(4) must include all\ninformation required by § 66-19-103(d).\n\n(c) A person attempting to tow a motor vehicle shall immediately release the\nvehicle that the person has begun to tow if:\n\n(1) The motor vehicle has not left the original parking location; and\n\n(2) The owner or operator of the motor vehicle pays a release fee.\n\n(d)\n\n(1) Prior to ninety (90) days after the motor vehicle portal created pursuant\nto § 55-31-104 is operational and available for use, if the owner of a motor\nvehicle is not present at the time the motor vehicle is towed, then within one\n(1) hour of a person towing the motor vehicle pursuant to this chapter, such\nperson must notify the law enforcement agency with jurisdiction over the\nlocation from which the motor vehicle was towed of the vehicle identification\nnumber\n\n(VIN), registration information, if available, license plate number, a\ndescription of the vehicle, the location of the tow, and the location where\nthe motor vehicle will be stored. A law enforcement agency shall keep a record\nof all information required by this subsection (d) and must make the\ninformation available for public inspection.\n\n(2) On or after ninety (90) days after the motor vehicle portal created\npursuant to § 55-31-104 is operational and available for use, if the owner of\na motor vehicle is not present at the time the motor vehicle is towed, then\nwithin one (1) hour of a person towing the motor vehicle pursuant to this\nchapter, such person must enter the VIN, registration information, if\navailable, license plate number, a description of the vehicle, the location of\nthe tow, and the location where the motor vehicle will be stored into the\nmotor vehicle portal.\n\n55-31-205. Storage of vehicles.\n\n(a) Notwithstanding this part or title 66, chapter 19, part 1, a garagekeeper\nshall not store a motor vehicle unless the garagekeeper first obtains the\nexpress written authorization for storage of the motor vehicle from a law\nenforcement officer with appropriate jurisdiction, the owner of the motor\nvehicle or authorized agent of the owner of the motor vehicle, or the owner or\nthe authorized agent of the owner of the private property from which the motor\nvehicle was towed. The authorization must include all of the information\nrequired by § 66-19-103(d).\n\n(b) This section and § 66-19-103(b) do not apply to new or used motor vehicle\ndealers licensed under chapter 17 of this title.\n\n55-31-206. Towing firm referral fees.\n\n(a) Notwithstanding this chapter to the contrary, a towing company shall not\nmake, confer, or offer any payment or other pecuniary benefit to an owner or\nmanager of property from which the company has towed a motor vehicle with the\nintent of rewarding the owner or manager for referring the vehicle for towing.\n\n(b) Notwithstanding this chapter to the contrary, an owner or manager of\nproperty from which a towing company has towed a motor vehicle shall not\nsolicit or receive any payment or other pecuniary benefit from a towing\ncompany in exchange for referring a vehicle for towing to the company.\n\n55-31-207. Fees.\n\n(a) Except as otherwise provided in this section, a garagekeeper shall not\ncharge the owner or lienholder of a stored motor vehicle a storage fee for a\nperiod exceeding twenty-one (21) days without the consent of the owner or\nlienholder, unless the owner or lienholder has been notified that the motor\nvehicle is available to be released from the garagekeeper and the owner or\nlienholder refuses to retrieve the motor vehicle.\n\n(b) A garagekeeper shall not charge a storage fee for any day on which the\nmotor vehicle is not available for release to the owner, lienholder, or\ninsurer, unless the failure to release is based on a hold placed on the motor\nvehicle by law enforcement.\n\n(c) Upon provision of documentation from an insurer or lienholder showing its\nright to take custody of a motor vehicle, a garagekeeper shall release the\nmotor vehicle to the insurer or lienholder, or an authorized agent or\nrepresentative for such insurer or lienholder, upon the insurer's or\nlienholder's payment of reasonable charges due, without requiring additional\nconsent from the owner of the motor vehicle. The insurer or lienholder shall\nindemnify and hold harmless the releasing person from any action, cause of\naction, claim, judgment, loss, liability, damage, or cost that it may incur\ndue to wrongful release of the motor vehicle to an authorized agent or\nrepresentative of the insurer or lienholder.\n\n(d)\n\n(1) Prior to ninety (90) days after the motor vehicle portal created pursuant\nto § 55-31-104 is operational and available for use, a garagekeeper may charge\na storage fee for a period exceeding twenty-one (21) days if the last known\nregistered owner of the motor vehicle and all lienholders of record are\nnotified using a national delivery carrier that provides electronic tracking\nof the intent to charge a storage fee for a period to exceed twenty-one (21)\ndays. The notice must be given at least ten (10) days prior to the imposition\nof any additional storage fee.\n\n(2) On or after ninety (90) days after the motor vehicle portal created\npursuant to § 55-31-104 is operational and available for use, a garagekeeper\nmay charge a storage fee for a period exceeding twenty-one (21) days if the\ngaragekeeper notifies all registered owners of the motor vehicle and all\nlienholders of record of the intent to charge a storage fee for a period to\nexceed twenty-one (21) days via the online motor vehicle portal.\n\n(e) A garagekeeper, whether as the principal business of the garagekeeper or\nincidental to the garagekeeper's principal business, shall not charge a person\nfor the towing or storage of a motor vehicle that was towed or stored without\nthe express written authorization of the owner of the motor vehicle to tow or\nstore:\n\n(1) A fee charged at a higher rate than the maximum fee that has been approved\nby the Tennessee highway patrol district to be charged for the same service by\npersons engaged in a business described in this section;\n\n(2) A gate, access, or release fee during normal business hours for any day\nduring which daily storage is also being charged; or\n\n(3) A release fee of more than one hundred dollars ($100).\n\n55-31-301. Law Enforcement - abandoned or immobile motor vehicle - motor\nvehicle used in curbstoning.\n\n(a) A law enforcement agency may take into custody, or utilize a garagekeeper\nto take into custody, a motor vehicle found abandoned, immobile, or used in\ncurbstoning, or the agency may provide notice that the motor vehicle is\nabandoned, immobile, or being used in curbstoning prior to taking the motor\nvehicle into custody, or utilizing a garagekeeper to take the motor vehicle\ninto custody; provided, that a motor vehicle used in curbstoning on\nresidential property must not be taken into custody unless the law enforcement\nagency provides notice on the motor vehicle at least forty-eight (48) hours\nprior to the seizure.\n\n(b)\n\n(1) Prior to ninety (90) days after the motor vehicle portal created pursuant\nto § 55-31-104 is operational and available for use, a law enforcement agency\nor other public agency taking possession of a motor vehicle pursuant to this\nsection must:\n\n(A) Within three (3) business days after taking the motor vehicle into\ncustody, verify ownership of the motor vehicle through the Tennessee\nInformation Enforcement System (TIES). If a public agency attempts to verify\nownership information through TIES and the response is Not on File, then the\nagency shall contact the department of revenue title and registration\ndivision, which must search records not contained in TIES for the ownership\ninformation. If the title and registration division locates ownership\ninformation through this search, then the division must notify the appropriate\npublic agency and the agency must distribute the information as provided in\nthis subdivision (b)(1);\n\n(B) Provide the ownership information obtained in subdivision (b)(1)(A) to the\ngaragekeeper responsible for towing or storing the motor vehicle; and\n\n(C) Within three (3) business days after receiving verification of ownership\npursuant to subdivision (b)(1)(A), send notice to the last known registered\nowner of the motor vehicle and all lienholders of record that the vehicle has\nbeen taken into custody.\n\n(2) On or after ninety (90) days after the motor vehicle portal created\npursuant to § 55-31-104 is operational and available for use, a law\nenforcement agency or other public agency taking possession of a motor vehicle\npursuant to this section must:\n\n(A) Within one (1) hour after taking the motor vehicle into custody, verify\nownership of the motor vehicle through the online motor vehicle portal; and\n\n(B) Provide the ownership information obtained in subdivision (b)(2)(A) to the\ngaragekeeper responsible for towing or storing the motor vehicle.\n\n(c)\n\n(1) The owner or lienholder of an abandoned or immobile motor vehicle may\nappeal a determination that a motor vehicle is abandoned or immobile. If the\nowner or lienholder of an abandoned or immobile motor vehicle fails to appeal\nan action or determination or fails to remove the motor vehicle within twenty\n(20) days from receipt of the notice that a motor vehicle is abandoned or\nimmobile, then the law enforcement agency or other public agency may take the\nmotor vehicle into custody at any time, including by utilizing a garagekeeper\nto take the motor vehicle into custody, and no other notice is required.\n\n(2) If the owner or lienholder of an abandoned or immobile motor vehicle that\nhas not been taken into custody by a law enforcement agency pursuant to\nsubdivision (c)(1) appeals, then the law enforcement agency shall not take the\nmotor vehicle into custody while the appeal is pending.\n\n(d) Any notice required by subsection (a) must:\n\n(1) Be written in plain language;\n\n(2) Contain the year, make, model, and vehicle identification number of the\nmotor vehicle, if ascertainable;\n\n(3) Provide the location of the motor vehicle if the motor vehicle has been\ntaken into custody, or provide a statement advising the owner that the law\nenforcement agency will take the abandoned, immobile, or unattended vehicle\ninto custody in no less than twenty (20) days from the date of receipt of the\nnotice, unless the owner appeals the determination by the law enforcement\nagency that the vehicle is abandoned or immobile, or the owner removes the\nvehicle from the property within the twenty-day period;\n\n(4) Inform the owner and any lienholders of the right to reclaim the motor\nvehicle within twenty (20) days after the date of receipt of the notice, upon\npayment of all towing, preservation, and storage charges resulting from\nplacing the vehicle in custody; and\n\n(5) State that the failure of the owner or lienholders to exercise the right\nto reclaim the vehicle will be deemed a waiver by the owner and all\nlienholders of all right, title, and interest in the vehicle and consent to\nthe demolition of the vehicle or its sale at a public auction.\n\n(e) A law enforcement agency may employ its own personnel, equipment, and\nfacilities or hire persons, equipment, and facilities for the purpose of\nremoving, preserving, and storing motor vehicles that are abandoned, immobile,\nunattended, or used in curbstoning.\n\n(f) A motor vehicle used in curbstoning is subject to seizure and forfeiture\nin the same manner as provided by law for seizure and forfeiture of other\nitems under title 40, chapter 33.\n\n(g) Notwithstanding another law to the contrary, this section does not limit a\nlocal government's initiative for more restrictive requirements regarding the\nsale of curbstoned vehicles.\n\n(h) A law enforcement agency requesting another person to tow a motor vehicle\npursuant to this section must provide the authorization required pursuant to §\n55-31- 204(a)(3) to the person to tow prior to requesting the tow.\n\n55-31-302. Notice.\n\n(a)\n\n(1) Prior to ninety (90) days after the motor vehicle portal created pursuant\nto § 55-31-104 is operational and available for use, when any person other\nthan a law enforcement agency or other public agency takes possession of a\nmotor vehicle found abandoned or immobile, the action must be reported\nimmediately to the department of revenue taxpayer and vehicle services\ndivision for verification of ownership on a form prescribed and provided by\nthe registrar of motor vehicles.\n\n(2) On or after ninety (90) days after the motor vehicle portal created\npursuant to § 55-31-104 is operational and available for use, when any person\nother than a law enforcement agency or other public agency takes possession of\na motor vehicle found abandoned or immobile, the action must be reported to\nthe online motor vehicle portal.\n\n(b)\n\n(1) In addition to the notification requirements of § 55-31-301 and subsection\n(a), a garagekeeper that has in its possession an abandoned or immobile motor\nvehicle taken into custody by any person shall, within three (3) business days\nafter the motor vehicle is taken into its possession, verify ownership of the\nmotor vehicle. The garagekeeper shall, within three (3) business days after\nreceiving verification of ownership, provide notice to the last known\nregistered owner of the motor vehicle and all lienholders of record. The\nnotification requirements included in subsection (a) apply to the notice\nrequired to be provided by a garagekeeper pursuant to this subdivision (b)(1).\n\n(2) A garagekeeper that does not verify ownership of a motor vehicle within\nthree (3) business days after taking possession of the motor vehicle pursuant\nto this section or that does not notify in the manner required by subsection\n(a) the owner of the motor vehicle within three (3) business days after\nreceiving verification of ownership from the appropriate state department or\nagency shall not receive more than six (6) days of storage-related expenses. A\ngaragekeeper that is found by a court of competent jurisdiction to have failed\nto release a motor vehicle upon the presentment of payment for towing and\nstorage expenses is subject to civil liability to the motor vehicle owner,\nsecured creditor, lessor, or lienholder who prevails in an action brought\nunder this section for reasonable costs and attorney's fees incurred by the\nperson instituting the action.\n\n(3) If the owner of the motor vehicle or the owner's agent is present at the\ntime a garagekeeper commences towing the owner's or agent's motor vehicle,\n\nthen this subsection (b) does not apply to the garagekeeper; provided,\nhowever, that this subdivision (b)(3) does not exempt the garagekeeper from\nany other notification requirements under this section or another provision of\nlaw.\n\n55-31-303. Auctions and auctioneers.\n\n(a) If an abandoned or immobile motor vehicle has not been reclaimed as\nprovided for in § 55-31-301 or § 55-31-302, then the law enforcement agency or\ngaragekeeper must sell the abandoned or immobile motor vehicle at a public\nauction.\n\n(b) The purchaser of the motor vehicle takes title to the motor vehicle free\nand clear of all liens and claims of ownership, must receive a sales receipt\nfrom the law enforcement agency, and, upon presentation of the sales receipt,\nthe department of revenue shall issue a certificate of title to the purchaser.\n\n(c) The sales receipt only is sufficient title for purposes of transferring\nthe motor vehicle to a demolisher for demolition, wrecking, or dismantling,\nand, in this case, further titling of the motor vehicle is not necessary.\n\n(d) The proceeds of the sale of an abandoned or immobile motor vehicle must be\nused for payment of the expenses of the auction, the costs of towing,\npreserving, and storing the abandoned or immobile motor vehicle, and all\nnotice and publication costs, including costs to post the motor vehicle on the\nmotor vehicle portal, incurred pursuant to § 55-31-301 or § 55-31-302.\n\n(e) Any remainder from the proceeds of a sale must be held by the law\nenforcement agency for the owner of the motor vehicle or entitled lienholder\nfor sixty (60) days from the date of the sale, and then must be deposited in a\nspecial fund that must remain available for the payment of auction, towing,\npreserving, storage, and all notice and publication costs, including costs to\npost the motor vehicle on the motor vehicle portal, that result from placing\nother abandoned or immobile vehicles in custody,\n\nwhenever the proceeds from a sale of other abandoned or immobile motor\nvehicles are insufficient to meet these expenses and costs.\n\n55-31-304. Garagekeepers.\n\n(a) Notwithstanding this chapter to the contrary, the law enforcement agency\nthrough its chief officer, after complying with § 55-31-301, may execute a\nwritten waiver of its right to sell a vehicle taken into custody under this\nchapter in favor of a garagekeeper in whose possession the vehicle was\nlawfully placed by the law enforcement agency under this chapter. If a\ngaragekeeper has made repairs to a vehicle for which a waiver has been\nexecuted, then the garagekeeper may proceed to enforce the lien as provided in\n§ 66-19-103. If the garagekeeper has not made repairs to a vehicle for which a\nwaiver has been executed, then the garagekeeper may proceed to sell the\nvehicle in accordance with the procedure established in § 55-31-303.\n\n(b) As to third-party purchasers, the sale of the abandoned or immobile\nvehicle is valid, but the garagekeeper shall sell the vehicle in a\ncommercially reasonable manner.\n\n(c) A person injured as a result of a violation of subsection (b) is entitled\nto maintain a private right of action for injunctive relief and to recover\nactual damages, compensatory damages, punitive damages, and reasonable\nattorney's fees against an alleged violator.\n\n55-31-305. Demolishers.\n\n(a) A person upon whose property or in whose possession is found an abandoned\nor immobile motor vehicle, or a person being the owner of a motor vehicle\nwhose title certificate is faulty, lost, or destroyed, may apply to the law\nenforcement agency of the jurisdiction in which the vehicle is situated for\nauthority to sell, give away, or dispose of the vehicle to a demolisher.\n\n(b) The application must set out the name and address of the applicant, the\nyear, make, model, and vehicle identification number of the motor vehicle, if\nascertainable, together with any other identifying features, and must contain\na concise statement of the facts surrounding the abandonment, or that the\ntitle of the motor vehicle is lost or destroyed, or the reasons for the defect\nof title. The applicant must execute an affidavit stating that the facts\nalleged therein are true and that no material fact has been withheld.\n\n(c) If the law enforcement agency finds that the application is executed in\nproper form and shows that the motor vehicle has been abandoned or immobile\nupon the property of the applicant, or if it shows that the motor vehicle is\nnot reported stolen and is not abandoned or immobile but that the applicant\nappears to be the rightful owner, then the law enforcement agency shall follow\nthe notification procedures set forth in § 55-31- 301 or § 55-31-302.\n\n(d) If an abandoned or immobile motor vehicle is not reclaimed in accordance\nwith § 55-31-301 or § 55-31-302, then the law enforcement agency shall give\nthe applicant a certificate of authority to sell the motor vehicle to any\ndemolisher for demolition, wrecking, or dismantling. The demolisher shall\naccept the certificate in lieu of the certificate of title to the motor\nvehicle.\n\n(e) Notwithstanding this part to the contrary, a person upon whose property or\nin whose possession is found an abandoned or immobile motor vehicle, or the\nowner of a motor vehicle whose title certificate is faulty, lost, or\ndestroyed, may dispose of the motor vehicle to a demolisher without the motor\nvehicle's title and without the notification procedures of § 55-31-301 or §\n55-31-302, if the motor vehicle is over ten (10) years old and has no engine\nor is otherwise totally inoperable.\n\n(f)\n\n(1) If a vehicle has an engine, and is properly licensed but otherwise fits\nthe description of this section, then such vehicle left on a public highway or\nstreet and towed at the direction of local or state law enforcement officials\nmust be held at least ten (10) days. If, at the end of that period, no claim\nhas been received for the vehicle, then the vehicle may be disposed of in\naccordance with this section.\n\n(2) Subdivision (f)(1) does not apply in counties with a metropolitan form of\ngovernment, in which counties subsection (e) remains in full force and effect.\n\n55-31-306. Demolishers - Surrender of certificate of title or auction sales\nreceipt for cancelation - Records and recordation.\n\n(a) A demolisher who purchases or otherwise acquires a motor vehicle for\npurposes of wrecking, dismantling, or demolition is not required to obtain a\ncertificate of title for the motor vehicle in the demolisher's name. After the\nmotor vehicle has been demolished, processed, or changed so that it physically\nis no longer a motor vehicle, the demolisher shall make the required\nnotification to the National Motor Vehicle Title Information System and\nsurrender for cancelation the certificate of title or auction sales receipt.\nThe department of revenue taxpayer and vehicle services division shall issue\nforms and rules governing the surrender of auction sales receipts and\ncertificates of title as are appropriate.\n\n(b) A demolisher shall keep an accurate and complete record of all motor\nvehicles purchased or received in the course of the demolisher's business. The\nrecords must contain the name and address of the person from whom each motor\nvehicle was purchased or received, the date when the purchase or receipt\noccurred, and the date reported to the National Motor Vehicle Title\nInformation System. The demolisher shall make the records open for inspection\nby any law enforcement agency at any time during normal business hours. A\nrecord required by this section must be kept by the demolisher for at least\none (1) year after the date of the transaction to which it applies.\n\nSECTION 2. Tennessee Code Annotated, Section 66-14-104, is amended by\ndesignating the current language as subsection (a) and adding the following\nlanguage:\n\n(b) On or after ninety (90) days after the motor vehicle portal created\npursuant to § 55-31-104 is operational and available for use, in the event the\ngood is a motor vehicle or another good requiring a certificate of title\npursuant to title 55, the newspaper advertisement is not required, and the\npublic sale notice must be posted through the online motor vehicle portal\ncreated pursuant to § 55-31-104 and must contain the year; make; model;\nlicense plate number; vehicle identification number, if applicable; and the\ntime and date of the sale of the motor vehicle.\n\nSECTION 3. Tennessee Code Annotated, Section 66-19-103(b)(1)(A), is amended by\ndeleting subdivision (i) and substituting:\n\n(i) Is only required to advertise the sale on the motor vehicle portal\ndeveloped pursuant to § 55-31-104; and\n\nSECTION 4. Tennessee Code Annotated, Section 66-19-103(b)(1)(B), is amended by\ndeleting the language \"a nationally recognized overnight delivery carrier,\nother than the United States postal service, requesting proof of delivery\" and\nsubstituting instead \" a national delivery carrier that provides electronic\ntracking\".\n\nSECTION 5. Tennessee Code Annotated, Section 66-19-103(b)(6), is amended by\ndeleting \"§ 55-32-308\" and substituting \"§ 55-31-205\".\n\nSECTION 6. Tennessee Code Annotated, Section 66-19-103(c), is amended by\ndeleting \"chapter 32\" and substituting \"chapter 31\".\n\nSECTION 7. Tennessee Code Annotated, Section 47-18-104(b)(65), is amended by\ndeleting \"§ 55-31-204\" and substituting \"§ 55-31-202\".\n\nSECTION 8. Tennessee Code Annotated, Section 47-18-104(b)(66), is amended by\ndeleting \"§ 55-31-307\" and substituting \"§ 55-31-204\".\n\nSECTION 9. The headings in this act are for reference purposes only and do not\nconstitute a part of the law enacted by this act. However, the Tennessee Code\nCommission is requested to include the headings in any compilation or\npublication containing this act.\n\nSECTION 10. Upon receipt by the Tennessee Code Commission of the written\nnotice from the Commissioner of Revenue pursuant to § 55-31-104(f), which\nincludes the date that is ninety (90) days after the motor vehicle portal\nbecomes operational and available for use, the Commission is requested to\nupdate the Code to reflect that date in §§ 55-31-104(b), 55-31- 204(d),\n55-31-207(d), 55-31-301(b), 55-31-302(a) and 66-14-104(b).\n\nSECTION 11. This act takes effect upon becoming a law, the public welfare\nrequiring it.\n\nCopyright (C) 2025 State Net  \n  \n---\n\n",
      "latest_version": true
    }
  ]
}