{
  "bill_id": "TN2025000S814",
  "source_url": "http://custom.statenet.com/public/resources.cgi?id=ID:bill:TN2025000S814&cuiq=93d84396-c63b-526a-b152-38b7f79b4cfd&client_md=e4f6fea4-27b4-5d41-b7d3-766fe52569f0",
  "versions": [
    {
      "date": "02/04/2025",
      "label": "Introduced",
      "url": "https://custom.statenet.com/public/resources.cgi?mode=show_text&id=ID:bill:TN2025000S814&verid=TN2025000S814_20250204_0_I&",
      "raw_html": "<html>\n<head>\n<title>Bill Resource</title>\n\n<!--   <link href=\"https://custom.statenet.com/network/Common/css/extregtext.css\" rel=\"stylesheet\" type=\"text/css\" />-->\n   <link href=\"https://custom.statenet.com/network/Common/css/xmltext-2.0.css\" rel=\"stylesheet\" type=\"text/css\" />\n   <link href=\"https://custom.statenet.com/network/Common/css/additional-text.css\" rel=\"stylesheet\" type=\"text/css\" />\n\n\t<style type=\"text/css\">\n<!--\n\ntd, body {\n     background-color: white;\n\tfont-family: Verdana, Arial, Helvetica, sans-serif;\n\tfont-size: 12px;\n}\n\n.resourceContainer {\n   border: 1px solid black;\n}\n-->\n</style>\n</head>\n<body>\n\n    <div style=\"width: 750px; margin: auto\">\n       <div style=\"font-size: .8em;margin-bottom: 10px\"><table width=\"100%\"><tr><td align=\"left\" style=\"font-size: .8em;\"><div>The following has special meaning:</div>\n<div><u class=\"amendmentInsertedText\">green underline denotes added text</u></div>\n<div><strike class=\"amendmentDeletedText\">red struck out text denotes deleted text</strike></div></td> <td align=\"right\"><a href=\"https://www.lexisnexis.com/statenet/\"><img alt=\"Powered by State Net\" src=\"https://custom.statenet.com/network/poweredby.gif\" /></a></td></tr></table></div><table id=\"text-identifier\"><tr><td class=\"key\">2025 TN S 814</td> <td><table><tr><td class=\"label\">Author:</td> <td>Gardenhire</td></tr> <tr><td class=\"label\">Version:</td> <td>Introduced</td></tr> <tr><td class=\"label\">Version Date:</td> <td>02/04/2025</td></tr></table></td></tr></table><div class=\"documentBody\">\n  <a name=\"head_document_section\"></a><div class=\"head\">\n   <p class=\"center\">SENATE BILL 814</p>\n   <p class=\"center\">By Gardenhire</p>\n  </div>\n  <a name=\"code_document_section\"></a><div class=\"code\">\n   <p class=\"indent\">AN ACT to amend Tennessee Code Annotated, Title 49, relative to school safety.</p>\n  </div>\n  <a name=\"text_document_section\"></a><div class=\"text\">\n   <span>\n    <p class=\"indent\">BE IT ENACTED BY THE GENERAL ASSEMBLY OF THE STATE OF TENNESSEE:</p>\n   </span>\n   <p class=\"indent\">SECTION 1.  Tennessee Code Annotated, Title 49, Chapter 1, Part 1, is amended by adding the following as a new section:</p>\n   <p class=\"indent\">(a)  As used in this section, &quot;eligible LEA&quot; means an LEA, excluding the achievement school district (ASD):</p>\n   <p class=\"indent\">(1)  With ten (10) or more schools:</p>\n   <p class=\"indent\">(A)  Identified as priority schools in 2015, as defined by the state&#39;s accountability system pursuant to &sect; 49-1-602;</p>\n   <p class=\"indent\">(B)  Among the bottom ten percent (10%) of schools, as identified by the department in 2017 in accordance with &sect; 49-1-602(b)(3);</p>\n   <p class=\"indent\">(C)  Identified as priority schools in 2018, as defined by the state&#39;s accountability system pursuant to &sect; 49-1-602; and</p>\n   <p class=\"indent\">(D)  Identified as priority schools in 2021, as defined by the state&#39;s accountability system pursuant to &sect; 49-1-602; and</p>\n   <p class=\"indent\">(2)  That experienced a loss of student life in the 2024-2025 school year due to gun violence occurring on the grounds of a school managed and controlled by the LEA&#39;s local board of education.</p>\n   <p class=\"indent\">(b)  The department of education shall establish and administer a three-year artificial intelligence weapons detection system grant pilot program to award grants to eligible LEAs for the purchase of artificial intelligence weapons detection systems for each school managed and controlled by the eligible LEA&#39;s local board of education that does not have an artificial intelligence weapons detection system.</p>\n   <p class=\"indent\">(c)  Each artificial intelligence weapons detection system purchased for purposes of this section must be capable of identifying weapons, including knives and firearms, on school grounds and immediately notifying law enforcement and school administration of the presence of a weapon on school grounds upon its detection by the system.</p>\n   <p class=\"indent\">(d)  Subject to appropriations, the department shall allocate and disburse grants to eligible LEAs each year of the pilot program.  If, in any year of the pilot program, all public schools managed and controlled by the local board of education for each eligible LEA have an artificial intelligence weapons detection system, then the department shall disburse any remaining grant funds to eligible LEAs for other school security purchases, projects, or measures approved by the department.</p>\n   <p class=\"indent\">(e)  The department shall determine the amount of each grant awarded pursuant to this section, but the department shall disburse one hundred percent (100%) of the funds appropriated for the pilot program each year in grants to all eligible LEAs.</p>\n   <p class=\"indent\">(f)  The pilot program begins with the 2025-2026 school year.</p>\n   <p class=\"indent\">(g)  By July 31, 2026, and by each July 31 thereafter until the pilot program terminates, the department shall submit a report to the general assembly identifying the number of schools managed and controlled by each eligible LEA&#39;s local board of education that received a grant in the immediately preceding school year, the number of artificial intelligence weapons detection systems purchased, and the number of schools in the eligible LEA that do not have an artificial intelligence weapons detection system.</p>\n   <p class=\"indent\">(h)  This section is repealed on July 31, 2028.</p>\n   <p class=\"indent\">SECTION 2.  This act takes effect upon becoming a law, the public welfare requiring it.</p>\n  </div>\n </div>\n    </div>\t\n<table cellpadding=0 cellspacing=0 width=\"100%\">\n   <tr>\n      <td>\n          Copyright &copy; 2025 State Net\n      </td>\n<BR>\n<!--???MOVED INTO resources.cgi      <td align=\"right\">\n          <img src=\"https://custom.statenet.com/network/poweredby.gif\" alt=\"Powered by State Net\">\n      </td>-->\n\n    </tr>\n</table>\n</body></html>\n",
      "markdown": "The following has special meaning: _green underline denotes added text_ ~~red struck out text denotes deleted text~~ | [![Powered by State Net](https://custom.statenet.com/network/poweredby.gif)](https://www.lexisnexis.com/statenet/)  \n---|---  \n  \n2025 TN S 814 | | Author: | Gardenhire  \n---|---  \nVersion: | Introduced  \nVersion Date: | 02/04/2025  \n  \nSENATE BILL 814\n\nBy Gardenhire\n\nAN ACT to amend Tennessee Code Annotated, Title 49, relative to school safety.\n\nBE IT ENACTED BY THE GENERAL ASSEMBLY OF THE STATE OF TENNESSEE:\n\nSECTION 1. Tennessee Code Annotated, Title 49, Chapter 1, Part 1, is amended\nby adding the following as a new section:\n\n(a) As used in this section, \"eligible LEA\" means an LEA, excluding the\nachievement school district (ASD):\n\n(1) With ten (10) or more schools:\n\n(A) Identified as priority schools in 2015, as defined by the state's\naccountability system pursuant to § 49-1-602;\n\n(B) Among the bottom ten percent (10%) of schools, as identified by the\ndepartment in 2017 in accordance with § 49-1-602(b)(3);\n\n(C) Identified as priority schools in 2018, as defined by the state's\naccountability system pursuant to § 49-1-602; and\n\n(D) Identified as priority schools in 2021, as defined by the state's\naccountability system pursuant to § 49-1-602; and\n\n(2) That experienced a loss of student life in the 2024-2025 school year due\nto gun violence occurring on the grounds of a school managed and controlled by\nthe LEA's local board of education.\n\n(b) The department of education shall establish and administer a three-year\nartificial intelligence weapons detection system grant pilot program to award\ngrants to eligible LEAs for the purchase of artificial intelligence weapons\ndetection systems for each school managed and controlled by the eligible LEA's\nlocal board of education that does not have an artificial intelligence weapons\ndetection system.\n\n(c) Each artificial intelligence weapons detection system purchased for\npurposes of this section must be capable of identifying weapons, including\nknives and firearms, on school grounds and immediately notifying law\nenforcement and school administration of the presence of a weapon on school\ngrounds upon its detection by the system.\n\n(d) Subject to appropriations, the department shall allocate and disburse\ngrants to eligible LEAs each year of the pilot program. If, in any year of the\npilot program, all public schools managed and controlled by the local board of\neducation for each eligible LEA have an artificial intelligence weapons\ndetection system, then the department shall disburse any remaining grant funds\nto eligible LEAs for other school security purchases, projects, or measures\napproved by the department.\n\n(e) The department shall determine the amount of each grant awarded pursuant\nto this section, but the department shall disburse one hundred percent (100%)\nof the funds appropriated for the pilot program each year in grants to all\neligible LEAs.\n\n(f) The pilot program begins with the 2025-2026 school year.\n\n(g) By July 31, 2026, and by each July 31 thereafter until the pilot program\nterminates, the department shall submit a report to the general assembly\nidentifying the number of schools managed and controlled by each eligible\nLEA's local board of education that received a grant in the immediately\npreceding school year, the number of artificial intelligence weapons detection\nsystems purchased, and the number of schools in the eligible LEA that do not\nhave an artificial intelligence weapons detection system.\n\n(h) This section is repealed on July 31, 2028.\n\nSECTION 2. This act takes effect upon becoming a law, the public welfare\nrequiring it.\n\nCopyright (C) 2025 State Net  \n  \n---\n\n",
      "latest_version": true
    }
  ]
}