{
  "bill_id": "TN2025000S1261",
  "source_url": "http://custom.statenet.com/public/resources.cgi?id=ID:bill:TN2025000S1261&cuiq=93d84396-c63b-526a-b152-38b7f79b4cfd&client_md=e4f6fea4-27b4-5d41-b7d3-766fe52569f0",
  "versions": [
    {
      "date": "02/06/2025",
      "label": "Introduced",
      "url": "https://custom.statenet.com/public/resources.cgi?mode=show_text&id=ID:bill:TN2025000S1261&verid=TN2025000S1261_20250206_0_I&",
      "raw_html": "<html>\n<head>\n<title>Bill Resource</title>\n\n<!--   <link href=\"https://custom.statenet.com/network/Common/css/extregtext.css\" rel=\"stylesheet\" type=\"text/css\" />-->\n   <link href=\"https://custom.statenet.com/network/Common/css/xmltext-2.0.css\" rel=\"stylesheet\" type=\"text/css\" />\n   <link href=\"https://custom.statenet.com/network/Common/css/additional-text.css\" rel=\"stylesheet\" type=\"text/css\" />\n\n\t<style type=\"text/css\">\n<!--\n\ntd, body {\n     background-color: white;\n\tfont-family: Verdana, Arial, Helvetica, sans-serif;\n\tfont-size: 12px;\n}\n\n.resourceContainer {\n   border: 1px solid black;\n}\n-->\n</style>\n</head>\n<body>\n\n    <div style=\"width: 750px; margin: auto\">\n       <div style=\"font-size: .8em;margin-bottom: 10px\"><table width=\"100%\"><tr><td align=\"left\" style=\"font-size: .8em;\"><div>The following has special meaning:</div>\n<div><u class=\"amendmentInsertedText\">green underline denotes added text</u></div>\n<div><strike class=\"amendmentDeletedText\">red struck out text denotes deleted text</strike></div></td> <td align=\"right\"><a href=\"https://www.lexisnexis.com/statenet/\"><img alt=\"Powered by State Net\" src=\"https://custom.statenet.com/network/poweredby.gif\" /></a></td></tr></table></div><table id=\"text-identifier\"><tr><td class=\"key\">2025 TN S 1261</td> <td><table><tr><td class=\"label\">Author:</td> <td>Yarbro</td></tr> <tr><td class=\"label\">Version:</td> <td>Introduced</td></tr> <tr><td class=\"label\">Version Date:</td> <td>02/06/2025</td></tr></table></td></tr></table><div class=\"documentBody\">\n  <a name=\"head_document_section\"></a><div class=\"head\">\n   <p class=\"center\">SENATE BILL 1261</p>\n   <p class=\"center\">By Yarbro</p>\n  </div>\n  <a name=\"code_document_section\"></a><div class=\"code\">\n   <p class=\"indent\">AN ACT to amend Tennessee Code Annotated, Title 8, Chapter 27; Title 56 and Title 71, relative to health insurance.</p>\n  </div>\n  <a name=\"text_document_section\"></a><div class=\"text\">\n   <span>\n    <p class=\"indent\">BE IT ENACTED BY THE GENERAL ASSEMBLY OF THE STATE OF TENNESSEE:</p>\n   </span>\n   <p class=\"indent\">SECTION 1.  Tennessee Code Annotated, Title 56, Chapter 6, Part 7, is amended by adding the following as a new section:</p>\n   <p class=\"indent\">(a)  As used in this section:</p>\n   <p class=\"indent\">(1)  &quot;Artificial intelligence&quot;:</p>\n   <p class=\"indent\">(A)  Means a machine-based system that:</p>\n   <p class=\"indent\">(i)  Can, for a given set of human-defined objectives, make predictions, recommendations, or decisions; influence real and virtual environments without significant human oversight; or that can learn from experience in an automated manner and improve such performance when exposed to data sets; or</p>\n   <p class=\"indent\">(ii)  Is developed in any context, including software or physical hardware, and solves tasks requiring human-like perception, cognition, planning, learning, communication, or physical action;</p>\n   <p class=\"indent\">(2)  &quot;Department&quot; means the department of commerce and insurance; and (3)  &quot;Health insurance issuer&quot;:</p>\n   <p class=\"indent\">(A)  Means an entity subject to the insurance laws of this state, or subject to the jurisdiction of the commissioner of commerce and insurance, that contracts or offers to contract to provide health insurance coverage, including an insurance company, a health maintenance organization, a nonprofit hospital and medical service corporation, or a pharmacy benefits manager, third-party administrator, or an entity described in &sect; 56-2-121; and</p>\n   <p class=\"indent\">(B)  Includes the TennCare program or a successor medicaid program provided for in title 71, chapter 5; the CoverKids Act of 2006, compiled in title 71, chapter 3, part 11; the Access Tennessee Act of 2006, compiled in title 56, chapter 7, part 29; another plan managed by the health care finance and administration division of the department of finance and administration or a successor division or department; or the group insurance plans offered under title 8, chapter 27.</p>\n   <p class=\"indent\">(b)  A health insurance issuer that uses an artificial intelligence, algorithm, or other software tool for the purpose of utilization review or utilization management functions, based in whole or in part on medical necessity, or that contracts with or otherwise works through an entity that uses an artificial intelligence, algorithm, or other software tool for the purpose of utilization review or utilization management functions, based in whole or in part on medical necessity, shall ensure that the artificial intelligence, algorithm, or other software tool:</p>\n   <p class=\"indent\">(1)  Bases its determination on the following information, as applicable:</p>\n   <p class=\"indent\">(A)  An enrollee&#39;s medical or other clinical history;</p>\n   <p class=\"indent\">(B)  Individual clinical circumstances as presented by the requesting provider; and</p>\n   <p class=\"indent\">(C)  Other relevant clinical information contained in the enrollee&#39;s medical or other clinical record;</p>\n   <p class=\"indent\">(2)  Does not base its determination solely on a group dataset;</p>\n   <p class=\"indent\">(3)  Uses criteria and guidelines that comply with this chapter and applicable state and federal law;</p>\n   <p class=\"indent\">(4)  Does not supplant healthcare provider decision-making;</p>\n   <p class=\"indent\">(5)  Does not discriminate, or is not used to discriminate, directly or indirectly, against an enrollee in violation of state or federal law, and is otherwise fairly and equitably applied, including in accordance with regulations and guidance issued by the federal department of health and human services; and</p>\n   <p class=\"indent\">(6)  Does not directly or indirectly cause harm to an enrollee.</p>\n   <p class=\"indent\">(c)  A health insurance issuer shall include disclosures pertaining to the use and oversight of the artificial intelligence, algorithm, or other software tool in the health insurance issuer&#39;s written policies and procedures.</p>\n   <p class=\"indent\">(d)  The health insurance issuer shall periodically review its use of the artificial intelligence, algorithm, or other software tool, as well as the artificial intelligence, algorithm, or other software tool&#39;s performance and outcomes, and revise the uses, performance, and outcomes to maximize accuracy and reliability.</p>\n   <p class=\"indent\">(e)  A health insurance issuer that uses an artificial intelligence, algorithm, or other software tool for the purpose of utilization review or utilization management functions shall ensure that patient data is not used beyond its intended and stated purpose, consistent with the federal Health Insurance Portability and Accountability Act of 1996 (Pub. L. No. 104-191), as applicable.</p>\n   <p class=\"indent\">(f)  Notwithstanding subsections (a)-(e), the artificial intelligence, algorithm, or other software tool shall not deny, delay, or modify healthcare services based, in whole or in part, on medical necessity.  A determination of medical necessity must be made only by a licensed physician or a licensed healthcare professional competent to evaluate the specific clinical issues involved in the healthcare services requested by the provider by reviewing and considering the requesting provider&#39;s recommendation, the enrollee&#39;s medical or other clinical history, as applicable, and individual clinical circumstances.</p>\n   <p class=\"indent\">(g)  This section applies to utilization review or utilization management functions that prospectively, retrospectively, or concurrently review requests for covered health care services.</p>\n   <p class=\"indent\">(h)  A health insurance issuer subject to this section shall comply with applicable federal rules and guidance issued by the federal department of health and human services regarding the use of artificial intelligence, algorithms, or other software tools.</p>\n   <p class=\"indent\">(i)  If compliance with this section by a health insurance issuer would result in the loss of federal funding, then this section does not apply to the extent that the compliance would result in the loss of federal funding.</p>\n   <p class=\"indent\">(j)</p>\n   <p class=\"indent\">(1)  A violation of this section is an unfair claims practice, punishable as provided under chapter 8, part 1, of this title.</p>\n   <p class=\"indent\">(2)  In addition to the remedy provided under subdivision (j)(1), an individual aggrieved by a violation of this section may bring a private cause of action in a court of competent jurisdiction.  If the court finds that a health insurance issuer violated this section, then the court shall award to the plaintiff:</p>\n   <p class=\"indent\">(A)  Actual damages;</p>\n   <p class=\"indent\">(B)  Punitive damages; and</p>\n   <p class=\"indent\">(C)  Reasonable court costs and attorneys&#39; fees.</p>\n   <p class=\"indent\">(k)  The department may promulgate rules to effectuate this section.  The rules must be promulgated in accordance with the Uniform Administrative Procedures Act, compiled in title 4, chapter 5.</p>\n   <p class=\"indent\">SECTION 2.  For purposes of promulgating rules, this act takes effect upon becoming a law, the public welfare requiring it.  For all other purposes, this act takes effect July 1, 2025, the public welfare requiring it, and applies to conduct occurring on or after that date.</p>\n  </div>\n </div>\n    </div>\t\n<table cellpadding=0 cellspacing=0 width=\"100%\">\n   <tr>\n      <td>\n          Copyright &copy; 2025 State Net\n      </td>\n<BR>\n<!--???MOVED INTO resources.cgi      <td align=\"right\">\n          <img src=\"https://custom.statenet.com/network/poweredby.gif\" alt=\"Powered by State Net\">\n      </td>-->\n\n    </tr>\n</table>\n</body></html>\n",
      "markdown": "The following has special meaning: _green underline denotes added text_ ~~red struck out text denotes deleted text~~ | [![Powered by State Net](https://custom.statenet.com/network/poweredby.gif)](https://www.lexisnexis.com/statenet/)  \n---|---  \n  \n2025 TN S 1261 | | Author: | Yarbro  \n---|---  \nVersion: | Introduced  \nVersion Date: | 02/06/2025  \n  \nSENATE BILL 1261\n\nBy Yarbro\n\nAN ACT to amend Tennessee Code Annotated, Title 8, Chapter 27; Title 56 and\nTitle 71, relative to health insurance.\n\nBE IT ENACTED BY THE GENERAL ASSEMBLY OF THE STATE OF TENNESSEE:\n\nSECTION 1. Tennessee Code Annotated, Title 56, Chapter 6, Part 7, is amended\nby adding the following as a new section:\n\n(a) As used in this section:\n\n(1) \"Artificial intelligence\":\n\n(A) Means a machine-based system that:\n\n(i) Can, for a given set of human-defined objectives, make predictions,\nrecommendations, or decisions; influence real and virtual environments without\nsignificant human oversight; or that can learn from experience in an automated\nmanner and improve such performance when exposed to data sets; or\n\n(ii) Is developed in any context, including software or physical hardware, and\nsolves tasks requiring human-like perception, cognition, planning, learning,\ncommunication, or physical action;\n\n(2) \"Department\" means the department of commerce and insurance; and (3)\n\"Health insurance issuer\":\n\n(A) Means an entity subject to the insurance laws of this state, or subject to\nthe jurisdiction of the commissioner of commerce and insurance, that contracts\nor offers to contract to provide health insurance coverage, including an\ninsurance company, a health maintenance organization, a nonprofit hospital and\nmedical service corporation, or a pharmacy benefits manager, third-party\nadministrator, or an entity described in § 56-2-121; and\n\n(B) Includes the TennCare program or a successor medicaid program provided for\nin title 71, chapter 5; the CoverKids Act of 2006, compiled in title 71,\nchapter 3, part 11; the Access Tennessee Act of 2006, compiled in title 56,\nchapter 7, part 29; another plan managed by the health care finance and\nadministration division of the department of finance and administration or a\nsuccessor division or department; or the group insurance plans offered under\ntitle 8, chapter 27.\n\n(b) A health insurance issuer that uses an artificial intelligence, algorithm,\nor other software tool for the purpose of utilization review or utilization\nmanagement functions, based in whole or in part on medical necessity, or that\ncontracts with or otherwise works through an entity that uses an artificial\nintelligence, algorithm, or other software tool for the purpose of utilization\nreview or utilization management functions, based in whole or in part on\nmedical necessity, shall ensure that the artificial intelligence, algorithm,\nor other software tool:\n\n(1) Bases its determination on the following information, as applicable:\n\n(A) An enrollee's medical or other clinical history;\n\n(B) Individual clinical circumstances as presented by the requesting provider;\nand\n\n(C) Other relevant clinical information contained in the enrollee's medical or\nother clinical record;\n\n(2) Does not base its determination solely on a group dataset;\n\n(3) Uses criteria and guidelines that comply with this chapter and applicable\nstate and federal law;\n\n(4) Does not supplant healthcare provider decision-making;\n\n(5) Does not discriminate, or is not used to discriminate, directly or\nindirectly, against an enrollee in violation of state or federal law, and is\notherwise fairly and equitably applied, including in accordance with\nregulations and guidance issued by the federal department of health and human\nservices; and\n\n(6) Does not directly or indirectly cause harm to an enrollee.\n\n(c) A health insurance issuer shall include disclosures pertaining to the use\nand oversight of the artificial intelligence, algorithm, or other software\ntool in the health insurance issuer's written policies and procedures.\n\n(d) The health insurance issuer shall periodically review its use of the\nartificial intelligence, algorithm, or other software tool, as well as the\nartificial intelligence, algorithm, or other software tool's performance and\noutcomes, and revise the uses, performance, and outcomes to maximize accuracy\nand reliability.\n\n(e) A health insurance issuer that uses an artificial intelligence, algorithm,\nor other software tool for the purpose of utilization review or utilization\nmanagement functions shall ensure that patient data is not used beyond its\nintended and stated purpose, consistent with the federal Health Insurance\nPortability and Accountability Act of 1996 (Pub. L. No. 104-191), as\napplicable.\n\n(f) Notwithstanding subsections (a)-(e), the artificial intelligence,\nalgorithm, or other software tool shall not deny, delay, or modify healthcare\nservices based, in whole or in part, on medical necessity. A determination of\nmedical necessity must be made only by a licensed physician or a licensed\nhealthcare professional competent to evaluate the specific clinical issues\ninvolved in the healthcare services requested by the provider by reviewing and\nconsidering the requesting provider's recommendation, the enrollee's medical\nor other clinical history, as applicable, and individual clinical\ncircumstances.\n\n(g) This section applies to utilization review or utilization management\nfunctions that prospectively, retrospectively, or concurrently review requests\nfor covered health care services.\n\n(h) A health insurance issuer subject to this section shall comply with\napplicable federal rules and guidance issued by the federal department of\nhealth and human services regarding the use of artificial intelligence,\nalgorithms, or other software tools.\n\n(i) If compliance with this section by a health insurance issuer would result\nin the loss of federal funding, then this section does not apply to the extent\nthat the compliance would result in the loss of federal funding.\n\n(j)\n\n(1) A violation of this section is an unfair claims practice, punishable as\nprovided under chapter 8, part 1, of this title.\n\n(2) In addition to the remedy provided under subdivision (j)(1), an individual\naggrieved by a violation of this section may bring a private cause of action\nin a court of competent jurisdiction. If the court finds that a health\ninsurance issuer violated this section, then the court shall award to the\nplaintiff:\n\n(A) Actual damages;\n\n(B) Punitive damages; and\n\n(C) Reasonable court costs and attorneys' fees.\n\n(k) The department may promulgate rules to effectuate this section. The rules\nmust be promulgated in accordance with the Uniform Administrative Procedures\nAct, compiled in title 4, chapter 5.\n\nSECTION 2. For purposes of promulgating rules, this act takes effect upon\nbecoming a law, the public welfare requiring it. For all other purposes, this\nact takes effect July 1, 2025, the public welfare requiring it, and applies to\nconduct occurring on or after that date.\n\nCopyright (C) 2025 State Net  \n  \n---\n\n",
      "latest_version": true
    }
  ]
}