{
  "bill_id": "TN2025000S404",
  "source_url": "http://custom.statenet.com/public/resources.cgi?id=ID:bill:TN2025000S404&cuiq=93d84396-c63b-526a-b152-38b7f79b4cfd&client_md=e4f6fea4-27b4-5d41-b7d3-766fe52569f0",
  "versions": [
    {
      "date": "01/28/2025",
      "label": "Introduced",
      "url": "https://custom.statenet.com/public/resources.cgi?mode=show_text&id=ID:bill:TN2025000S404&verid=TN2025000S404_20250128_0_I&",
      "raw_html": "<html>\n<head>\n<title>Bill Resource</title>\n\n<!--   <link href=\"https://custom.statenet.com/network/Common/css/extregtext.css\" rel=\"stylesheet\" type=\"text/css\" />-->\n   <link href=\"https://custom.statenet.com/network/Common/css/xmltext-2.0.css\" rel=\"stylesheet\" type=\"text/css\" />\n   <link href=\"https://custom.statenet.com/network/Common/css/additional-text.css\" rel=\"stylesheet\" type=\"text/css\" />\n\n\t<style type=\"text/css\">\n<!--\n\ntd, body {\n     background-color: white;\n\tfont-family: Verdana, Arial, Helvetica, sans-serif;\n\tfont-size: 12px;\n}\n\n.resourceContainer {\n   border: 1px solid black;\n}\n-->\n</style>\n</head>\n<body>\n\n    <div style=\"width: 750px; margin: auto\">\n       <div style=\"font-size: .8em;margin-bottom: 10px\"><table width=\"100%\"><tr><td align=\"left\" style=\"font-size: .8em;\"><div>The following has special meaning:</div>\n<div><u class=\"amendmentInsertedText\">green underline denotes added text</u></div>\n<div><strike class=\"amendmentDeletedText\">red struck out text denotes deleted text</strike></div></td> <td align=\"right\"><a href=\"https://www.lexisnexis.com/statenet/\"><img alt=\"Powered by State Net\" src=\"https://custom.statenet.com/network/poweredby.gif\" /></a></td></tr></table></div><table id=\"text-identifier\"><tr><td class=\"key\">2025 TN S 404</td> <td><table><tr><td class=\"label\">Author:</td> <td>Lamar</td></tr> <tr><td class=\"label\">Version:</td> <td>Introduced</td></tr> <tr><td class=\"label\">Version Date:</td> <td>01/28/2025</td></tr></table></td></tr></table><div class=\"documentBody\">\n  <a name=\"head_document_section\"></a><div class=\"head\">\n   <p class=\"center\">HOUSE BILL 433</p>\n   <p class=\"center\">By Jones J</p>\n   <p class=\"center\">SENATE BILL 404</p>\n   <p class=\"center\">By Lamar</p>\n  </div>\n  <a name=\"code_document_section\"></a><div class=\"code\">\n   <p class=\"indent\">AN ACT to amend Tennessee Code Annotated, Title 39, relative to unlawful images.</p>\n  </div>\n  <a name=\"text_document_section\"></a><div class=\"text\">\n   <span>\n    <p class=\"indent\">BE IT ENACTED BY THE GENERAL ASSEMBLY OF THE STATE OF TENNESSEE:</p>\n   </span>\n   <p class=\"indent\">SECTION 1.  Tennessee Code Annotated, Section 39-17-318(a)(1), is amended by deleting the subdivision and substituting:</p>\n   <p class=\"indent\">(1)</p>\n   <p class=\"indent\">(A)  The image was photographed or recorded under circumstances where the parties agreed or understood that the image would remain private; or</p>\n   <p class=\"indent\">(B)  The image of an identifiable person was created or modified by means of a computer software program, artificial intelligence application, or other digital editing tools; and</p>\n   <p class=\"indent\">SECTION 2.  This act takes effect July 1, 2025, the public welfare requiring it.</p>\n  </div>\n </div>\n    </div>\t\n<table cellpadding=0 cellspacing=0 width=\"100%\">\n   <tr>\n      <td>\n          Copyright &copy; 2025 State Net\n      </td>\n<BR>\n<!--???MOVED INTO resources.cgi      <td align=\"right\">\n          <img src=\"https://custom.statenet.com/network/poweredby.gif\" alt=\"Powered by State Net\">\n      </td>-->\n\n    </tr>\n</table>\n</body></html>\n",
      "markdown": "The following has special meaning: _green underline denotes added text_ ~~red struck out text denotes deleted text~~ | [![Powered by State Net](https://custom.statenet.com/network/poweredby.gif)](https://www.lexisnexis.com/statenet/)  \n---|---  \n  \n2025 TN S 404 | | Author: | Lamar  \n---|---  \nVersion: | Introduced  \nVersion Date: | 01/28/2025  \n  \nHOUSE BILL 433\n\nBy Jones J\n\nSENATE BILL 404\n\nBy Lamar\n\nAN ACT to amend Tennessee Code Annotated, Title 39, relative to unlawful\nimages.\n\nBE IT ENACTED BY THE GENERAL ASSEMBLY OF THE STATE OF TENNESSEE:\n\nSECTION 1. Tennessee Code Annotated, Section 39-17-318(a)(1), is amended by\ndeleting the subdivision and substituting:\n\n(1)\n\n(A) The image was photographed or recorded under circumstances where the\nparties agreed or understood that the image would remain private; or\n\n(B) The image of an identifiable person was created or modified by means of a\ncomputer software program, artificial intelligence application, or other\ndigital editing tools; and\n\nSECTION 2. This act takes effect July 1, 2025, the public welfare requiring\nit.\n\nCopyright (C) 2025 State Net  \n  \n---\n\n",
      "latest_version": true
    }
  ]
}