{
  "bill_id": "TX2025000H5496",
  "source_url": "http://custom.statenet.com/public/resources.cgi?id=ID:bill:TX2025000H5496&cuiq=93d84396-c63b-526a-b152-38b7f79b4cfd&client_md=e4f6fea4-27b4-5d41-b7d3-766fe52569f0",
  "versions": [
    {
      "date": "03/14/2025",
      "label": "Introduced",
      "url": "https://custom.statenet.com/public/resources.cgi?mode=show_text&id=ID:bill:TX2025000H5496&verid=TX2025000H5496_20250314_0_I&",
      "raw_html": "<html>\n<head>\n<title>Bill Resource</title>\n\n<!--   <link href=\"https://custom.statenet.com/network/Common/css/extregtext.css\" rel=\"stylesheet\" type=\"text/css\" />-->\n   <link href=\"https://custom.statenet.com/network/Common/css/xmltext-2.0.css\" rel=\"stylesheet\" type=\"text/css\" />\n   <link href=\"https://custom.statenet.com/network/Common/css/additional-text.css\" rel=\"stylesheet\" type=\"text/css\" />\n\n\t<style type=\"text/css\">\n<!--\n\ntd, body {\n     background-color: white;\n\tfont-family: Verdana, Arial, Helvetica, sans-serif;\n\tfont-size: 12px;\n}\n\n.resourceContainer {\n   border: 1px solid black;\n}\n-->\n</style>\n</head>\n<body>\n\n    <div style=\"width: 750px; margin: auto\">\n       <div style=\"font-size: .8em;margin-bottom: 10px\"><table width=\"100%\"><tr><td align=\"left\" style=\"font-size: .8em;\"><div>The following has special meaning:</div>\n<div><u class=\"amendmentInsertedText\">green underline denotes added text</u></div>\n<div><strike class=\"amendmentDeletedText\">red struck out text denotes deleted text</strike></div></td> <td align=\"right\"><a href=\"https://www.lexisnexis.com/statenet/\"><img alt=\"Powered by State Net\" src=\"https://custom.statenet.com/network/poweredby.gif\" /></a></td></tr></table></div><table id=\"text-identifier\"><tr><td class=\"key\">2025 TX H 5496</td> <td><table><tr><td class=\"label\">Author:</td> <td>Bhojani</td></tr> <tr><td class=\"label\">Version:</td> <td>Introduced</td></tr> <tr><td class=\"label\">Version Date:</td> <td>03/14/2025</td></tr></table></td></tr></table><div class=\"documentBody\">\n  <a name=\"head_document_section\"></a><div class=\"head\">\n   <p class=\"left\">By: Bhojani</p>\n   <p class=\"right\">H.B. No. 5496</p>\n  </div>\n  <a name=\"title_document_section\"></a><div class=\"title\">\n   <p class=\"center\">A BILL TO BE ENTITLED</p>\n   <p class=\"center\">AN ACT</p>\n   <p class=\"left\">relating to the disclosure and use of artificial intelligence.</p>\n  </div>\n  <a name=\"text_document_section\"></a><div class=\"text\">\n   <span>\n    <p class=\"indent\">BE IT ENACTED BY THE LEGISLATURE OF THE STATE OF TEXAS:</p>\n   </span>\n   <p class=\"indent\">SECTION 1. Title 12, Business &amp; Commerce Code, is amended by adding Chapter 611 to read as follows:</p>\n   <p class=\"center\">\n    <u class=\"amendmentInsertedText\">CHAPTER 611. ARTIFICIAL INTELLIGENCE TRANSPARENCY</u>\n   </p>\n   <p class=\"indent\">\n    <u class=\"amendmentInsertedText\">Sec. 611.001. DEFINITION. In this chapter, &quot;artificial intelligence&quot; means a machine-based system that:</u>\n   </p>\n   <p class=\"indent\">\n    <u class=\"amendmentInsertedText\">(1) when given a set of objectives by an individual, makes predictions, recommendations, or decisions that influence a real or virtual environment; and</u>\n   </p>\n   <p class=\"indent\">\n    <u class=\"amendmentInsertedText\">(2) uses inputs from an individual or machine to:</u>\n   </p>\n   <p class=\"indent\">\n    <u class=\"amendmentInsertedText\">(A) perceive or interpret a real or virtual environment;</u>\n   </p>\n   <p class=\"indent\">\n    <u class=\"amendmentInsertedText\">(B) use automation to analyze a perception or interpretation of a real or virtual environment; or</u>\n   </p>\n   <p class=\"indent\">\n    <u class=\"amendmentInsertedText\">(C) use models to infer or form opinions on information or a proposed action.</u>\n   </p>\n   <p class=\"indent\">\n    <u class=\"amendmentInsertedText\">Sec. 611.002. PROVISION OF INFORMATION BY AND DUTIES OF USER OF ARTIFICIAL INTELLIGENCE. (a) A person who uses artificial intelligence in conducting business or otherwise providing a good or service, including operating or providing access to a social media platform, creating or distributing political advertising, or providing financial services, to a resident of this state shall:</u>\n   </p>\n   <p class=\"indent\">\n    <u class=\"amendmentInsertedText\">(1) implement and maintain standards representing the best practices of the artificial intelligence industry;</u>\n   </p>\n   <p class=\"indent\">\n    <u class=\"amendmentInsertedText\">(2) provide a tool for an individual to whom the person is providing a good or service that enables the individual to detect the use of artificial intelligence;</u>\n   </p>\n   <p class=\"indent\">\n    <u class=\"amendmentInsertedText\">(3) make available to any individual affected by a decision made by artificial intelligence an explanation of how and why the artificial intelligence reached that decision; and</u>\n   </p>\n   <p class=\"indent\">\n    <u class=\"amendmentInsertedText\">(4) ensure that artificial intelligence does not demonstrate bias or discriminate against an individual on the basis of any legally protected classification.</u>\n   </p>\n   <p class=\"indent\">\n    <u class=\"amendmentInsertedText\">(b) Artificial intelligence is considered to be used to provide a good or service to an individual under Subsection (a) regardless of whether the individual can directly access the artificial intelligence.</u>\n   </p>\n   <p class=\"indent\">\n    <u class=\"amendmentInsertedText\">Sec. 611.003. ENFORCEMENT. A violation of this chapter is a deceptive trade practice under Subchapter E, Chapter 17, and is actionable under that subchapter.</u>\n   </p>\n   <p class=\"indent\">SECTION 2. This Act takes effect September 1, 2025.</p>\n  </div>\n </div>\n    </div>\t\n<table cellpadding=0 cellspacing=0 width=\"100%\">\n   <tr>\n      <td>\n          Copyright &copy; 2025 State Net\n      </td>\n<BR>\n<!--???MOVED INTO resources.cgi      <td align=\"right\">\n          <img src=\"https://custom.statenet.com/network/poweredby.gif\" alt=\"Powered by State Net\">\n      </td>-->\n\n    </tr>\n</table>\n</body></html>\n",
      "markdown": "The following has special meaning: _green underline denotes added text_ ~~red struck out text denotes deleted text~~ | [![Powered by State Net](https://custom.statenet.com/network/poweredby.gif)](https://www.lexisnexis.com/statenet/)  \n---|---  \n  \n2025 TX H 5496 | | Author: | Bhojani  \n---|---  \nVersion: | Introduced  \nVersion Date: | 03/14/2025  \n  \nBy: Bhojani\n\nH.B. No. 5496\n\nA BILL TO BE ENTITLED\n\nAN ACT\n\nrelating to the disclosure and use of artificial intelligence.\n\nBE IT ENACTED BY THE LEGISLATURE OF THE STATE OF TEXAS:\n\nSECTION 1. Title 12, Business & Commerce Code, is amended by adding Chapter\n611 to read as follows:\n\n_CHAPTER 611. ARTIFICIAL INTELLIGENCE TRANSPARENCY_\n\n_Sec. 611.001. DEFINITION. In this chapter, \"artificial intelligence\" means a\nmachine-based system that:_\n\n_(1) when given a set of objectives by an individual, makes predictions,\nrecommendations, or decisions that influence a real or virtual environment;\nand_\n\n_(2) uses inputs from an individual or machine to:_\n\n_(A) perceive or interpret a real or virtual environment;_\n\n_(B) use automation to analyze a perception or interpretation of a real or\nvirtual environment; or_\n\n_(C) use models to infer or form opinions on information or a proposed\naction._\n\n_Sec. 611.002. PROVISION OF INFORMATION BY AND DUTIES OF USER OF ARTIFICIAL\nINTELLIGENCE. (a) A person who uses artificial intelligence in conducting\nbusiness or otherwise providing a good or service, including operating or\nproviding access to a social media platform, creating or distributing\npolitical advertising, or providing financial services, to a resident of this\nstate shall:_\n\n_(1) implement and maintain standards representing the best practices of the\nartificial intelligence industry;_\n\n_(2) provide a tool for an individual to whom the person is providing a good\nor service that enables the individual to detect the use of artificial\nintelligence;_\n\n_(3) make available to any individual affected by a decision made by\nartificial intelligence an explanation of how and why the artificial\nintelligence reached that decision; and_\n\n_(4) ensure that artificial intelligence does not demonstrate bias or\ndiscriminate against an individual on the basis of any legally protected\nclassification._\n\n_(b) Artificial intelligence is considered to be used to provide a good or\nservice to an individual under Subsection (a) regardless of whether the\nindividual can directly access the artificial intelligence._\n\n_Sec. 611.003. ENFORCEMENT. A violation of this chapter is a deceptive trade\npractice under Subchapter E, Chapter 17, and is actionable under that\nsubchapter._\n\nSECTION 2. This Act takes effect September 1, 2025.\n\nCopyright (C) 2025 State Net  \n  \n---\n\n",
      "latest_version": true
    }
  ]
}