{
  "bill_id": "TX2025000S2795",
  "source_url": "http://custom.statenet.com/public/resources.cgi?id=ID:bill:TX2025000S2795&cuiq=93d84396-c63b-526a-b152-38b7f79b4cfd&client_md=e4f6fea4-27b4-5d41-b7d3-766fe52569f0",
  "versions": [
    {
      "date": "03/14/2025",
      "label": "Introduced",
      "url": "https://custom.statenet.com/public/resources.cgi?mode=show_text&id=ID:bill:TX2025000S2795&verid=TX2025000S2795_20250314_0_I&",
      "raw_html": "<html>\n<head>\n<title>Bill Resource</title>\n\n<!--   <link href=\"https://custom.statenet.com/network/Common/css/extregtext.css\" rel=\"stylesheet\" type=\"text/css\" />-->\n   <link href=\"https://custom.statenet.com/network/Common/css/xmltext-2.0.css\" rel=\"stylesheet\" type=\"text/css\" />\n   <link href=\"https://custom.statenet.com/network/Common/css/additional-text.css\" rel=\"stylesheet\" type=\"text/css\" />\n\n\t<style type=\"text/css\">\n<!--\n\ntd, body {\n     background-color: white;\n\tfont-family: Verdana, Arial, Helvetica, sans-serif;\n\tfont-size: 12px;\n}\n\n.resourceContainer {\n   border: 1px solid black;\n}\n-->\n</style>\n</head>\n<body>\n\n    <div style=\"width: 750px; margin: auto\">\n       <div style=\"font-size: .8em;margin-bottom: 10px\"><table width=\"100%\"><tr><td align=\"left\" style=\"font-size: .8em;\"><div>The following has special meaning:</div>\n<div><u class=\"amendmentInsertedText\">green underline denotes added text</u></div>\n<div><strike class=\"amendmentDeletedText\">red struck out text denotes deleted text</strike></div></td> <td align=\"right\"><a href=\"https://www.lexisnexis.com/statenet/\"><img alt=\"Powered by State Net\" src=\"https://custom.statenet.com/network/poweredby.gif\" /></a></td></tr></table></div><table id=\"text-identifier\"><tr><td class=\"key\">2025 TX S 2795</td> <td><table><tr><td class=\"label\">Author:</td> <td>Eckhardt</td></tr> <tr><td class=\"label\">Version:</td> <td>Introduced</td></tr> <tr><td class=\"label\">Version Date:</td> <td>03/14/2025</td></tr></table></td></tr></table><div class=\"documentBody\">\n  <a name=\"head_document_section\"></a><div class=\"head\">\n   <p class=\"left\">By: Eckhardt</p>\n   <p class=\"right\">S.B. No. 2795</p>\n  </div>\n  <a name=\"title_document_section\"></a><div class=\"title\">\n   <p class=\"center\">A BILL TO BE ENTITLED</p>\n   <p class=\"center\">AN ACT</p>\n   <p class=\"left\">relating to the regulation of digital reporting by the Judicial Branch Certification Commission.</p>\n  </div>\n  <a name=\"text_document_section\"></a><div class=\"text\">\n   <span>\n    <p class=\"indent\">BE IT ENACTED BY THE LEGISLATURE OF THE STATE OF TEXAS:</p>\n   </span>\n   <p class=\"indent\">SECTION 1. Section 52.001(a), Government Code, is amended by adding Subdivision (2) and amending Subdivision (5) to read as follows:</p>\n   <p class=\"indent\">\n    <u class=\"amendmentInsertedText\">(2) &quot;Digital reporting&quot; means the practice of making a draft transcription of an oral court proceeding, deposition, or proceeding before a grand jury or court personnel for use in litigation in the courts of this state through the use of digital technology, including automatic speech recognition, natural language processing, or other digital technology capable of speech recognition and transcription, that following review creates a verbatim record.</u>\n   </p>\n   <p class=\"indent\">(5) &quot;Shorthand reporting&quot; and &quot;court reporting&quot; mean the practice of shorthand reporting for use in litigation in the courts of this state by making a verbatim record of an oral court proceeding, deposition, or proceeding before a grand jury, referee, or court commissioner using written symbols in shorthand, machine shorthand, <u class=\"amendmentInsertedText\">digital reporting,</u> or oral stenography.</p>\n   <p class=\"indent\">SECTION 2. Section 154.001(a), Government Code, is amended by adding Subdivision (2-a) and amending Subdivision (5) to read as follows:</p>\n   <p class=\"indent\">\n    <u class=\"amendmentInsertedText\">(2-a) &quot;Digital reporting&quot; means the practice of making a draft transcription of an oral court proceeding, deposition, or proceeding before a grand jury or court personnel for use in litigation in the courts of this state through the use of digital technology, including automatic speech recognition, natural language processing, or other digital technology capable of speech recognition and transcription, that following review creates a verbatim record.</u>\n   </p>\n   <p class=\"indent\">(5) &quot;Shorthand reporting&quot; and &quot;court reporting&quot; mean the practice of shorthand reporting for use in litigation in the courts of this state by making a verbatim record of an oral court proceeding, deposition, or proceeding before a grand jury, referee, or court commissioner using written symbols in shorthand, machine shorthand, <u class=\"amendmentInsertedText\">digital reporting,</u> or oral stenography.</p>\n   <p class=\"indent\">SECTION 3. Section 154.101(c), Government Code, is amended to read as follows:</p>\n   <p class=\"indent\">(c) A certification issued under this section must be for one or more of the following methods of shorthand reporting:</p>\n   <p class=\"indent\">(1) written shorthand;</p>\n   <p class=\"indent\">(2) machine shorthand;</p>\n   <p class=\"indent\">(3) oral stenography; <strike class=\"amendmentDeletedText\">or</strike>\n   </p>\n   <p class=\"indent\">(4) <u class=\"amendmentInsertedText\">digital reporting; or</u>\n   </p>\n   <p class=\"indent\">\n    <u class=\"amendmentInsertedText\">(5)</u> any other method of shorthand reporting authorized by the supreme court.</p>\n   <p class=\"indent\">SECTION 4. Subchapter C, Chapter 154, Government Code, is amended by adding Section 154.1035 to read as follows:</p>\n   <p class=\"indent\">\n    <u class=\"amendmentInsertedText\">Sec. 154.1035. DIGITAL REPORTING DOCUMENTATION. Before issuing a certification for digital reporting under Section 154.101, the commission shall require an applicant to provide documentation:</u>\n   </p>\n   <p class=\"indent\">\n    <u class=\"amendmentInsertedText\">(1) demonstrating the applicant is proficient in the use of the digital technology used for digital reporting; and</u>\n   </p>\n   <p class=\"indent\">\n    <u class=\"amendmentInsertedText\">(2) certifying the use of the digital technology for digital reporting poses minimal risk of inaccuracy, algorithmic discrimination, bias, or unlawful dissemination of privileged or personal identifying information.</u>\n   </p>\n   <p class=\"indent\">SECTION 5. This Act takes effect September 1, 2025.</p>\n  </div>\n </div>\n    </div>\t\n<table cellpadding=0 cellspacing=0 width=\"100%\">\n   <tr>\n      <td>\n          Copyright &copy; 2025 State Net\n      </td>\n<BR>\n<!--???MOVED INTO resources.cgi      <td align=\"right\">\n          <img src=\"https://custom.statenet.com/network/poweredby.gif\" alt=\"Powered by State Net\">\n      </td>-->\n\n    </tr>\n</table>\n</body></html>\n",
      "markdown": "The following has special meaning: _green underline denotes added text_ ~~red struck out text denotes deleted text~~ | [![Powered by State Net](https://custom.statenet.com/network/poweredby.gif)](https://www.lexisnexis.com/statenet/)  \n---|---  \n  \n2025 TX S 2795 | | Author: | Eckhardt  \n---|---  \nVersion: | Introduced  \nVersion Date: | 03/14/2025  \n  \nBy: Eckhardt\n\nS.B. No. 2795\n\nA BILL TO BE ENTITLED\n\nAN ACT\n\nrelating to the regulation of digital reporting by the Judicial Branch\nCertification Commission.\n\nBE IT ENACTED BY THE LEGISLATURE OF THE STATE OF TEXAS:\n\nSECTION 1. Section 52.001(a), Government Code, is amended by adding\nSubdivision (2) and amending Subdivision (5) to read as follows:\n\n_(2) \"Digital reporting\" means the practice of making a draft transcription of\nan oral court proceeding, deposition, or proceeding before a grand jury or\ncourt personnel for use in litigation in the courts of this state through the\nuse of digital technology, including automatic speech recognition, natural\nlanguage processing, or other digital technology capable of speech recognition\nand transcription, that following review creates a verbatim record._\n\n(5) \"Shorthand reporting\" and \"court reporting\" mean the practice of shorthand\nreporting for use in litigation in the courts of this state by making a\nverbatim record of an oral court proceeding, deposition, or proceeding before\na grand jury, referee, or court commissioner using written symbols in\nshorthand, machine shorthand, _digital reporting,_ or oral stenography.\n\nSECTION 2. Section 154.001(a), Government Code, is amended by adding\nSubdivision (2-a) and amending Subdivision (5) to read as follows:\n\n_(2-a) \"Digital reporting\" means the practice of making a draft transcription\nof an oral court proceeding, deposition, or proceeding before a grand jury or\ncourt personnel for use in litigation in the courts of this state through the\nuse of digital technology, including automatic speech recognition, natural\nlanguage processing, or other digital technology capable of speech recognition\nand transcription, that following review creates a verbatim record._\n\n(5) \"Shorthand reporting\" and \"court reporting\" mean the practice of shorthand\nreporting for use in litigation in the courts of this state by making a\nverbatim record of an oral court proceeding, deposition, or proceeding before\na grand jury, referee, or court commissioner using written symbols in\nshorthand, machine shorthand, _digital reporting,_ or oral stenography.\n\nSECTION 3. Section 154.101(c), Government Code, is amended to read as follows:\n\n(c) A certification issued under this section must be for one or more of the\nfollowing methods of shorthand reporting:\n\n(1) written shorthand;\n\n(2) machine shorthand;\n\n(3) oral stenography; ~~or~~\n\n(4) _digital reporting; or_\n\n_(5)_ any other method of shorthand reporting authorized by the supreme court.\n\nSECTION 4. Subchapter C, Chapter 154, Government Code, is amended by adding\nSection 154.1035 to read as follows:\n\n_Sec. 154.1035. DIGITAL REPORTING DOCUMENTATION. Before issuing a\ncertification for digital reporting under Section 154.101, the commission\nshall require an applicant to provide documentation:_\n\n_(1) demonstrating the applicant is proficient in the use of the digital\ntechnology used for digital reporting; and_\n\n_(2) certifying the use of the digital technology for digital reporting poses\nminimal risk of inaccuracy, algorithmic discrimination, bias, or unlawful\ndissemination of privileged or personal identifying information._\n\nSECTION 5. This Act takes effect September 1, 2025.\n\nCopyright (C) 2025 State Net  \n  \n---\n\n",
      "latest_version": true
    }
  ]
}