{
  "bill_id": "TX2025000HR868",
  "source_url": "http://custom.statenet.com/public/resources.cgi?id=ID:bill:TX2025000HR868&cuiq=93d84396-c63b-526a-b152-38b7f79b4cfd&client_md=e4f6fea4-27b4-5d41-b7d3-766fe52569f0",
  "versions": [
    {
      "date": "04/15/2025",
      "label": "Introduced",
      "url": "https://custom.statenet.com/public/resources.cgi?mode=show_text&id=ID:bill:TX2025000HR868&verid=TX2025000HR868_20250415_0_I&",
      "raw_html": "<html>\n<head>\n<title>Bill Resource</title>\n\n<!--   <link href=\"https://custom.statenet.com/network/Common/css/extregtext.css\" rel=\"stylesheet\" type=\"text/css\" />-->\n   <link href=\"https://custom.statenet.com/network/Common/css/xmltext-2.0.css\" rel=\"stylesheet\" type=\"text/css\" />\n   <link href=\"https://custom.statenet.com/network/Common/css/additional-text.css\" rel=\"stylesheet\" type=\"text/css\" />\n\n\t<style type=\"text/css\">\n<!--\n\ntd, body {\n     background-color: white;\n\tfont-family: Verdana, Arial, Helvetica, sans-serif;\n\tfont-size: 12px;\n}\n\n.resourceContainer {\n   border: 1px solid black;\n}\n-->\n</style>\n</head>\n<body>\n\n    <div style=\"width: 750px; margin: auto\">\n       <div style=\"font-size: .8em;margin-bottom: 10px\"><table width=\"100%\"><tr><td align=\"left\" style=\"font-size: .8em;\"><div>The following has special meaning:</div>\n<div><u class=\"amendmentInsertedText\">green underline denotes added text</u></div>\n<div><strike class=\"amendmentDeletedText\">red struck out text denotes deleted text</strike></div></td> <td align=\"right\"><a href=\"https://www.lexisnexis.com/statenet/\"><img alt=\"Powered by State Net\" src=\"https://custom.statenet.com/network/poweredby.gif\" /></a></td></tr></table></div><table id=\"text-identifier\"><tr><td class=\"key\">2025 TX HR 868</td> <td><table><tr><td class=\"label\">Author:</td> <td>Lujan</td></tr> <tr><td class=\"label\">Version:</td> <td>Introduced</td></tr> <tr><td class=\"label\">Version Date:</td> <td>04/15/2025</td></tr></table></td></tr></table><div class=\"documentBody\">\n  <a name=\"head_document_section\"></a><div class=\"head\">\n   <p class=\"left\">By: Lujan</p>\n   <p class=\"right\">H.R. No. 868</p>\n  </div>\n  <a name=\"title_document_section\"></a><div class=\"title\">\n   <p class=\"center\">RESOLUTION</p>\n  </div>\n  <a name=\"text_document_section\"></a><div class=\"text\">\n   <p class=\"indent\">WHEREAS, The State of Texas and the Province of Qu&eacute;bec in Canada share a deep and enduring friendship rooted in mutual values and strong economic ties; and</p>\n   <p class=\"indent\">WHEREAS, Boasting the second-largest GDP in the United States, Texas is Qu&eacute;bec&#39;s top commercial partner in the nation, with major economic hubs in Houston, Dallas, and Austin; the state also serves as one of the province&#39;s fastest-growing markets, particularly in sectors such as aerospace, energy, biomedical, IT and artificial intelligence, and creative industries; in addition, Canada is the state&#39;s second-largest trading partner, and in 2022, trade between Texas and Canada totaled $71.3 billion; and</p>\n   <p class=\"indent\">WHEREAS, The Qu&eacute;bec Government Office in Houston works to promote the province&#39;s interests throughout the South Central region of the United States, which includes Texas, Louisiana, Oklahoma, and Arkansas; the office supports the areas of business, investment, government institutions, education, culture, the advancement of the French language, and the Francophonie; and</p>\n   <p class=\"indent\">WHEREAS, In April 2025, Qu&eacute;bec&#39;s minister for the economy, Christopher Skeete, met with state leaders at the Texas Capitol and the offices of Secretary of State Jane Nelson and Governor Greg Abbott; and</p>\n   <p class=\"indent\">WHEREAS, Texas and Qu&eacute;bec have demonstrated a steadfast commitment to promoting innovation and prosperity, and they have benefited immeasurably from their vibrant partnership; now, therefore, be it</p>\n   <p class=\"indent\">RESOLVED, That the House of Representatives of the 89th Texas Legislature hereby honor the longstanding relationship between the Province of Qu&eacute;bec and the State of Texas and express support for deepening cooperation in areas of shared interest.</p>\n  </div>\n </div>\n    </div>\t\n<table cellpadding=0 cellspacing=0 width=\"100%\">\n   <tr>\n      <td>\n          Copyright &copy; 2025 State Net\n      </td>\n<BR>\n<!--???MOVED INTO resources.cgi      <td align=\"right\">\n          <img src=\"https://custom.statenet.com/network/poweredby.gif\" alt=\"Powered by State Net\">\n      </td>-->\n\n    </tr>\n</table>\n</body></html>\n",
      "markdown": "The following has special meaning: _green underline denotes added text_ ~~red struck out text denotes deleted text~~ | [![Powered by State Net](https://custom.statenet.com/network/poweredby.gif)](https://www.lexisnexis.com/statenet/)  \n---|---  \n  \n2025 TX HR 868 | | Author: | Lujan  \n---|---  \nVersion: | Introduced  \nVersion Date: | 04/15/2025  \n  \nBy: Lujan\n\nH.R. No. 868\n\nRESOLUTION\n\nWHEREAS, The State of Texas and the Province of Quebec in Canada share a deep\nand enduring friendship rooted in mutual values and strong economic ties; and\n\nWHEREAS, Boasting the second-largest GDP in the United States, Texas is\nQuebec's top commercial partner in the nation, with major economic hubs in\nHouston, Dallas, and Austin; the state also serves as one of the province's\nfastest-growing markets, particularly in sectors such as aerospace, energy,\nbiomedical, IT and artificial intelligence, and creative industries; in\naddition, Canada is the state's second-largest trading partner, and in 2022,\ntrade between Texas and Canada totaled $71.3 billion; and\n\nWHEREAS, The Quebec Government Office in Houston works to promote the\nprovince's interests throughout the South Central region of the United States,\nwhich includes Texas, Louisiana, Oklahoma, and Arkansas; the office supports\nthe areas of business, investment, government institutions, education,\nculture, the advancement of the French language, and the Francophonie; and\n\nWHEREAS, In April 2025, Quebec's minister for the economy, Christopher Skeete,\nmet with state leaders at the Texas Capitol and the offices of Secretary of\nState Jane Nelson and Governor Greg Abbott; and\n\nWHEREAS, Texas and Quebec have demonstrated a steadfast commitment to\npromoting innovation and prosperity, and they have benefited immeasurably from\ntheir vibrant partnership; now, therefore, be it\n\nRESOLVED, That the House of Representatives of the 89th Texas Legislature\nhereby honor the longstanding relationship between the Province of Quebec and\nthe State of Texas and express support for deepening cooperation in areas of\nshared interest.\n\nCopyright (C) 2025 State Net  \n  \n---\n\n",
      "latest_version": false
    },
    {
      "date": "05/08/2025",
      "label": "As Reported by Committee",
      "url": "https://custom.statenet.com/public/resources.cgi?mode=show_text&id=ID:bill:TX2025000HR868&verid=TX2025000HR868_20250508_0_ARC&",
      "raw_html": "<html>\n<head>\n<title>Bill Resource</title>\n\n<!--   <link href=\"https://custom.statenet.com/network/Common/css/extregtext.css\" rel=\"stylesheet\" type=\"text/css\" />-->\n   <link href=\"https://custom.statenet.com/network/Common/css/xmltext-2.0.css\" rel=\"stylesheet\" type=\"text/css\" />\n   <link href=\"https://custom.statenet.com/network/Common/css/additional-text.css\" rel=\"stylesheet\" type=\"text/css\" />\n\n\t<style type=\"text/css\">\n<!--\n\ntd, body {\n     background-color: white;\n\tfont-family: Verdana, Arial, Helvetica, sans-serif;\n\tfont-size: 12px;\n}\n\n.resourceContainer {\n   border: 1px solid black;\n}\n-->\n</style>\n</head>\n<body>\n\n    <div style=\"width: 750px; margin: auto\">\n       <div style=\"font-size: .8em;margin-bottom: 10px\"><table width=\"100%\"><tr><td align=\"left\" style=\"font-size: .8em;\"><div>The following has special meaning:</div>\n<div><u class=\"amendmentInsertedText\">green underline denotes added text</u></div>\n<div><strike class=\"amendmentDeletedText\">red struck out text denotes deleted text</strike></div></td> <td align=\"right\"><a href=\"https://www.lexisnexis.com/statenet/\"><img alt=\"Powered by State Net\" src=\"https://custom.statenet.com/network/poweredby.gif\" /></a></td></tr></table></div><table id=\"text-identifier\"><tr><td class=\"key\">2025 TX HR 868</td> <td><table><tr><td class=\"label\">Author:</td> <td>Lujan</td></tr> <tr><td class=\"label\">Version:</td> <td>As Reported by Committee</td></tr> <tr><td class=\"label\">Version Date:</td> <td>05/08/2025</td></tr></table></td></tr></table><div class=\"documentBody\">\n  <a name=\"head_document_section\"></a><div class=\"head\">\n   <p class=\"left\">By: Lujan, Longoria, Button, Bhojani,</p>\n   <p class=\"right\">H.R. No. 868</p>\n   <p class=\"left\"> Richardson, et al.</p>\n  </div>\n  <a name=\"title_document_section\"></a><div class=\"title\">\n   <p class=\"center\">RESOLUTION</p>\n  </div>\n  <a name=\"text_document_section\"></a><div class=\"text\">\n   <p class=\"indent\">WHEREAS, The State of Texas and the Province of Qu&eacute;bec in Canada share a deep and enduring friendship rooted in mutual values and strong economic ties; and</p>\n   <p class=\"indent\">WHEREAS, Boasting the second-largest GDP in the United States, Texas is Qu&eacute;bec&#39;s top commercial partner in the nation, with major economic hubs in Houston, Dallas, and Austin; the state also serves as one of the province&#39;s fastest-growing markets, particularly in sectors such as aerospace, energy, biomedical, IT and artificial intelligence, and creative industries; in addition, Canada is the state&#39;s second-largest trading partner, and in 2022, trade between Texas and Canada totaled $71.3 billion; and</p>\n   <p class=\"indent\">WHEREAS, The Qu&eacute;bec Government Office in Houston works to promote the province&#39;s interests throughout the South Central region of the United States, which includes Texas, Louisiana, Oklahoma, and Arkansas; the office supports the areas of business, investment, government institutions, education, culture, the advancement of the French language, and the Francophonie; and</p>\n   <p class=\"indent\">WHEREAS, In April 2025, Qu&eacute;bec&#39;s minister for the economy, Christopher Skeete, met with state leaders at the Texas Capitol and the offices of Secretary of State Jane Nelson and Governor Greg Abbott; and</p>\n   <p class=\"indent\">WHEREAS, Texas and Qu&eacute;bec have demonstrated a steadfast commitment to promoting innovation and prosperity, and they have benefited immeasurably from their vibrant partnership; now, therefore, be it</p>\n   <p class=\"indent\">RESOLVED, That the House of Representatives of the 89th Texas Legislature hereby honor the longstanding relationship between the Province of Qu&eacute;bec and the State of Texas and express support for deepening cooperation in areas of shared interest.</p>\n  </div>\n </div>\n    </div>\t\n<table cellpadding=0 cellspacing=0 width=\"100%\">\n   <tr>\n      <td>\n          Copyright &copy; 2025 State Net\n      </td>\n<BR>\n<!--???MOVED INTO resources.cgi      <td align=\"right\">\n          <img src=\"https://custom.statenet.com/network/poweredby.gif\" alt=\"Powered by State Net\">\n      </td>-->\n\n    </tr>\n</table>\n</body></html>\n",
      "markdown": "The following has special meaning: _green underline denotes added text_ ~~red struck out text denotes deleted text~~ | [![Powered by State Net](https://custom.statenet.com/network/poweredby.gif)](https://www.lexisnexis.com/statenet/)  \n---|---  \n  \n2025 TX HR 868 | | Author: | Lujan  \n---|---  \nVersion: | As Reported by Committee  \nVersion Date: | 05/08/2025  \n  \nBy: Lujan, Longoria, Button, Bhojani,\n\nH.R. No. 868\n\nRichardson, et al.\n\nRESOLUTION\n\nWHEREAS, The State of Texas and the Province of Quebec in Canada share a deep\nand enduring friendship rooted in mutual values and strong economic ties; and\n\nWHEREAS, Boasting the second-largest GDP in the United States, Texas is\nQuebec's top commercial partner in the nation, with major economic hubs in\nHouston, Dallas, and Austin; the state also serves as one of the province's\nfastest-growing markets, particularly in sectors such as aerospace, energy,\nbiomedical, IT and artificial intelligence, and creative industries; in\naddition, Canada is the state's second-largest trading partner, and in 2022,\ntrade between Texas and Canada totaled $71.3 billion; and\n\nWHEREAS, The Quebec Government Office in Houston works to promote the\nprovince's interests throughout the South Central region of the United States,\nwhich includes Texas, Louisiana, Oklahoma, and Arkansas; the office supports\nthe areas of business, investment, government institutions, education,\nculture, the advancement of the French language, and the Francophonie; and\n\nWHEREAS, In April 2025, Quebec's minister for the economy, Christopher Skeete,\nmet with state leaders at the Texas Capitol and the offices of Secretary of\nState Jane Nelson and Governor Greg Abbott; and\n\nWHEREAS, Texas and Quebec have demonstrated a steadfast commitment to\npromoting innovation and prosperity, and they have benefited immeasurably from\ntheir vibrant partnership; now, therefore, be it\n\nRESOLVED, That the House of Representatives of the 89th Texas Legislature\nhereby honor the longstanding relationship between the Province of Quebec and\nthe State of Texas and express support for deepening cooperation in areas of\nshared interest.\n\nCopyright (C) 2025 State Net  \n  \n---\n\n",
      "latest_version": false
    },
    {
      "date": "05/16/2025",
      "label": "Adopted",
      "url": "https://custom.statenet.com/public/resources.cgi?mode=show_text&id=ID:bill:TX2025000HR868&verid=TX2025000HR868_20250516_0_AD&",
      "raw_html": "<html>\n<head>\n<title>Bill Resource</title>\n\n<!--   <link href=\"https://custom.statenet.com/network/Common/css/extregtext.css\" rel=\"stylesheet\" type=\"text/css\" />-->\n   <link href=\"https://custom.statenet.com/network/Common/css/xmltext-2.0.css\" rel=\"stylesheet\" type=\"text/css\" />\n   <link href=\"https://custom.statenet.com/network/Common/css/additional-text.css\" rel=\"stylesheet\" type=\"text/css\" />\n\n\t<style type=\"text/css\">\n<!--\n\ntd, body {\n     background-color: white;\n\tfont-family: Verdana, Arial, Helvetica, sans-serif;\n\tfont-size: 12px;\n}\n\n.resourceContainer {\n   border: 1px solid black;\n}\n-->\n</style>\n</head>\n<body>\n\n    <div style=\"width: 750px; margin: auto\">\n       <div style=\"font-size: .8em;margin-bottom: 10px\"><table width=\"100%\"><tr><td align=\"left\" style=\"font-size: .8em;\"><div>The following has special meaning:</div>\n<div><u class=\"amendmentInsertedText\">green underline denotes added text</u></div>\n<div><strike class=\"amendmentDeletedText\">red struck out text denotes deleted text</strike></div></td> <td align=\"right\"><a href=\"https://www.lexisnexis.com/statenet/\"><img alt=\"Powered by State Net\" src=\"https://custom.statenet.com/network/poweredby.gif\" /></a></td></tr></table></div><table id=\"text-identifier\"><tr><td class=\"key\">2025 TX HR 868</td> <td><table><tr><td class=\"label\">Author:</td> <td>Lujan</td></tr> <tr><td class=\"label\">Version:</td> <td>Adopted</td></tr> <tr><td class=\"label\">Version Date:</td> <td>05/16/2025</td></tr></table></td></tr></table><div class=\"documentBody\">\n  <a name=\"head_document_section\"></a><div class=\"head\">\n   <p class=\"right\">H.R. No. 868</p>\n  </div>\n  <a name=\"title_document_section\"></a><div class=\"title\">\n   <p class=\"center\">RESOLUTION</p>\n  </div>\n  <a name=\"text_document_section\"></a><div class=\"text\">\n   <p class=\"indent\">WHEREAS, The State of Texas and the Province of Qu&eacute;bec in Canada share a deep and enduring friendship rooted in mutual values and strong economic ties; and</p>\n   <p class=\"indent\">WHEREAS, Boasting the second-largest GDP in the United States, Texas is Qu&eacute;bec&#39;s top commercial partner in the nation, with major economic hubs in Houston, Dallas, and Austin; the state also serves as one of the province&#39;s fastest-growing markets, particularly in sectors such as aerospace, energy, biomedical, IT and artificial intelligence, and creative industries; in addition, Canada is the state&#39;s second-largest trading partner, and in 2022, trade between Texas and Canada totaled $71.3 billion; and</p>\n   <p class=\"indent\">WHEREAS, The Qu&eacute;bec Government Office in Houston works to promote the province&#39;s interests throughout the South Central region of the United States, which includes Texas, Louisiana, Oklahoma, and Arkansas; the office supports the areas of business, investment, government institutions, education, culture, the advancement of the French language, and the Francophonie; and</p>\n   <p class=\"indent\">WHEREAS, In April 2025, Qu&eacute;bec&#39;s minister for the economy, Christopher Skeete, met with state leaders at the Texas Capitol and the offices of Secretary of State Jane Nelson and Governor Greg Abbott; and</p>\n   <p class=\"indent\">WHEREAS, Texas and Qu&eacute;bec have demonstrated a steadfast commitment to promoting innovation and prosperity, and they have benefited immeasurably from their vibrant partnership; now, therefore, be it</p>\n   <p class=\"indent\">RESOLVED, That the House of Representatives of the 89th Texas Legislature hereby honor the longstanding relationship between the Province of Qu&eacute;bec and the State of Texas and express support for deepening cooperation in areas of shared interest.</p>\n  </div>\n </div>\n    </div>\t\n<table cellpadding=0 cellspacing=0 width=\"100%\">\n   <tr>\n      <td>\n          Copyright &copy; 2025 State Net\n      </td>\n<BR>\n<!--???MOVED INTO resources.cgi      <td align=\"right\">\n          <img src=\"https://custom.statenet.com/network/poweredby.gif\" alt=\"Powered by State Net\">\n      </td>-->\n\n    </tr>\n</table>\n</body></html>\n",
      "markdown": "The following has special meaning: _green underline denotes added text_ ~~red struck out text denotes deleted text~~ | [![Powered by State Net](https://custom.statenet.com/network/poweredby.gif)](https://www.lexisnexis.com/statenet/)  \n---|---  \n  \n2025 TX HR 868 | | Author: | Lujan  \n---|---  \nVersion: | Adopted  \nVersion Date: | 05/16/2025  \n  \nH.R. No. 868\n\nRESOLUTION\n\nWHEREAS, The State of Texas and the Province of Quebec in Canada share a deep\nand enduring friendship rooted in mutual values and strong economic ties; and\n\nWHEREAS, Boasting the second-largest GDP in the United States, Texas is\nQuebec's top commercial partner in the nation, with major economic hubs in\nHouston, Dallas, and Austin; the state also serves as one of the province's\nfastest-growing markets, particularly in sectors such as aerospace, energy,\nbiomedical, IT and artificial intelligence, and creative industries; in\naddition, Canada is the state's second-largest trading partner, and in 2022,\ntrade between Texas and Canada totaled $71.3 billion; and\n\nWHEREAS, The Quebec Government Office in Houston works to promote the\nprovince's interests throughout the South Central region of the United States,\nwhich includes Texas, Louisiana, Oklahoma, and Arkansas; the office supports\nthe areas of business, investment, government institutions, education,\nculture, the advancement of the French language, and the Francophonie; and\n\nWHEREAS, In April 2025, Quebec's minister for the economy, Christopher Skeete,\nmet with state leaders at the Texas Capitol and the offices of Secretary of\nState Jane Nelson and Governor Greg Abbott; and\n\nWHEREAS, Texas and Quebec have demonstrated a steadfast commitment to\npromoting innovation and prosperity, and they have benefited immeasurably from\ntheir vibrant partnership; now, therefore, be it\n\nRESOLVED, That the House of Representatives of the 89th Texas Legislature\nhereby honor the longstanding relationship between the Province of Quebec and\nthe State of Texas and express support for deepening cooperation in areas of\nshared interest.\n\nCopyright (C) 2025 State Net  \n  \n---\n\n",
      "latest_version": true
    }
  ]
}