{
  "bill_id": "TX2025000HR795",
  "source_url": "http://custom.statenet.com/public/resources.cgi?id=ID:bill:TX2025000HR795&cuiq=93d84396-c63b-526a-b152-38b7f79b4cfd&client_md=e4f6fea4-27b4-5d41-b7d3-766fe52569f0",
  "versions": [
    {
      "date": "04/04/2025",
      "label": "Introduced",
      "url": "https://custom.statenet.com/public/resources.cgi?mode=show_text&id=ID:bill:TX2025000HR795&verid=TX2025000HR795_20250404_0_I&",
      "raw_html": "<html>\n<head>\n<title>Bill Resource</title>\n\n<!--   <link href=\"https://custom.statenet.com/network/Common/css/extregtext.css\" rel=\"stylesheet\" type=\"text/css\" />-->\n   <link href=\"https://custom.statenet.com/network/Common/css/xmltext-2.0.css\" rel=\"stylesheet\" type=\"text/css\" />\n   <link href=\"https://custom.statenet.com/network/Common/css/additional-text.css\" rel=\"stylesheet\" type=\"text/css\" />\n\n\t<style type=\"text/css\">\n<!--\n\ntd, body {\n     background-color: white;\n\tfont-family: Verdana, Arial, Helvetica, sans-serif;\n\tfont-size: 12px;\n}\n\n.resourceContainer {\n   border: 1px solid black;\n}\n-->\n</style>\n</head>\n<body>\n\n    <div style=\"width: 750px; margin: auto\">\n       <div style=\"font-size: .8em;margin-bottom: 10px\"><table width=\"100%\"><tr><td align=\"left\" style=\"font-size: .8em;\"><div>The following has special meaning:</div>\n<div><u class=\"amendmentInsertedText\">green underline denotes added text</u></div>\n<div><strike class=\"amendmentDeletedText\">red struck out text denotes deleted text</strike></div></td> <td align=\"right\"><a href=\"https://www.lexisnexis.com/statenet/\"><img alt=\"Powered by State Net\" src=\"https://custom.statenet.com/network/poweredby.gif\" /></a></td></tr></table></div><table id=\"text-identifier\"><tr><td class=\"key\">2025 TX HR 795</td> <td><table><tr><td class=\"label\">Author:</td> <td>Johnson A</td></tr> <tr><td class=\"label\">Version:</td> <td>Introduced</td></tr> <tr><td class=\"label\">Version Date:</td> <td>04/04/2025</td></tr></table></td></tr></table><div class=\"documentBody\">\n  <a name=\"head_document_section\"></a><div class=\"head\">\n   <p class=\"left\">By: Johnson</p>\n   <p class=\"right\">H.R. No. 795</p>\n  </div>\n  <a name=\"title_document_section\"></a><div class=\"title\">\n   <p class=\"center\">RESOLUTION</p>\n  </div>\n  <a name=\"text_document_section\"></a><div class=\"text\">\n   <p class=\"indent\">WHEREAS, A distinguished delegation from Rice University is gathering in Austin on April 14, 2025, to celebrate Rice University Day at the State Capitol; and</p>\n   <p class=\"indent\">WHEREAS, Founded in 1891, Rice University is ranked among the nation&#39;s foremost institutions and holds the highest research activity designation, R1, from the Carnegie Classification of Institutions of Higher Education; during the 2024-2025 academic year, it is marking the 50th anniversaries of four of its schools; and</p>\n   <p class=\"indent\">WHEREAS, The Jones Graduate School of Business is named after its founder, Jesse H. Jones; today, it offers eight prestigious graduate programs and undergraduate options and serves over 1,700 students; under the leadership of Dean Peter Rodriguez, the school has launched four new programs that address the complexities of the modern business landscape; and</p>\n   <p class=\"indent\">WHEREAS, The namesake of the Shepherd School of Music, Benjamin A. Shepherd, was the grandfather of philanthropist Sallie Shepherd Perkins; her endowment laid the foundation for what would become one of the country&#39;s premier music schools; each year, it offers more than 400 free concerts and recitals; since 2021, it has been guided by Dean Matthew Loden; and</p>\n   <p class=\"indent\">WHEREAS, While engineering has long been a key component of Rice&#39;s legacy, the engineering school itself was established in 1975; it was named the George R. Brown School of Engineering and Computing in 2024 to reflect its heightened focus on computing, artificial intelligence, and machine learning; its faculty, academic programs, and research impact have increased through the dedicated efforts of Dean Luay Nakhleh; and</p>\n   <p class=\"indent\">WHEREAS, The Wiess School of Natural Sciences was created through the generosity of Olga and Harry Wiess; internationally renowned, the faculty has included Nobel Prize winners Robert Curl and Richard Smalley; in continuing a proud tradition of dynamic leadership, Dean Thomas Killian is aided by Associate Dean for Research Douglas Natelson; the school often collaborates with the Texas Medical Center as it prepares students for important roles in such sectors as bioscience, health policy, environmental analysis, and energy; and</p>\n   <p class=\"indent\">WHEREAS, Throughout its history, Rice University has advanced knowledge and innovation in a wide range of disciplines, and in so doing, it has contributed immeasurably to the prosperity and vibrancy of the Lone Star State; now, therefore, be it</p>\n   <p class=\"indent\">RESOLVED, That the House of Representatives of the 89th Texas Legislature hereby recognize April 14, 2025, as Rice University Day at the State Capitol and extend a warm welcome to the visiting delegation; and, be it further</p>\n   <p class=\"indent\">RESOLVED, That an official copy of this resolution be prepared for the university as an expression of high regard by the Texas House of Representatives.</p>\n  </div>\n </div>\n    </div>\t\n<table cellpadding=0 cellspacing=0 width=\"100%\">\n   <tr>\n      <td>\n          Copyright &copy; 2025 State Net\n      </td>\n<BR>\n<!--???MOVED INTO resources.cgi      <td align=\"right\">\n          <img src=\"https://custom.statenet.com/network/poweredby.gif\" alt=\"Powered by State Net\">\n      </td>-->\n\n    </tr>\n</table>\n</body></html>\n",
      "markdown": "The following has special meaning: _green underline denotes added text_ ~~red struck out text denotes deleted text~~ | [![Powered by State Net](https://custom.statenet.com/network/poweredby.gif)](https://www.lexisnexis.com/statenet/)  \n---|---  \n  \n2025 TX HR 795 | | Author: | Johnson A  \n---|---  \nVersion: | Introduced  \nVersion Date: | 04/04/2025  \n  \nBy: Johnson\n\nH.R. No. 795\n\nRESOLUTION\n\nWHEREAS, A distinguished delegation from Rice University is gathering in\nAustin on April 14, 2025, to celebrate Rice University Day at the State\nCapitol; and\n\nWHEREAS, Founded in 1891, Rice University is ranked among the nation's\nforemost institutions and holds the highest research activity designation, R1,\nfrom the Carnegie Classification of Institutions of Higher Education; during\nthe 2024-2025 academic year, it is marking the 50th anniversaries of four of\nits schools; and\n\nWHEREAS, The Jones Graduate School of Business is named after its founder,\nJesse H. Jones; today, it offers eight prestigious graduate programs and\nundergraduate options and serves over 1,700 students; under the leadership of\nDean Peter Rodriguez, the school has launched four new programs that address\nthe complexities of the modern business landscape; and\n\nWHEREAS, The namesake of the Shepherd School of Music, Benjamin A. Shepherd,\nwas the grandfather of philanthropist Sallie Shepherd Perkins; her endowment\nlaid the foundation for what would become one of the country's premier music\nschools; each year, it offers more than 400 free concerts and recitals; since\n2021, it has been guided by Dean Matthew Loden; and\n\nWHEREAS, While engineering has long been a key component of Rice's legacy, the\nengineering school itself was established in 1975; it was named the George R.\nBrown School of Engineering and Computing in 2024 to reflect its heightened\nfocus on computing, artificial intelligence, and machine learning; its\nfaculty, academic programs, and research impact have increased through the\ndedicated efforts of Dean Luay Nakhleh; and\n\nWHEREAS, The Wiess School of Natural Sciences was created through the\ngenerosity of Olga and Harry Wiess; internationally renowned, the faculty has\nincluded Nobel Prize winners Robert Curl and Richard Smalley; in continuing a\nproud tradition of dynamic leadership, Dean Thomas Killian is aided by\nAssociate Dean for Research Douglas Natelson; the school often collaborates\nwith the Texas Medical Center as it prepares students for important roles in\nsuch sectors as bioscience, health policy, environmental analysis, and energy;\nand\n\nWHEREAS, Throughout its history, Rice University has advanced knowledge and\ninnovation in a wide range of disciplines, and in so doing, it has contributed\nimmeasurably to the prosperity and vibrancy of the Lone Star State; now,\ntherefore, be it\n\nRESOLVED, That the House of Representatives of the 89th Texas Legislature\nhereby recognize April 14, 2025, as Rice University Day at the State Capitol\nand extend a warm welcome to the visiting delegation; and, be it further\n\nRESOLVED, That an official copy of this resolution be prepared for the\nuniversity as an expression of high regard by the Texas House of\nRepresentatives.\n\nCopyright (C) 2025 State Net  \n  \n---\n\n",
      "latest_version": false
    },
    {
      "date": "04/14/2025",
      "label": "Adopted",
      "url": "https://custom.statenet.com/public/resources.cgi?mode=show_text&id=ID:bill:TX2025000HR795&verid=TX2025000HR795_20250414_0_AD&",
      "raw_html": "<html>\n<head>\n<title>Bill Resource</title>\n\n<!--   <link href=\"https://custom.statenet.com/network/Common/css/extregtext.css\" rel=\"stylesheet\" type=\"text/css\" />-->\n   <link href=\"https://custom.statenet.com/network/Common/css/xmltext-2.0.css\" rel=\"stylesheet\" type=\"text/css\" />\n   <link href=\"https://custom.statenet.com/network/Common/css/additional-text.css\" rel=\"stylesheet\" type=\"text/css\" />\n\n\t<style type=\"text/css\">\n<!--\n\ntd, body {\n     background-color: white;\n\tfont-family: Verdana, Arial, Helvetica, sans-serif;\n\tfont-size: 12px;\n}\n\n.resourceContainer {\n   border: 1px solid black;\n}\n-->\n</style>\n</head>\n<body>\n\n    <div style=\"width: 750px; margin: auto\">\n       <div style=\"font-size: .8em;margin-bottom: 10px\"><table width=\"100%\"><tr><td align=\"left\" style=\"font-size: .8em;\"><div>The following has special meaning:</div>\n<div><u class=\"amendmentInsertedText\">green underline denotes added text</u></div>\n<div><strike class=\"amendmentDeletedText\">red struck out text denotes deleted text</strike></div></td> <td align=\"right\"><a href=\"https://www.lexisnexis.com/statenet/\"><img alt=\"Powered by State Net\" src=\"https://custom.statenet.com/network/poweredby.gif\" /></a></td></tr></table></div><table id=\"text-identifier\"><tr><td class=\"key\">2025 TX HR 795</td> <td><table><tr><td class=\"label\">Author:</td> <td>Johnson A</td></tr> <tr><td class=\"label\">Version:</td> <td>Adopted</td></tr> <tr><td class=\"label\">Version Date:</td> <td>04/14/2025</td></tr></table></td></tr></table><div class=\"documentBody\">\n  <a name=\"head_document_section\"></a><div class=\"head\">\n   <p class=\"right\">H.R. No. 795</p>\n  </div>\n  <a name=\"title_document_section\"></a><div class=\"title\">\n   <p class=\"center\">RESOLUTION</p>\n  </div>\n  <a name=\"text_document_section\"></a><div class=\"text\">\n   <p class=\"indent\">WHEREAS, A distinguished delegation from Rice University is gathering in Austin on April 14, 2025, to celebrate Rice University Day at the State Capitol; and</p>\n   <p class=\"indent\">WHEREAS, Founded in 1891, Rice University is ranked among the nation&#39;s foremost institutions and holds the highest research activity designation, R1, from the Carnegie Classification of Institutions of Higher Education; during the 2024-2025 academic year, it is marking the 50th anniversaries of four of its schools; and</p>\n   <p class=\"indent\">WHEREAS, The Jones Graduate School of Business is named after its founder, Jesse H. Jones; today, it offers eight prestigious graduate programs and undergraduate options and serves over 1,700 students; under the leadership of Dean Peter Rodriguez, the school has launched four new programs that address the complexities of the modern business landscape; and</p>\n   <p class=\"indent\">WHEREAS, The namesake of the Shepherd School of Music, Benjamin A. Shepherd, was the grandfather of philanthropist Sallie Shepherd Perkins; her endowment laid the foundation for what would become one of the country&#39;s premier music schools; each year, it offers more than 400 free concerts and recitals; since 2021, it has been guided by Dean Matthew Loden; and</p>\n   <p class=\"indent\">WHEREAS, While engineering has long been a key component of Rice&#39;s legacy, the engineering school itself was established in 1975; it was named the George R. Brown School of Engineering and Computing in 2024 to reflect its heightened focus on computing, artificial intelligence, and machine learning; its faculty, academic programs, and research impact have increased through the dedicated efforts of Dean Luay Nakhleh; and</p>\n   <p class=\"indent\">WHEREAS, The Wiess School of Natural Sciences was created through the generosity of Olga and Harry Wiess; internationally renowned, the faculty has included Nobel Prize winners Robert Curl and Richard Smalley; in continuing a proud tradition of dynamic leadership, Dean Thomas Killian is aided by Associate Dean for Research Douglas Natelson; the school often collaborates with the Texas Medical Center as it prepares students for important roles in such sectors as bioscience, health policy, environmental analysis, and energy; and</p>\n   <p class=\"indent\">WHEREAS, Throughout its history, Rice University has advanced knowledge and innovation in a wide range of disciplines, and in so doing, it has contributed immeasurably to the prosperity and vibrancy of the Lone Star State; now, therefore, be it</p>\n   <p class=\"indent\">RESOLVED, That the House of Representatives of the 89th Texas Legislature hereby recognize April 14, 2025, as Rice University Day at the State Capitol and extend a warm welcome to the visiting delegation; and, be it further</p>\n   <p class=\"indent\">RESOLVED, That an official copy of this resolution be prepared for the university as an expression of high regard by the Texas House of Representatives.</p>\n   <p class=\"right\">Johnson </p>\n   <table>\n    <tr>\n     <td>Burrows</td>\n     <td>Guerra</td>\n     <td>Morales Shaw</td>\n    </tr>\n    <tr>\n     <td>Alders</td>\n     <td>Guillen</td>\n     <td>Morgan</td>\n    </tr>\n    <tr>\n     <td>Allen</td>\n     <td>Harless</td>\n     <td>Mu&ntilde;oz</td>\n    </tr>\n    <tr>\n     <td>Anch&iacute;a</td>\n     <td>Harris</td>\n     <td>Noble</td>\n    </tr>\n    <tr>\n     <td>Ashby</td>\n     <td>Harris Davila</td>\n     <td>Olcott</td>\n    </tr>\n    <tr>\n     <td>Barry</td>\n     <td>Harrison</td>\n     <td>Oliverson</td>\n    </tr>\n    <tr>\n     <td>Bell of Kaufman</td>\n     <td>Hayes</td>\n     <td>Ordaz</td>\n    </tr>\n    <tr>\n     <td>Bell of Montgomery</td>\n     <td>Hefner</td>\n     <td>Orr</td>\n    </tr>\n    <tr>\n     <td>Bernal</td>\n     <td>Hernandez</td>\n     <td>Patterson</td>\n    </tr>\n    <tr>\n     <td>Bhojani</td>\n     <td>Hickland</td>\n     <td>Paul</td>\n    </tr>\n    <tr>\n     <td>Bonnen</td>\n     <td>Hinojosa</td>\n     <td>Perez of El Paso</td>\n    </tr>\n    <tr>\n     <td>Bowers</td>\n     <td>Holt</td>\n     <td>Perez of Harris</td>\n    </tr>\n    <tr>\n     <td>Bryant</td>\n     <td>Hopper</td>\n     <td>Phelan</td>\n    </tr>\n    <tr>\n     <td>Buckley</td>\n     <td>Howard</td>\n     <td>Pierson</td>\n    </tr>\n    <tr>\n     <td>Bucy</td>\n     <td>Hull</td>\n     <td>Plesa</td>\n    </tr>\n    <tr>\n     <td>Bumgarner</td>\n     <td>Hunter</td>\n     <td>Raymond</td>\n    </tr>\n    <tr>\n     <td>Button</td>\n     <td>Isaac</td>\n     <td>Reynolds</td>\n    </tr>\n    <tr>\n     <td>Cain</td>\n     <td>Johnson</td>\n     <td>Richardson</td>\n    </tr>\n    <tr>\n     <td>Campos</td>\n     <td>Jones of Dallas</td>\n     <td>Rodr&iacute;guez Ramos</td>\n    </tr>\n    <tr>\n     <td>Canales</td>\n     <td>Jones of Harris</td>\n     <td>Romero</td>\n    </tr>\n    <tr>\n     <td>Capriglione</td>\n     <td>Kerwin</td>\n     <td>Rose</td>\n    </tr>\n    <tr>\n     <td>Cole</td>\n     <td>King</td>\n     <td>Rosenthal</td>\n    </tr>\n    <tr>\n     <td>Collier</td>\n     <td>Kitzman</td>\n     <td>Schatzline</td>\n    </tr>\n    <tr>\n     <td>Cook</td>\n     <td>LaHood</td>\n     <td>Schofield</td>\n    </tr>\n    <tr>\n     <td>Cortez</td>\n     <td>Lalani</td>\n     <td>Schoolcraft</td>\n    </tr>\n    <tr>\n     <td>Craddick</td>\n     <td>Lambert</td>\n     <td>Shaheen</td>\n    </tr>\n    <tr>\n     <td>Cunningham</td>\n     <td>Landgraf</td>\n     <td>Shofner</td>\n    </tr>\n    <tr>\n     <td>Curry</td>\n     <td>Leach</td>\n     <td>Simmons</td>\n    </tr>\n    <tr>\n     <td>Darby</td>\n     <td>Leo Wilson</td>\n     <td>Slawson</td>\n    </tr>\n    <tr>\n     <td>A. Davis of Dallas</td>\n     <td>Little</td>\n     <td>Smithee</td>\n    </tr>\n    <tr>\n     <td>Y. Davis of Dallas</td>\n     <td>Longoria</td>\n     <td>Spiller</td>\n    </tr>\n    <tr>\n     <td>Dean</td>\n     <td>Lopez of Bexar</td>\n     <td>Swanson</td>\n    </tr>\n    <tr>\n     <td>DeAyala</td>\n     <td>Lopez of Cameron</td>\n     <td>Talarico</td>\n    </tr>\n    <tr>\n     <td>Dorazio</td>\n     <td>Louderback</td>\n     <td>Tepper</td>\n    </tr>\n    <tr>\n     <td>Dutton</td>\n     <td>Lowe</td>\n     <td>Thompson</td>\n    </tr>\n    <tr>\n     <td>Dyson</td>\n     <td>Lozano</td>\n     <td>Tinderholt</td>\n    </tr>\n    <tr>\n     <td>Fairly</td>\n     <td>Lujan</td>\n     <td>Toth</td>\n    </tr>\n    <tr>\n     <td>Flores</td>\n     <td>Luther</td>\n     <td>Troxclair</td>\n    </tr>\n    <tr>\n     <td>Frank</td>\n     <td>Manuel</td>\n     <td>Turner</td>\n    </tr>\n    <tr>\n     <td>G&aacute;mez</td>\n     <td>Martinez</td>\n     <td>VanDeaver</td>\n    </tr>\n    <tr>\n     <td>Garcia of Bexar</td>\n     <td>Martinez Fischer</td>\n     <td>Vasut</td>\n    </tr>\n    <tr>\n     <td>Garcia of Dallas</td>\n     <td>McLaughlin</td>\n     <td>Villalobos</td>\n    </tr>\n    <tr>\n     <td>Garcia Hernandez</td>\n     <td>McQueeney</td>\n     <td>Virdell</td>\n    </tr>\n    <tr>\n     <td>Gates</td>\n     <td>Metcalf</td>\n     <td>Vo</td>\n    </tr>\n    <tr>\n     <td>Gerdes</td>\n     <td>Meyer</td>\n     <td>Walle</td>\n    </tr>\n    <tr>\n     <td>Geren</td>\n     <td>Meza</td>\n     <td>Ward Johnson</td>\n    </tr>\n    <tr>\n     <td>Gervin-Hawkins</td>\n     <td>Money</td>\n     <td>Wharton</td>\n    </tr>\n    <tr>\n     <td>Gonz&aacute;lez of Dallas</td>\n     <td>Moody</td>\n     <td>Wilson</td>\n    </tr>\n    <tr>\n     <td>Gonz&aacute;lez of El Paso</td>\n     <td>Morales of Harris</td>\n     <td>Wu</td>\n    </tr>\n    <tr>\n     <td>Goodwin</td>\n     <td>Morales of Maverick</td>\n     <td>Zwiener</td>\n    </tr>\n   </table>\n   <p class=\"right\">______________________________</p>\n   <p class=\"right\">Speaker of the House</p>\n   <p class=\"indent\">I certify that H.R. No. 795 was adopted by the House on April 14, 2025, by a non-record vote.</p>\n   <p class=\"right\">______________________________</p>\n   <p class=\"right\">Chief Clerk of the House</p>\n  </div>\n </div>\n    </div>\t\n<table cellpadding=0 cellspacing=0 width=\"100%\">\n   <tr>\n      <td>\n          Copyright &copy; 2025 State Net\n      </td>\n<BR>\n<!--???MOVED INTO resources.cgi      <td align=\"right\">\n          <img src=\"https://custom.statenet.com/network/poweredby.gif\" alt=\"Powered by State Net\">\n      </td>-->\n\n    </tr>\n</table>\n</body></html>\n",
      "markdown": "The following has special meaning: _green underline denotes added text_ ~~red struck out text denotes deleted text~~ | [![Powered by State Net](https://custom.statenet.com/network/poweredby.gif)](https://www.lexisnexis.com/statenet/)  \n---|---  \n  \n2025 TX HR 795 | | Author: | Johnson A  \n---|---  \nVersion: | Adopted  \nVersion Date: | 04/14/2025  \n  \nH.R. No. 795\n\nRESOLUTION\n\nWHEREAS, A distinguished delegation from Rice University is gathering in\nAustin on April 14, 2025, to celebrate Rice University Day at the State\nCapitol; and\n\nWHEREAS, Founded in 1891, Rice University is ranked among the nation's\nforemost institutions and holds the highest research activity designation, R1,\nfrom the Carnegie Classification of Institutions of Higher Education; during\nthe 2024-2025 academic year, it is marking the 50th anniversaries of four of\nits schools; and\n\nWHEREAS, The Jones Graduate School of Business is named after its founder,\nJesse H. Jones; today, it offers eight prestigious graduate programs and\nundergraduate options and serves over 1,700 students; under the leadership of\nDean Peter Rodriguez, the school has launched four new programs that address\nthe complexities of the modern business landscape; and\n\nWHEREAS, The namesake of the Shepherd School of Music, Benjamin A. Shepherd,\nwas the grandfather of philanthropist Sallie Shepherd Perkins; her endowment\nlaid the foundation for what would become one of the country's premier music\nschools; each year, it offers more than 400 free concerts and recitals; since\n2021, it has been guided by Dean Matthew Loden; and\n\nWHEREAS, While engineering has long been a key component of Rice's legacy, the\nengineering school itself was established in 1975; it was named the George R.\nBrown School of Engineering and Computing in 2024 to reflect its heightened\nfocus on computing, artificial intelligence, and machine learning; its\nfaculty, academic programs, and research impact have increased through the\ndedicated efforts of Dean Luay Nakhleh; and\n\nWHEREAS, The Wiess School of Natural Sciences was created through the\ngenerosity of Olga and Harry Wiess; internationally renowned, the faculty has\nincluded Nobel Prize winners Robert Curl and Richard Smalley; in continuing a\nproud tradition of dynamic leadership, Dean Thomas Killian is aided by\nAssociate Dean for Research Douglas Natelson; the school often collaborates\nwith the Texas Medical Center as it prepares students for important roles in\nsuch sectors as bioscience, health policy, environmental analysis, and energy;\nand\n\nWHEREAS, Throughout its history, Rice University has advanced knowledge and\ninnovation in a wide range of disciplines, and in so doing, it has contributed\nimmeasurably to the prosperity and vibrancy of the Lone Star State; now,\ntherefore, be it\n\nRESOLVED, That the House of Representatives of the 89th Texas Legislature\nhereby recognize April 14, 2025, as Rice University Day at the State Capitol\nand extend a warm welcome to the visiting delegation; and, be it further\n\nRESOLVED, That an official copy of this resolution be prepared for the\nuniversity as an expression of high regard by the Texas House of\nRepresentatives.\n\nJohnson\n\nBurrows | Guerra | Morales Shaw  \n---|---|---  \nAlders | Guillen | Morgan  \nAllen | Harless | Muñoz  \nAnchia | Harris | Noble  \nAshby | Harris Davila | Olcott  \nBarry | Harrison | Oliverson  \nBell of Kaufman | Hayes | Ordaz  \nBell of Montgomery | Hefner | Orr  \nBernal | Hernandez | Patterson  \nBhojani | Hickland | Paul  \nBonnen | Hinojosa | Perez of El Paso  \nBowers | Holt | Perez of Harris  \nBryant | Hopper | Phelan  \nBuckley | Howard | Pierson  \nBucy | Hull | Plesa  \nBumgarner | Hunter | Raymond  \nButton | Isaac | Reynolds  \nCain | Johnson | Richardson  \nCampos | Jones of Dallas | Rodriguez Ramos  \nCanales | Jones of Harris | Romero  \nCapriglione | Kerwin | Rose  \nCole | King | Rosenthal  \nCollier | Kitzman | Schatzline  \nCook | LaHood | Schofield  \nCortez | Lalani | Schoolcraft  \nCraddick | Lambert | Shaheen  \nCunningham | Landgraf | Shofner  \nCurry | Leach | Simmons  \nDarby | Leo Wilson | Slawson  \nA. Davis of Dallas | Little | Smithee  \nY. Davis of Dallas | Longoria | Spiller  \nDean | Lopez of Bexar | Swanson  \nDeAyala | Lopez of Cameron | Talarico  \nDorazio | Louderback | Tepper  \nDutton | Lowe | Thompson  \nDyson | Lozano | Tinderholt  \nFairly | Lujan | Toth  \nFlores | Luther | Troxclair  \nFrank | Manuel | Turner  \nGamez | Martinez | VanDeaver  \nGarcia of Bexar | Martinez Fischer | Vasut  \nGarcia of Dallas | McLaughlin | Villalobos  \nGarcia Hernandez | McQueeney | Virdell  \nGates | Metcalf | Vo  \nGerdes | Meyer | Walle  \nGeren | Meza | Ward Johnson  \nGervin-Hawkins | Money | Wharton  \nGonzalez of Dallas | Moody | Wilson  \nGonzalez of El Paso | Morales of Harris | Wu  \nGoodwin | Morales of Maverick | Zwiener  \n  \n______________________________\n\nSpeaker of the House\n\nI certify that H.R. No. 795 was adopted by the House on April 14, 2025, by a\nnon-record vote.\n\n______________________________\n\nChief Clerk of the House\n\nCopyright (C) 2025 State Net  \n  \n---\n\n",
      "latest_version": true
    }
  ]
}