{
  "bill_id": "TX2025000H4635",
  "source_url": "http://custom.statenet.com/public/resources.cgi?id=ID:bill:TX2025000H4635&cuiq=93d84396-c63b-526a-b152-38b7f79b4cfd&client_md=e4f6fea4-27b4-5d41-b7d3-766fe52569f0",
  "versions": [
    {
      "date": "03/12/2025",
      "label": "Introduced",
      "url": "https://custom.statenet.com/public/resources.cgi?mode=show_text&id=ID:bill:TX2025000H4635&verid=TX2025000H4635_20250312_0_I&",
      "raw_html": "<html>\n<head>\n<title>Bill Resource</title>\n\n<!--   <link href=\"https://custom.statenet.com/network/Common/css/extregtext.css\" rel=\"stylesheet\" type=\"text/css\" />-->\n   <link href=\"https://custom.statenet.com/network/Common/css/xmltext-2.0.css\" rel=\"stylesheet\" type=\"text/css\" />\n   <link href=\"https://custom.statenet.com/network/Common/css/additional-text.css\" rel=\"stylesheet\" type=\"text/css\" />\n\n\t<style type=\"text/css\">\n<!--\n\ntd, body {\n     background-color: white;\n\tfont-family: Verdana, Arial, Helvetica, sans-serif;\n\tfont-size: 12px;\n}\n\n.resourceContainer {\n   border: 1px solid black;\n}\n-->\n</style>\n</head>\n<body>\n\n    <div style=\"width: 750px; margin: auto\">\n       <div style=\"font-size: .8em;margin-bottom: 10px\"><table width=\"100%\"><tr><td align=\"left\" style=\"font-size: .8em;\"><div>The following has special meaning:</div>\n<div><u class=\"amendmentInsertedText\">green underline denotes added text</u></div>\n<div><strike class=\"amendmentDeletedText\">red struck out text denotes deleted text</strike></div></td> <td align=\"right\"><a href=\"https://www.lexisnexis.com/statenet/\"><img alt=\"Powered by State Net\" src=\"https://custom.statenet.com/network/poweredby.gif\" /></a></td></tr></table></div><table id=\"text-identifier\"><tr><td class=\"key\">2025 TX H 4635</td> <td><table><tr><td class=\"label\">Author:</td> <td>Garcia Hernande</td></tr> <tr><td class=\"label\">Version:</td> <td>Introduced</td></tr> <tr><td class=\"label\">Version Date:</td> <td>03/12/2025</td></tr></table></td></tr></table><div class=\"documentBody\">\n  <a name=\"head_document_section\"></a><div class=\"head\">\n   <p class=\"left\">By: Garcia Hernandez</p>\n   <p class=\"right\">H.B. No. 4635</p>\n  </div>\n  <a name=\"title_document_section\"></a><div class=\"title\">\n   <p class=\"center\">A BILL TO BE ENTITLED</p>\n   <p class=\"center\">AN ACT</p>\n   <p class=\"left\">relating to disclosure of the use of artificial intelligence in the denial of insurance claims.</p>\n  </div>\n  <a name=\"text_document_section\"></a><div class=\"text\">\n   <span>\n    <p class=\"indent\">BE IT ENACTED BY THE LEGISLATURE OF THE STATE OF TEXAS:</p>\n   </span>\n   <p class=\"indent\">SECTION 1. Subtitle B, Title 5, Insurance Code, is amended by adding Chapter 526 to read as follows:</p>\n   <p class=\"center\">\n    <u class=\"amendmentInsertedText\">CHAPTER 526. USE OF ARTIFICIAL INTELLIGENCE</u>\n   </p>\n   <p class=\"indent\">\n    <u class=\"amendmentInsertedText\">Sec. 526.001. DEFINITIONS. In this chapter:</u>\n   </p>\n   <p class=\"indent\">\n    <u class=\"amendmentInsertedText\">(1) &quot;Artificial intelligence&quot; means an engineered or machine-based system that varies in autonomy and may, for explicit or implicit objectives, infer from the input the system receives how to generate outputs that can influence physical or virtual environments.</u>\n   </p>\n   <p class=\"indent\">\n    <u class=\"amendmentInsertedText\">(2) &quot;Health maintenance organization&quot; and &quot;insurer&quot; have the meanings assigned by Section 401.001.</u>\n   </p>\n   <p class=\"indent\">\n    <u class=\"amendmentInsertedText\">Sec. 526.002. DISCLOSURE REQUIRED. An insurer or health maintenance organization that denies a claim based on a determination made by artificial intelligence shall provide to the claimant with notice of the denial a written disclosure containing the following information:</u>\n   </p>\n   <p class=\"indent\">\n    <u class=\"amendmentInsertedText\">(1) a notification that the denial was based on a determination made by artificial intelligence;</u>\n   </p>\n   <p class=\"indent\">\n    <u class=\"amendmentInsertedText\">(2) the basis for the determination made by artificial intelligence; and</u>\n   </p>\n   <p class=\"indent\">\n    <u class=\"amendmentInsertedText\">(3) instructions on appealing the denial with the insurer or health maintenance organization.</u>\n   </p>\n   <p class=\"indent\">SECTION 2. Section 526.002, Insurance Code, as added by this Act, applies only to a claim submitted on or after the effective date of this Act.</p>\n   <p class=\"indent\">SECTION 3. This Act takes effect September 1, 2025.</p>\n  </div>\n </div>\n    </div>\t\n<table cellpadding=0 cellspacing=0 width=\"100%\">\n   <tr>\n      <td>\n          Copyright &copy; 2025 State Net\n      </td>\n<BR>\n<!--???MOVED INTO resources.cgi      <td align=\"right\">\n          <img src=\"https://custom.statenet.com/network/poweredby.gif\" alt=\"Powered by State Net\">\n      </td>-->\n\n    </tr>\n</table>\n</body></html>\n",
      "markdown": "The following has special meaning: _green underline denotes added text_ ~~red struck out text denotes deleted text~~ | [![Powered by State Net](https://custom.statenet.com/network/poweredby.gif)](https://www.lexisnexis.com/statenet/)  \n---|---  \n  \n2025 TX H 4635 | | Author: | Garcia Hernande  \n---|---  \nVersion: | Introduced  \nVersion Date: | 03/12/2025  \n  \nBy: Garcia Hernandez\n\nH.B. No. 4635\n\nA BILL TO BE ENTITLED\n\nAN ACT\n\nrelating to disclosure of the use of artificial intelligence in the denial of\ninsurance claims.\n\nBE IT ENACTED BY THE LEGISLATURE OF THE STATE OF TEXAS:\n\nSECTION 1. Subtitle B, Title 5, Insurance Code, is amended by adding Chapter\n526 to read as follows:\n\n_CHAPTER 526. USE OF ARTIFICIAL INTELLIGENCE_\n\n_Sec. 526.001. DEFINITIONS. In this chapter:_\n\n_(1) \"Artificial intelligence\" means an engineered or machine-based system\nthat varies in autonomy and may, for explicit or implicit objectives, infer\nfrom the input the system receives how to generate outputs that can influence\nphysical or virtual environments._\n\n_(2) \"Health maintenance organization\" and \"insurer\" have the meanings\nassigned by Section 401.001._\n\n_Sec. 526.002. DISCLOSURE REQUIRED. An insurer or health maintenance\norganization that denies a claim based on a determination made by artificial\nintelligence shall provide to the claimant with notice of the denial a written\ndisclosure containing the following information:_\n\n_(1) a notification that the denial was based on a determination made by\nartificial intelligence;_\n\n_(2) the basis for the determination made by artificial intelligence; and_\n\n_(3) instructions on appealing the denial with the insurer or health\nmaintenance organization._\n\nSECTION 2. Section 526.002, Insurance Code, as added by this Act, applies only\nto a claim submitted on or after the effective date of this Act.\n\nSECTION 3. This Act takes effect September 1, 2025.\n\nCopyright (C) 2025 State Net  \n  \n---\n\n",
      "latest_version": true
    }
  ]
}