{
  "bill_id": "TX2025000H4585",
  "source_url": "http://custom.statenet.com/public/resources.cgi?id=ID:bill:TX2025000H4585&cuiq=93d84396-c63b-526a-b152-38b7f79b4cfd&client_md=e4f6fea4-27b4-5d41-b7d3-766fe52569f0",
  "versions": [
    {
      "date": "03/12/2025",
      "label": "Introduced",
      "url": "https://custom.statenet.com/public/resources.cgi?mode=show_text&id=ID:bill:TX2025000H4585&verid=TX2025000H4585_20250312_0_I&",
      "raw_html": "<html>\n<head>\n<title>Bill Resource</title>\n\n<!--   <link href=\"https://custom.statenet.com/network/Common/css/extregtext.css\" rel=\"stylesheet\" type=\"text/css\" />-->\n   <link href=\"https://custom.statenet.com/network/Common/css/xmltext-2.0.css\" rel=\"stylesheet\" type=\"text/css\" />\n   <link href=\"https://custom.statenet.com/network/Common/css/additional-text.css\" rel=\"stylesheet\" type=\"text/css\" />\n\n\t<style type=\"text/css\">\n<!--\n\ntd, body {\n     background-color: white;\n\tfont-family: Verdana, Arial, Helvetica, sans-serif;\n\tfont-size: 12px;\n}\n\n.resourceContainer {\n   border: 1px solid black;\n}\n-->\n</style>\n</head>\n<body>\n\n    <div style=\"width: 750px; margin: auto\">\n       <div style=\"font-size: .8em;margin-bottom: 10px\"><table width=\"100%\"><tr><td align=\"left\" style=\"font-size: .8em;\"><div>The following has special meaning:</div>\n<div><u class=\"amendmentInsertedText\">green underline denotes added text</u></div>\n<div><strike class=\"amendmentDeletedText\">red struck out text denotes deleted text</strike></div></td> <td align=\"right\"><a href=\"https://www.lexisnexis.com/statenet/\"><img alt=\"Powered by State Net\" src=\"https://custom.statenet.com/network/poweredby.gif\" /></a></td></tr></table></div><table id=\"text-identifier\"><tr><td class=\"key\">2025 TX H 4585</td> <td><table><tr><td class=\"label\">Author:</td> <td>Spiller</td></tr> <tr><td class=\"label\">Version:</td> <td>Introduced</td></tr> <tr><td class=\"label\">Version Date:</td> <td>03/12/2025</td></tr></table></td></tr></table><div class=\"documentBody\">\n  <a name=\"head_document_section\"></a><div class=\"head\">\n   <p class=\"left\">By: Spiller</p>\n   <p class=\"right\">H.B. No. 4585</p>\n  </div>\n  <a name=\"title_document_section\"></a><div class=\"title\">\n   <p class=\"center\">A BILL TO BE ENTITLED</p>\n   <p class=\"center\">AN ACT</p>\n   <p class=\"left\">relating to the submission, payment, and audit of certain claims for and utilization review of health services, including services provided under the Medicaid managed care and child health plan programs.</p>\n  </div>\n  <a name=\"text_document_section\"></a><div class=\"text\">\n   <span>\n    <p class=\"indent\">BE IT ENACTED BY THE LEGISLATURE OF THE STATE OF TEXAS:</p>\n   </span>\n   <p class=\"indent\">SECTION 1. The heading to Section 540.0265, Government Code, as effective April 1, 2025, is amended to read as follows:</p>\n   <p class=\"indent\">Sec. 540.0265. <u class=\"amendmentInsertedText\">SUBMISSION AND</u>\n    <strike class=\"amendmentDeletedText\">PROMPT</strike> PAYMENT OF CLAIMS.</p>\n   <p class=\"indent\">SECTION 2. Section 540.0265, Government Code, as effective April 1, 2025, is amended by amending Subsection (a) and adding Subsections (c), (d), (e), and (f) to read as follows:</p>\n   <p class=\"indent\">(a) A contract to which this subchapter applies must require the contracting Medicaid managed care organization to <u class=\"amendmentInsertedText\">determine whether a claim is payable and</u> pay a physician or provider for health care services provided to a recipient under a Medicaid managed care plan on any <u class=\"amendmentInsertedText\">clean</u> claim for payment the organization receives <strike class=\"amendmentDeletedText\">with documentation reasonably necessary for the organization to process the claim</strike>:</p>\n   <p class=\"indent\">(1) not later than:</p>\n   <p class=\"indent\">(A) the 10th day after the date the organization receives the claim if the claim relates to services a nursing facility, intermediate care facility, or group home provided;</p>\n   <p class=\"indent\">(B) the 30th day after the date the organization receives the claim if the claim relates to the provision of long-term services and supports not subject to Paragraph (A); and</p>\n   <p class=\"indent\">(C) the 45th day after the date the organization receives the claim if the claim is not subject to Paragraph (A) or (B); or</p>\n   <p class=\"indent\">(2) within a period, not to exceed 60 days, specified by a written agreement between the physician or provider and the organization.</p>\n   <p class=\"indent\">\n    <u class=\"amendmentInsertedText\">(c) A contract to which this subchapter applies must require a contracting Medicaid managed care organization to disclose to a physician or provider:</u>\n   </p>\n   <p class=\"indent\">\n    <u class=\"amendmentInsertedText\">(1) the address, including a physical address, where a claim is sent for processing;</u>\n   </p>\n   <p class=\"indent\">\n    <u class=\"amendmentInsertedText\">(2) the telephone number a physician or provider may call regarding a question or concern about a claim;</u>\n   </p>\n   <p class=\"indent\">\n    <u class=\"amendmentInsertedText\">(3) the name and physical address of any entity to which the organization has delegated claim payment functions;</u>\n   </p>\n   <p class=\"indent\">\n    <u class=\"amendmentInsertedText\">(4) the mailing address, physical address, and telephone number of any separate claims processing center used to process claims for specific services; and</u>\n   </p>\n   <p class=\"indent\">\n    <u class=\"amendmentInsertedText\">(5) by providing written notice not later than the 61st day before the change, any change to an address, telephone number, or entity described by Subdivisions (1)-(4).</u>\n   </p>\n   <p class=\"indent\">\n    <u class=\"amendmentInsertedText\">(d) A contract to which this subchapter applies must specify that the contracting Medicaid managed care organization:</u>\n   </p>\n   <p class=\"indent\">\n    <u class=\"amendmentInsertedText\">(1) must allow a physician or provider to submit a claim for payment during a period of not less than 95 days beginning on the date the service for which the claim is made was provided; and</u>\n   </p>\n   <p class=\"indent\">\n    <u class=\"amendmentInsertedText\">(2) is subject to the applicable penalties prescribed by Section 1301.137, Insurance Code, if the organization fails to comply with the payment requirements of this section.</u>\n   </p>\n   <p class=\"indent\">\n    <u class=\"amendmentInsertedText\">(e) For purposes of this section:</u>\n   </p>\n   <p class=\"indent\">\n    <u class=\"amendmentInsertedText\">(1) a claim a physician or provider submits to a Medicaid managed care organization is considered to be a clean claim if the claim meets the requirements of Section 1301.131, Insurance Code, and rules adopted under that section; and</u>\n   </p>\n   <p class=\"indent\">\n    <u class=\"amendmentInsertedText\">(2) the organization is considered to be the insurer and the physician or provider is considered to be the preferred provider with respect to the application of a provision of Chapter 1301, Insurance Code, to the organization, physician, or provider.</u>\n   </p>\n   <p class=\"indent\">\n    <u class=\"amendmentInsertedText\">(f) The provisions required under this section may not be waived, modified, or voided under a contract to which this subchapter applies or under a contract between a contracting Medicaid managed care organization and a physician or provider, except as provided by Subsection (a)(2).</u>\n   </p>\n   <p class=\"indent\">SECTION 3. Subchapter F, Chapter 540, Government Code, as effective April 1, 2025, is amended by adding Section 540.02651 to read as follows:</p>\n   <p class=\"indent\">\n    <u class=\"amendmentInsertedText\">Sec. 540.02651. AUDIT OF CLAIM; OVERPAYMENT RECOVERY. (a) A contract to which this subchapter applies must require the contracting Medicaid managed care organization to comply with Sections 1301.105(b), (c), and (d), 1301.1051, and 1301.132, Insurance Code.</u>\n   </p>\n   <p class=\"indent\">\n    <u class=\"amendmentInsertedText\">(b) For purposes of this section, the contracting Medicaid managed care organization is considered to be the insurer and the physician or provider is considered to be the preferred provider with respect to the application of a provision of Chapter 1301, Insurance Code, to the organization, physician, or provider.</u>\n   </p>\n   <p class=\"indent\">\n    <u class=\"amendmentInsertedText\">(c) The provisions required under this section may not be waived, modified, or voided under a contract to which this subchapter applies or under a contract between a contracting Medicaid managed care organization and a physician or provider.</u>\n   </p>\n   <p class=\"indent\">SECTION 4. Section 540.0267(a), Government Code, as effective April 1, 2025, is amended to read as follows:</p>\n   <p class=\"indent\">(a) A contract to which this subchapter applies must require the contracting Medicaid managed care organization to develop, implement, and maintain a system for tracking and resolving provider appeals related to claims payment. The system must include a process that requires:</p>\n   <p class=\"indent\">(1) a tracking mechanism to document the status and final disposition of each provider&#39;s claims payment appeal;</p>\n   <p class=\"indent\">(2) contracting with physicians who are not network providers and who are of the same or related specialty as the appealing physician to resolve claims disputes that:</p>\n   <p class=\"indent\">(A) relate to denial on the basis of medical necessity; and</p>\n   <p class=\"indent\">(B) remain unresolved after a provider appeal;</p>\n   <p class=\"indent\">(3) <u class=\"amendmentInsertedText\">contracting with an independent review organization overseen by the commission to resolve claims disputes in the manner provided by Subchapter I, Chapter 4201, Insurance Code, that remain unresolved after an appeal under Subdivision (2), if applicable;</u>\n   </p>\n   <p class=\"indent\">\n    <u class=\"amendmentInsertedText\">(4)</u> the determination of the <u class=\"amendmentInsertedText\">independent review organization</u>\n    <strike class=\"amendmentDeletedText\">physician</strike> resolving the dispute to be binding on the organization and provider; and</p>\n   <p class=\"indent\">\n    <u class=\"amendmentInsertedText\">(5)</u>\n    <strike class=\"amendmentDeletedText\">(4)</strike> the organization to allow a provider to initiate an appeal of a claim that has not been paid before the time prescribed by Section 540.0265(a)(1)(B).</p>\n   <p class=\"indent\">SECTION 5. Subchapter B, Chapter 62, Health and Safety Code, is amended by adding Section 62.0551 to read as follows:</p>\n   <p class=\"indent\">\n    <u class=\"amendmentInsertedText\">Sec. 62.0551. REQUIRED CONTRACT PROVISIONS. (a) A contract between the commission and a child health plan provider under Section 62.155 must include the requirements specified by Sections 540.0265, 540.02651, and 540.0267, Government Code.</u>\n   </p>\n   <p class=\"indent\">\n    <u class=\"amendmentInsertedText\">(b) Sections 540.0265, 540.02651, and 540.0267, Government Code, apply to a child health plan provider and health care provider providing health care services under the child health plan in the same manner and to the same extent those provisions apply to a Medicaid managed care organization and a physician or provider under the Medicaid program.</u>\n   </p>\n   <p class=\"indent\">SECTION 6. Section 4201.251, Insurance Code, is amended to read as follows:</p>\n   <p class=\"indent\">Sec. 4201.251. DELEGATION OF UTILIZATION REVIEW. <u class=\"amendmentInsertedText\">(a)</u> A utilization review agent may delegate utilization review to qualified personnel in the hospital or other health care facility in which the health care services to be reviewed were or are to be provided. The delegation does not release the agent from the full responsibility for compliance with this chapter or other applicable law, including the conduct of those to whom utilization review has been delegated.</p>\n   <p class=\"indent\">\n    <u class=\"amendmentInsertedText\">(b) A utilization review agent may not delegate utilization review to an artificial intelligence application or other similar computer software.</u>\n   </p>\n   <p class=\"indent\">SECTION 7. Section 4201.252(a), Insurance Code, is amended to read as follows:</p>\n   <p class=\"indent\">(a) Personnel employed by or under contract with a utilization review agent to perform utilization review<u class=\"amendmentInsertedText\">:</u>\n   </p>\n   <p class=\"indent\">\n    <u class=\"amendmentInsertedText\">(1)</u> must be appropriately trained and qualified and meet the requirements of this chapter and other applicable law, including applicable licensing requirements<u class=\"amendmentInsertedText\">; and</u>\n   </p>\n   <p class=\"indent\">\n    <u class=\"amendmentInsertedText\">(2) may not delegate utilization review to an artificial intelligence application or other similar computer software</u>.</p>\n   <p class=\"indent\">SECTION 8. (a) Sections 540.0265 and 540.0267, Government Code, as amended by this Act, and Section 540.02651, Government Code, as added by this Act, apply only to a contract between the Health and Human Services Commission and a managed care organization that is entered into or renewed on or after the effective date of this Act.</p>\n   <p class=\"indent\">(b) To the extent permitted by the terms of the contract, the Health and Human Services Commission shall seek to amend a contract entered into before the effective date of this Act with a managed care organization to comply with Sections 540.0265 and 540.0267, Government Code, as amended by this Act, and Section 540.02651, Government Code, as added by this Act.</p>\n   <p class=\"indent\">SECTION 9. (a) Section 62.0551, Health and Safety Code, as added by this Act, applies only to a contract between the Health and Human Services Commission and a child health plan provider under Chapter 62, Health and Safety Code, that is entered into or renewed on or after the effective date of this Act.</p>\n   <p class=\"indent\">(b) To the extent permitted by the terms of the contract, the Health and Human Services Commission shall seek to amend a contract entered into before the effective date of this Act with a child health plan provider to comply with Section 62.0551, Health and Safety Code, as added by this Act.</p>\n   <p class=\"indent\">SECTION 10. The changes to Chapter 4201, Insurance Code, as amended by this Act, apply only to a health benefit plan delivered, issued for delivery, or renewed on or after January 1, 2026. A health benefit plan delivered, issued for delivery, or renewed before January 1, 2026, is governed by the law as it existed immediately before the effective date of this Act, and that law is continued in effect for that purpose.</p>\n   <p class=\"indent\">SECTION 11. If before implementing any provision of this Act a state agency determines that a waiver or authorization from a federal agency is necessary for implementation of that provision, the agency affected by the provision shall request the waiver or authorization and may delay implementing that provision until the waiver or authorization is granted.</p>\n   <p class=\"indent\">SECTION 12. This Act takes effect September 1, 2025.</p>\n  </div>\n </div>\n    </div>\t\n<table cellpadding=0 cellspacing=0 width=\"100%\">\n   <tr>\n      <td>\n          Copyright &copy; 2025 State Net\n      </td>\n<BR>\n<!--???MOVED INTO resources.cgi      <td align=\"right\">\n          <img src=\"https://custom.statenet.com/network/poweredby.gif\" alt=\"Powered by State Net\">\n      </td>-->\n\n    </tr>\n</table>\n</body></html>\n",
      "markdown": "The following has special meaning: _green underline denotes added text_ ~~red struck out text denotes deleted text~~ | [![Powered by State Net](https://custom.statenet.com/network/poweredby.gif)](https://www.lexisnexis.com/statenet/)  \n---|---  \n  \n2025 TX H 4585 | | Author: | Spiller  \n---|---  \nVersion: | Introduced  \nVersion Date: | 03/12/2025  \n  \nBy: Spiller\n\nH.B. No. 4585\n\nA BILL TO BE ENTITLED\n\nAN ACT\n\nrelating to the submission, payment, and audit of certain claims for and\nutilization review of health services, including services provided under the\nMedicaid managed care and child health plan programs.\n\nBE IT ENACTED BY THE LEGISLATURE OF THE STATE OF TEXAS:\n\nSECTION 1. The heading to Section 540.0265, Government Code, as effective\nApril 1, 2025, is amended to read as follows:\n\nSec. 540.0265. _SUBMISSION AND_ ~~PROMPT~~ PAYMENT OF CLAIMS.\n\nSECTION 2. Section 540.0265, Government Code, as effective April 1, 2025, is\namended by amending Subsection (a) and adding Subsections (c), (d), (e), and\n(f) to read as follows:\n\n(a) A contract to which this subchapter applies must require the contracting\nMedicaid managed care organization to _determine whether a claim is payable\nand_ pay a physician or provider for health care services provided to a\nrecipient under a Medicaid managed care plan on any _clean_ claim for payment\nthe organization receives ~~with documentation reasonably necessary for the\norganization to process the claim~~ :\n\n(1) not later than:\n\n(A) the 10th day after the date the organization receives the claim if the\nclaim relates to services a nursing facility, intermediate care facility, or\ngroup home provided;\n\n(B) the 30th day after the date the organization receives the claim if the\nclaim relates to the provision of long-term services and supports not subject\nto Paragraph (A); and\n\n(C) the 45th day after the date the organization receives the claim if the\nclaim is not subject to Paragraph (A) or (B); or\n\n(2) within a period, not to exceed 60 days, specified by a written agreement\nbetween the physician or provider and the organization.\n\n_(c) A contract to which this subchapter applies must require a contracting\nMedicaid managed care organization to disclose to a physician or provider:_\n\n_(1) the address, including a physical address, where a claim is sent for\nprocessing;_\n\n_(2) the telephone number a physician or provider may call regarding a\nquestion or concern about a claim;_\n\n_(3) the name and physical address of any entity to which the organization has\ndelegated claim payment functions;_\n\n_(4) the mailing address, physical address, and telephone number of any\nseparate claims processing center used to process claims for specific\nservices; and_\n\n_(5) by providing written notice not later than the 61st day before the\nchange, any change to an address, telephone number, or entity described by\nSubdivisions (1)-(4)._\n\n_(d) A contract to which this subchapter applies must specify that the\ncontracting Medicaid managed care organization:_\n\n_(1) must allow a physician or provider to submit a claim for payment during a\nperiod of not less than 95 days beginning on the date the service for which\nthe claim is made was provided; and_\n\n_(2) is subject to the applicable penalties prescribed by Section 1301.137,\nInsurance Code, if the organization fails to comply with the payment\nrequirements of this section._\n\n_(e) For purposes of this section:_\n\n_(1) a claim a physician or provider submits to a Medicaid managed care\norganization is considered to be a clean claim if the claim meets the\nrequirements of Section 1301.131, Insurance Code, and rules adopted under that\nsection; and_\n\n_(2) the organization is considered to be the insurer and the physician or\nprovider is considered to be the preferred provider with respect to the\napplication of a provision of Chapter 1301, Insurance Code, to the\norganization, physician, or provider._\n\n_(f) The provisions required under this section may not be waived, modified,\nor voided under a contract to which this subchapter applies or under a\ncontract between a contracting Medicaid managed care organization and a\nphysician or provider, except as provided by Subsection (a)(2)._\n\nSECTION 3. Subchapter F, Chapter 540, Government Code, as effective April 1,\n2025, is amended by adding Section 540.02651 to read as follows:\n\n_Sec. 540.02651. AUDIT OF CLAIM; OVERPAYMENT RECOVERY. (a) A contract to which\nthis subchapter applies must require the contracting Medicaid managed care\norganization to comply with Sections 1301.105(b), (c), and (d), 1301.1051, and\n1301.132, Insurance Code._\n\n_(b) For purposes of this section, the contracting Medicaid managed care\norganization is considered to be the insurer and the physician or provider is\nconsidered to be the preferred provider with respect to the application of a\nprovision of Chapter 1301, Insurance Code, to the organization, physician, or\nprovider._\n\n_(c) The provisions required under this section may not be waived, modified,\nor voided under a contract to which this subchapter applies or under a\ncontract between a contracting Medicaid managed care organization and a\nphysician or provider._\n\nSECTION 4. Section 540.0267(a), Government Code, as effective April 1, 2025,\nis amended to read as follows:\n\n(a) A contract to which this subchapter applies must require the contracting\nMedicaid managed care organization to develop, implement, and maintain a\nsystem for tracking and resolving provider appeals related to claims payment.\nThe system must include a process that requires:\n\n(1) a tracking mechanism to document the status and final disposition of each\nprovider's claims payment appeal;\n\n(2) contracting with physicians who are not network providers and who are of\nthe same or related specialty as the appealing physician to resolve claims\ndisputes that:\n\n(A) relate to denial on the basis of medical necessity; and\n\n(B) remain unresolved after a provider appeal;\n\n(3) _contracting with an independent review organization overseen by the\ncommission to resolve claims disputes in the manner provided by Subchapter I,\nChapter 4201, Insurance Code, that remain unresolved after an appeal under\nSubdivision (2), if applicable;_\n\n_(4)_ the determination of the _independent review organization_ ~~physician~~\nresolving the dispute to be binding on the organization and provider; and\n\n_(5)_ ~~(4)~~ the organization to allow a provider to initiate an appeal of a\nclaim that has not been paid before the time prescribed by Section\n540.0265(a)(1)(B).\n\nSECTION 5. Subchapter B, Chapter 62, Health and Safety Code, is amended by\nadding Section 62.0551 to read as follows:\n\n_Sec. 62.0551. REQUIRED CONTRACT PROVISIONS. (a) A contract between the\ncommission and a child health plan provider under Section 62.155 must include\nthe requirements specified by Sections 540.0265, 540.02651, and 540.0267,\nGovernment Code._\n\n_(b) Sections 540.0265, 540.02651, and 540.0267, Government Code, apply to a\nchild health plan provider and health care provider providing health care\nservices under the child health plan in the same manner and to the same extent\nthose provisions apply to a Medicaid managed care organization and a physician\nor provider under the Medicaid program._\n\nSECTION 6. Section 4201.251, Insurance Code, is amended to read as follows:\n\nSec. 4201.251. DELEGATION OF UTILIZATION REVIEW. _(a)_ A utilization review\nagent may delegate utilization review to qualified personnel in the hospital\nor other health care facility in which the health care services to be reviewed\nwere or are to be provided. The delegation does not release the agent from the\nfull responsibility for compliance with this chapter or other applicable law,\nincluding the conduct of those to whom utilization review has been delegated.\n\n_(b) A utilization review agent may not delegate utilization review to an\nartificial intelligence application or other similar computer software._\n\nSECTION 7. Section 4201.252(a), Insurance Code, is amended to read as follows:\n\n(a) Personnel employed by or under contract with a utilization review agent to\nperform utilization review _:_\n\n_(1)_ must be appropriately trained and qualified and meet the requirements of\nthis chapter and other applicable law, including applicable licensing\nrequirements _; and_\n\n_(2) may not delegate utilization review to an artificial intelligence\napplication or other similar computer software_.\n\nSECTION 8. (a) Sections 540.0265 and 540.0267, Government Code, as amended by\nthis Act, and Section 540.02651, Government Code, as added by this Act, apply\nonly to a contract between the Health and Human Services Commission and a\nmanaged care organization that is entered into or renewed on or after the\neffective date of this Act.\n\n(b) To the extent permitted by the terms of the contract, the Health and Human\nServices Commission shall seek to amend a contract entered into before the\neffective date of this Act with a managed care organization to comply with\nSections 540.0265 and 540.0267, Government Code, as amended by this Act, and\nSection 540.02651, Government Code, as added by this Act.\n\nSECTION 9. (a) Section 62.0551, Health and Safety Code, as added by this Act,\napplies only to a contract between the Health and Human Services Commission\nand a child health plan provider under Chapter 62, Health and Safety Code,\nthat is entered into or renewed on or after the effective date of this Act.\n\n(b) To the extent permitted by the terms of the contract, the Health and Human\nServices Commission shall seek to amend a contract entered into before the\neffective date of this Act with a child health plan provider to comply with\nSection 62.0551, Health and Safety Code, as added by this Act.\n\nSECTION 10. The changes to Chapter 4201, Insurance Code, as amended by this\nAct, apply only to a health benefit plan delivered, issued for delivery, or\nrenewed on or after January 1, 2026. A health benefit plan delivered, issued\nfor delivery, or renewed before January 1, 2026, is governed by the law as it\nexisted immediately before the effective date of this Act, and that law is\ncontinued in effect for that purpose.\n\nSECTION 11. If before implementing any provision of this Act a state agency\ndetermines that a waiver or authorization from a federal agency is necessary\nfor implementation of that provision, the agency affected by the provision\nshall request the waiver or authorization and may delay implementing that\nprovision until the waiver or authorization is granted.\n\nSECTION 12. This Act takes effect September 1, 2025.\n\nCopyright (C) 2025 State Net  \n  \n---\n\n",
      "latest_version": true
    }
  ]
}