{
  "bill_id": "TX2025000S1445",
  "source_url": "http://custom.statenet.com/public/resources.cgi?id=ID:bill:TX2025000S1445&cuiq=93d84396-c63b-526a-b152-38b7f79b4cfd&client_md=e4f6fea4-27b4-5d41-b7d3-766fe52569f0",
  "versions": [
    {
      "date": "02/19/2025",
      "label": "Introduced",
      "url": "https://custom.statenet.com/public/resources.cgi?mode=show_text&id=ID:bill:TX2025000S1445&verid=TX2025000S1445_20250219_0_I&",
      "raw_html": "<html>\n<head>\n<title>Bill Resource</title>\n\n<!--   <link href=\"https://custom.statenet.com/network/Common/css/extregtext.css\" rel=\"stylesheet\" type=\"text/css\" />-->\n   <link href=\"https://custom.statenet.com/network/Common/css/xmltext-2.0.css\" rel=\"stylesheet\" type=\"text/css\" />\n   <link href=\"https://custom.statenet.com/network/Common/css/additional-text.css\" rel=\"stylesheet\" type=\"text/css\" />\n\n\t<style type=\"text/css\">\n<!--\n\ntd, body {\n     background-color: white;\n\tfont-family: Verdana, Arial, Helvetica, sans-serif;\n\tfont-size: 12px;\n}\n\n.resourceContainer {\n   border: 1px solid black;\n}\n-->\n</style>\n</head>\n<body>\n\n    <div style=\"width: 750px; margin: auto\">\n       <div style=\"font-size: .8em;margin-bottom: 10px\"><table width=\"100%\"><tr><td align=\"left\" style=\"font-size: .8em;\"><div>The following has special meaning:</div>\n<div><u class=\"amendmentInsertedText\">green underline denotes added text</u></div>\n<div><strike class=\"amendmentDeletedText\">red struck out text denotes deleted text</strike></div></td> <td align=\"right\"><a href=\"https://www.lexisnexis.com/statenet/\"><img alt=\"Powered by State Net\" src=\"https://custom.statenet.com/network/poweredby.gif\" /></a></td></tr></table></div><table id=\"text-identifier\"><tr><td class=\"key\">2025 TX S 1445</td> <td><table><tr><td class=\"label\">Author:</td> <td>Menendez</td></tr> <tr><td class=\"label\">Version:</td> <td>Introduced</td></tr> <tr><td class=\"label\">Version Date:</td> <td>02/19/2025</td></tr></table></td></tr></table><div class=\"documentBody\">\n  <a name=\"head_document_section\"></a><div class=\"head\">\n   <p class=\"left\">By: Men&eacute;ndez</p>\n   <p class=\"right\">S.B. No. 1445</p>\n  </div>\n  <a name=\"title_document_section\"></a><div class=\"title\">\n   <p class=\"center\">A BILL TO BE ENTITLED</p>\n   <p class=\"center\">AN ACT</p>\n   <p class=\"left\">relating to bullying and cyberbullying in public schools.</p>\n  </div>\n  <a name=\"text_document_section\"></a><div class=\"text\">\n   <span>\n    <p class=\"indent\">BE IT ENACTED BY THE LEGISLATURE OF THE STATE OF TEXAS:</p>\n   </span>\n   <p class=\"indent\">SECTION 1. Section 28.0022, Education Code, is amended by adding Subsections (h) and (i) to read as follows:</p>\n   <p class=\"indent\">\n    <u class=\"amendmentInsertedText\">(h) Nothing in this section may be construed as limiting a teacher, administrator, or other employee of a state agency, school district, or open-enrollment charter school from:</u>\n   </p>\n   <p class=\"indent\">\n    <u class=\"amendmentInsertedText\">(1) implementing a strategy to prevent or mediate specific instances or school-wide cultures of bullying or harassment that occur due to a victim&#39;s actual or perceived religion, disability status, race, ethnicity, color, national origin, sex, or association with a person or group with one or more of those actual or perceived characteristics, including a strategy implemented under a policy adopted under Section 37.0832; or</u>\n   </p>\n   <p class=\"indent\">\n    <u class=\"amendmentInsertedText\">(2) training teachers, administrators, or other employees in the implementation of a strategy described by Subdivision (1), including by providing staff development under Section 21.451.</u>\n   </p>\n   <p class=\"indent\">\n    <u class=\"amendmentInsertedText\">(i) In this section:</u>\n   </p>\n   <p class=\"indent\">\n    <u class=\"amendmentInsertedText\">(1) &quot;Bullying&quot; has the meaning assigned by Section 37.0832.</u>\n   </p>\n   <p class=\"indent\">\n    <u class=\"amendmentInsertedText\">(2) &quot;Harassment&quot; has the meaning assigned by Section 37.001.</u>\n   </p>\n   <p class=\"indent\">SECTION 2. Section 37.0832(a), Education Code, is amended by amending Subdivisions (1) and (2) and adding Subdivision (3) to read as follows:</p>\n   <p class=\"indent\">(1) &quot;Bullying&quot;:</p>\n   <p class=\"indent\">(A) means a single significant act or a pattern of acts by one or more students directed at another student that exploits an imbalance of power and involves engaging in written or verbal expression, expression through electronic means, or physical conduct that satisfies the applicability requirements provided by Subsection (a-1), and that:</p>\n   <p class=\"indent\">(i) has the effect or will have the effect of physically harming a student, damaging a student&#39;s property, or placing a student in reasonable fear of harm to the student&#39;s person or of damage to the student&#39;s property;</p>\n   <p class=\"indent\">(ii) is sufficiently severe, persistent, or pervasive enough that the action or threat creates an intimidating, threatening, or abusive educational environment for a student;</p>\n   <p class=\"indent\">(iii) materially and substantially disrupts the educational process or the orderly operation of a classroom or school; <strike class=\"amendmentDeletedText\">or</strike>\n   </p>\n   <p class=\"indent\">(iv) infringes on the rights of the victim at school; <u class=\"amendmentInsertedText\">or</u>\n   </p>\n   <p class=\"indent\">\n    <u class=\"amendmentInsertedText\">(v) targets a victim on the basis of the victim&#39;s actual or perceived religion, disability status, race, ethnicity, color, national origin, sex, or association with a person or group with one or more of those actual or perceived characteristics;</u> and</p>\n   <p class=\"indent\">(B) includes cyberbullying.</p>\n   <p class=\"indent\">(2) &quot;Cyberbullying&quot; means bullying that is done through the use of any electronic communication device, including through the use of a cellular or other type of telephone, a computer, a camera, electronic mail, instant messaging, text messaging, a social media application, an Internet website, <u class=\"amendmentInsertedText\">an application using artificial intelligence,</u> or any other Internet-based communication tool.</p>\n   <p class=\"indent\">\n    <u class=\"amendmentInsertedText\">(3) &quot;Harassment&quot; has the meaning assigned by Section 37.001.</u>\n   </p>\n   <p class=\"indent\">SECTION 3. Section 37.0832, Education Code, is amended by adding Subsections (b), (b-1), and (b-2) and amending Subsections (c), (c-1), (d), and (e).</p>\n   <p class=\"indent\">\n    <u class=\"amendmentInsertedText\">(b)</u>\n    <strike class=\"amendmentDeletedText\">(c)</strike> The board of trustees of each school district shall adopt a policy, including any necessary procedures, concerning bullying that:</p>\n   <p class=\"indent\">(1) prohibits the bullying of a student;</p>\n   <p class=\"indent\">(2) prevents and mediates bullying incidents between students that:</p>\n   <p class=\"indent\">(A) interfere with a student&#39;s educational opportunities; or</p>\n   <p class=\"indent\">(B) substantially disrupt the orderly operation of a classroom, school, or school-sponsored or school-related activity;</p>\n   <p class=\"indent\">(3) prohibits retaliation against any person, including a victim, a witness, or another person, who in good faith provides information concerning an incident of bullying;</p>\n   <p class=\"indent\">\n    <u class=\"amendmentInsertedText\">(4) requires a school district employee who, in the course and scope of employment, witnesses or receives information regarding an incident that the employee reasonably believes constitutes bullying by or against a student who at the time of the incident is enrolled in the district at which the employee is employed to report the information to a campus behavior coordinator or other appropriate district official;</u>\n   </p>\n   <p class=\"indent\">\n    <u class=\"amendmentInsertedText\">(5)</u>\n    <strike class=\"amendmentDeletedText\">(4)</strike> establishes a procedure for providing notice of an incident of bullying to:</p>\n   <p class=\"indent\">(A) a parent or guardian of the alleged victim on or before the third business day after the date the incident is reported; and</p>\n   <p class=\"indent\">(B) a parent or guardian of the <u class=\"amendmentInsertedText\">student</u> alleged <u class=\"amendmentInsertedText\">to have engaged in bullying</u>\n    <strike class=\"amendmentDeletedText\">bully</strike> within a reasonable amount of time after the incident;</p>\n   <p class=\"indent\">\n    <u class=\"amendmentInsertedText\">(6)</u>\n    <strike class=\"amendmentDeletedText\">(5)</strike> establishes the actions a student should take to obtain assistance and intervention in response to bullying;</p>\n   <p class=\"indent\">\n    <u class=\"amendmentInsertedText\">(7)</u>\n    <strike class=\"amendmentDeletedText\">(6)</strike> sets out the <u class=\"amendmentInsertedText\">supportive measures provided by the district under Subsection (b-1) and available to</u>\n    <strike class=\"amendmentDeletedText\">available counseling options for</strike> a student who is <u class=\"amendmentInsertedText\">impacted by bullying, including the alleged</u>\n    <strike class=\"amendmentDeletedText\">a</strike> victim of <u class=\"amendmentInsertedText\">bullying, a student who allegedly engaged in bullying,</u> or a witness to bullying <strike class=\"amendmentDeletedText\">or who engages in bullying</strike>;</p>\n   <p class=\"indent\">\n    <u class=\"amendmentInsertedText\">(8)</u>\n    <strike class=\"amendmentDeletedText\">(7)</strike> establishes procedures for reporting an incident of bullying, including procedures for a student to anonymously report an incident of bullying<u class=\"amendmentInsertedText\">;</u>\n   </p>\n   <p class=\"indent\">\n    <u class=\"amendmentInsertedText\">(9) establishes procedures for</u>\n    <strike class=\"amendmentDeletedText\">,</strike> investigating a reported incident of bullying, and determining whether the reported incident of bullying occurred<u class=\"amendmentInsertedText\">, which must include:</u>\n   </p>\n   <p class=\"indent\">\n    <u class=\"amendmentInsertedText\">(A) the provision of written notice of the investigation or a reported incident of bullying to the impacted students, including a victim of bullying and a student who allegedly engaged in bullying, and the parents or guardians of those students;</u>\n   </p>\n   <p class=\"indent\">\n    <u class=\"amendmentInsertedText\">(B) the provision of supportive measures under Subsection (b-1) to the impacted students throughout the investigation;</u>\n   </p>\n   <p class=\"indent\">\n    <u class=\"amendmentInsertedText\">(C) an opportunity for the impacted students to identify witnesses and provide information and evidence relating to the reported incident of bullying;</u>\n   </p>\n   <p class=\"indent\">\n    <u class=\"amendmentInsertedText\">(D) the issuance of an investigative report that includes a summary of evidence considered, the investigator&#39;s determination as to whether the reported incident occurred and, if so, the student or students responsible for the incident, and the rationale for those determinations;</u>\n   </p>\n   <p class=\"indent\">\n    <u class=\"amendmentInsertedText\">(E) an opportunity for each impacted student and that student&#39;s parent or guardian to review and comment on the investigative report required under Paragraph (D) before the report is finalized; and</u>\n   </p>\n   <p class=\"indent\">\n    <u class=\"amendmentInsertedText\">(F) an opportunity for each impacted student to appeal a determination of the investigator</u>;</p>\n   <p class=\"indent\">\n    <u class=\"amendmentInsertedText\">(10) requires investigations conducted under the procedures established under Subdivision (9) to be completed not later than the 10th business day after the district receives a report of bullying submitted under the procedures established under Subdivision (8), unless the time period is extended for good cause and a written notice of the extension and rationale is provided to impacted students and those students&#39; parents or guardians;</u>\n   </p>\n   <p class=\"indent\">\n    <u class=\"amendmentInsertedText\">(11)</u>\n    <strike class=\"amendmentDeletedText\">(8)</strike> prohibits the imposition of a disciplinary measure on a student who, after an investigation, is found to be a victim of bullying, on the basis of that student&#39;s use of reasonable self-defense in response to the bullying;</p>\n   <p class=\"indent\">\n    <u class=\"amendmentInsertedText\">(12)</u>\n    <strike class=\"amendmentDeletedText\">(9)</strike> requires that discipline for bullying of a student with disabilities comply with applicable requirements under federal law, including the Individuals with Disabilities Education Act (20 U.S.C. Section 1400 et seq.); and</p>\n   <p class=\"indent\">\n    <u class=\"amendmentInsertedText\">(13)</u>\n    <strike class=\"amendmentDeletedText\">(10)</strike> complies with the minimum standards adopted by the agency under Subsection <u class=\"amendmentInsertedText\">(c)</u>\n    <strike class=\"amendmentDeletedText\">(c-1)</strike>.</p>\n   <p class=\"indent\">\n    <u class=\"amendmentInsertedText\">(b-1) The board of trustees of each school district shall provide to a student impacted by bullying supportive measures that are not disciplinary or punitive and are individualized to the student. Measures provided under this subsection shall be designed to:</u>\n   </p>\n   <p class=\"indent\">\n    <u class=\"amendmentInsertedText\">(1) protect the safety of all students, teachers, and other school staff in the district; and</u>\n   </p>\n   <p class=\"indent\">\n    <u class=\"amendmentInsertedText\">(2) ensure a student impacted by bullying has continued access to the school&#39;s educational program, including the student&#39;s normal instructional lessons and extracurricular activities, and may include:</u>\n   </p>\n   <p class=\"indent\">\n    <u class=\"amendmentInsertedText\">(A) counseling;</u>\n   </p>\n   <p class=\"indent\">\n    <u class=\"amendmentInsertedText\">(B) the extension of a deadline for turning in coursework or other instruction-related adjustments;</u>\n   </p>\n   <p class=\"indent\">\n    <u class=\"amendmentInsertedText\">(C) modifications to a class schedule;</u>\n   </p>\n   <p class=\"indent\">\n    <u class=\"amendmentInsertedText\">(D) requiring an employee of the district to escort a student while the student is on a district campus;</u>\n   </p>\n   <p class=\"indent\">\n    <u class=\"amendmentInsertedText\">(E) a transfer under Section 25.0342;</u>\n   </p>\n   <p class=\"indent\">\n    <u class=\"amendmentInsertedText\">(F) mutual restrictions on contact between students impacted by an incident of bullying; and</u>\n   </p>\n   <p class=\"indent\">\n    <u class=\"amendmentInsertedText\">(G) other similar measures.</u>\n   </p>\n   <p class=\"indent\">\n    <u class=\"amendmentInsertedText\">(b-2) A school district must provide supportive measures under Subsection (b-1):</u>\n   </p>\n   <p class=\"indent\">\n    <u class=\"amendmentInsertedText\">(1) without fee or charge; and</u>\n   </p>\n   <p class=\"indent\">\n    <u class=\"amendmentInsertedText\">(2) regardless of whether the student elects to participate in an investigation conducted under the procedures established under Subsection (b)(9).</u>\n   </p>\n   <p class=\"indent\">\n    <u class=\"amendmentInsertedText\">(c)</u>\n    <strike class=\"amendmentDeletedText\">(c-1)</strike> The agency shall adopt minimum standards for a school district&#39;s policy under Subsection <u class=\"amendmentInsertedText\">(b)</u>\n    <strike class=\"amendmentDeletedText\">(c)</strike>. The standards must:</p>\n   <p class=\"indent\">(1) include an emphasis on bullying prevention by focusing on school climate<u class=\"amendmentInsertedText\">,</u>\n    <strike class=\"amendmentDeletedText\">and</strike> building healthy relationships between students and staff<u class=\"amendmentInsertedText\">, and engaging in dialogue to create a culture of understanding and respect</u>;</p>\n   <p class=\"indent\">(2) require each district campus to establish a committee to address bullying by focusing on prevention efforts and health and wellness initiatives;</p>\n   <p class=\"indent\">(3) require students at each grade level to meet periodically for instruction on building relationships and preventing bullying, including cyberbullying;</p>\n   <p class=\"indent\">(4) include an emphasis on increasing student reporting of bullying incidents to school employees by:</p>\n   <p class=\"indent\">(A) increasing awareness about district reporting procedures; and</p>\n   <p class=\"indent\">(B) providing for anonymous reporting of bullying incidents;</p>\n   <p class=\"indent\">(5) require districts to:</p>\n   <p class=\"indent\">(A) collect information annually through student surveys on bullying, including cyberbullying; and</p>\n   <p class=\"indent\">(B) use those survey results to develop action plans to address student concerns regarding bullying, including cyberbullying; and</p>\n   <p class=\"indent\">(6) require districts to develop a rubric or checklist to assess an incident of bullying and to determine the district&#39;s response to the incident.</p>\n   <p class=\"indent\">(d) The policy and any necessary procedures adopted under Subsection <u class=\"amendmentInsertedText\">(b)</u>\n    <strike class=\"amendmentDeletedText\">(c)</strike> must be included:</p>\n   <p class=\"indent\">(1) annually, in the student and employee school district handbooks; and</p>\n   <p class=\"indent\">(2) in the district improvement plan under Section 11.252.</p>\n   <p class=\"indent\">(e) The procedure for reporting bullying established under Subsection <u class=\"amendmentInsertedText\">(b)</u>\n    <strike class=\"amendmentDeletedText\">(c)</strike> must be posted on the district&#39;s Internet website to the extent practicable.</p>\n   <p class=\"indent\">SECTION 4. Section 48.009(b-4), Education Code, is amended to read as follows:</p>\n   <p class=\"indent\">(b-4) The commissioner by rule shall require each school district and open-enrollment charter school to annually report through the Public Education Information Management System the number of reported incidents of bullying that have occurred at each campus. The commissioner&#39;s rules shall require a district or school to specify the number of incidents of bullying that<u class=\"amendmentInsertedText\">:</u>\n   </p>\n   <p class=\"indent\">\n    <u class=\"amendmentInsertedText\">(1)</u> included cyberbullying<u class=\"amendmentInsertedText\">; or</u>\n   </p>\n   <p class=\"indent\">\n    <u class=\"amendmentInsertedText\">(2) targeted a victim based on the victim&#39;s actual or perceived religion, disability status, race, ethnicity, color, national origin, sex, or association with a person or group with one or more of those actual or perceived characteristics</u>.</p>\n   <p class=\"indent\">SECTION 5. Not later than 45 days after the effective date of this Act, the Texas Education Agency shall adopt or revise minimum standards as necessary to comply with Section 37.0832(c), Education Code, as amended by this Act.</p>\n   <p class=\"indent\">SECTION 6. This Act applies beginning with the 2025-2026 school year.</p>\n   <p class=\"indent\">SECTION 7. This Act takes effect immediately if it receives a vote of two-thirds of all the members elected to each house, as provided by Section 39, Article III, Texas Constitution. If this Act does not receive the vote necessary for immediate effect, this Act takes effect September 1, 2025.</p>\n  </div>\n </div>\n    </div>\t\n<table cellpadding=0 cellspacing=0 width=\"100%\">\n   <tr>\n      <td>\n          Copyright &copy; 2025 State Net\n      </td>\n<BR>\n<!--???MOVED INTO resources.cgi      <td align=\"right\">\n          <img src=\"https://custom.statenet.com/network/poweredby.gif\" alt=\"Powered by State Net\">\n      </td>-->\n\n    </tr>\n</table>\n</body></html>\n",
      "markdown": "The following has special meaning: _green underline denotes added text_ ~~red struck out text denotes deleted text~~ | [![Powered by State Net](https://custom.statenet.com/network/poweredby.gif)](https://www.lexisnexis.com/statenet/)  \n---|---  \n  \n2025 TX S 1445 | | Author: | Menendez  \n---|---  \nVersion: | Introduced  \nVersion Date: | 02/19/2025  \n  \nBy: Menendez\n\nS.B. No. 1445\n\nA BILL TO BE ENTITLED\n\nAN ACT\n\nrelating to bullying and cyberbullying in public schools.\n\nBE IT ENACTED BY THE LEGISLATURE OF THE STATE OF TEXAS:\n\nSECTION 1. Section 28.0022, Education Code, is amended by adding Subsections\n(h) and (i) to read as follows:\n\n_(h) Nothing in this section may be construed as limiting a teacher,\nadministrator, or other employee of a state agency, school district, or open-\nenrollment charter school from:_\n\n_(1) implementing a strategy to prevent or mediate specific instances or\nschool-wide cultures of bullying or harassment that occur due to a victim 's\nactual or perceived religion, disability status, race, ethnicity, color,\nnational origin, sex, or association with a person or group with one or more\nof those actual or perceived characteristics, including a strategy implemented\nunder a policy adopted under Section 37.0832; or_\n\n_(2) training teachers, administrators, or other employees in the\nimplementation of a strategy described by Subdivision (1), including by\nproviding staff development under Section 21.451._\n\n_(i) In this section:_\n\n_(1) \"Bullying\" has the meaning assigned by Section 37.0832._\n\n_(2) \"Harassment\" has the meaning assigned by Section 37.001._\n\nSECTION 2. Section 37.0832(a), Education Code, is amended by amending\nSubdivisions (1) and (2) and adding Subdivision (3) to read as follows:\n\n(1) \"Bullying\":\n\n(A) means a single significant act or a pattern of acts by one or more\nstudents directed at another student that exploits an imbalance of power and\ninvolves engaging in written or verbal expression, expression through\nelectronic means, or physical conduct that satisfies the applicability\nrequirements provided by Subsection (a-1), and that:\n\n(i) has the effect or will have the effect of physically harming a student,\ndamaging a student's property, or placing a student in reasonable fear of harm\nto the student's person or of damage to the student's property;\n\n(ii) is sufficiently severe, persistent, or pervasive enough that the action\nor threat creates an intimidating, threatening, or abusive educational\nenvironment for a student;\n\n(iii) materially and substantially disrupts the educational process or the\norderly operation of a classroom or school; ~~or~~\n\n(iv) infringes on the rights of the victim at school; _or_\n\n_(v) targets a victim on the basis of the victim 's actual or perceived\nreligion, disability status, race, ethnicity, color, national origin, sex, or\nassociation with a person or group with one or more of those actual or\nperceived characteristics;_ and\n\n(B) includes cyberbullying.\n\n(2) \"Cyberbullying\" means bullying that is done through the use of any\nelectronic communication device, including through the use of a cellular or\nother type of telephone, a computer, a camera, electronic mail, instant\nmessaging, text messaging, a social media application, an Internet website,\n_an application using artificial intelligence,_ or any other Internet-based\ncommunication tool.\n\n_(3) \"Harassment\" has the meaning assigned by Section 37.001._\n\nSECTION 3. Section 37.0832, Education Code, is amended by adding Subsections\n(b), (b-1), and (b-2) and amending Subsections (c), (c-1), (d), and (e).\n\n_(b)_ ~~(c)~~ The board of trustees of each school district shall adopt a\npolicy, including any necessary procedures, concerning bullying that:\n\n(1) prohibits the bullying of a student;\n\n(2) prevents and mediates bullying incidents between students that:\n\n(A) interfere with a student's educational opportunities; or\n\n(B) substantially disrupt the orderly operation of a classroom, school, or\nschool-sponsored or school-related activity;\n\n(3) prohibits retaliation against any person, including a victim, a witness,\nor another person, who in good faith provides information concerning an\nincident of bullying;\n\n_(4) requires a school district employee who, in the course and scope of\nemployment, witnesses or receives information regarding an incident that the\nemployee reasonably believes constitutes bullying by or against a student who\nat the time of the incident is enrolled in the district at which the employee\nis employed to report the information to a campus behavior coordinator or\nother appropriate district official;_\n\n_(5)_ ~~(4)~~ establishes a procedure for providing notice of an incident of\nbullying to:\n\n(A) a parent or guardian of the alleged victim on or before the third business\nday after the date the incident is reported; and\n\n(B) a parent or guardian of the _student_ alleged _to have engaged in\nbullying_ ~~bully~~ within a reasonable amount of time after the incident;\n\n_(6)_ ~~(5)~~ establishes the actions a student should take to obtain\nassistance and intervention in response to bullying;\n\n_(7)_ ~~(6)~~ sets out the _supportive measures provided by the district under\nSubsection (b-1) and available to_ ~~available counseling options for~~ a\nstudent who is _impacted by bullying, including the alleged_ ~~a~~ victim of\n_bullying, a student who allegedly engaged in bullying,_ or a witness to\nbullying ~~or who engages in bullying~~ ;\n\n_(8)_ ~~(7)~~ establishes procedures for reporting an incident of bullying,\nincluding procedures for a student to anonymously report an incident of\nbullying _;_\n\n_(9) establishes procedures for_ ~~,~~ investigating a reported incident of\nbullying, and determining whether the reported incident of bullying occurred\n_, which must include:_\n\n_(A) the provision of written notice of the investigation or a reported\nincident of bullying to the impacted students, including a victim of bullying\nand a student who allegedly engaged in bullying, and the parents or guardians\nof those students;_\n\n_(B) the provision of supportive measures under Subsection (b-1) to the\nimpacted students throughout the investigation;_\n\n_(C) an opportunity for the impacted students to identify witnesses and\nprovide information and evidence relating to the reported incident of\nbullying;_\n\n_(D) the issuance of an investigative report that includes a summary of\nevidence considered, the investigator 's determination as to whether the\nreported incident occurred and, if so, the student or students responsible for\nthe incident, and the rationale for those determinations;_\n\n_(E) an opportunity for each impacted student and that student 's parent or\nguardian to review and comment on the investigative report required under\nParagraph (D) before the report is finalized; and_\n\n_(F) an opportunity for each impacted student to appeal a determination of the\ninvestigator_ ;\n\n_(10) requires investigations conducted under the procedures established under\nSubdivision (9) to be completed not later than the 10th business day after the\ndistrict receives a report of bullying submitted under the procedures\nestablished under Subdivision (8), unless the time period is extended for good\ncause and a written notice of the extension and rationale is provided to\nimpacted students and those students ' parents or guardians;_\n\n_(11)_ ~~(8)~~ prohibits the imposition of a disciplinary measure on a student\nwho, after an investigation, is found to be a victim of bullying, on the basis\nof that student's use of reasonable self-defense in response to the bullying;\n\n_(12)_ ~~(9)~~ requires that discipline for bullying of a student with\ndisabilities comply with applicable requirements under federal law, including\nthe Individuals with Disabilities Education Act (20 U.S.C. Section 1400 et\nseq.); and\n\n_(13)_ ~~(10)~~ complies with the minimum standards adopted by the agency\nunder Subsection _(c)_ ~~(c-1)~~.\n\n_(b-1) The board of trustees of each school district shall provide to a\nstudent impacted by bullying supportive measures that are not disciplinary or\npunitive and are individualized to the student. Measures provided under this\nsubsection shall be designed to:_\n\n_(1) protect the safety of all students, teachers, and other school staff in\nthe district; and_\n\n_(2) ensure a student impacted by bullying has continued access to the school\n's educational program, including the student's normal instructional lessons\nand extracurricular activities, and may include:_\n\n_(A) counseling;_\n\n_(B) the extension of a deadline for turning in coursework or other\ninstruction-related adjustments;_\n\n_(C) modifications to a class schedule;_\n\n_(D) requiring an employee of the district to escort a student while the\nstudent is on a district campus;_\n\n_(E) a transfer under Section 25.0342;_\n\n_(F) mutual restrictions on contact between students impacted by an incident\nof bullying; and_\n\n_(G) other similar measures._\n\n_(b-2) A school district must provide supportive measures under Subsection\n(b-1):_\n\n_(1) without fee or charge; and_\n\n_(2) regardless of whether the student elects to participate in an\ninvestigation conducted under the procedures established under Subsection\n(b)(9)._\n\n_(c)_ ~~(c-1)~~ The agency shall adopt minimum standards for a school\ndistrict's policy under Subsection _(b)_ ~~(c)~~. The standards must:\n\n(1) include an emphasis on bullying prevention by focusing on school climate\n_,_ ~~and~~ building healthy relationships between students and staff _, and\nengaging in dialogue to create a culture of understanding and respect_ ;\n\n(2) require each district campus to establish a committee to address bullying\nby focusing on prevention efforts and health and wellness initiatives;\n\n(3) require students at each grade level to meet periodically for instruction\non building relationships and preventing bullying, including cyberbullying;\n\n(4) include an emphasis on increasing student reporting of bullying incidents\nto school employees by:\n\n(A) increasing awareness about district reporting procedures; and\n\n(B) providing for anonymous reporting of bullying incidents;\n\n(5) require districts to:\n\n(A) collect information annually through student surveys on bullying,\nincluding cyberbullying; and\n\n(B) use those survey results to develop action plans to address student\nconcerns regarding bullying, including cyberbullying; and\n\n(6) require districts to develop a rubric or checklist to assess an incident\nof bullying and to determine the district's response to the incident.\n\n(d) The policy and any necessary procedures adopted under Subsection _(b)_\n~~(c)~~ must be included:\n\n(1) annually, in the student and employee school district handbooks; and\n\n(2) in the district improvement plan under Section 11.252.\n\n(e) The procedure for reporting bullying established under Subsection _(b)_\n~~(c)~~ must be posted on the district's Internet website to the extent\npracticable.\n\nSECTION 4. Section 48.009(b-4), Education Code, is amended to read as follows:\n\n(b-4) The commissioner by rule shall require each school district and open-\nenrollment charter school to annually report through the Public Education\nInformation Management System the number of reported incidents of bullying\nthat have occurred at each campus. The commissioner's rules shall require a\ndistrict or school to specify the number of incidents of bullying that _:_\n\n_(1)_ included cyberbullying _; or_\n\n_(2) targeted a victim based on the victim 's actual or perceived religion,\ndisability status, race, ethnicity, color, national origin, sex, or\nassociation with a person or group with one or more of those actual or\nperceived characteristics_.\n\nSECTION 5. Not later than 45 days after the effective date of this Act, the\nTexas Education Agency shall adopt or revise minimum standards as necessary to\ncomply with Section 37.0832(c), Education Code, as amended by this Act.\n\nSECTION 6. This Act applies beginning with the 2025-2026 school year.\n\nSECTION 7. This Act takes effect immediately if it receives a vote of two-\nthirds of all the members elected to each house, as provided by Section 39,\nArticle III, Texas Constitution. If this Act does not receive the vote\nnecessary for immediate effect, this Act takes effect September 1, 2025.\n\nCopyright (C) 2025 State Net  \n  \n---\n\n",
      "latest_version": true
    }
  ]
}