{
  "bill_id": "TX2025000S2567",
  "source_url": "http://custom.statenet.com/public/resources.cgi?id=ID:bill:TX2025000S2567&cuiq=93d84396-c63b-526a-b152-38b7f79b4cfd&client_md=e4f6fea4-27b4-5d41-b7d3-766fe52569f0",
  "versions": [
    {
      "date": "03/13/2025",
      "label": "Introduced",
      "url": "https://custom.statenet.com/public/resources.cgi?mode=show_text&id=ID:bill:TX2025000S2567&verid=TX2025000S2567_20250313_0_I&",
      "raw_html": "<html>\n<head>\n<title>Bill Resource</title>\n\n<!--   <link href=\"https://custom.statenet.com/network/Common/css/extregtext.css\" rel=\"stylesheet\" type=\"text/css\" />-->\n   <link href=\"https://custom.statenet.com/network/Common/css/xmltext-2.0.css\" rel=\"stylesheet\" type=\"text/css\" />\n   <link href=\"https://custom.statenet.com/network/Common/css/additional-text.css\" rel=\"stylesheet\" type=\"text/css\" />\n\n\t<style type=\"text/css\">\n<!--\n\ntd, body {\n     background-color: white;\n\tfont-family: Verdana, Arial, Helvetica, sans-serif;\n\tfont-size: 12px;\n}\n\n.resourceContainer {\n   border: 1px solid black;\n}\n-->\n</style>\n</head>\n<body>\n\n    <div style=\"width: 750px; margin: auto\">\n       <div style=\"font-size: .8em;margin-bottom: 10px\"><table width=\"100%\"><tr><td align=\"left\" style=\"font-size: .8em;\"><div>The following has special meaning:</div>\n<div><u class=\"amendmentInsertedText\">green underline denotes added text</u></div>\n<div><strike class=\"amendmentDeletedText\">red struck out text denotes deleted text</strike></div></td> <td align=\"right\"><a href=\"https://www.lexisnexis.com/statenet/\"><img alt=\"Powered by State Net\" src=\"https://custom.statenet.com/network/poweredby.gif\" /></a></td></tr></table></div><table id=\"text-identifier\"><tr><td class=\"key\">2025 TX S 2567</td> <td><table><tr><td class=\"label\">Author:</td> <td>West</td></tr> <tr><td class=\"label\">Version:</td> <td>Introduced</td></tr> <tr><td class=\"label\">Version Date:</td> <td>03/13/2025</td></tr></table></td></tr></table><div class=\"documentBody\">\n  <a name=\"head_document_section\"></a><div class=\"head\">\n   <p class=\"left\">By: West</p>\n   <p class=\"right\">S.B. No. 2567</p>\n  </div>\n  <a name=\"title_document_section\"></a><div class=\"title\">\n   <p class=\"center\">A BILL TO BE ENTITLED</p>\n   <p class=\"center\">AN ACT</p>\n   <p class=\"left\">relating to the deceptive trade practice of failure to disclose information regarding the use of artificial intelligence system or algorithmic pricing systems for setting of price.</p>\n  </div>\n  <a name=\"text_document_section\"></a><div class=\"text\">\n   <span>\n    <p class=\"indent\">BE IT ENACTED BY THE LEGISLATURE OF THE STATE OF TEXAS:</p>\n   </span>\n   <p class=\"indent\">Section 1. Section. 17.45., Business &amp; Commerce Code,is amended by adding Subdivision (18) and (19) to read as follows:</p>\n   <p class=\"indent\">\n    <u class=\"amendmentInsertedText\">(18) &quot;Artificial intelligence system&quot; means the use of machine learning and related technologies that use data to train statistical models for the purpose of enabling computer systems to perform tasks normally associated with human intelligence or perception, such as computer vision, speech or natural language processing, and content generation.</u>\n   </p>\n   <p class=\"indent\">\n    <u class=\"amendmentInsertedText\">(19) &quot;Algorithmic pricing systems&quot; means any condition in which an artificial intelligence system when deployed generates recommendations on pricing.</u>\n   </p>\n   <p class=\"indent\">SECTION 2. Section 17.46(b), Business &amp; Commerce Code, is amended to read as follows:</p>\n   <p class=\"indent\">(b) Except as provided in Subsection (d) of this section, the term &quot;false, misleading, or deceptive acts or practices&quot; includes, but is not limited to, the following acts:</p>\n   <p class=\"indent\">(1) passing off goods or services as those of another;</p>\n   <p class=\"indent\">(2) causing confusion or misunderstanding as to the source, sponsorship, approval, or certification of goods or services;</p>\n   <p class=\"indent\">(3) causing confusion or misunderstanding as to affiliation, connection, or association with, or certification by, another;</p>\n   <p class=\"indent\">(4) using deceptive representations or designations of geographic origin in connection with goods or services;</p>\n   <p class=\"indent\">(5) representing that goods or services have sponsorship, approval, characteristics, ingredients, uses, benefits, or quantities which they do not have or that a person has a sponsorship, approval, status, affiliation, or connection which the person does not;</p>\n   <p class=\"indent\">(6) representing that goods are original or new if they are deteriorated, reconditioned, reclaimed, used, or secondhand;</p>\n   <p class=\"indent\">(7) representing that goods or services are of a particular standard, quality, or grade, or that goods are of a particular style or model, if they are of another;</p>\n   <p class=\"indent\">(8) disparaging the goods, services, or business of another by false or misleading representation of facts;</p>\n   <p class=\"indent\">(9) advertising goods or services with intent not to sell them as advertised;</p>\n   <p class=\"indent\">(10) advertising goods or services with intent not to supply a reasonable expectable public demand, unless the advertisements disclosed a limitation of quantity;</p>\n   <p class=\"indent\">(11) making false or misleading statements of fact concerning the reasons for, existence of, or amount of price reductions;</p>\n   <p class=\"indent\">(12) representing that an agreement confers or involves rights, remedies, or obligations which it does not have or involve, or which are prohibited by law;</p>\n   <p class=\"indent\">(13) knowingly making false or misleading statements of fact concerning the need for parts, replacement, or repair service;</p>\n   <p class=\"indent\">(14) misrepresenting the authority of a salesman, representative or agent to negotiate the final terms of a consumer transaction;</p>\n   <p class=\"indent\">(15) basing a charge for the repair of any item in whole or in part on a guaranty or warranty instead of on the value of the actual repairs made or work to be performed on the item without stating separately the charges for the work and the charge for the warranty or guaranty, if any;</p>\n   <p class=\"indent\">(16) disconnecting, turning back, or resetting the odometer of any motor vehicle so as to reduce the number of miles indicated on the odometer gauge;</p>\n   <p class=\"indent\">(17) advertising of any sale by fraudulently representing that a person is going out of business;</p>\n   <p class=\"indent\">(18) advertising, selling, or distributing a card which purports to be a prescription drug identification card issued under Section 4151.152, Insurance Code, in accordance with rules adopted by the commissioner of insurance, which offers a discount on the purchase of health care goods or services from a third party provider, and which is not evidence of insurance coverage, unless:</p>\n   <p class=\"indent\">(A) the discount is authorized under an agreement between the seller of the card and the provider of those goods and services or the discount or card is offered to members of the seller;</p>\n   <p class=\"indent\">(B) the seller does not represent that the card provides insurance coverage of any kind; and</p>\n   <p class=\"indent\">(C) the discount is not false, misleading, or deceptive;</p>\n   <p class=\"indent\">(19) using or employing a chain referral sales plan in connection with the sale or offer to sell of goods, merchandise, or anything of value, which uses the sales technique, plan, arrangement, or agreement in which the buyer or prospective buyer is offered the opportunity to purchase merchandise or goods and in connection with the purchase receives the seller&#39;s promise or representation that the buyer shall have the right to receive compensation or consideration in any form for furnishing to the seller the names of other prospective buyers if receipt of the compensation or consideration is contingent upon the occurrence of an event subsequent to the time the buyer purchases the merchandise or goods;</p>\n   <p class=\"indent\">(20) representing that a guaranty or warranty confers or involves rights or remedies which it does not have or involve, provided, however, that nothing in this subchapter shall be construed to expand the implied warranty of merchantability as defined in Sections 2.314 through 2.318 and Sections 2A.212 through 2A.216 to involve obligations in excess of those which are appropriate to the goods;</p>\n   <p class=\"indent\">(21) promoting a pyramid promotional scheme, as defined by Section 17.461;</p>\n   <p class=\"indent\">(22) representing that work or services have been performed on, or parts replaced in, goods when the work or services were not performed or the parts replaced;</p>\n   <p class=\"indent\">(23) filing suit founded upon a written contractual obligation of and signed by the defendant to pay money arising out of or based on a consumer transaction for goods, services, loans, or extensions of credit intended primarily for personal, family, household, or agricultural use in any county other than in the county in which the defendant resides at the time of the commencement of the action or in the county in which the defendant in fact signed the contract; provided, however, that a violation of this subsection shall not occur where it is shown by the person filing such suit that the person neither knew or had reason to know that the county in which such suit was filed was neither the county in which the defendant resides at the commencement of the suit nor the county in which the defendant in fact signed the contract;</p>\n   <p class=\"indent\">(24) failing to disclose information concerning goods or services which was known at the time of the transaction if such failure to disclose such information was intended to induce the consumer into a transaction into which the consumer would not have entered had the information been disclosed;</p>\n   <p class=\"indent\">(25) using the term &quot;corporation,&quot; &quot;incorporated,&quot; or an abbreviation of either of those terms in the name of a business entity that is not incorporated under the laws of this state or another jurisdiction;</p>\n   <p class=\"indent\">(26) selling, offering to sell, or illegally promoting an annuity contract under Chapter 22, Acts of the 57th Legislature, 3rd Called Session, 1962 (Article 6228a-5, Vernon&#39;s Texas Civil Statutes), with the intent that the annuity contract will be the subject of a salary reduction agreement, as defined by that Act, if the annuity contract is not an eligible qualified investment under that Act;</p>\n   <p class=\"indent\">(27) subject to Section 17.4625, taking advantage of a disaster declared by the governor under Chapter 418, Government Code, or by the president of the United States by:</p>\n   <p class=\"indent\">(A) selling or leasing fuel, food, medicine, lodging, building materials, construction tools, or another necessity at an exorbitant or excessive price; or</p>\n   <p class=\"indent\">(B) demanding an exorbitant or excessive price in connection with the sale or lease of fuel, food, medicine, lodging, building materials, construction tools, or another necessity;</p>\n   <p class=\"indent\">(28) using the translation into a foreign language of a title or other word, including &quot;attorney,&quot; &quot;immigration consultant,&quot; &quot;immigration expert,&quot; &quot;lawyer,&quot; &quot;licensed,&quot; &quot;notary,&quot; and &quot;notary public,&quot; in any written or electronic material, including an advertisement, a business card, a letterhead, stationery, a website, or an online video, in reference to a person who is not an attorney in order to imply that the person is authorized to practice law in the United States;</p>\n   <p class=\"indent\">(29) delivering or distributing a solicitation in connection with a good or service that:</p>\n   <p class=\"indent\">(A) represents that the solicitation is sent on behalf of a governmental entity when it is not; or</p>\n   <p class=\"indent\">(B) resembles a governmental notice or form that represents or implies that a criminal penalty may be imposed if the recipient does not remit payment for the good or service;</p>\n   <p class=\"indent\">(30) delivering or distributing a solicitation in connection with a good or service that resembles a check or other negotiable instrument or invoice, unless the portion of the solicitation that resembles a check or other negotiable instrument or invoice includes the following notice, clearly and conspicuously printed in at least 18-point type:</p>\n   <p class=\"indent\">&quot;SPECIMEN-NON-NEGOTIABLE&quot;;</p>\n   <p class=\"indent\">(31) in the production, sale, distribution, or promotion of a synthetic substance that produces and is intended to produce an effect when consumed or ingested similar to, or in excess of, the effect of a controlled substance or controlled substance analogue, as those terms are defined by Section 481.002, Health and Safety Code:</p>\n   <p class=\"indent\">(A) making a deceptive representation or designation about the synthetic substance; or</p>\n   <p class=\"indent\">(B) causing confusion or misunderstanding as to the effects the synthetic substance causes when consumed or ingested;</p>\n   <p class=\"indent\">(32) a licensed public insurance adjuster directly or indirectly soliciting employment, as defined by Section 38.01, Penal Code, for an attorney, or a licensed public insurance adjuster entering into a contract with an insured for the primary purpose of referring the insured to an attorney without the intent to actually perform the services customarily provided by a licensed public insurance adjuster, provided that this subdivision may not be construed to prohibit a licensed public insurance adjuster from recommending a particular attorney to an insured;</p>\n   <p class=\"indent\">(33) owning, operating, maintaining, or advertising a massage establishment, as defined by Section 455.001, Occupations Code, that:</p>\n   <p class=\"indent\">(A) is not appropriately licensed under Chapter 455, Occupations Code, or is not in compliance with the applicable licensing and other requirements of that chapter; or</p>\n   <p class=\"indent\">(B) is not in compliance with an applicable local ordinance relating to the licensing or regulation of massage establishments; <strike class=\"amendmentDeletedText\">or</strike>\n   </p>\n   <p class=\"indent\">(34) a warrantor of a vehicle protection product warranty using, in connection with the product, a name that includes &quot;casualty,&quot; &quot;surety,&quot; &quot;insurance,&quot; &quot;mutual,&quot; or any other word descriptive of an insurance business, including property or casualty insurance, or a surety business<u class=\"amendmentInsertedText\">; or</u>\n   </p>\n   <p class=\"indent\">\n    <u class=\"amendmentInsertedText\">(35) failure to disclose information regarding use of artificial intelligence system, or algorithmic pricing systems for setting of price</u>.</p>\n   <p class=\"indent\">SECTION 3. The change in law made by this Act applies only to an act or practice that occurs on or after the effective date of this Act. An act or practice that occurs before the effective date of this Act is governed by the law in effect on the date the act or practice occurred, and the former law is continued in effect for that purpose.</p>\n   <p class=\"indent\">SECTION 4. This Act takes effect September 1, 2025.</p>\n  </div>\n </div>\n    </div>\t\n<table cellpadding=0 cellspacing=0 width=\"100%\">\n   <tr>\n      <td>\n          Copyright &copy; 2025 State Net\n      </td>\n<BR>\n<!--???MOVED INTO resources.cgi      <td align=\"right\">\n          <img src=\"https://custom.statenet.com/network/poweredby.gif\" alt=\"Powered by State Net\">\n      </td>-->\n\n    </tr>\n</table>\n</body></html>\n",
      "markdown": "The following has special meaning: _green underline denotes added text_ ~~red struck out text denotes deleted text~~ | [![Powered by State Net](https://custom.statenet.com/network/poweredby.gif)](https://www.lexisnexis.com/statenet/)  \n---|---  \n  \n2025 TX S 2567 | | Author: | West  \n---|---  \nVersion: | Introduced  \nVersion Date: | 03/13/2025  \n  \nBy: West\n\nS.B. No. 2567\n\nA BILL TO BE ENTITLED\n\nAN ACT\n\nrelating to the deceptive trade practice of failure to disclose information\nregarding the use of artificial intelligence system or algorithmic pricing\nsystems for setting of price.\n\nBE IT ENACTED BY THE LEGISLATURE OF THE STATE OF TEXAS:\n\nSection 1. Section. 17.45., Business & Commerce Code,is amended by adding\nSubdivision (18) and (19) to read as follows:\n\n_(18) \"Artificial intelligence system\" means the use of machine learning and\nrelated technologies that use data to train statistical models for the purpose\nof enabling computer systems to perform tasks normally associated with human\nintelligence or perception, such as computer vision, speech or natural\nlanguage processing, and content generation._\n\n_(19) \"Algorithmic pricing systems\" means any condition in which an artificial\nintelligence system when deployed generates recommendations on pricing._\n\nSECTION 2. Section 17.46(b), Business & Commerce Code, is amended to read as\nfollows:\n\n(b) Except as provided in Subsection (d) of this section, the term \"false,\nmisleading, or deceptive acts or practices\" includes, but is not limited to,\nthe following acts:\n\n(1) passing off goods or services as those of another;\n\n(2) causing confusion or misunderstanding as to the source, sponsorship,\napproval, or certification of goods or services;\n\n(3) causing confusion or misunderstanding as to affiliation, connection, or\nassociation with, or certification by, another;\n\n(4) using deceptive representations or designations of geographic origin in\nconnection with goods or services;\n\n(5) representing that goods or services have sponsorship, approval,\ncharacteristics, ingredients, uses, benefits, or quantities which they do not\nhave or that a person has a sponsorship, approval, status, affiliation, or\nconnection which the person does not;\n\n(6) representing that goods are original or new if they are deteriorated,\nreconditioned, reclaimed, used, or secondhand;\n\n(7) representing that goods or services are of a particular standard, quality,\nor grade, or that goods are of a particular style or model, if they are of\nanother;\n\n(8) disparaging the goods, services, or business of another by false or\nmisleading representation of facts;\n\n(9) advertising goods or services with intent not to sell them as advertised;\n\n(10) advertising goods or services with intent not to supply a reasonable\nexpectable public demand, unless the advertisements disclosed a limitation of\nquantity;\n\n(11) making false or misleading statements of fact concerning the reasons for,\nexistence of, or amount of price reductions;\n\n(12) representing that an agreement confers or involves rights, remedies, or\nobligations which it does not have or involve, or which are prohibited by law;\n\n(13) knowingly making false or misleading statements of fact concerning the\nneed for parts, replacement, or repair service;\n\n(14) misrepresenting the authority of a salesman, representative or agent to\nnegotiate the final terms of a consumer transaction;\n\n(15) basing a charge for the repair of any item in whole or in part on a\nguaranty or warranty instead of on the value of the actual repairs made or\nwork to be performed on the item without stating separately the charges for\nthe work and the charge for the warranty or guaranty, if any;\n\n(16) disconnecting, turning back, or resetting the odometer of any motor\nvehicle so as to reduce the number of miles indicated on the odometer gauge;\n\n(17) advertising of any sale by fraudulently representing that a person is\ngoing out of business;\n\n(18) advertising, selling, or distributing a card which purports to be a\nprescription drug identification card issued under Section 4151.152, Insurance\nCode, in accordance with rules adopted by the commissioner of insurance, which\noffers a discount on the purchase of health care goods or services from a\nthird party provider, and which is not evidence of insurance coverage, unless:\n\n(A) the discount is authorized under an agreement between the seller of the\ncard and the provider of those goods and services or the discount or card is\noffered to members of the seller;\n\n(B) the seller does not represent that the card provides insurance coverage of\nany kind; and\n\n(C) the discount is not false, misleading, or deceptive;\n\n(19) using or employing a chain referral sales plan in connection with the\nsale or offer to sell of goods, merchandise, or anything of value, which uses\nthe sales technique, plan, arrangement, or agreement in which the buyer or\nprospective buyer is offered the opportunity to purchase merchandise or goods\nand in connection with the purchase receives the seller's promise or\nrepresentation that the buyer shall have the right to receive compensation or\nconsideration in any form for furnishing to the seller the names of other\nprospective buyers if receipt of the compensation or consideration is\ncontingent upon the occurrence of an event subsequent to the time the buyer\npurchases the merchandise or goods;\n\n(20) representing that a guaranty or warranty confers or involves rights or\nremedies which it does not have or involve, provided, however, that nothing in\nthis subchapter shall be construed to expand the implied warranty of\nmerchantability as defined in Sections 2.314 through 2.318 and Sections 2A.212\nthrough 2A.216 to involve obligations in excess of those which are appropriate\nto the goods;\n\n(21) promoting a pyramid promotional scheme, as defined by Section 17.461;\n\n(22) representing that work or services have been performed on, or parts\nreplaced in, goods when the work or services were not performed or the parts\nreplaced;\n\n(23) filing suit founded upon a written contractual obligation of and signed\nby the defendant to pay money arising out of or based on a consumer\ntransaction for goods, services, loans, or extensions of credit intended\nprimarily for personal, family, household, or agricultural use in any county\nother than in the county in which the defendant resides at the time of the\ncommencement of the action or in the county in which the defendant in fact\nsigned the contract; provided, however, that a violation of this subsection\nshall not occur where it is shown by the person filing such suit that the\nperson neither knew or had reason to know that the county in which such suit\nwas filed was neither the county in which the defendant resides at the\ncommencement of the suit nor the county in which the defendant in fact signed\nthe contract;\n\n(24) failing to disclose information concerning goods or services which was\nknown at the time of the transaction if such failure to disclose such\ninformation was intended to induce the consumer into a transaction into which\nthe consumer would not have entered had the information been disclosed;\n\n(25) using the term \"corporation,\" \"incorporated,\" or an abbreviation of\neither of those terms in the name of a business entity that is not\nincorporated under the laws of this state or another jurisdiction;\n\n(26) selling, offering to sell, or illegally promoting an annuity contract\nunder Chapter 22, Acts of the 57th Legislature, 3rd Called Session, 1962\n(Article 6228a-5, Vernon's Texas Civil Statutes), with the intent that the\nannuity contract will be the subject of a salary reduction agreement, as\ndefined by that Act, if the annuity contract is not an eligible qualified\ninvestment under that Act;\n\n(27) subject to Section 17.4625, taking advantage of a disaster declared by\nthe governor under Chapter 418, Government Code, or by the president of the\nUnited States by:\n\n(A) selling or leasing fuel, food, medicine, lodging, building materials,\nconstruction tools, or another necessity at an exorbitant or excessive price;\nor\n\n(B) demanding an exorbitant or excessive price in connection with the sale or\nlease of fuel, food, medicine, lodging, building materials, construction\ntools, or another necessity;\n\n(28) using the translation into a foreign language of a title or other word,\nincluding \"attorney,\" \"immigration consultant,\" \"immigration expert,\"\n\"lawyer,\" \"licensed,\" \"notary,\" and \"notary public,\" in any written or\nelectronic material, including an advertisement, a business card, a\nletterhead, stationery, a website, or an online video, in reference to a\nperson who is not an attorney in order to imply that the person is authorized\nto practice law in the United States;\n\n(29) delivering or distributing a solicitation in connection with a good or\nservice that:\n\n(A) represents that the solicitation is sent on behalf of a governmental\nentity when it is not; or\n\n(B) resembles a governmental notice or form that represents or implies that a\ncriminal penalty may be imposed if the recipient does not remit payment for\nthe good or service;\n\n(30) delivering or distributing a solicitation in connection with a good or\nservice that resembles a check or other negotiable instrument or invoice,\nunless the portion of the solicitation that resembles a check or other\nnegotiable instrument or invoice includes the following notice, clearly and\nconspicuously printed in at least 18-point type:\n\n\"SPECIMEN-NON-NEGOTIABLE\";\n\n(31) in the production, sale, distribution, or promotion of a synthetic\nsubstance that produces and is intended to produce an effect when consumed or\ningested similar to, or in excess of, the effect of a controlled substance or\ncontrolled substance analogue, as those terms are defined by Section 481.002,\nHealth and Safety Code:\n\n(A) making a deceptive representation or designation about the synthetic\nsubstance; or\n\n(B) causing confusion or misunderstanding as to the effects the synthetic\nsubstance causes when consumed or ingested;\n\n(32) a licensed public insurance adjuster directly or indirectly soliciting\nemployment, as defined by Section 38.01, Penal Code, for an attorney, or a\nlicensed public insurance adjuster entering into a contract with an insured\nfor the primary purpose of referring the insured to an attorney without the\nintent to actually perform the services customarily provided by a licensed\npublic insurance adjuster, provided that this subdivision may not be construed\nto prohibit a licensed public insurance adjuster from recommending a\nparticular attorney to an insured;\n\n(33) owning, operating, maintaining, or advertising a massage establishment,\nas defined by Section 455.001, Occupations Code, that:\n\n(A) is not appropriately licensed under Chapter 455, Occupations Code, or is\nnot in compliance with the applicable licensing and other requirements of that\nchapter; or\n\n(B) is not in compliance with an applicable local ordinance relating to the\nlicensing or regulation of massage establishments; ~~or~~\n\n(34) a warrantor of a vehicle protection product warranty using, in connection\nwith the product, a name that includes \"casualty,\" \"surety,\" \"insurance,\"\n\"mutual,\" or any other word descriptive of an insurance business, including\nproperty or casualty insurance, or a surety business _; or_\n\n_(35) failure to disclose information regarding use of artificial intelligence\nsystem, or algorithmic pricing systems for setting of price_.\n\nSECTION 3. The change in law made by this Act applies only to an act or\npractice that occurs on or after the effective date of this Act. An act or\npractice that occurs before the effective date of this Act is governed by the\nlaw in effect on the date the act or practice occurred, and the former law is\ncontinued in effect for that purpose.\n\nSECTION 4. This Act takes effect September 1, 2025.\n\nCopyright (C) 2025 State Net  \n  \n---\n\n",
      "latest_version": true
    }
  ]
}