{
  "bill_id": "TX2025000HR307",
  "source_url": "http://custom.statenet.com/public/resources.cgi?id=ID:bill:TX2025000HR307&cuiq=93d84396-c63b-526a-b152-38b7f79b4cfd&client_md=e4f6fea4-27b4-5d41-b7d3-766fe52569f0",
  "versions": [
    {
      "date": "02/19/2025",
      "label": "Introduced",
      "url": "https://custom.statenet.com/public/resources.cgi?mode=show_text&id=ID:bill:TX2025000HR307&verid=TX2025000HR307_20250219_0_I&",
      "raw_html": "<html>\n<head>\n<title>Bill Resource</title>\n\n<!--   <link href=\"https://custom.statenet.com/network/Common/css/extregtext.css\" rel=\"stylesheet\" type=\"text/css\" />-->\n   <link href=\"https://custom.statenet.com/network/Common/css/xmltext-2.0.css\" rel=\"stylesheet\" type=\"text/css\" />\n   <link href=\"https://custom.statenet.com/network/Common/css/additional-text.css\" rel=\"stylesheet\" type=\"text/css\" />\n\n\t<style type=\"text/css\">\n<!--\n\ntd, body {\n     background-color: white;\n\tfont-family: Verdana, Arial, Helvetica, sans-serif;\n\tfont-size: 12px;\n}\n\n.resourceContainer {\n   border: 1px solid black;\n}\n-->\n</style>\n</head>\n<body>\n\n    <div style=\"width: 750px; margin: auto\">\n       <div style=\"font-size: .8em;margin-bottom: 10px\"><table width=\"100%\"><tr><td align=\"left\" style=\"font-size: .8em;\"><div>The following has special meaning:</div>\n<div><u class=\"amendmentInsertedText\">green underline denotes added text</u></div>\n<div><strike class=\"amendmentDeletedText\">red struck out text denotes deleted text</strike></div></td> <td align=\"right\"><a href=\"https://www.lexisnexis.com/statenet/\"><img alt=\"Powered by State Net\" src=\"https://custom.statenet.com/network/poweredby.gif\" /></a></td></tr></table></div><table id=\"text-identifier\"><tr><td class=\"key\">2025 TX HR 307</td> <td><table><tr><td class=\"label\">Author:</td> <td>Oliverson</td></tr> <tr><td class=\"label\">Version:</td> <td>Introduced</td></tr> <tr><td class=\"label\">Version Date:</td> <td>02/19/2025</td></tr></table></td></tr></table><div class=\"documentBody\">\n  <a name=\"head_document_section\"></a><div class=\"head\">\n   <p class=\"left\">By: Oliverson</p>\n   <p class=\"right\">H.R. No. 307</p>\n  </div>\n  <a name=\"title_document_section\"></a><div class=\"title\">\n   <p class=\"center\">RESOLUTION</p>\n  </div>\n  <a name=\"text_document_section\"></a><div class=\"text\">\n   <p class=\"indent\">WHEREAS, Dr. Debra Patt has received the Physician Advocacy Champion Award from the U.S. Oncology Network; and</p>\n   <p class=\"indent\">WHEREAS, Dr. Patt is a medical oncologist and breast cancer specialist at Texas Oncology, where she also serves as the executive vice president of policy and strategic initiatives; in her clinical practice, she conducts breast cancer research, and she also has created a variety of innovative health care informatics tools, including a mechanism that allows patients to communicate real-time symptoms to their care team; and</p>\n   <p class=\"indent\">WHEREAS, The president of the Community Oncology Alliance, Dr. Patt has played an instrumental role in raising awareness about such critical issues as prior authorization hurdles as well as the need for pharmacy benefit manager reform and sustainable reimbursement models; she has utilized her vast clinical expertise to bridge the gap between medicine and policy, having testified before the United States Congress on a number of occasions; in addition, she has chaired both the council on legislation and the cancer committee for the Texas Medical Association; and</p>\n   <p class=\"indent\">WHEREAS, Dr. Patt further acts as a leader in her professional community through her service on the board of directors and the artificial intelligence task force of the American Society of Clinical Oncology; she has also served as the inaugural editor-in-chief of <i>JCO Clinical Cancer Informatics</i>, and she has mentored many young physicians; she has received numerous accolades in recognition of her contributions, including the ASCO Conquer Cancer Young Investigator Award and Fellow of the Year in research from The University of Texas MD Anderson Cancer Center; she was also recognized as one of Austin&#39;s Top Doctors in oncology and hematology by <i>Austin Monthly </i>in 2021; and</p>\n   <p class=\"indent\">WHEREAS, Dr. Patt holds a bachelor&#39;s degree in zoology from The University of Texas at Austin as well as master&#39;s degrees in public health from The University of Texas Health Science Center at Houston and business administration from UT Austin; she earned her medical degree at Baylor College of Medicine, where she went on to complete her residency in internal medicine and pediatrics; she undertook a fellowship in hematology and medical oncology at the UT MD Anderson Cancer Center, and she also received a doctorate in health economics and health services research from the UTHealth Houston School of Public Health; moreover, she gained additional experience through the Cancer Prevention Fellowship Program at the National Cancer Institute; and</p>\n   <p class=\"indent\">WHEREAS, Over the course of her career, Dr. Patt has tirelessly advocated for the improvement of patient care while conducting research vital to the advancement of the medical field, and it is indeed fitting to honor her for her service to the people of Texas; now, therefore, be it</p>\n   <p class=\"indent\">RESOLVED, That the House of Representatives of the 89th Texas Legislature hereby congratulate Dr. Debra Patt on receiving the Physician Advocacy Champion Award from the U.S. Oncology Network and extend to her sincere best wishes for continued success with her important work; and, be it further</p>\n   <p class=\"indent\">RESOLVED, That a copy of this resolution be prepared for Dr. Patt as an expression of high regard by the Texas House of Representatives.</p>\n  </div>\n </div>\n    </div>\t\n<table cellpadding=0 cellspacing=0 width=\"100%\">\n   <tr>\n      <td>\n          Copyright &copy; 2025 State Net\n      </td>\n<BR>\n<!--???MOVED INTO resources.cgi      <td align=\"right\">\n          <img src=\"https://custom.statenet.com/network/poweredby.gif\" alt=\"Powered by State Net\">\n      </td>-->\n\n    </tr>\n</table>\n</body></html>\n",
      "markdown": "The following has special meaning: _green underline denotes added text_ ~~red struck out text denotes deleted text~~ | [![Powered by State Net](https://custom.statenet.com/network/poweredby.gif)](https://www.lexisnexis.com/statenet/)  \n---|---  \n  \n2025 TX HR 307 | | Author: | Oliverson  \n---|---  \nVersion: | Introduced  \nVersion Date: | 02/19/2025  \n  \nBy: Oliverson\n\nH.R. No. 307\n\nRESOLUTION\n\nWHEREAS, Dr. Debra Patt has received the Physician Advocacy Champion Award\nfrom the U.S. Oncology Network; and\n\nWHEREAS, Dr. Patt is a medical oncologist and breast cancer specialist at\nTexas Oncology, where she also serves as the executive vice president of\npolicy and strategic initiatives; in her clinical practice, she conducts\nbreast cancer research, and she also has created a variety of innovative\nhealth care informatics tools, including a mechanism that allows patients to\ncommunicate real-time symptoms to their care team; and\n\nWHEREAS, The president of the Community Oncology Alliance, Dr. Patt has played\nan instrumental role in raising awareness about such critical issues as prior\nauthorization hurdles as well as the need for pharmacy benefit manager reform\nand sustainable reimbursement models; she has utilized her vast clinical\nexpertise to bridge the gap between medicine and policy, having testified\nbefore the United States Congress on a number of occasions; in addition, she\nhas chaired both the council on legislation and the cancer committee for the\nTexas Medical Association; and\n\nWHEREAS, Dr. Patt further acts as a leader in her professional community\nthrough her service on the board of directors and the artificial intelligence\ntask force of the American Society of Clinical Oncology; she has also served\nas the inaugural editor-in-chief of _JCO Clinical Cancer Informatics_ , and\nshe has mentored many young physicians; she has received numerous accolades in\nrecognition of her contributions, including the ASCO Conquer Cancer Young\nInvestigator Award and Fellow of the Year in research from The University of\nTexas MD Anderson Cancer Center; she was also recognized as one of Austin's\nTop Doctors in oncology and hematology by _Austin Monthly_ in 2021; and\n\nWHEREAS, Dr. Patt holds a bachelor's degree in zoology from The University of\nTexas at Austin as well as master's degrees in public health from The\nUniversity of Texas Health Science Center at Houston and business\nadministration from UT Austin; she earned her medical degree at Baylor College\nof Medicine, where she went on to complete her residency in internal medicine\nand pediatrics; she undertook a fellowship in hematology and medical oncology\nat the UT MD Anderson Cancer Center, and she also received a doctorate in\nhealth economics and health services research from the UTHealth Houston School\nof Public Health; moreover, she gained additional experience through the\nCancer Prevention Fellowship Program at the National Cancer Institute; and\n\nWHEREAS, Over the course of her career, Dr. Patt has tirelessly advocated for\nthe improvement of patient care while conducting research vital to the\nadvancement of the medical field, and it is indeed fitting to honor her for\nher service to the people of Texas; now, therefore, be it\n\nRESOLVED, That the House of Representatives of the 89th Texas Legislature\nhereby congratulate Dr. Debra Patt on receiving the Physician Advocacy\nChampion Award from the U.S. Oncology Network and extend to her sincere best\nwishes for continued success with her important work; and, be it further\n\nRESOLVED, That a copy of this resolution be prepared for Dr. Patt as an\nexpression of high regard by the Texas House of Representatives.\n\nCopyright (C) 2025 State Net  \n  \n---\n\n",
      "latest_version": false
    },
    {
      "date": "03/31/2025",
      "label": "Adopted",
      "url": "https://custom.statenet.com/public/resources.cgi?mode=show_text&id=ID:bill:TX2025000HR307&verid=TX2025000HR307_20250331_0_AD&",
      "raw_html": "<html>\n<head>\n<title>Bill Resource</title>\n\n<!--   <link href=\"https://custom.statenet.com/network/Common/css/extregtext.css\" rel=\"stylesheet\" type=\"text/css\" />-->\n   <link href=\"https://custom.statenet.com/network/Common/css/xmltext-2.0.css\" rel=\"stylesheet\" type=\"text/css\" />\n   <link href=\"https://custom.statenet.com/network/Common/css/additional-text.css\" rel=\"stylesheet\" type=\"text/css\" />\n\n\t<style type=\"text/css\">\n<!--\n\ntd, body {\n     background-color: white;\n\tfont-family: Verdana, Arial, Helvetica, sans-serif;\n\tfont-size: 12px;\n}\n\n.resourceContainer {\n   border: 1px solid black;\n}\n-->\n</style>\n</head>\n<body>\n\n    <div style=\"width: 750px; margin: auto\">\n       <div style=\"font-size: .8em;margin-bottom: 10px\"><table width=\"100%\"><tr><td align=\"left\" style=\"font-size: .8em;\"><div>The following has special meaning:</div>\n<div><u class=\"amendmentInsertedText\">green underline denotes added text</u></div>\n<div><strike class=\"amendmentDeletedText\">red struck out text denotes deleted text</strike></div></td> <td align=\"right\"><a href=\"https://www.lexisnexis.com/statenet/\"><img alt=\"Powered by State Net\" src=\"https://custom.statenet.com/network/poweredby.gif\" /></a></td></tr></table></div><table id=\"text-identifier\"><tr><td class=\"key\">2025 TX HR 307</td> <td><table><tr><td class=\"label\">Author:</td> <td>Oliverson</td></tr> <tr><td class=\"label\">Version:</td> <td>Adopted</td></tr> <tr><td class=\"label\">Version Date:</td> <td>03/31/2025</td></tr></table></td></tr></table><div class=\"documentBody\">\n  <a name=\"head_document_section\"></a><div class=\"head\">\n   <p class=\"left\">By: Oliverson</p>\n   <p class=\"right\">H.R. No. 307</p>\n  </div>\n  <a name=\"title_document_section\"></a><div class=\"title\">\n   <p class=\"center\">RESOLUTION</p>\n  </div>\n  <a name=\"text_document_section\"></a><div class=\"text\">\n   <p class=\"indent\">WHEREAS, Dr. Debra Patt has received the Physician Advocacy Champion Award from the U.S. Oncology Network; and</p>\n   <p class=\"indent\">WHEREAS, Dr. Patt is a medical oncologist and breast cancer specialist at Texas Oncology, where she also serves as the executive vice president of policy and strategic initiatives; in her clinical practice, she conducts breast cancer research, and she also has created a variety of innovative health care informatics tools, including a mechanism that allows patients to communicate real-time symptoms to their care team; and</p>\n   <p class=\"indent\">WHEREAS, The president of the Community Oncology Alliance, Dr. Patt has played an instrumental role in raising awareness about such critical issues as prior authorization hurdles as well as the need for pharmacy benefit manager reform and sustainable reimbursement models; she has utilized her vast clinical expertise to bridge the gap between medicine and policy, having testified before the United States Congress on a number of occasions; in addition, she has chaired both the council on legislation and the cancer committee for the Texas Medical Association; and</p>\n   <p class=\"indent\">WHEREAS, Dr. Patt further acts as a leader in her professional community through her service on the board of directors and the artificial intelligence task force of the American Society of Clinical Oncology; she has also served as the inaugural editor-in-chief of <i>JCO Clinical Cancer Informatics</i>, and she has mentored many young physicians; she has received numerous accolades in recognition of her contributions, including the ASCO Conquer Cancer Young Investigator Award and Fellow of the Year in research from The University of Texas MD Anderson Cancer Center; she was also recognized as one of Austin&#39;s Top Doctors in oncology and hematology by <i>Austin Monthly </i>in 2021; and</p>\n   <p class=\"indent\">WHEREAS, Dr. Patt holds a bachelor&#39;s degree in zoology from The University of Texas at Austin as well as master&#39;s degrees in public health from The University of Texas Health Science Center at Houston and business administration from UT Austin; she earned her medical degree at Baylor College of Medicine, where she went on to complete her residency in internal medicine and pediatrics; she undertook a fellowship in hematology and medical oncology at the UT MD Anderson Cancer Center, and she also received a doctorate in health economics and health services research from the UTHealth Houston School of Public Health; moreover, she gained additional experience through the Cancer Prevention Fellowship Program at the National Cancer Institute; and</p>\n   <p class=\"indent\">WHEREAS, Over the course of her career, Dr. Patt has tirelessly advocated for the improvement of patient care while conducting research vital to the advancement of the medical field, and it is indeed fitting to honor her for her service to the people of Texas; now, therefore, be it</p>\n   <p class=\"indent\">RESOLVED, That the House of Representatives of the 89th Texas Legislature hereby congratulate Dr. Debra Patt on receiving the Physician Advocacy Champion Award from the U.S. Oncology Network and extend to her sincere best wishes for continued success with her important work; and, be it further</p>\n   <p class=\"indent\">RESOLVED, That a copy of this resolution be prepared for Dr. Patt as an expression of high regard by the Texas House of Representatives.</p>\n  </div>\n </div>\n    </div>\t\n<table cellpadding=0 cellspacing=0 width=\"100%\">\n   <tr>\n      <td>\n          Copyright &copy; 2025 State Net\n      </td>\n<BR>\n<!--???MOVED INTO resources.cgi      <td align=\"right\">\n          <img src=\"https://custom.statenet.com/network/poweredby.gif\" alt=\"Powered by State Net\">\n      </td>-->\n\n    </tr>\n</table>\n</body></html>\n",
      "markdown": "The following has special meaning: _green underline denotes added text_ ~~red struck out text denotes deleted text~~ | [![Powered by State Net](https://custom.statenet.com/network/poweredby.gif)](https://www.lexisnexis.com/statenet/)  \n---|---  \n  \n2025 TX HR 307 | | Author: | Oliverson  \n---|---  \nVersion: | Adopted  \nVersion Date: | 03/31/2025  \n  \nBy: Oliverson\n\nH.R. No. 307\n\nRESOLUTION\n\nWHEREAS, Dr. Debra Patt has received the Physician Advocacy Champion Award\nfrom the U.S. Oncology Network; and\n\nWHEREAS, Dr. Patt is a medical oncologist and breast cancer specialist at\nTexas Oncology, where she also serves as the executive vice president of\npolicy and strategic initiatives; in her clinical practice, she conducts\nbreast cancer research, and she also has created a variety of innovative\nhealth care informatics tools, including a mechanism that allows patients to\ncommunicate real-time symptoms to their care team; and\n\nWHEREAS, The president of the Community Oncology Alliance, Dr. Patt has played\nan instrumental role in raising awareness about such critical issues as prior\nauthorization hurdles as well as the need for pharmacy benefit manager reform\nand sustainable reimbursement models; she has utilized her vast clinical\nexpertise to bridge the gap between medicine and policy, having testified\nbefore the United States Congress on a number of occasions; in addition, she\nhas chaired both the council on legislation and the cancer committee for the\nTexas Medical Association; and\n\nWHEREAS, Dr. Patt further acts as a leader in her professional community\nthrough her service on the board of directors and the artificial intelligence\ntask force of the American Society of Clinical Oncology; she has also served\nas the inaugural editor-in-chief of _JCO Clinical Cancer Informatics_ , and\nshe has mentored many young physicians; she has received numerous accolades in\nrecognition of her contributions, including the ASCO Conquer Cancer Young\nInvestigator Award and Fellow of the Year in research from The University of\nTexas MD Anderson Cancer Center; she was also recognized as one of Austin's\nTop Doctors in oncology and hematology by _Austin Monthly_ in 2021; and\n\nWHEREAS, Dr. Patt holds a bachelor's degree in zoology from The University of\nTexas at Austin as well as master's degrees in public health from The\nUniversity of Texas Health Science Center at Houston and business\nadministration from UT Austin; she earned her medical degree at Baylor College\nof Medicine, where she went on to complete her residency in internal medicine\nand pediatrics; she undertook a fellowship in hematology and medical oncology\nat the UT MD Anderson Cancer Center, and she also received a doctorate in\nhealth economics and health services research from the UTHealth Houston School\nof Public Health; moreover, she gained additional experience through the\nCancer Prevention Fellowship Program at the National Cancer Institute; and\n\nWHEREAS, Over the course of her career, Dr. Patt has tirelessly advocated for\nthe improvement of patient care while conducting research vital to the\nadvancement of the medical field, and it is indeed fitting to honor her for\nher service to the people of Texas; now, therefore, be it\n\nRESOLVED, That the House of Representatives of the 89th Texas Legislature\nhereby congratulate Dr. Debra Patt on receiving the Physician Advocacy\nChampion Award from the U.S. Oncology Network and extend to her sincere best\nwishes for continued success with her important work; and, be it further\n\nRESOLVED, That a copy of this resolution be prepared for Dr. Patt as an\nexpression of high regard by the Texas House of Representatives.\n\nCopyright (C) 2025 State Net  \n  \n---\n\n",
      "latest_version": true
    }
  ]
}