{
  "bill_id": "TX2025000H235",
  "source_url": "http://custom.statenet.com/public/resources.cgi?id=ID:bill:TX2025000H235&cuiq=93d84396-c63b-526a-b152-38b7f79b4cfd&client_md=e4f6fea4-27b4-5d41-b7d3-766fe52569f0",
  "versions": [
    {
      "date": "11/12/2024",
      "label": "Prefiled",
      "url": "https://custom.statenet.com/public/resources.cgi?mode=show_text&id=ID:bill:TX2025000H235&verid=TX2025000H235_20241112_0_F&",
      "raw_html": "<html>\n<head>\n<title>Bill Resource</title>\n\n<!--   <link href=\"https://custom.statenet.com/network/Common/css/extregtext.css\" rel=\"stylesheet\" type=\"text/css\" />-->\n   <link href=\"https://custom.statenet.com/network/Common/css/xmltext-2.0.css\" rel=\"stylesheet\" type=\"text/css\" />\n   <link href=\"https://custom.statenet.com/network/Common/css/additional-text.css\" rel=\"stylesheet\" type=\"text/css\" />\n\n\t<style type=\"text/css\">\n<!--\n\ntd, body {\n     background-color: white;\n\tfont-family: Verdana, Arial, Helvetica, sans-serif;\n\tfont-size: 12px;\n}\n\n.resourceContainer {\n   border: 1px solid black;\n}\n-->\n</style>\n</head>\n<body>\n\n    <div style=\"width: 750px; margin: auto\">\n       <div style=\"font-size: .8em;margin-bottom: 10px\"><table width=\"100%\"><tr><td align=\"left\" style=\"font-size: .8em;\"><div>The following has special meaning:</div>\n<div><u class=\"amendmentInsertedText\">green underline denotes added text</u></div>\n<div><strike class=\"amendmentDeletedText\">red struck out text denotes deleted text</strike></div></td> <td align=\"right\"><a href=\"https://www.lexisnexis.com/statenet/\"><img alt=\"Powered by State Net\" src=\"https://custom.statenet.com/network/poweredby.gif\" /></a></td></tr></table></div><table id=\"text-identifier\"><tr><td class=\"key\">2025 TX H 235</td> <td><table><tr><td class=\"label\">Author:</td> <td>Guillen</td></tr> <tr><td class=\"label\">Version:</td> <td>Prefiled</td></tr> <tr><td class=\"label\">Version Date:</td> <td>11/12/2024</td></tr></table></td></tr></table><div class=\"documentBody\">\n  <a name=\"head_document_section\"></a><div class=\"head\">\n   <p class=\"left\">By: Guillen</p>\n   <p class=\"right\">H.B. No. 235</p>\n  </div>\n  <a name=\"title_document_section\"></a><div class=\"title\">\n   <p class=\"center\">A BILL TO BE ENTITLED</p>\n   <p class=\"center\">AN ACT</p>\n   <p class=\"left\">relating to civil and criminal liability for the unlawful disclosure or promotion of intimate visual material.</p>\n  </div>\n  <a name=\"text_document_section\"></a><div class=\"text\">\n   <span>\n    <p class=\"indent\">BE IT ENACTED BY THE LEGISLATURE OF THE STATE OF TEXAS:</p>\n   </span>\n   <p class=\"indent\">SECTION 1. Section 98B.002, Civil Practice and Remedies Code, is amended by amending Subsection (a) and adding Subsection (c) to read as follows:</p>\n   <p class=\"indent\">(a) A defendant is liable, as provided by this chapter, to a person depicted in intimate visual material for damages arising from the disclosure of the material if:</p>\n   <p class=\"indent\">(1) the defendant discloses the intimate visual material without the effective consent of the depicted person and with the intent to harm that person;</p>\n   <p class=\"indent\">(2) <u class=\"amendmentInsertedText\">either:</u>\n   </p>\n   <p class=\"indent\">\n    <u class=\"amendmentInsertedText\">(A)</u> at the time of the disclosure, the defendant knows or has reason to believe that the intimate visual material was obtained by the defendant or created under circumstances in which the depicted person had a reasonable expectation that the material would remain private; <u class=\"amendmentInsertedText\">or</u>\n   </p>\n   <p class=\"indent\">\n    <u class=\"amendmentInsertedText\">(B) the intimate visual material was created, adapted, or modified as described by Subsection (c);</u>\n   </p>\n   <p class=\"indent\">(3) the disclosure of the intimate visual material causes harm to the depicted person; and</p>\n   <p class=\"indent\">(4) the disclosure of the intimate visual material reveals the identity of the depicted person in any manner, including through:</p>\n   <p class=\"indent\">(A) any accompanying or subsequent information or material related to the intimate visual material; or</p>\n   <p class=\"indent\">(B) information or material provided by a third party in response to the disclosure of the intimate visual material.</p>\n   <p class=\"indent\">\n    <u class=\"amendmentInsertedText\">(c) For purposes of conduct for which a defendant is liable under Subsection (a) or (b), intimate visual material to which that conduct applies includes a depiction of a person:</u>\n   </p>\n   <p class=\"indent\">\n    <u class=\"amendmentInsertedText\">(1) who is recognizable as an actual person by the person&#39;s face, likeness, or other distinguishing characteristic, such as a unique birthmark or other recognizable feature; and</u>\n   </p>\n   <p class=\"indent\">\n    <u class=\"amendmentInsertedText\">(2) whose image was used in creating, adapting, or modifying the intimate visual material, including computer-generated intimate visual material that was created, adapted, or modified using an artificial intelligence application or other computer software.</u>\n   </p>\n   <p class=\"indent\">SECTION 2. Section 21.16, Penal Code, is amended by amending Subsection (b) and adding Subsection (d-1) to read as follows:</p>\n   <p class=\"indent\">(b) A person commits an offense if:</p>\n   <p class=\"indent\">(1) without the effective consent of the depicted person and with the intent to harm that person, the person discloses visual material depicting another person with the person&#39;s intimate parts exposed or engaged in sexual conduct;</p>\n   <p class=\"indent\">(2) <u class=\"amendmentInsertedText\">either:</u>\n   </p>\n   <p class=\"indent\">\n    <u class=\"amendmentInsertedText\">(A)</u> at the time of the disclosure, the person knows or has reason to believe that the visual material was obtained by the person or created under circumstances in which the depicted person had a reasonable expectation that the visual material would remain private; <u class=\"amendmentInsertedText\">or</u>\n   </p>\n   <p class=\"indent\">\n    <u class=\"amendmentInsertedText\">(B) the visual material was created, adapted, or modified as described by Subsection (d-1);</u>\n   </p>\n   <p class=\"indent\">(3) the disclosure of the visual material causes harm to the depicted person; and</p>\n   <p class=\"indent\">(4) the disclosure of the visual material reveals the identity of the depicted person in any manner, including through:</p>\n   <p class=\"indent\">(A) any accompanying or subsequent information or material related to the visual material; or</p>\n   <p class=\"indent\">(B) information or material provided by a third party in response to the disclosure of the visual material.</p>\n   <p class=\"indent\">\n    <u class=\"amendmentInsertedText\">(d-1) For purposes of conduct prohibited under Subsection (b), (c), or (d), visual material to which that conduct applies includes a depiction of a person:</u>\n   </p>\n   <p class=\"indent\">\n    <u class=\"amendmentInsertedText\">(1) who is recognizable as an actual person by the person&#39;s face, likeness, or other distinguishing characteristic, such as a unique birthmark or other recognizable feature; and</u>\n   </p>\n   <p class=\"indent\">\n    <u class=\"amendmentInsertedText\">(2) whose image was used in creating, adapting, or modifying the visual material, including computer-generated visual material that was created, adapted, or modified using an artificial intelligence application or other computer software.</u>\n   </p>\n   <p class=\"indent\">SECTION 3. (a) Section 98B.002, Civil Practice and Remedies Code, as amended by this Act, applies only to a cause of action that accrues on or after the effective date of this Act. A cause of action that accrues before the effective date of this Act is governed by the law applicable to the cause of action immediately before the effective date of this Act, and that law is continued in effect for that purpose.</p>\n   <p class=\"indent\">(b) Section 21.16, Penal Code, as amended by this Act, applies only to an offense committed on or after the effective date of this Act. An offense committed before the effective date of this Act is governed by the law in effect on the date the offense was committed, and the former law is continued in effect for that purpose. For purposes of this subsection, an offense was committed before the effective date of this Act if any element of the offense was committed before that date.</p>\n   <p class=\"indent\">SECTION 4. This Act takes effect September 1, 2025.</p>\n  </div>\n </div>\n    </div>\t\n<table cellpadding=0 cellspacing=0 width=\"100%\">\n   <tr>\n      <td>\n          Copyright &copy; 2025 State Net\n      </td>\n<BR>\n<!--???MOVED INTO resources.cgi      <td align=\"right\">\n          <img src=\"https://custom.statenet.com/network/poweredby.gif\" alt=\"Powered by State Net\">\n      </td>-->\n\n    </tr>\n</table>\n</body></html>\n",
      "markdown": "The following has special meaning: _green underline denotes added text_ ~~red struck out text denotes deleted text~~ | [![Powered by State Net](https://custom.statenet.com/network/poweredby.gif)](https://www.lexisnexis.com/statenet/)  \n---|---  \n  \n2025 TX H 235 | | Author: | Guillen  \n---|---  \nVersion: | Prefiled  \nVersion Date: | 11/12/2024  \n  \nBy: Guillen\n\nH.B. No. 235\n\nA BILL TO BE ENTITLED\n\nAN ACT\n\nrelating to civil and criminal liability for the unlawful disclosure or\npromotion of intimate visual material.\n\nBE IT ENACTED BY THE LEGISLATURE OF THE STATE OF TEXAS:\n\nSECTION 1. Section 98B.002, Civil Practice and Remedies Code, is amended by\namending Subsection (a) and adding Subsection (c) to read as follows:\n\n(a) A defendant is liable, as provided by this chapter, to a person depicted\nin intimate visual material for damages arising from the disclosure of the\nmaterial if:\n\n(1) the defendant discloses the intimate visual material without the effective\nconsent of the depicted person and with the intent to harm that person;\n\n(2) _either:_\n\n_(A)_ at the time of the disclosure, the defendant knows or has reason to\nbelieve that the intimate visual material was obtained by the defendant or\ncreated under circumstances in which the depicted person had a reasonable\nexpectation that the material would remain private; _or_\n\n_(B) the intimate visual material was created, adapted, or modified as\ndescribed by Subsection (c);_\n\n(3) the disclosure of the intimate visual material causes harm to the depicted\nperson; and\n\n(4) the disclosure of the intimate visual material reveals the identity of the\ndepicted person in any manner, including through:\n\n(A) any accompanying or subsequent information or material related to the\nintimate visual material; or\n\n(B) information or material provided by a third party in response to the\ndisclosure of the intimate visual material.\n\n_(c) For purposes of conduct for which a defendant is liable under Subsection\n(a) or (b), intimate visual material to which that conduct applies includes a\ndepiction of a person:_\n\n_(1) who is recognizable as an actual person by the person 's face, likeness,\nor other distinguishing characteristic, such as a unique birthmark or other\nrecognizable feature; and_\n\n_(2) whose image was used in creating, adapting, or modifying the intimate\nvisual material, including computer-generated intimate visual material that\nwas created, adapted, or modified using an artificial intelligence application\nor other computer software._\n\nSECTION 2. Section 21.16, Penal Code, is amended by amending Subsection (b)\nand adding Subsection (d-1) to read as follows:\n\n(b) A person commits an offense if:\n\n(1) without the effective consent of the depicted person and with the intent\nto harm that person, the person discloses visual material depicting another\nperson with the person's intimate parts exposed or engaged in sexual conduct;\n\n(2) _either:_\n\n_(A)_ at the time of the disclosure, the person knows or has reason to believe\nthat the visual material was obtained by the person or created under\ncircumstances in which the depicted person had a reasonable expectation that\nthe visual material would remain private; _or_\n\n_(B) the visual material was created, adapted, or modified as described by\nSubsection (d-1);_\n\n(3) the disclosure of the visual material causes harm to the depicted person;\nand\n\n(4) the disclosure of the visual material reveals the identity of the depicted\nperson in any manner, including through:\n\n(A) any accompanying or subsequent information or material related to the\nvisual material; or\n\n(B) information or material provided by a third party in response to the\ndisclosure of the visual material.\n\n_(d-1) For purposes of conduct prohibited under Subsection (b), (c), or (d),\nvisual material to which that conduct applies includes a depiction of a\nperson:_\n\n_(1) who is recognizable as an actual person by the person 's face, likeness,\nor other distinguishing characteristic, such as a unique birthmark or other\nrecognizable feature; and_\n\n_(2) whose image was used in creating, adapting, or modifying the visual\nmaterial, including computer-generated visual material that was created,\nadapted, or modified using an artificial intelligence application or other\ncomputer software._\n\nSECTION 3. (a) Section 98B.002, Civil Practice and Remedies Code, as amended\nby this Act, applies only to a cause of action that accrues on or after the\neffective date of this Act. A cause of action that accrues before the\neffective date of this Act is governed by the law applicable to the cause of\naction immediately before the effective date of this Act, and that law is\ncontinued in effect for that purpose.\n\n(b) Section 21.16, Penal Code, as amended by this Act, applies only to an\noffense committed on or after the effective date of this Act. An offense\ncommitted before the effective date of this Act is governed by the law in\neffect on the date the offense was committed, and the former law is continued\nin effect for that purpose. For purposes of this subsection, an offense was\ncommitted before the effective date of this Act if any element of the offense\nwas committed before that date.\n\nSECTION 4. This Act takes effect September 1, 2025.\n\nCopyright (C) 2025 State Net  \n  \n---\n\n",
      "latest_version": false
    },
    {
      "date": "01/14/2025",
      "label": "Introduced",
      "url": "https://custom.statenet.com/public/resources.cgi?mode=show_text&id=ID:bill:TX2025000H235&verid=TX2025000H235_20250114_0_I&",
      "raw_html": "<html>\n<head>\n<title>Bill Resource</title>\n\n<!--   <link href=\"https://custom.statenet.com/network/Common/css/extregtext.css\" rel=\"stylesheet\" type=\"text/css\" />-->\n   <link href=\"https://custom.statenet.com/network/Common/css/xmltext-2.0.css\" rel=\"stylesheet\" type=\"text/css\" />\n   <link href=\"https://custom.statenet.com/network/Common/css/additional-text.css\" rel=\"stylesheet\" type=\"text/css\" />\n\n\t<style type=\"text/css\">\n<!--\n\ntd, body {\n     background-color: white;\n\tfont-family: Verdana, Arial, Helvetica, sans-serif;\n\tfont-size: 12px;\n}\n\n.resourceContainer {\n   border: 1px solid black;\n}\n-->\n</style>\n</head>\n<body>\n\n    <div style=\"width: 750px; margin: auto\">\n       <div style=\"font-size: .8em;margin-bottom: 10px\"><table width=\"100%\"><tr><td align=\"left\" style=\"font-size: .8em;\"><div>The following has special meaning:</div>\n<div><u class=\"amendmentInsertedText\">green underline denotes added text</u></div>\n<div><strike class=\"amendmentDeletedText\">red struck out text denotes deleted text</strike></div></td> <td align=\"right\"><a href=\"https://www.lexisnexis.com/statenet/\"><img alt=\"Powered by State Net\" src=\"https://custom.statenet.com/network/poweredby.gif\" /></a></td></tr></table></div><table id=\"text-identifier\"><tr><td class=\"key\">2025 TX H 235</td> <td><table><tr><td class=\"label\">Author:</td> <td>Guillen</td></tr> <tr><td class=\"label\">Version:</td> <td>Introduced</td></tr> <tr><td class=\"label\">Version Date:</td> <td>01/14/2025</td></tr></table></td></tr></table><div class=\"documentBody\">\n  <a name=\"head_document_section\"></a><div class=\"head\">\n   <p class=\"left\">By: Guillen</p>\n   <p class=\"right\">H.B. No. 235</p>\n  </div>\n  <a name=\"title_document_section\"></a><div class=\"title\">\n   <p class=\"center\">A BILL TO BE ENTITLED</p>\n   <p class=\"center\">AN ACT</p>\n   <p class=\"left\">relating to civil and criminal liability for the unlawful disclosure or promotion of intimate visual material.</p>\n  </div>\n  <a name=\"text_document_section\"></a><div class=\"text\">\n   <span>\n    <p class=\"indent\">BE IT ENACTED BY THE LEGISLATURE OF THE STATE OF TEXAS:</p>\n   </span>\n   <p class=\"indent\">SECTION 1. Section 98B.002, Civil Practice and Remedies Code, is amended by amending Subsection (a) and adding Subsection (c) to read as follows:</p>\n   <p class=\"indent\">(a) A defendant is liable, as provided by this chapter, to a person depicted in intimate visual material for damages arising from the disclosure of the material if:</p>\n   <p class=\"indent\">(1) the defendant discloses the intimate visual material without the effective consent of the depicted person and with the intent to harm that person;</p>\n   <p class=\"indent\">(2) <u class=\"amendmentInsertedText\">either:</u>\n   </p>\n   <p class=\"indent\">\n    <u class=\"amendmentInsertedText\">(A)</u> at the time of the disclosure, the defendant knows or has reason to believe that the intimate visual material was obtained by the defendant or created under circumstances in which the depicted person had a reasonable expectation that the material would remain private; <u class=\"amendmentInsertedText\">or</u>\n   </p>\n   <p class=\"indent\">\n    <u class=\"amendmentInsertedText\">(B) the intimate visual material was created, adapted, or modified as described by Subsection (c);</u>\n   </p>\n   <p class=\"indent\">(3) the disclosure of the intimate visual material causes harm to the depicted person; and</p>\n   <p class=\"indent\">(4) the disclosure of the intimate visual material reveals the identity of the depicted person in any manner, including through:</p>\n   <p class=\"indent\">(A) any accompanying or subsequent information or material related to the intimate visual material; or</p>\n   <p class=\"indent\">(B) information or material provided by a third party in response to the disclosure of the intimate visual material.</p>\n   <p class=\"indent\">\n    <u class=\"amendmentInsertedText\">(c) For purposes of conduct for which a defendant is liable under Subsection (a) or (b), intimate visual material to which that conduct applies includes a depiction of a person:</u>\n   </p>\n   <p class=\"indent\">\n    <u class=\"amendmentInsertedText\">(1) who is recognizable as an actual person by the person&#39;s face, likeness, or other distinguishing characteristic, such as a unique birthmark or other recognizable feature; and</u>\n   </p>\n   <p class=\"indent\">\n    <u class=\"amendmentInsertedText\">(2) whose image was used in creating, adapting, or modifying the intimate visual material, including computer-generated intimate visual material that was created, adapted, or modified using an artificial intelligence application or other computer software.</u>\n   </p>\n   <p class=\"indent\">SECTION 2. Section 21.16, Penal Code, is amended by amending Subsection (b) and adding Subsection (d-1) to read as follows:</p>\n   <p class=\"indent\">(b) A person commits an offense if:</p>\n   <p class=\"indent\">(1) without the effective consent of the depicted person and with the intent to harm that person, the person discloses visual material depicting another person with the person&#39;s intimate parts exposed or engaged in sexual conduct;</p>\n   <p class=\"indent\">(2) <u class=\"amendmentInsertedText\">either:</u>\n   </p>\n   <p class=\"indent\">\n    <u class=\"amendmentInsertedText\">(A)</u> at the time of the disclosure, the person knows or has reason to believe that the visual material was obtained by the person or created under circumstances in which the depicted person had a reasonable expectation that the visual material would remain private; <u class=\"amendmentInsertedText\">or</u>\n   </p>\n   <p class=\"indent\">\n    <u class=\"amendmentInsertedText\">(B) the visual material was created, adapted, or modified as described by Subsection (d-1);</u>\n   </p>\n   <p class=\"indent\">(3) the disclosure of the visual material causes harm to the depicted person; and</p>\n   <p class=\"indent\">(4) the disclosure of the visual material reveals the identity of the depicted person in any manner, including through:</p>\n   <p class=\"indent\">(A) any accompanying or subsequent information or material related to the visual material; or</p>\n   <p class=\"indent\">(B) information or material provided by a third party in response to the disclosure of the visual material.</p>\n   <p class=\"indent\">\n    <u class=\"amendmentInsertedText\">(d-1) For purposes of conduct prohibited under Subsection (b), (c), or (d), visual material to which that conduct applies includes a depiction of a person:</u>\n   </p>\n   <p class=\"indent\">\n    <u class=\"amendmentInsertedText\">(1) who is recognizable as an actual person by the person&#39;s face, likeness, or other distinguishing characteristic, such as a unique birthmark or other recognizable feature; and</u>\n   </p>\n   <p class=\"indent\">\n    <u class=\"amendmentInsertedText\">(2) whose image was used in creating, adapting, or modifying the visual material, including computer-generated visual material that was created, adapted, or modified using an artificial intelligence application or other computer software.</u>\n   </p>\n   <p class=\"indent\">SECTION 3. (a) Section 98B.002, Civil Practice and Remedies Code, as amended by this Act, applies only to a cause of action that accrues on or after the effective date of this Act. A cause of action that accrues before the effective date of this Act is governed by the law applicable to the cause of action immediately before the effective date of this Act, and that law is continued in effect for that purpose.</p>\n   <p class=\"indent\">(b) Section 21.16, Penal Code, as amended by this Act, applies only to an offense committed on or after the effective date of this Act. An offense committed before the effective date of this Act is governed by the law in effect on the date the offense was committed, and the former law is continued in effect for that purpose. For purposes of this subsection, an offense was committed before the effective date of this Act if any element of the offense was committed before that date.</p>\n   <p class=\"indent\">SECTION 4. This Act takes effect September 1, 2025.</p>\n  </div>\n </div>\n    </div>\t\n<table cellpadding=0 cellspacing=0 width=\"100%\">\n   <tr>\n      <td>\n          Copyright &copy; 2025 State Net\n      </td>\n<BR>\n<!--???MOVED INTO resources.cgi      <td align=\"right\">\n          <img src=\"https://custom.statenet.com/network/poweredby.gif\" alt=\"Powered by State Net\">\n      </td>-->\n\n    </tr>\n</table>\n</body></html>\n",
      "markdown": "The following has special meaning: _green underline denotes added text_ ~~red struck out text denotes deleted text~~ | [![Powered by State Net](https://custom.statenet.com/network/poweredby.gif)](https://www.lexisnexis.com/statenet/)  \n---|---  \n  \n2025 TX H 235 | | Author: | Guillen  \n---|---  \nVersion: | Introduced  \nVersion Date: | 01/14/2025  \n  \nBy: Guillen\n\nH.B. No. 235\n\nA BILL TO BE ENTITLED\n\nAN ACT\n\nrelating to civil and criminal liability for the unlawful disclosure or\npromotion of intimate visual material.\n\nBE IT ENACTED BY THE LEGISLATURE OF THE STATE OF TEXAS:\n\nSECTION 1. Section 98B.002, Civil Practice and Remedies Code, is amended by\namending Subsection (a) and adding Subsection (c) to read as follows:\n\n(a) A defendant is liable, as provided by this chapter, to a person depicted\nin intimate visual material for damages arising from the disclosure of the\nmaterial if:\n\n(1) the defendant discloses the intimate visual material without the effective\nconsent of the depicted person and with the intent to harm that person;\n\n(2) _either:_\n\n_(A)_ at the time of the disclosure, the defendant knows or has reason to\nbelieve that the intimate visual material was obtained by the defendant or\ncreated under circumstances in which the depicted person had a reasonable\nexpectation that the material would remain private; _or_\n\n_(B) the intimate visual material was created, adapted, or modified as\ndescribed by Subsection (c);_\n\n(3) the disclosure of the intimate visual material causes harm to the depicted\nperson; and\n\n(4) the disclosure of the intimate visual material reveals the identity of the\ndepicted person in any manner, including through:\n\n(A) any accompanying or subsequent information or material related to the\nintimate visual material; or\n\n(B) information or material provided by a third party in response to the\ndisclosure of the intimate visual material.\n\n_(c) For purposes of conduct for which a defendant is liable under Subsection\n(a) or (b), intimate visual material to which that conduct applies includes a\ndepiction of a person:_\n\n_(1) who is recognizable as an actual person by the person 's face, likeness,\nor other distinguishing characteristic, such as a unique birthmark or other\nrecognizable feature; and_\n\n_(2) whose image was used in creating, adapting, or modifying the intimate\nvisual material, including computer-generated intimate visual material that\nwas created, adapted, or modified using an artificial intelligence application\nor other computer software._\n\nSECTION 2. Section 21.16, Penal Code, is amended by amending Subsection (b)\nand adding Subsection (d-1) to read as follows:\n\n(b) A person commits an offense if:\n\n(1) without the effective consent of the depicted person and with the intent\nto harm that person, the person discloses visual material depicting another\nperson with the person's intimate parts exposed or engaged in sexual conduct;\n\n(2) _either:_\n\n_(A)_ at the time of the disclosure, the person knows or has reason to believe\nthat the visual material was obtained by the person or created under\ncircumstances in which the depicted person had a reasonable expectation that\nthe visual material would remain private; _or_\n\n_(B) the visual material was created, adapted, or modified as described by\nSubsection (d-1);_\n\n(3) the disclosure of the visual material causes harm to the depicted person;\nand\n\n(4) the disclosure of the visual material reveals the identity of the depicted\nperson in any manner, including through:\n\n(A) any accompanying or subsequent information or material related to the\nvisual material; or\n\n(B) information or material provided by a third party in response to the\ndisclosure of the visual material.\n\n_(d-1) For purposes of conduct prohibited under Subsection (b), (c), or (d),\nvisual material to which that conduct applies includes a depiction of a\nperson:_\n\n_(1) who is recognizable as an actual person by the person 's face, likeness,\nor other distinguishing characteristic, such as a unique birthmark or other\nrecognizable feature; and_\n\n_(2) whose image was used in creating, adapting, or modifying the visual\nmaterial, including computer-generated visual material that was created,\nadapted, or modified using an artificial intelligence application or other\ncomputer software._\n\nSECTION 3. (a) Section 98B.002, Civil Practice and Remedies Code, as amended\nby this Act, applies only to a cause of action that accrues on or after the\neffective date of this Act. A cause of action that accrues before the\neffective date of this Act is governed by the law applicable to the cause of\naction immediately before the effective date of this Act, and that law is\ncontinued in effect for that purpose.\n\n(b) Section 21.16, Penal Code, as amended by this Act, applies only to an\noffense committed on or after the effective date of this Act. An offense\ncommitted before the effective date of this Act is governed by the law in\neffect on the date the offense was committed, and the former law is continued\nin effect for that purpose. For purposes of this subsection, an offense was\ncommitted before the effective date of this Act if any element of the offense\nwas committed before that date.\n\nSECTION 4. This Act takes effect September 1, 2025.\n\nCopyright (C) 2025 State Net  \n  \n---\n\n",
      "latest_version": true
    }
  ]
}