{
  "bill_id": "TX2025000H556",
  "source_url": "http://custom.statenet.com/public/resources.cgi?id=ID:bill:TX2025000H556&cuiq=93d84396-c63b-526a-b152-38b7f79b4cfd&client_md=e4f6fea4-27b4-5d41-b7d3-766fe52569f0",
  "versions": [
    {
      "date": "11/12/2024",
      "label": "Prefiled",
      "url": "https://custom.statenet.com/public/resources.cgi?mode=show_text&id=ID:bill:TX2025000H556&verid=TX2025000H556_20241112_0_F&",
      "raw_html": "<html>\n<head>\n<title>Bill Resource</title>\n\n<!--   <link href=\"https://custom.statenet.com/network/Common/css/extregtext.css\" rel=\"stylesheet\" type=\"text/css\" />-->\n   <link href=\"https://custom.statenet.com/network/Common/css/xmltext-2.0.css\" rel=\"stylesheet\" type=\"text/css\" />\n   <link href=\"https://custom.statenet.com/network/Common/css/additional-text.css\" rel=\"stylesheet\" type=\"text/css\" />\n\n\t<style type=\"text/css\">\n<!--\n\ntd, body {\n     background-color: white;\n\tfont-family: Verdana, Arial, Helvetica, sans-serif;\n\tfont-size: 12px;\n}\n\n.resourceContainer {\n   border: 1px solid black;\n}\n-->\n</style>\n</head>\n<body>\n\n    <div style=\"width: 750px; margin: auto\">\n       <div style=\"font-size: .8em;margin-bottom: 10px\"><table width=\"100%\"><tr><td align=\"left\" style=\"font-size: .8em;\"><div>The following has special meaning:</div>\n<div><u class=\"amendmentInsertedText\">green underline denotes added text</u></div>\n<div><strike class=\"amendmentDeletedText\">red struck out text denotes deleted text</strike></div></td> <td align=\"right\"><a href=\"https://www.lexisnexis.com/statenet/\"><img alt=\"Powered by State Net\" src=\"https://custom.statenet.com/network/poweredby.gif\" /></a></td></tr></table></div><table id=\"text-identifier\"><tr><td class=\"key\">2025 TX H 556</td> <td><table><tr><td class=\"label\">Author:</td> <td>Gonzalez M</td></tr> <tr><td class=\"label\">Version:</td> <td>Prefiled</td></tr> <tr><td class=\"label\">Version Date:</td> <td>11/12/2024</td></tr></table></td></tr></table><div class=\"documentBody\">\n  <a name=\"head_document_section\"></a><div class=\"head\">\n   <p class=\"left\">By: Gonz&aacute;lez of El Paso</p>\n   <p class=\"right\">H.B. No. 556</p>\n  </div>\n  <a name=\"title_document_section\"></a><div class=\"title\">\n   <p class=\"center\">A BILL TO BE ENTITLED</p>\n   <p class=\"center\">AN ACT</p>\n   <p class=\"left\">relating to a criminal offense for the creation or distribution of certain artificially generated media with the intent to influence the outcome of an election.</p>\n  </div>\n  <a name=\"text_document_section\"></a><div class=\"text\">\n   <span>\n    <p class=\"indent\">BE IT ENACTED BY THE LEGISLATURE OF THE STATE OF TEXAS:</p>\n   </span>\n   <p class=\"indent\">SECTION 1. Sections 255.004(d) and (e), Election Code, are amended to read as follows:</p>\n   <p class=\"indent\">(d) A person commits an offense if the person, with intent to injure a candidate or influence the result of an election:</p>\n   <p class=\"indent\">(1) creates <u class=\"amendmentInsertedText\">artificially generated media</u>\n    <strike class=\"amendmentDeletedText\">a deep fake video</strike>; and</p>\n   <p class=\"indent\">(2) causes the <u class=\"amendmentInsertedText\">artificially generated media</u>\n    <strike class=\"amendmentDeletedText\">deep fake video</strike> to be published or distributed within 30 days of an election.</p>\n   <p class=\"indent\">(e) In this section, <u class=\"amendmentInsertedText\">&quot;artificially generated media&quot;</u>\n    <strike class=\"amendmentDeletedText\">&quot;deep fake video&quot;</strike> means <u class=\"amendmentInsertedText\">an image, an audio recording, including a recording of an individual&#39;s speech,</u> a video <u class=\"amendmentInsertedText\">recording</u>,<u class=\"amendmentInsertedText\"> a radio broadcast, or written text</u> created <u class=\"amendmentInsertedText\">or modified using generative artificial intelligence technology or other computer software</u> with the intent to deceive<strike class=\"amendmentDeletedText\">, that appears to depict a real person performing an action that did not occur in reality</strike>.</p>\n   <p class=\"indent\">SECTION 2. Section 255.004, Election Code, as amended by this Act, applies only to an offense committed on or after the effective date of this Act. An offense committed before the effective date of this Act is governed by the law in effect at the time the offense was committed, and the former law is continued in effect for that purpose. For purposes of this section, an offense was committed before the effective date of this Act if any element of the offense occurred before that date.</p>\n   <p class=\"indent\">SECTION 3. This Act takes effect September 1, 2025.</p>\n  </div>\n </div>\n    </div>\t\n<table cellpadding=0 cellspacing=0 width=\"100%\">\n   <tr>\n      <td>\n          Copyright &copy; 2025 State Net\n      </td>\n<BR>\n<!--???MOVED INTO resources.cgi      <td align=\"right\">\n          <img src=\"https://custom.statenet.com/network/poweredby.gif\" alt=\"Powered by State Net\">\n      </td>-->\n\n    </tr>\n</table>\n</body></html>\n",
      "markdown": "The following has special meaning: _green underline denotes added text_ ~~red struck out text denotes deleted text~~ | [![Powered by State Net](https://custom.statenet.com/network/poweredby.gif)](https://www.lexisnexis.com/statenet/)  \n---|---  \n  \n2025 TX H 556 | | Author: | Gonzalez M  \n---|---  \nVersion: | Prefiled  \nVersion Date: | 11/12/2024  \n  \nBy: Gonzalez of El Paso\n\nH.B. No. 556\n\nA BILL TO BE ENTITLED\n\nAN ACT\n\nrelating to a criminal offense for the creation or distribution of certain\nartificially generated media with the intent to influence the outcome of an\nelection.\n\nBE IT ENACTED BY THE LEGISLATURE OF THE STATE OF TEXAS:\n\nSECTION 1. Sections 255.004(d) and (e), Election Code, are amended to read as\nfollows:\n\n(d) A person commits an offense if the person, with intent to injure a\ncandidate or influence the result of an election:\n\n(1) creates _artificially generated media_ ~~a deep fake video~~ ; and\n\n(2) causes the _artificially generated media_ ~~deep fake video~~ to be\npublished or distributed within 30 days of an election.\n\n(e) In this section, _\" artificially generated media\"_ ~~\" deep fake video\"~~\nmeans _an image, an audio recording, including a recording of an individual 's\nspeech,_ a video _recording_ ,_a radio broadcast, or written text_ created _or\nmodified using generative artificial intelligence technology or other computer\nsoftware_ with the intent to deceive~~, that appears to depict a real person\nperforming an action that did not occur in reality~~.\n\nSECTION 2. Section 255.004, Election Code, as amended by this Act, applies\nonly to an offense committed on or after the effective date of this Act. An\noffense committed before the effective date of this Act is governed by the law\nin effect at the time the offense was committed, and the former law is\ncontinued in effect for that purpose. For purposes of this section, an offense\nwas committed before the effective date of this Act if any element of the\noffense occurred before that date.\n\nSECTION 3. This Act takes effect September 1, 2025.\n\nCopyright (C) 2025 State Net  \n  \n---\n\n",
      "latest_version": false
    },
    {
      "date": "01/14/2025",
      "label": "Introduced",
      "url": "https://custom.statenet.com/public/resources.cgi?mode=show_text&id=ID:bill:TX2025000H556&verid=TX2025000H556_20250114_0_I&",
      "raw_html": "<html>\n<head>\n<title>Bill Resource</title>\n\n<!--   <link href=\"https://custom.statenet.com/network/Common/css/extregtext.css\" rel=\"stylesheet\" type=\"text/css\" />-->\n   <link href=\"https://custom.statenet.com/network/Common/css/xmltext-2.0.css\" rel=\"stylesheet\" type=\"text/css\" />\n   <link href=\"https://custom.statenet.com/network/Common/css/additional-text.css\" rel=\"stylesheet\" type=\"text/css\" />\n\n\t<style type=\"text/css\">\n<!--\n\ntd, body {\n     background-color: white;\n\tfont-family: Verdana, Arial, Helvetica, sans-serif;\n\tfont-size: 12px;\n}\n\n.resourceContainer {\n   border: 1px solid black;\n}\n-->\n</style>\n</head>\n<body>\n\n    <div style=\"width: 750px; margin: auto\">\n       <div style=\"font-size: .8em;margin-bottom: 10px\"><table width=\"100%\"><tr><td align=\"left\" style=\"font-size: .8em;\"><div>The following has special meaning:</div>\n<div><u class=\"amendmentInsertedText\">green underline denotes added text</u></div>\n<div><strike class=\"amendmentDeletedText\">red struck out text denotes deleted text</strike></div></td> <td align=\"right\"><a href=\"https://www.lexisnexis.com/statenet/\"><img alt=\"Powered by State Net\" src=\"https://custom.statenet.com/network/poweredby.gif\" /></a></td></tr></table></div><table id=\"text-identifier\"><tr><td class=\"key\">2025 TX H 556</td> <td><table><tr><td class=\"label\">Author:</td> <td>Gonzalez M</td></tr> <tr><td class=\"label\">Version:</td> <td>Introduced</td></tr> <tr><td class=\"label\">Version Date:</td> <td>01/14/2025</td></tr></table></td></tr></table><div class=\"documentBody\">\n  <a name=\"head_document_section\"></a><div class=\"head\">\n   <p class=\"left\">By: Gonz&aacute;lez of El Paso</p>\n   <p class=\"right\">H.B. No. 556</p>\n  </div>\n  <a name=\"title_document_section\"></a><div class=\"title\">\n   <p class=\"center\">A BILL TO BE ENTITLED</p>\n   <p class=\"center\">AN ACT</p>\n   <p class=\"left\">relating to a criminal offense for the creation or distribution of certain artificially generated media with the intent to influence the outcome of an election.</p>\n  </div>\n  <a name=\"text_document_section\"></a><div class=\"text\">\n   <span>\n    <p class=\"indent\">BE IT ENACTED BY THE LEGISLATURE OF THE STATE OF TEXAS:</p>\n   </span>\n   <p class=\"indent\">SECTION 1. Sections 255.004(d) and (e), Election Code, are amended to read as follows:</p>\n   <p class=\"indent\">(d) A person commits an offense if the person, with intent to injure a candidate or influence the result of an election:</p>\n   <p class=\"indent\">(1) creates <u class=\"amendmentInsertedText\">artificially generated media</u>\n    <strike class=\"amendmentDeletedText\">a deep fake video</strike>; and</p>\n   <p class=\"indent\">(2) causes the <u class=\"amendmentInsertedText\">artificially generated media</u>\n    <strike class=\"amendmentDeletedText\">deep fake video</strike> to be published or distributed within 30 days of an election.</p>\n   <p class=\"indent\">(e) In this section, <u class=\"amendmentInsertedText\">&quot;artificially generated media&quot;</u>\n    <strike class=\"amendmentDeletedText\">&quot;deep fake video&quot;</strike> means <u class=\"amendmentInsertedText\">an image, an audio recording, including a recording of an individual&#39;s speech,</u> a video <u class=\"amendmentInsertedText\">recording</u>,<u class=\"amendmentInsertedText\"> a radio broadcast, or written text</u> created <u class=\"amendmentInsertedText\">or modified using generative artificial intelligence technology or other computer software</u> with the intent to deceive<strike class=\"amendmentDeletedText\">, that appears to depict a real person performing an action that did not occur in reality</strike>.</p>\n   <p class=\"indent\">SECTION 2. Section 255.004, Election Code, as amended by this Act, applies only to an offense committed on or after the effective date of this Act. An offense committed before the effective date of this Act is governed by the law in effect at the time the offense was committed, and the former law is continued in effect for that purpose. For purposes of this section, an offense was committed before the effective date of this Act if any element of the offense occurred before that date.</p>\n   <p class=\"indent\">SECTION 3. This Act takes effect September 1, 2025.</p>\n  </div>\n </div>\n    </div>\t\n<table cellpadding=0 cellspacing=0 width=\"100%\">\n   <tr>\n      <td>\n          Copyright &copy; 2025 State Net\n      </td>\n<BR>\n<!--???MOVED INTO resources.cgi      <td align=\"right\">\n          <img src=\"https://custom.statenet.com/network/poweredby.gif\" alt=\"Powered by State Net\">\n      </td>-->\n\n    </tr>\n</table>\n</body></html>\n",
      "markdown": "The following has special meaning: _green underline denotes added text_ ~~red struck out text denotes deleted text~~ | [![Powered by State Net](https://custom.statenet.com/network/poweredby.gif)](https://www.lexisnexis.com/statenet/)  \n---|---  \n  \n2025 TX H 556 | | Author: | Gonzalez M  \n---|---  \nVersion: | Introduced  \nVersion Date: | 01/14/2025  \n  \nBy: Gonzalez of El Paso\n\nH.B. No. 556\n\nA BILL TO BE ENTITLED\n\nAN ACT\n\nrelating to a criminal offense for the creation or distribution of certain\nartificially generated media with the intent to influence the outcome of an\nelection.\n\nBE IT ENACTED BY THE LEGISLATURE OF THE STATE OF TEXAS:\n\nSECTION 1. Sections 255.004(d) and (e), Election Code, are amended to read as\nfollows:\n\n(d) A person commits an offense if the person, with intent to injure a\ncandidate or influence the result of an election:\n\n(1) creates _artificially generated media_ ~~a deep fake video~~ ; and\n\n(2) causes the _artificially generated media_ ~~deep fake video~~ to be\npublished or distributed within 30 days of an election.\n\n(e) In this section, _\" artificially generated media\"_ ~~\" deep fake video\"~~\nmeans _an image, an audio recording, including a recording of an individual 's\nspeech,_ a video _recording_ ,_a radio broadcast, or written text_ created _or\nmodified using generative artificial intelligence technology or other computer\nsoftware_ with the intent to deceive~~, that appears to depict a real person\nperforming an action that did not occur in reality~~.\n\nSECTION 2. Section 255.004, Election Code, as amended by this Act, applies\nonly to an offense committed on or after the effective date of this Act. An\noffense committed before the effective date of this Act is governed by the law\nin effect at the time the offense was committed, and the former law is\ncontinued in effect for that purpose. For purposes of this section, an offense\nwas committed before the effective date of this Act if any element of the\noffense occurred before that date.\n\nSECTION 3. This Act takes effect September 1, 2025.\n\nCopyright (C) 2025 State Net  \n  \n---\n\n",
      "latest_version": true
    }
  ]
}