{
  "bill_id": "UT2025000H168",
  "source_url": "http://custom.statenet.com/public/resources.cgi?id=ID:bill:UT2025000H168&cuiq=93d84396-c63b-526a-b152-38b7f79b4cfd&client_md=e4f6fea4-27b4-5d41-b7d3-766fe52569f0",
  "versions": [
    {
      "date": "01/10/2025",
      "label": "Prefiled",
      "url": "https://custom.statenet.com/public/resources.cgi?mode=show_text&id=ID:bill:UT2025000H168&verid=UT2025000H168_20250110_0_F&",
      "raw_html": "<html>\n<head>\n<title>Bill Resource</title>\n\n<!--   <link href=\"https://custom.statenet.com/network/Common/css/extregtext.css\" rel=\"stylesheet\" type=\"text/css\" />-->\n   <link href=\"https://custom.statenet.com/network/Common/css/xmltext-2.0.css\" rel=\"stylesheet\" type=\"text/css\" />\n   <link href=\"https://custom.statenet.com/network/Common/css/additional-text.css\" rel=\"stylesheet\" type=\"text/css\" />\n\n\t<style type=\"text/css\">\n<!--\n\ntd, body {\n     background-color: white;\n\tfont-family: Verdana, Arial, Helvetica, sans-serif;\n\tfont-size: 12px;\n}\n\n.resourceContainer {\n   border: 1px solid black;\n}\n-->\n</style>\n</head>\n<body>\n\n    <div style=\"width: 750px; margin: auto\">\n       <div style=\"font-size: .8em;margin-bottom: 10px\"><table width=\"100%\"><tr><td align=\"left\" style=\"font-size: .8em;\"><div>The following has special meaning:</div>\n<div><u class=\"amendmentInsertedText\">green underline denotes added text</u></div>\n<div><strike class=\"amendmentDeletedText\">red struck out text denotes deleted text</strike></div></td> <td align=\"right\"><a href=\"https://www.lexisnexis.com/statenet/\"><img alt=\"Powered by State Net\" src=\"https://custom.statenet.com/network/poweredby.gif\" /></a></td></tr></table></div><table id=\"text-identifier\"><tr><td class=\"key\">2025 UT H 168</td> <td><table><tr><td class=\"label\">Author:</td> <td>Defay</td></tr> <tr><td class=\"label\">Version:</td> <td>Prefiled</td></tr> <tr><td class=\"label\">Version Date:</td> <td>01/10/2025</td></tr></table></td></tr></table><div class=\"documentBody\">\n  <a name=\"head_document_section\"></a><div class=\"head\">\n   <p class=\"center\">\n    <b>Artificial Intelligence in Education</b>\n   </p>\n   <p class=\"center\">2025 GENERAL SESSION</p>\n   <p class=\"center\">STATE OF UTAH</p>\n   <p class=\"center\">\n    <b>Chief Sponsor: Ariel Defay</b>\n   </p>\n  </div>\n  <a name=\"title_document_section\"></a><div class=\"title\">\n   <p class=\"left\">\n    <b>LONG TITLE</b>\n   </p>\n   <p class=\"left\">\n    <b>General Description:</b>\n   </p>\n   <p class=\"indent\">This bill establishes a task force to guide the implementation and use of artificial intelligence in Utah&#39;s education system.</p>\n  </div>\n  <a name=\"digest_document_section\"></a><div class=\"digest\">\n   <p class=\"left\">\n    <b>Highlighted Provisions:</b>\n   </p>\n   <p class=\"indent\">This bill:</p>\n   <p class=\"indent\">&#x25B8; creates the Artificial Intelligence in Education Task Force (task force);</p>\n   <p class=\"indent\">&#x25B8; establishes the task force membership;</p>\n   <p class=\"indent\">&#x25B8; establishes task force duties focused on artificial intelligence in education;</p>\n   <p class=\"indent\">&#x25B8; requires quarterly meetings and annual reporting;</p>\n   <p class=\"indent\">&#x25B8; mandates coordination with the Office of Artificial Intelligence Policy; and</p>\n   <p class=\"indent\">&#x25B8; includes a sunset clause.</p>\n   <p class=\"left\">\n    <b>Money Appropriated in this Bill:</b>\n   </p>\n   <p class=\"indent\">None</p>\n   <p class=\"left\">\n    <b>Other Special Clauses:</b>\n   </p>\n   <p class=\"indent\">This bill provides a special effective date.</p>\n   <p class=\"left\">\n    <b>Utah Code Sections Affected:</b>\n   </p>\n   <p class=\"left\">AMENDS:</p>\n   <p class=\"indent\">\n    <b>63I-1-236</b>, as last amended by Laws of Utah 2024, Chapters 320, 506 and 507</p>\n   <p class=\"left\">ENACTS:</p>\n   <p class=\"indent\">\n    <b>36-29-113</b>, Utah Code Annotated 1953</p>\n  </div>\n  <a name=\"text_document_section\"></a><div class=\"text\">\n   <span>\n    <p class=\"left\">\n     <i>Be it enacted by the Legislature of the state of Utah:</i>\n    </p>\n   </span>\n   <p class=\"indent\">Section 1. Section <b>36-29-113</b> is enacted to read:</p>\n   <p class=\"indent\">\n    <b>36-29-113. Artificial Intelligence in Education Task Force.</b>\n   </p>\n   <p class=\"indent\">\n    <u class=\"amendmentInsertedText\">(1) As used in this section:</u>\n   </p>\n   <p class=\"indent\">\n    <u class=\"amendmentInsertedText\">(a) &quot;Office&quot; means the Office of Artificial Intelligence Policy described in Section 13-70-201.</u>\n   </p>\n   <p class=\"indent\">\n    <u class=\"amendmentInsertedText\">(b) &quot;Task force&quot; means the Artificial Intelligence in Education Task Force created in Subsection (2). </u>\n   </p>\n   <p class=\"indent\">\n    <u class=\"amendmentInsertedText\">(2) This section creates the Artificial Intelligence in Education Task Force.</u>\n   </p>\n   <p class=\"indent\">\n    <u class=\"amendmentInsertedText\">(3) The task force shall consist of the following members:</u>\n   </p>\n   <p class=\"indent\">\n    <u class=\"amendmentInsertedText\">(a) one member of the House of Representatives whom the speaker of the House of Representatives appoints;</u>\n   </p>\n   <p class=\"indent\">\n    <u class=\"amendmentInsertedText\">(b) one member of the Senate whom the president of the Senate appoints;</u>\n   </p>\n   <p class=\"indent\">\n    <u class=\"amendmentInsertedText\">(c) the director of the Office of Artificial Intelligence Policy or the director&#39;s designee;</u>\n   </p>\n   <p class=\"indent\">\n    <u class=\"amendmentInsertedText\">(d) two members whom the chair of the State Board of Education appoints;</u>\n   </p>\n   <p class=\"indent\">\n    <u class=\"amendmentInsertedText\">(e) the commissioner of higher education or the commissioner&#39;s designee;</u>\n   </p>\n   <p class=\"indent\">\n    <u class=\"amendmentInsertedText\">(f) one member who is a teacher at a school within a local education agency whom the chair of the State Board of Education appoints;</u>\n   </p>\n   <p class=\"indent\">\n    <u class=\"amendmentInsertedText\">(g) one member who is an administrator at a school within a local education agency whom the chair of the State Board of Education appoints;</u>\n   </p>\n   <p class=\"indent\">\n    <u class=\"amendmentInsertedText\">(h) two members who are employed at a higher education institution in Utah that the chair of the Utah Board of Higher Education appoints;</u>\n   </p>\n   <p class=\"indent\">\n    <u class=\"amendmentInsertedText\">(i) the chief privacy officer described in Section 63A-19-302, or the chief privacy officer&#39;s designee who has professional expertise in data privacy, including student data privacy; and</u>\n   </p>\n   <p class=\"indent\">\n    <u class=\"amendmentInsertedText\">(j) one industry expert in artificial intelligence whom the director of the Office of Artificial Intelligence Policy appoints. </u>\n   </p>\n   <p class=\"indent\">\n    <u class=\"amendmentInsertedText\">(4) The task force shall select a chair and vice-chair from among its members.</u>\n   </p>\n   <p class=\"indent\">\n    <u class=\"amendmentInsertedText\">(5) A majority of the task force members constitutes a quorum for conducting task force business.</u>\n   </p>\n   <p class=\"indent\">\n    <u class=\"amendmentInsertedText\">(6) A member shall serve a term of four years.</u>\n   </p>\n   <p class=\"indent\">\n    <u class=\"amendmentInsertedText\">(7) When a vacancy occurs in the membership for any reason, the respective appointing authority shall appoint a replacement for the unexpired term.</u>\n   </p>\n   <p class=\"indent\">\n    <u class=\"amendmentInsertedText\">(8) A non-legislative member may not receive compensation or benefits for the member&#39;s service but may receive per diem and travel expenses as allowed in:</u>\n   </p>\n   <p class=\"indent\">\n    <u class=\"amendmentInsertedText\">(a) Section 63A-3-106;</u>\n   </p>\n   <p class=\"indent\">\n    <u class=\"amendmentInsertedText\">(b) Section 63A-3-107; and</u>\n   </p>\n   <p class=\"indent\">\n    <u class=\"amendmentInsertedText\">(c) rules that the Division of Finance makes according to Sections 63A-3-106 and 63A-3-107. </u>\n   </p>\n   <p class=\"indent\">\n    <u class=\"amendmentInsertedText\">(9) The Office of Legislative Research and General Counsel shall provide staff support to the task force.</u>\n   </p>\n   <p class=\"indent\">\n    <u class=\"amendmentInsertedText\">(10) The task force shall:</u>\n   </p>\n   <p class=\"indent\">\n    <u class=\"amendmentInsertedText\">(a) study and make recommendations to the Legislature, public education institutions, and higher education institutions on:</u>\n   </p>\n   <p class=\"indent\">\n    <u class=\"amendmentInsertedText\">(i) policies related to the use of artificial intelligence in education;</u>\n   </p>\n   <p class=\"indent\">\n    <u class=\"amendmentInsertedText\">(ii) guidelines for the implementation of artificial intelligence technologies in educational settings;</u>\n   </p>\n   <p class=\"indent\">\n    <u class=\"amendmentInsertedText\">(iii) protections for student privacy and data security in the context of artificial intelligence use;</u>\n   </p>\n   <p class=\"indent\">\n    <u class=\"amendmentInsertedText\">(iv) strategies for maximizing the beneficial uses of artificial intelligence in both public education and higher education;</u>\n   </p>\n   <p class=\"indent\">\n    <u class=\"amendmentInsertedText\">(v) promoting artificial intelligence literacy among students and staff;</u>\n   </p>\n   <p class=\"indent\">\n    <u class=\"amendmentInsertedText\">(vi) addressing potential risks associated with artificial intelligence use in education, including misinformation and bias;</u>\n   </p>\n   <p class=\"indent\">\n    <u class=\"amendmentInsertedText\">(vii) maintaining student and teacher agency when using artificial intelligence tools;</u>\n   </p>\n   <p class=\"indent\">\n    <u class=\"amendmentInsertedText\">(viii) advancing academic integrity in the context of artificial intelligence use; and</u>\n   </p>\n   <p class=\"indent\">\n    <u class=\"amendmentInsertedText\">(ix) ensuring equitable access to artificial intelligence tools and resources across student populations; </u>\n   </p>\n   <p class=\"indent\">\n    <u class=\"amendmentInsertedText\">(b) monitor national and international trends in artificial intelligence use in education;</u>\n   </p>\n   <p class=\"indent\">\n    <u class=\"amendmentInsertedText\">(c) identify best practices for integrating artificial intelligence into curriculum and instruction;</u>\n   </p>\n   <p class=\"indent\">\n    <u class=\"amendmentInsertedText\">(d) explore opportunities for collaboration between educational institutions and the artificial intelligence industry; and</u>\n   </p>\n   <p class=\"indent\">\n    <u class=\"amendmentInsertedText\">(e) coordinate efforts with the Office of Artificial Intelligence Policy to ensure alignment with statewide artificial intelligence initiatives. </u>\n   </p>\n   <p class=\"indent\">\n    <u class=\"amendmentInsertedText\">(11) The task force shall meet at least quarterly.</u>\n   </p>\n   <p class=\"indent\">\n    <u class=\"amendmentInsertedText\">(12) The chair of the task force may call additional meetings as necessary.</u>\n   </p>\n   <p class=\"indent\">\n    <u class=\"amendmentInsertedText\">(13) The task force shall comply with Title 52, Chapter 4, Open and Public Meetings Act.</u>\n   </p>\n   <p class=\"indent\">\n    <u class=\"amendmentInsertedText\">(14) The task force shall submit an annual report to the Education Interim Committee and the Higher Education Appropriations Subcommittee by November 30 of each year, summarizing the task force&#39;s activities and recommendations.</u>\n   </p>\n   <p class=\"indent\">Section 2. Section <b>63I-1-236</b> is amended to read:</p>\n   <p class=\"indent\">\n    <b>63I-1-236. Repeal dates: Title 36.</b>\n   </p>\n   <p class=\"indent\">(1) Title 36, Chapter 17, Legislative Process Committee, is repealed January 1, 2028.</p>\n   <p class=\"indent\">(2) Section 36-29-111, Public Safety Data Management Task Force, is repealed July 1, 2029.</p>\n   <p class=\"indent\">(3) Title 36, Chapter 28, Veterans and Military Affairs Commission, is repealed January 1, 2030.</p>\n   <p class=\"indent\">(4) Section 36-29-112, Justice Court Reform Task Force, is repealed July 1, 2025.</p>\n   <p class=\"indent\">\n    <u class=\"amendmentInsertedText\">(5) Section 36-29-113, Artificial Intelligence in Education Task Force, is repealed July 1, 2028.</u>\n   </p>\n   <p class=\"indent\">Section 3. <b>Effective date.</b>\n   </p>\n   <p class=\"indent\">\n    <u class=\"amendmentInsertedText\">This bill takes effect on July 1, 2025.</u>\n   </p>\n  </div>\n </div>\n    </div>\t\n<table cellpadding=0 cellspacing=0 width=\"100%\">\n   <tr>\n      <td>\n          Copyright &copy; 2025 State Net\n      </td>\n<BR>\n<!--???MOVED INTO resources.cgi      <td align=\"right\">\n          <img src=\"https://custom.statenet.com/network/poweredby.gif\" alt=\"Powered by State Net\">\n      </td>-->\n\n    </tr>\n</table>\n</body></html>\n",
      "markdown": "The following has special meaning: _green underline denotes added text_ ~~red struck out text denotes deleted text~~ | [![Powered by State Net](https://custom.statenet.com/network/poweredby.gif)](https://www.lexisnexis.com/statenet/)  \n---|---  \n  \n2025 UT H 168 | | Author: | Defay  \n---|---  \nVersion: | Prefiled  \nVersion Date: | 01/10/2025  \n  \n**Artificial Intelligence in Education**\n\n2025 GENERAL SESSION\n\nSTATE OF UTAH\n\n**Chief Sponsor: Ariel Defay**\n\n**LONG TITLE**\n\n**General Description:**\n\nThis bill establishes a task force to guide the implementation and use of\nartificial intelligence in Utah's education system.\n\n**Highlighted Provisions:**\n\nThis bill:\n\n▸ creates the Artificial Intelligence in Education Task Force (task force);\n\n▸ establishes the task force membership;\n\n▸ establishes task force duties focused on artificial intelligence in\neducation;\n\n▸ requires quarterly meetings and annual reporting;\n\n▸ mandates coordination with the Office of Artificial Intelligence Policy; and\n\n▸ includes a sunset clause.\n\n**Money Appropriated in this Bill:**\n\nNone\n\n**Other Special Clauses:**\n\nThis bill provides a special effective date.\n\n**Utah Code Sections Affected:**\n\nAMENDS:\n\n**63I-1-236** , as last amended by Laws of Utah 2024, Chapters 320, 506 and\n507\n\nENACTS:\n\n**36-29-113** , Utah Code Annotated 1953\n\n_Be it enacted by the Legislature of the state of Utah:_\n\nSection 1. Section **36-29-113** is enacted to read:\n\n**36-29-113. Artificial Intelligence in Education Task Force.**\n\n_(1) As used in this section:_\n\n_(a) \"Office\" means the Office of Artificial Intelligence Policy described in\nSection 13-70-201._\n\n_(b) \"Task force\" means the Artificial Intelligence in Education Task Force\ncreated in Subsection (2). _\n\n_(2) This section creates the Artificial Intelligence in Education Task\nForce._\n\n_(3) The task force shall consist of the following members:_\n\n_(a) one member of the House of Representatives whom the speaker of the House\nof Representatives appoints;_\n\n_(b) one member of the Senate whom the president of the Senate appoints;_\n\n_(c) the director of the Office of Artificial Intelligence Policy or the\ndirector 's designee;_\n\n_(d) two members whom the chair of the State Board of Education appoints;_\n\n_(e) the commissioner of higher education or the commissioner 's designee;_\n\n_(f) one member who is a teacher at a school within a local education agency\nwhom the chair of the State Board of Education appoints;_\n\n_(g) one member who is an administrator at a school within a local education\nagency whom the chair of the State Board of Education appoints;_\n\n_(h) two members who are employed at a higher education institution in Utah\nthat the chair of the Utah Board of Higher Education appoints;_\n\n_(i) the chief privacy officer described in Section 63A-19-302, or the chief\nprivacy officer 's designee who has professional expertise in data privacy,\nincluding student data privacy; and_\n\n_(j) one industry expert in artificial intelligence whom the director of the\nOffice of Artificial Intelligence Policy appoints._\n\n_(4) The task force shall select a chair and vice-chair from among its\nmembers._\n\n_(5) A majority of the task force members constitutes a quorum for conducting\ntask force business._\n\n_(6) A member shall serve a term of four years._\n\n_(7) When a vacancy occurs in the membership for any reason, the respective\nappointing authority shall appoint a replacement for the unexpired term._\n\n_(8) A non-legislative member may not receive compensation or benefits for the\nmember 's service but may receive per diem and travel expenses as allowed in:_\n\n_(a) Section 63A-3-106;_\n\n_(b) Section 63A-3-107; and_\n\n_(c) rules that the Division of Finance makes according to Sections 63A-3-106\nand 63A-3-107._\n\n_(9) The Office of Legislative Research and General Counsel shall provide\nstaff support to the task force._\n\n_(10) The task force shall:_\n\n_(a) study and make recommendations to the Legislature, public education\ninstitutions, and higher education institutions on:_\n\n_(i) policies related to the use of artificial intelligence in education;_\n\n_(ii) guidelines for the implementation of artificial intelligence\ntechnologies in educational settings;_\n\n_(iii) protections for student privacy and data security in the context of\nartificial intelligence use;_\n\n_(iv) strategies for maximizing the beneficial uses of artificial intelligence\nin both public education and higher education;_\n\n_(v) promoting artificial intelligence literacy among students and staff;_\n\n_(vi) addressing potential risks associated with artificial intelligence use\nin education, including misinformation and bias;_\n\n_(vii) maintaining student and teacher agency when using artificial\nintelligence tools;_\n\n_(viii) advancing academic integrity in the context of artificial intelligence\nuse; and_\n\n_(ix) ensuring equitable access to artificial intelligence tools and resources\nacross student populations;_\n\n_(b) monitor national and international trends in artificial intelligence use\nin education;_\n\n_(c) identify best practices for integrating artificial intelligence into\ncurriculum and instruction;_\n\n_(d) explore opportunities for collaboration between educational institutions\nand the artificial intelligence industry; and_\n\n_(e) coordinate efforts with the Office of Artificial Intelligence Policy to\nensure alignment with statewide artificial intelligence initiatives._\n\n_(11) The task force shall meet at least quarterly._\n\n_(12) The chair of the task force may call additional meetings as necessary._\n\n_(13) The task force shall comply with Title 52, Chapter 4, Open and Public\nMeetings Act._\n\n_(14) The task force shall submit an annual report to the Education Interim\nCommittee and the Higher Education Appropriations Subcommittee by November 30\nof each year, summarizing the task force 's activities and recommendations._\n\nSection 2. Section **63I-1-236** is amended to read:\n\n**63I-1-236. Repeal dates: Title 36.**\n\n(1) Title 36, Chapter 17, Legislative Process Committee, is repealed January\n1, 2028.\n\n(2) Section 36-29-111, Public Safety Data Management Task Force, is repealed\nJuly 1, 2029.\n\n(3) Title 36, Chapter 28, Veterans and Military Affairs Commission, is\nrepealed January 1, 2030.\n\n(4) Section 36-29-112, Justice Court Reform Task Force, is repealed July 1,\n2025.\n\n_(5) Section 36-29-113, Artificial Intelligence in Education Task Force, is\nrepealed July 1, 2028._\n\nSection 3. **Effective date.**\n\n_This bill takes effect on July 1, 2025._\n\nCopyright (C) 2025 State Net  \n  \n---\n\n",
      "latest_version": false
    },
    {
      "date": "01/21/2025",
      "label": "Introduced",
      "url": "https://custom.statenet.com/public/resources.cgi?mode=show_text&id=ID:bill:UT2025000H168&verid=UT2025000H168_20250121_0_I&",
      "raw_html": "<html>\n<head>\n<title>Bill Resource</title>\n\n<!--   <link href=\"https://custom.statenet.com/network/Common/css/extregtext.css\" rel=\"stylesheet\" type=\"text/css\" />-->\n   <link href=\"https://custom.statenet.com/network/Common/css/xmltext-2.0.css\" rel=\"stylesheet\" type=\"text/css\" />\n   <link href=\"https://custom.statenet.com/network/Common/css/additional-text.css\" rel=\"stylesheet\" type=\"text/css\" />\n\n\t<style type=\"text/css\">\n<!--\n\ntd, body {\n     background-color: white;\n\tfont-family: Verdana, Arial, Helvetica, sans-serif;\n\tfont-size: 12px;\n}\n\n.resourceContainer {\n   border: 1px solid black;\n}\n-->\n</style>\n</head>\n<body>\n\n    <div style=\"width: 750px; margin: auto\">\n       <div style=\"font-size: .8em;margin-bottom: 10px\"><table width=\"100%\"><tr><td align=\"left\" style=\"font-size: .8em;\"><div>The following has special meaning:</div>\n<div><u class=\"amendmentInsertedText\">green underline denotes added text</u></div>\n<div><strike class=\"amendmentDeletedText\">red struck out text denotes deleted text</strike></div></td> <td align=\"right\"><a href=\"https://www.lexisnexis.com/statenet/\"><img alt=\"Powered by State Net\" src=\"https://custom.statenet.com/network/poweredby.gif\" /></a></td></tr></table></div><table id=\"text-identifier\"><tr><td class=\"key\">2025 UT H 168</td> <td><table><tr><td class=\"label\">Author:</td> <td>Defay</td></tr> <tr><td class=\"label\">Version:</td> <td>Introduced</td></tr> <tr><td class=\"label\">Version Date:</td> <td>01/21/2025</td></tr></table></td></tr></table><div class=\"documentBody\">\n  <a name=\"head_document_section\"></a><div class=\"head\">\n   <p class=\"center\">\n    <b>Artificial Intelligence in Education</b>\n   </p>\n   <p class=\"center\">2025 GENERAL SESSION</p>\n   <p class=\"center\">STATE OF UTAH</p>\n   <p class=\"center\">\n    <b>Chief Sponsor: Ariel Defay</b>\n   </p>\n  </div>\n  <a name=\"title_document_section\"></a><div class=\"title\">\n   <p class=\"left\">\n    <b>LONG TITLE</b>\n   </p>\n   <p class=\"left\">\n    <b>General Description:</b>\n   </p>\n   <p class=\"indent\">This bill establishes a task force to guide the implementation and use of artificial intelligence in Utah&#39;s education system.</p>\n  </div>\n  <a name=\"digest_document_section\"></a><div class=\"digest\">\n   <p class=\"left\">\n    <b>Highlighted Provisions:</b>\n   </p>\n   <p class=\"indent\">This bill:</p>\n   <p class=\"indent\">&#x25B8; creates the Artificial Intelligence in Education Task Force (task force);</p>\n   <p class=\"indent\">&#x25B8; establishes the task force membership;</p>\n   <p class=\"indent\">&#x25B8; establishes task force duties focused on artificial intelligence in education;</p>\n   <p class=\"indent\">&#x25B8; requires quarterly meetings and annual reporting;</p>\n   <p class=\"indent\">&#x25B8; mandates coordination with the Office of Artificial Intelligence Policy; and</p>\n   <p class=\"indent\">&#x25B8; includes a sunset clause.</p>\n   <p class=\"left\">\n    <b>Money Appropriated in this Bill:</b>\n   </p>\n   <p class=\"indent\">None</p>\n   <p class=\"left\">\n    <b>Other Special Clauses:</b>\n   </p>\n   <p class=\"indent\">This bill provides a special effective date.</p>\n   <p class=\"left\">\n    <b>Utah Code Sections Affected:</b>\n   </p>\n   <p class=\"left\">AMENDS:</p>\n   <p class=\"indent\">\n    <b>63I-1-236</b>, as last amended by Laws of Utah 2024, Chapters 320, 506 and 507</p>\n   <p class=\"left\">ENACTS:</p>\n   <p class=\"indent\">\n    <b>36-29-113</b>, Utah Code Annotated 1953</p>\n  </div>\n  <a name=\"text_document_section\"></a><div class=\"text\">\n   <span>\n    <p class=\"left\">\n     <i>Be it enacted by the Legislature of the state of Utah:</i>\n    </p>\n   </span>\n   <p class=\"indent\">Section 1. Section <b>36-29-113</b> is enacted to read:</p>\n   <p class=\"indent\">\n    <b>36-29-113. Artificial Intelligence in Education Task Force.</b>\n   </p>\n   <p class=\"indent\">\n    <u class=\"amendmentInsertedText\">(1) As used in this section:</u>\n   </p>\n   <p class=\"indent\">\n    <u class=\"amendmentInsertedText\">(a) &quot;Office&quot; means the Office of Artificial Intelligence Policy described in Section 13-70-201.</u>\n   </p>\n   <p class=\"indent\">\n    <u class=\"amendmentInsertedText\">(b) &quot;Task force&quot; means the Artificial Intelligence in Education Task Force created in Subsection (2). </u>\n   </p>\n   <p class=\"indent\">\n    <u class=\"amendmentInsertedText\">(2) This section creates the Artificial Intelligence in Education Task Force.</u>\n   </p>\n   <p class=\"indent\">\n    <u class=\"amendmentInsertedText\">(3) The task force shall consist of the following members:</u>\n   </p>\n   <p class=\"indent\">\n    <u class=\"amendmentInsertedText\">(a) one member of the House of Representatives whom the speaker of the House of Representatives appoints;</u>\n   </p>\n   <p class=\"indent\">\n    <u class=\"amendmentInsertedText\">(b) one member of the Senate whom the president of the Senate appoints;</u>\n   </p>\n   <p class=\"indent\">\n    <u class=\"amendmentInsertedText\">(c) the director of the Office of Artificial Intelligence Policy or the director&#39;s designee;</u>\n   </p>\n   <p class=\"indent\">\n    <u class=\"amendmentInsertedText\">(d) two members whom the chair of the State Board of Education appoints;</u>\n   </p>\n   <p class=\"indent\">\n    <u class=\"amendmentInsertedText\">(e) the commissioner of higher education or the commissioner&#39;s designee;</u>\n   </p>\n   <p class=\"indent\">\n    <u class=\"amendmentInsertedText\">(f) one member who is a teacher at a school within a local education agency whom the chair of the State Board of Education appoints;</u>\n   </p>\n   <p class=\"indent\">\n    <u class=\"amendmentInsertedText\">(g) one member who is an administrator at a school within a local education agency whom the chair of the State Board of Education appoints;</u>\n   </p>\n   <p class=\"indent\">\n    <u class=\"amendmentInsertedText\">(h) two members who are employed at a higher education institution in Utah that the chair of the Utah Board of Higher Education appoints;</u>\n   </p>\n   <p class=\"indent\">\n    <u class=\"amendmentInsertedText\">(i) the chief privacy officer described in Section 63A-19-302, or the chief privacy officer&#39;s designee who has professional expertise in data privacy, including student data privacy; and</u>\n   </p>\n   <p class=\"indent\">\n    <u class=\"amendmentInsertedText\">(j) one industry expert in artificial intelligence whom the director of the Office of Artificial Intelligence Policy appoints. </u>\n   </p>\n   <p class=\"indent\">\n    <u class=\"amendmentInsertedText\">(4) The task force shall select a chair and vice-chair from among its members.</u>\n   </p>\n   <p class=\"indent\">\n    <u class=\"amendmentInsertedText\">(5) A majority of the task force members constitutes a quorum for conducting task force business.</u>\n   </p>\n   <p class=\"indent\">\n    <u class=\"amendmentInsertedText\">(6) A member shall serve a term of four years.</u>\n   </p>\n   <p class=\"indent\">\n    <u class=\"amendmentInsertedText\">(7) When a vacancy occurs in the membership for any reason, the respective appointing authority shall appoint a replacement for the unexpired term.</u>\n   </p>\n   <p class=\"indent\">\n    <u class=\"amendmentInsertedText\">(8) A non-legislative member may not receive compensation or benefits for the member&#39;s service but may receive per diem and travel expenses as allowed in:</u>\n   </p>\n   <p class=\"indent\">\n    <u class=\"amendmentInsertedText\">(a) Section 63A-3-106;</u>\n   </p>\n   <p class=\"indent\">\n    <u class=\"amendmentInsertedText\">(b) Section 63A-3-107; and</u>\n   </p>\n   <p class=\"indent\">\n    <u class=\"amendmentInsertedText\">(c) rules that the Division of Finance makes according to Sections 63A-3-106 and 63A-3-107. </u>\n   </p>\n   <p class=\"indent\">\n    <u class=\"amendmentInsertedText\">(9) The Office of Legislative Research and General Counsel shall provide staff support to the task force.</u>\n   </p>\n   <p class=\"indent\">\n    <u class=\"amendmentInsertedText\">(10) The task force shall:</u>\n   </p>\n   <p class=\"indent\">\n    <u class=\"amendmentInsertedText\">(a) study and make recommendations to the Legislature, public education institutions, and higher education institutions on:</u>\n   </p>\n   <p class=\"indent\">\n    <u class=\"amendmentInsertedText\">(i) policies related to the use of artificial intelligence in education;</u>\n   </p>\n   <p class=\"indent\">\n    <u class=\"amendmentInsertedText\">(ii) guidelines for the implementation of artificial intelligence technologies in educational settings;</u>\n   </p>\n   <p class=\"indent\">\n    <u class=\"amendmentInsertedText\">(iii) protections for student privacy and data security in the context of artificial intelligence use;</u>\n   </p>\n   <p class=\"indent\">\n    <u class=\"amendmentInsertedText\">(iv) strategies for maximizing the beneficial uses of artificial intelligence in both public education and higher education;</u>\n   </p>\n   <p class=\"indent\">\n    <u class=\"amendmentInsertedText\">(v) promoting artificial intelligence literacy among students and staff;</u>\n   </p>\n   <p class=\"indent\">\n    <u class=\"amendmentInsertedText\">(vi) addressing potential risks associated with artificial intelligence use in education, including misinformation and bias;</u>\n   </p>\n   <p class=\"indent\">\n    <u class=\"amendmentInsertedText\">(vii) maintaining student and teacher agency when using artificial intelligence tools;</u>\n   </p>\n   <p class=\"indent\">\n    <u class=\"amendmentInsertedText\">(viii) advancing academic integrity in the context of artificial intelligence use; and</u>\n   </p>\n   <p class=\"indent\">\n    <u class=\"amendmentInsertedText\">(ix) ensuring equitable access to artificial intelligence tools and resources across student populations; </u>\n   </p>\n   <p class=\"indent\">\n    <u class=\"amendmentInsertedText\">(b) monitor national and international trends in artificial intelligence use in education;</u>\n   </p>\n   <p class=\"indent\">\n    <u class=\"amendmentInsertedText\">(c) identify best practices for integrating artificial intelligence into curriculum and instruction;</u>\n   </p>\n   <p class=\"indent\">\n    <u class=\"amendmentInsertedText\">(d) explore opportunities for collaboration between educational institutions and the artificial intelligence industry; and</u>\n   </p>\n   <p class=\"indent\">\n    <u class=\"amendmentInsertedText\">(e) coordinate efforts with the Office of Artificial Intelligence Policy to ensure alignment with statewide artificial intelligence initiatives. </u>\n   </p>\n   <p class=\"indent\">\n    <u class=\"amendmentInsertedText\">(11) The task force shall meet at least quarterly.</u>\n   </p>\n   <p class=\"indent\">\n    <u class=\"amendmentInsertedText\">(12) The chair of the task force may call additional meetings as necessary.</u>\n   </p>\n   <p class=\"indent\">\n    <u class=\"amendmentInsertedText\">(13) The task force shall comply with Title 52, Chapter 4, Open and Public Meetings Act.</u>\n   </p>\n   <p class=\"indent\">\n    <u class=\"amendmentInsertedText\">(14) The task force shall submit an annual report to the Education Interim Committee and the Higher Education Appropriations Subcommittee by November 30 of each year, summarizing the task force&#39;s activities and recommendations.</u>\n   </p>\n   <p class=\"indent\">Section 2. Section <b>63I-1-236</b> is amended to read:</p>\n   <p class=\"indent\">\n    <b>63I-1-236. Repeal dates: Title 36.</b>\n   </p>\n   <p class=\"indent\">(1) Title 36, Chapter 17, Legislative Process Committee, is repealed January 1, 2028.</p>\n   <p class=\"indent\">(2) Section 36-29-111, Public Safety Data Management Task Force, is repealed July 1, 2029.</p>\n   <p class=\"indent\">(3) Title 36, Chapter 28, Veterans and Military Affairs Commission, is repealed January 1, 2030.</p>\n   <p class=\"indent\">(4) Section 36-29-112, Justice Court Reform Task Force, is repealed July 1, 2025.</p>\n   <p class=\"indent\">\n    <u class=\"amendmentInsertedText\">(5) Section 36-29-113, Artificial Intelligence in Education Task Force, is repealed July 1, 2028.</u>\n   </p>\n   <p class=\"indent\">Section 3. <b>Effective date.</b>\n   </p>\n   <p class=\"indent\">\n    <u class=\"amendmentInsertedText\">This bill takes effect on July 1, 2025.</u>\n   </p>\n  </div>\n </div>\n    </div>\t\n<table cellpadding=0 cellspacing=0 width=\"100%\">\n   <tr>\n      <td>\n          Copyright &copy; 2025 State Net\n      </td>\n<BR>\n<!--???MOVED INTO resources.cgi      <td align=\"right\">\n          <img src=\"https://custom.statenet.com/network/poweredby.gif\" alt=\"Powered by State Net\">\n      </td>-->\n\n    </tr>\n</table>\n</body></html>\n",
      "markdown": "The following has special meaning: _green underline denotes added text_ ~~red struck out text denotes deleted text~~ | [![Powered by State Net](https://custom.statenet.com/network/poweredby.gif)](https://www.lexisnexis.com/statenet/)  \n---|---  \n  \n2025 UT H 168 | | Author: | Defay  \n---|---  \nVersion: | Introduced  \nVersion Date: | 01/21/2025  \n  \n**Artificial Intelligence in Education**\n\n2025 GENERAL SESSION\n\nSTATE OF UTAH\n\n**Chief Sponsor: Ariel Defay**\n\n**LONG TITLE**\n\n**General Description:**\n\nThis bill establishes a task force to guide the implementation and use of\nartificial intelligence in Utah's education system.\n\n**Highlighted Provisions:**\n\nThis bill:\n\n▸ creates the Artificial Intelligence in Education Task Force (task force);\n\n▸ establishes the task force membership;\n\n▸ establishes task force duties focused on artificial intelligence in\neducation;\n\n▸ requires quarterly meetings and annual reporting;\n\n▸ mandates coordination with the Office of Artificial Intelligence Policy; and\n\n▸ includes a sunset clause.\n\n**Money Appropriated in this Bill:**\n\nNone\n\n**Other Special Clauses:**\n\nThis bill provides a special effective date.\n\n**Utah Code Sections Affected:**\n\nAMENDS:\n\n**63I-1-236** , as last amended by Laws of Utah 2024, Chapters 320, 506 and\n507\n\nENACTS:\n\n**36-29-113** , Utah Code Annotated 1953\n\n_Be it enacted by the Legislature of the state of Utah:_\n\nSection 1. Section **36-29-113** is enacted to read:\n\n**36-29-113. Artificial Intelligence in Education Task Force.**\n\n_(1) As used in this section:_\n\n_(a) \"Office\" means the Office of Artificial Intelligence Policy described in\nSection 13-70-201._\n\n_(b) \"Task force\" means the Artificial Intelligence in Education Task Force\ncreated in Subsection (2). _\n\n_(2) This section creates the Artificial Intelligence in Education Task\nForce._\n\n_(3) The task force shall consist of the following members:_\n\n_(a) one member of the House of Representatives whom the speaker of the House\nof Representatives appoints;_\n\n_(b) one member of the Senate whom the president of the Senate appoints;_\n\n_(c) the director of the Office of Artificial Intelligence Policy or the\ndirector 's designee;_\n\n_(d) two members whom the chair of the State Board of Education appoints;_\n\n_(e) the commissioner of higher education or the commissioner 's designee;_\n\n_(f) one member who is a teacher at a school within a local education agency\nwhom the chair of the State Board of Education appoints;_\n\n_(g) one member who is an administrator at a school within a local education\nagency whom the chair of the State Board of Education appoints;_\n\n_(h) two members who are employed at a higher education institution in Utah\nthat the chair of the Utah Board of Higher Education appoints;_\n\n_(i) the chief privacy officer described in Section 63A-19-302, or the chief\nprivacy officer 's designee who has professional expertise in data privacy,\nincluding student data privacy; and_\n\n_(j) one industry expert in artificial intelligence whom the director of the\nOffice of Artificial Intelligence Policy appoints._\n\n_(4) The task force shall select a chair and vice-chair from among its\nmembers._\n\n_(5) A majority of the task force members constitutes a quorum for conducting\ntask force business._\n\n_(6) A member shall serve a term of four years._\n\n_(7) When a vacancy occurs in the membership for any reason, the respective\nappointing authority shall appoint a replacement for the unexpired term._\n\n_(8) A non-legislative member may not receive compensation or benefits for the\nmember 's service but may receive per diem and travel expenses as allowed in:_\n\n_(a) Section 63A-3-106;_\n\n_(b) Section 63A-3-107; and_\n\n_(c) rules that the Division of Finance makes according to Sections 63A-3-106\nand 63A-3-107._\n\n_(9) The Office of Legislative Research and General Counsel shall provide\nstaff support to the task force._\n\n_(10) The task force shall:_\n\n_(a) study and make recommendations to the Legislature, public education\ninstitutions, and higher education institutions on:_\n\n_(i) policies related to the use of artificial intelligence in education;_\n\n_(ii) guidelines for the implementation of artificial intelligence\ntechnologies in educational settings;_\n\n_(iii) protections for student privacy and data security in the context of\nartificial intelligence use;_\n\n_(iv) strategies for maximizing the beneficial uses of artificial intelligence\nin both public education and higher education;_\n\n_(v) promoting artificial intelligence literacy among students and staff;_\n\n_(vi) addressing potential risks associated with artificial intelligence use\nin education, including misinformation and bias;_\n\n_(vii) maintaining student and teacher agency when using artificial\nintelligence tools;_\n\n_(viii) advancing academic integrity in the context of artificial intelligence\nuse; and_\n\n_(ix) ensuring equitable access to artificial intelligence tools and resources\nacross student populations;_\n\n_(b) monitor national and international trends in artificial intelligence use\nin education;_\n\n_(c) identify best practices for integrating artificial intelligence into\ncurriculum and instruction;_\n\n_(d) explore opportunities for collaboration between educational institutions\nand the artificial intelligence industry; and_\n\n_(e) coordinate efforts with the Office of Artificial Intelligence Policy to\nensure alignment with statewide artificial intelligence initiatives._\n\n_(11) The task force shall meet at least quarterly._\n\n_(12) The chair of the task force may call additional meetings as necessary._\n\n_(13) The task force shall comply with Title 52, Chapter 4, Open and Public\nMeetings Act._\n\n_(14) The task force shall submit an annual report to the Education Interim\nCommittee and the Higher Education Appropriations Subcommittee by November 30\nof each year, summarizing the task force 's activities and recommendations._\n\nSection 2. Section **63I-1-236** is amended to read:\n\n**63I-1-236. Repeal dates: Title 36.**\n\n(1) Title 36, Chapter 17, Legislative Process Committee, is repealed January\n1, 2028.\n\n(2) Section 36-29-111, Public Safety Data Management Task Force, is repealed\nJuly 1, 2029.\n\n(3) Title 36, Chapter 28, Veterans and Military Affairs Commission, is\nrepealed January 1, 2030.\n\n(4) Section 36-29-112, Justice Court Reform Task Force, is repealed July 1,\n2025.\n\n_(5) Section 36-29-113, Artificial Intelligence in Education Task Force, is\nrepealed July 1, 2028._\n\nSection 3. **Effective date.**\n\n_This bill takes effect on July 1, 2025._\n\nCopyright (C) 2025 State Net  \n  \n---\n\n",
      "latest_version": false
    },
    {
      "date": "02/18/2025",
      "label": "Amended",
      "url": "https://custom.statenet.com/public/resources.cgi?mode=show_text&id=ID:bill:UT2025000H168&verid=UT2025000H168_20250218_0_A&",
      "raw_html": "<html>\n<head>\n<title>Bill Resource</title>\n\n<!--   <link href=\"https://custom.statenet.com/network/Common/css/extregtext.css\" rel=\"stylesheet\" type=\"text/css\" />-->\n   <link href=\"https://custom.statenet.com/network/Common/css/xmltext-2.0.css\" rel=\"stylesheet\" type=\"text/css\" />\n   <link href=\"https://custom.statenet.com/network/Common/css/additional-text.css\" rel=\"stylesheet\" type=\"text/css\" />\n\n\t<style type=\"text/css\">\n<!--\n\ntd, body {\n     background-color: white;\n\tfont-family: Verdana, Arial, Helvetica, sans-serif;\n\tfont-size: 12px;\n}\n\n.resourceContainer {\n   border: 1px solid black;\n}\n-->\n</style>\n</head>\n<body>\n\n    <div style=\"width: 750px; margin: auto\">\n       <div style=\"font-size: .8em;margin-bottom: 10px\"><table width=\"100%\"><tr><td align=\"left\" style=\"font-size: .8em;\"><div>The following has special meaning:</div>\n<div><u class=\"amendmentInsertedText\">green underline denotes added text</u></div>\n<div><strike class=\"amendmentDeletedText\">red struck out text denotes deleted text</strike></div></td> <td align=\"right\"><a href=\"https://www.lexisnexis.com/statenet/\"><img alt=\"Powered by State Net\" src=\"https://custom.statenet.com/network/poweredby.gif\" /></a></td></tr></table></div><table id=\"text-identifier\"><tr><td class=\"key\">2025 UT H 168</td> <td><table><tr><td class=\"label\">Author:</td> <td>Defay</td></tr> <tr><td class=\"label\">Version:</td> <td>Amended</td></tr> <tr><td class=\"label\">Version Date:</td> <td>02/18/2025</td></tr></table></td></tr></table><div class=\"documentBody\">\n  <a name=\"head_document_section\"></a><div class=\"head\">\n   <p class=\"center\">\n    <b>Artificial Intelligence in Education</b>\n   </p>\n   <p class=\"center\">2025 GENERAL SESSION</p>\n   <p class=\"center\">STATE OF UTAH</p>\n   <p class=\"center\">\n    <b>Chief Sponsor: Ariel Defay</b>\n   </p>\n   <p class=\"center\">Senate Sponsor: Kirk A. Cullimore</p>\n  </div>\n  <a name=\"title_document_section\"></a><div class=\"title\">\n   <p class=\"left\">\n    <b>LONG TITLE</b>\n   </p>\n   <p class=\"left\">\n    <b>General Description:</b>\n   </p>\n   <p class=\"indent\">This bill establishes a task force to guide the implementation and use of artificial intelligence in Utah&#39;s education system.</p>\n  </div>\n  <a name=\"digest_document_section\"></a><div class=\"digest\">\n   <p class=\"left\">\n    <b>Highlighted Provisions:</b>\n   </p>\n   <p class=\"indent\">This bill:</p>\n   <p class=\"indent\">&bull;creates the Artificial Intelligence in Education Task Force (task force);</p>\n   <p class=\"indent\">&bull;establishes the task force membership;</p>\n   <p class=\"indent\">&bull;establishes task force duties focused on artificial intelligence in education;</p>\n   <p class=\"indent\">&bull;requires quarterly meetings and annual reporting;</p>\n   <p class=\"indent\">&bull;mandates coordination with the Office of Artificial Intelligence Policy; and</p>\n   <p class=\"indent\">&bull;includes a sunset clause.</p>\n   <p class=\"left\">\n    <b>Money Appropriated in this Bill:</b>\n   </p>\n   <p class=\"indent\">None</p>\n   <p class=\"left\">\n    <b>Other Special Clauses:</b>\n   </p>\n   <p class=\"indent\">This bill provides a special effective date.</p>\n   <p class=\"left\">\n    <b>Utah Code Sections Affected:</b>\n   </p>\n   <p class=\"left\">AMENDS:</p>\n   <p class=\"indent\">\n    <b>63I-1-236</b>, as last amended by Laws of Utah 2024, Chapters 320, 506 and 507</p>\n   <p class=\"left\">ENACTS:</p>\n   <p class=\"indent\">\n    <b>36-29-113</b>, Utah Code Annotated 1953</p>\n  </div>\n  <a name=\"text_document_section\"></a><div class=\"text\">\n   <span>\n    <p class=\"left\">\n     <i>Be it enacted by the Legislature of the state of Utah:</i>\n    </p>\n   </span>\n   <p class=\"indent\">Section 1, Section <b>36-29-113</b> is enacted to read:</p>\n   <p class=\"indent\">\n    <b>\n     <u class=\"amendmentInsertedText\">36-29-113</u>. Artificial Intelligence in Education Task Force.</b>\n   </p>\n   <p class=\"indent\">\n    <u class=\"amendmentInsertedText\">(1) As used in this section:</u>\n   </p>\n   <p class=\"indent\">\n    <u class=\"amendmentInsertedText\">(a) &quot;Office&quot; means the Office of Artificial Intelligence Policy described in Section</u>\n    <strike class=\"amendmentDeletedText\">13-70-201</strike>\n    <u class=\"amendmentInsertedText\">13-72-201.</u>\n   </p>\n   <p class=\"indent\">\n    <u class=\"amendmentInsertedText\">(b) &quot;Task force&quot; means the Artificial Intelligence in Education Task Force created in Subsection (2).</u>\n   </p>\n   <p class=\"indent\">\n    <u class=\"amendmentInsertedText\">(2) This section creates the Artificial Intelligence in Education Task Force.</u>\n   </p>\n   <p class=\"indent\">\n    <u class=\"amendmentInsertedText\">(3) The task force shall consist of the following members:</u>\n   </p>\n   <p class=\"indent\">\n    <u class=\"amendmentInsertedText\">(a) one member of the House of Representatives whom the speaker of the House of Representatives appoints;</u>\n   </p>\n   <p class=\"indent\">\n    <u class=\"amendmentInsertedText\">(b) one member of the Senate whom the president of the Senate appoints;</u>\n   </p>\n   <p class=\"indent\">\n    <u class=\"amendmentInsertedText\">(c) the director of the Office of Artificial Intelligence Policy or the director&#39;s designee;</u>\n   </p>\n   <p class=\"indent\">\n    <u class=\"amendmentInsertedText\">(d) two members whom the chair of the State Board of Education appoints;</u>\n   </p>\n   <p class=\"indent\">\n    <u class=\"amendmentInsertedText\">(e) the commissioner of higher education or the commissioner&#39;s designee;</u>\n   </p>\n   <p class=\"indent\">\n    <u class=\"amendmentInsertedText\">(f) one member who is a teacher at a school within a local education agency whom the chair of the State Board of Education appoints;</u>\n   </p>\n   <p class=\"indent\">\n    <u class=\"amendmentInsertedText\">(g) one member who is an administrator at a school within a local education agency whom the chair of the State Board of Education appoints;</u>\n   </p>\n   <p class=\"indent\">\n    <u class=\"amendmentInsertedText\">(h) two members who are employed at a higher education institution in Utah that the chair of the Utah Board of Higher Education appoints;</u>\n   </p>\n   <p class=\"indent\">\n    <u class=\"amendmentInsertedText\">(i) the chief privacy officer described in Section 63A-19-302 , or the chief privacy officer&#39;s designee who has professional expertise in data privacy, including student data privacy; and</u>\n   </p>\n   <p class=\"indent\">\n    <u class=\"amendmentInsertedText\">(j) one industry expert in artificial intelligence whom the director of the Office of Artificial Intelligence Policy appoints.</u>\n   </p>\n   <p class=\"indent\">\n    <u class=\"amendmentInsertedText\">(4) The task force shall select a chair and vice-chair from among its members.</u>\n   </p>\n   <p class=\"indent\">\n    <u class=\"amendmentInsertedText\">(5) A majority of the task force members constitutes a quorum for conducting task force business.</u>\n   </p>\n   <p class=\"indent\">\n    <u class=\"amendmentInsertedText\">(6) A member shall serve a term of four years.</u>\n   </p>\n   <p class=\"indent\">\n    <u class=\"amendmentInsertedText\">(7) When a vacancy occurs in the membership for any reason, the respective appointing authority shall appoint a replacement for the unexpired term.</u>\n   </p>\n   <p class=\"indent\">\n    <u class=\"amendmentInsertedText\">(8) A non-legislative member may not receive compensation or benefits for the member&#39;s service but may receive per diem and travel expenses as allowed in:</u>\n   </p>\n   <p class=\"indent\">\n    <u class=\"amendmentInsertedText\">(a) Section 63A-3-106 ;</u>\n   </p>\n   <p class=\"indent\">\n    <u class=\"amendmentInsertedText\">(b) Section 63A-3-107 ; and</u>\n   </p>\n   <p class=\"indent\">\n    <u class=\"amendmentInsertedText\">(c) rules that the Division of Finance makes according to Sections 63A-3-106 and 63A-3-107 .</u>\n   </p>\n   <p class=\"indent\">\n    <u class=\"amendmentInsertedText\">(9) The Office of Legislative Research and General Counsel shall provide staff support to the task force.</u>\n   </p>\n   <p class=\"indent\">\n    <u class=\"amendmentInsertedText\">(10) The task force shall:</u>\n   </p>\n   <p class=\"indent\">\n    <u class=\"amendmentInsertedText\">(a) study and make recommendations to the Legislature, public education institutions, and higher education institutions on:</u>\n   </p>\n   <p class=\"indent\">\n    <u class=\"amendmentInsertedText\">(i) policies related to the use of artificial intelligence in education;</u>\n   </p>\n   <p class=\"indent\">\n    <u class=\"amendmentInsertedText\">(ii) guidelines for the implementation of artificial intelligence technologies in educational settings;</u>\n   </p>\n   <p class=\"indent\">\n    <u class=\"amendmentInsertedText\">(iii) protections for student privacy and data security in the context of artificial intelligence use;</u>\n   </p>\n   <p class=\"indent\">\n    <u class=\"amendmentInsertedText\">(iv) strategies for maximizing the beneficial uses of artificial intelligence in both public education and higher education;</u>\n   </p>\n   <p class=\"indent\">\n    <u class=\"amendmentInsertedText\">(v) promoting artificial intelligence literacy among students and staff;</u>\n   </p>\n   <p class=\"indent\">\n    <u class=\"amendmentInsertedText\">(vi) addressing potential risks associated with artificial intelligence use in education, including misinformation and bias;</u>\n   </p>\n   <p class=\"indent\">\n    <u class=\"amendmentInsertedText\">(vii) maintaining student and teacher agency when using artificial intelligence tools;</u>\n   </p>\n   <p class=\"indent\">\n    <u class=\"amendmentInsertedText\">(viii) advancing academic integrity in the context of artificial intelligence use; and</u>\n   </p>\n   <p class=\"indent\">\n    <u class=\"amendmentInsertedText\">(ix) ensuring equitable access to artificial intelligence tools and resources across student populations;</u>\n   </p>\n   <p class=\"indent\">\n    <u class=\"amendmentInsertedText\">(b) monitor national and international trends in artificial intelligence use in education;</u>\n   </p>\n   <p class=\"indent\">\n    <u class=\"amendmentInsertedText\">(c) identify best practices for integrating artificial intelligence into curriculum and instruction;</u>\n   </p>\n   <p class=\"indent\">\n    <u class=\"amendmentInsertedText\">(d) explore opportunities for collaboration between educational institutions and the artificial intelligence industry; and</u>\n   </p>\n   <p class=\"indent\">\n    <u class=\"amendmentInsertedText\">(e) coordinate efforts with the Office of Artificial Intelligence Policy to ensure alignment with statewide artificial intelligence initiatives.</u>\n   </p>\n   <p class=\"indent\">\n    <u class=\"amendmentInsertedText\">(11) The task force shall meet at least quarterly.</u>\n   </p>\n   <p class=\"indent\">\n    <u class=\"amendmentInsertedText\">(12) The chair of the task force may call additional meetings as necessary.</u>\n   </p>\n   <p class=\"indent\">\n    <u class=\"amendmentInsertedText\">(13) The task force shall comply with Title 52, Chapter 4, Open and Public Meetings Act.</u>\n   </p>\n   <p class=\"indent\">\n    <u class=\"amendmentInsertedText\">(14) The task force shall submit an annual report to the Education Interim Committee and the Higher Education Appropriations Subcommittee by November 30 of each year, summarizing the task force&#39;s activities and recommendations.</u>\n   </p>\n   <p class=\"indent\">Section 2, Section <b>63I-1-236</b> is amended to read:</p>\n   <p class=\"indent\">\n    <b>63I-1-236. Repeal dates: Title 36.</b>\n   </p>\n   <p class=\"indent\">(1) Title 36, Chapter 17, Legislative Process Committee, is repealed January 1, 2028.</p>\n   <p class=\"indent\">(2) Section 36-29-111 , Public Safety Data Management Task Force, is repealed July 1, 2029.</p>\n   <p class=\"indent\">(3) Title 36, Chapter 28, Veterans and Military Affairs Commission, is repealed January 1, 2030.</p>\n   <p class=\"indent\">(4) Section 36-29-112 , Justice Court Reform Task Force, is repealed July 1, 2025.</p>\n   <p class=\"indent\">\n    <u class=\"amendmentInsertedText\">(5) Section 36-29-113 , Artificial Intelligence in Education Task Force, is repealed July 1, 2028.</u>\n   </p>\n   <p class=\"indent\">Section 3. <b>Effective date.</b>\n   </p>\n   <p class=\"indent\">\n    <u class=\"amendmentInsertedText\">This bill takes effect on July 1, 2025 .</u>\n   </p>\n  </div>\n </div>\n    </div>\t\n<table cellpadding=0 cellspacing=0 width=\"100%\">\n   <tr>\n      <td>\n          Copyright &copy; 2025 State Net\n      </td>\n<BR>\n<!--???MOVED INTO resources.cgi      <td align=\"right\">\n          <img src=\"https://custom.statenet.com/network/poweredby.gif\" alt=\"Powered by State Net\">\n      </td>-->\n\n    </tr>\n</table>\n</body></html>\n",
      "markdown": "The following has special meaning: _green underline denotes added text_ ~~red struck out text denotes deleted text~~ | [![Powered by State Net](https://custom.statenet.com/network/poweredby.gif)](https://www.lexisnexis.com/statenet/)  \n---|---  \n  \n2025 UT H 168 | | Author: | Defay  \n---|---  \nVersion: | Amended  \nVersion Date: | 02/18/2025  \n  \n**Artificial Intelligence in Education**\n\n2025 GENERAL SESSION\n\nSTATE OF UTAH\n\n**Chief Sponsor: Ariel Defay**\n\nSenate Sponsor: Kirk A. Cullimore\n\n**LONG TITLE**\n\n**General Description:**\n\nThis bill establishes a task force to guide the implementation and use of\nartificial intelligence in Utah's education system.\n\n**Highlighted Provisions:**\n\nThis bill:\n\n•creates the Artificial Intelligence in Education Task Force (task force);\n\n•establishes the task force membership;\n\n•establishes task force duties focused on artificial intelligence in\neducation;\n\n•requires quarterly meetings and annual reporting;\n\n•mandates coordination with the Office of Artificial Intelligence Policy; and\n\n•includes a sunset clause.\n\n**Money Appropriated in this Bill:**\n\nNone\n\n**Other Special Clauses:**\n\nThis bill provides a special effective date.\n\n**Utah Code Sections Affected:**\n\nAMENDS:\n\n**63I-1-236** , as last amended by Laws of Utah 2024, Chapters 320, 506 and\n507\n\nENACTS:\n\n**36-29-113** , Utah Code Annotated 1953\n\n_Be it enacted by the Legislature of the state of Utah:_\n\nSection 1, Section **36-29-113** is enacted to read:\n\n**_36-29-113_. Artificial Intelligence in Education Task Force.**\n\n_(1) As used in this section:_\n\n_(a) \"Office\" means the Office of Artificial Intelligence Policy described in\nSection_ ~~13-70-201~~ _13-72-201._\n\n_(b) \"Task force\" means the Artificial Intelligence in Education Task Force\ncreated in Subsection (2)._\n\n_(2) This section creates the Artificial Intelligence in Education Task\nForce._\n\n_(3) The task force shall consist of the following members:_\n\n_(a) one member of the House of Representatives whom the speaker of the House\nof Representatives appoints;_\n\n_(b) one member of the Senate whom the president of the Senate appoints;_\n\n_(c) the director of the Office of Artificial Intelligence Policy or the\ndirector 's designee;_\n\n_(d) two members whom the chair of the State Board of Education appoints;_\n\n_(e) the commissioner of higher education or the commissioner 's designee;_\n\n_(f) one member who is a teacher at a school within a local education agency\nwhom the chair of the State Board of Education appoints;_\n\n_(g) one member who is an administrator at a school within a local education\nagency whom the chair of the State Board of Education appoints;_\n\n_(h) two members who are employed at a higher education institution in Utah\nthat the chair of the Utah Board of Higher Education appoints;_\n\n_(i) the chief privacy officer described in Section 63A-19-302 , or the chief\nprivacy officer 's designee who has professional expertise in data privacy,\nincluding student data privacy; and_\n\n_(j) one industry expert in artificial intelligence whom the director of the\nOffice of Artificial Intelligence Policy appoints._\n\n_(4) The task force shall select a chair and vice-chair from among its\nmembers._\n\n_(5) A majority of the task force members constitutes a quorum for conducting\ntask force business._\n\n_(6) A member shall serve a term of four years._\n\n_(7) When a vacancy occurs in the membership for any reason, the respective\nappointing authority shall appoint a replacement for the unexpired term._\n\n_(8) A non-legislative member may not receive compensation or benefits for the\nmember 's service but may receive per diem and travel expenses as allowed in:_\n\n_(a) Section 63A-3-106 ;_\n\n_(b) Section 63A-3-107 ; and_\n\n_(c) rules that the Division of Finance makes according to Sections 63A-3-106\nand 63A-3-107 ._\n\n_(9) The Office of Legislative Research and General Counsel shall provide\nstaff support to the task force._\n\n_(10) The task force shall:_\n\n_(a) study and make recommendations to the Legislature, public education\ninstitutions, and higher education institutions on:_\n\n_(i) policies related to the use of artificial intelligence in education;_\n\n_(ii) guidelines for the implementation of artificial intelligence\ntechnologies in educational settings;_\n\n_(iii) protections for student privacy and data security in the context of\nartificial intelligence use;_\n\n_(iv) strategies for maximizing the beneficial uses of artificial intelligence\nin both public education and higher education;_\n\n_(v) promoting artificial intelligence literacy among students and staff;_\n\n_(vi) addressing potential risks associated with artificial intelligence use\nin education, including misinformation and bias;_\n\n_(vii) maintaining student and teacher agency when using artificial\nintelligence tools;_\n\n_(viii) advancing academic integrity in the context of artificial intelligence\nuse; and_\n\n_(ix) ensuring equitable access to artificial intelligence tools and resources\nacross student populations;_\n\n_(b) monitor national and international trends in artificial intelligence use\nin education;_\n\n_(c) identify best practices for integrating artificial intelligence into\ncurriculum and instruction;_\n\n_(d) explore opportunities for collaboration between educational institutions\nand the artificial intelligence industry; and_\n\n_(e) coordinate efforts with the Office of Artificial Intelligence Policy to\nensure alignment with statewide artificial intelligence initiatives._\n\n_(11) The task force shall meet at least quarterly._\n\n_(12) The chair of the task force may call additional meetings as necessary._\n\n_(13) The task force shall comply with Title 52, Chapter 4, Open and Public\nMeetings Act._\n\n_(14) The task force shall submit an annual report to the Education Interim\nCommittee and the Higher Education Appropriations Subcommittee by November 30\nof each year, summarizing the task force 's activities and recommendations._\n\nSection 2, Section **63I-1-236** is amended to read:\n\n**63I-1-236. Repeal dates: Title 36.**\n\n(1) Title 36, Chapter 17, Legislative Process Committee, is repealed January\n1, 2028.\n\n(2) Section 36-29-111 , Public Safety Data Management Task Force, is repealed\nJuly 1, 2029.\n\n(3) Title 36, Chapter 28, Veterans and Military Affairs Commission, is\nrepealed January 1, 2030.\n\n(4) Section 36-29-112 , Justice Court Reform Task Force, is repealed July 1,\n2025.\n\n_(5) Section 36-29-113 , Artificial Intelligence in Education Task Force, is\nrepealed July 1, 2028._\n\nSection 3. **Effective date.**\n\n_This bill takes effect on July 1, 2025 ._\n\nCopyright (C) 2025 State Net  \n  \n---\n\n",
      "latest_version": false
    },
    {
      "date": "02/24/2025",
      "label": "Amended",
      "url": "https://custom.statenet.com/public/resources.cgi?mode=show_text&id=ID:bill:UT2025000H168&verid=UT2025000H168_20250224_0_A&",
      "raw_html": "<html>\n<head>\n<title>Bill Resource</title>\n\n<!--   <link href=\"https://custom.statenet.com/network/Common/css/extregtext.css\" rel=\"stylesheet\" type=\"text/css\" />-->\n   <link href=\"https://custom.statenet.com/network/Common/css/xmltext-2.0.css\" rel=\"stylesheet\" type=\"text/css\" />\n   <link href=\"https://custom.statenet.com/network/Common/css/additional-text.css\" rel=\"stylesheet\" type=\"text/css\" />\n\n\t<style type=\"text/css\">\n<!--\n\ntd, body {\n     background-color: white;\n\tfont-family: Verdana, Arial, Helvetica, sans-serif;\n\tfont-size: 12px;\n}\n\n.resourceContainer {\n   border: 1px solid black;\n}\n-->\n</style>\n</head>\n<body>\n\n    <div style=\"width: 750px; margin: auto\">\n       <div style=\"font-size: .8em;margin-bottom: 10px\"><table width=\"100%\"><tr><td align=\"left\" style=\"font-size: .8em;\"><div>The following has special meaning:</div>\n<div><u class=\"amendmentInsertedText\">green underline denotes added text</u></div>\n<div><strike class=\"amendmentDeletedText\">red struck out text denotes deleted text</strike></div></td> <td align=\"right\"><a href=\"https://www.lexisnexis.com/statenet/\"><img alt=\"Powered by State Net\" src=\"https://custom.statenet.com/network/poweredby.gif\" /></a></td></tr></table></div><table id=\"text-identifier\"><tr><td class=\"key\">2025 UT H 168</td> <td><table><tr><td class=\"label\">Author:</td> <td>Defay</td></tr> <tr><td class=\"label\">Version:</td> <td>Amended</td></tr> <tr><td class=\"label\">Version Date:</td> <td>02/24/2025</td></tr></table></td></tr></table><div class=\"documentBody\">\n  <a name=\"head_document_section\"></a><div class=\"head\">\n   <p class=\"center\">\n    <b>Artificial Intelligence in Education</b>\n   </p>\n   <p class=\"center\">2025 GENERAL SESSION</p>\n   <p class=\"center\">STATE OF UTAH</p>\n   <p class=\"center\">\n    <b>Chief Sponsor: Ariel Defay</b>\n   </p>\n   <p class=\"center\">Senate Sponsor: Kirk A. Cullimore</p>\n  </div>\n  <a name=\"title_document_section\"></a><div class=\"title\">\n   <p class=\"left\">\n    <b>LONG TITLE</b>\n   </p>\n   <p class=\"left\">\n    <b>General Description:</b>\n   </p>\n   <p class=\"indent\">This bill establishes a task force to guide the implementation and use of artificial intelligence in Utah&#39;s education system.</p>\n  </div>\n  <a name=\"digest_document_section\"></a><div class=\"digest\">\n   <p class=\"left\">\n    <b>Highlighted Provisions:</b>\n   </p>\n   <p class=\"indent\">This bill:</p>\n   <p class=\"indent\">&bull;creates the Artificial Intelligence in Education Task Force (task force);</p>\n   <p class=\"indent\">&bull;establishes the task force membership;</p>\n   <p class=\"indent\">&bull;establishes task force duties focused on artificial intelligence in education;</p>\n   <p class=\"indent\">&bull;requires quarterly meetings and annual reporting;</p>\n   <p class=\"indent\">&bull;mandates coordination with the Office of Artificial Intelligence Policy; and</p>\n   <p class=\"indent\">&bull;includes a sunset clause.</p>\n   <p class=\"left\">\n    <b>Money Appropriated in this Bill:</b>\n   </p>\n   <p class=\"indent\">None</p>\n   <p class=\"left\">\n    <b>Other Special Clauses:</b>\n   </p>\n   <p class=\"indent\">This bill provides a special effective date.</p>\n   <p class=\"left\">\n    <b>Utah Code Sections Affected:</b>\n   </p>\n   <p class=\"left\">AMENDS:</p>\n   <p class=\"indent\">\n    <b>63I-1-236</b>, as last amended by Laws of Utah 2024, Chapters 320, 506 and 507</p>\n   <p class=\"left\">ENACTS:</p>\n   <p class=\"indent\">\n    <b>36-29-113</b>, Utah Code Annotated 1953</p>\n  </div>\n  <a name=\"text_document_section\"></a><div class=\"text\">\n   <span>\n    <p class=\"left\">\n     <i>Be it enacted by the Legislature of the state of Utah:</i>\n    </p>\n   </span>\n   <p class=\"indent\">Section 1, Section <b>36-29-113</b> is enacted to read:</p>\n   <p class=\"indent\">\n    <b>\n     <u class=\"amendmentInsertedText\">36-29-113</u>. Artificial Intelligence in Education Task Force.</b>\n   </p>\n   <p class=\"indent\">\n    <u class=\"amendmentInsertedText\">(1) As used in this section:</u>\n   </p>\n   <p class=\"indent\">\n    <u class=\"amendmentInsertedText\">(a) &quot;Office&quot; means the Office of Artificial Intelligence Policy described in Section</u>\n    <strike class=\"amendmentDeletedText\">13-70-201</strike>\n    <u class=\"amendmentInsertedText\">13-72-201.</u>\n   </p>\n   <p class=\"indent\">\n    <u class=\"amendmentInsertedText\">(b) &quot;Task force&quot; means the Artificial Intelligence in Education Task Force created in Subsection (2).</u>\n   </p>\n   <p class=\"indent\">\n    <u class=\"amendmentInsertedText\">(2) This section creates the Artificial Intelligence in Education Task Force.</u>\n   </p>\n   <p class=\"indent\">\n    <u class=\"amendmentInsertedText\">(3) The task force shall consist of the following members:</u>\n   </p>\n   <p class=\"indent\">\n    <u class=\"amendmentInsertedText\">(a) one member of the House of Representatives whom the speaker of the House of Representatives appoints;</u>\n   </p>\n   <p class=\"indent\">\n    <u class=\"amendmentInsertedText\">(b) one member of the Senate whom the president of the Senate appoints;</u>\n   </p>\n   <p class=\"indent\">\n    <u class=\"amendmentInsertedText\">(c) the director of the Office of Artificial Intelligence Policy or the director&#39;s designee;</u>\n   </p>\n   <p class=\"indent\">\n    <u class=\"amendmentInsertedText\">(d)</u>\n    <strike class=\"amendmentDeletedText\">two</strike>\n    <u class=\"amendmentInsertedText\">three members whom the chair of the State Board of Education appoints</u>\n    <strike class=\"amendmentDeletedText\">, one of whom shall be a parent</strike>\n    <u class=\"amendmentInsertedText\">;</u>\n   </p>\n   <p class=\"indent\">\n    <u class=\"amendmentInsertedText\">(e) the commissioner of higher education or the commissioner&#39;s designee;</u>\n   </p>\n   <p class=\"indent\">\n    <u class=\"amendmentInsertedText\">(f) one member who is a teacher at a school within a local education agency whom the chair of the State Board of Education appoints;</u>\n   </p>\n   <p class=\"indent\">\n    <u class=\"amendmentInsertedText\">(g) one member who is an administrator at a school within a local education agency whom the chair of the State Board of Education appoints;</u>\n   </p>\n   <p class=\"indent\">\n    <u class=\"amendmentInsertedText\">(h) two members who are employed at a higher education institution in Utah that the chair of the Utah Board of Higher Education appoints;</u>\n   </p>\n   <p class=\"indent\">\n    <u class=\"amendmentInsertedText\">(i) the chief privacy officer described in Section 63A-19-302 , or the chief privacy officer&#39;s designee who has professional expertise in data privacy, including student data privacy; and</u>\n   </p>\n   <p class=\"indent\">\n    <u class=\"amendmentInsertedText\">(j) one industry expert in artificial intelligence whom the director of the Office of Artificial Intelligence Policy appoints.</u>\n   </p>\n   <p class=\"indent\">\n    <u class=\"amendmentInsertedText\">(4) The task force shall select a chair and vice-chair from among its members.</u>\n   </p>\n   <p class=\"indent\">\n    <u class=\"amendmentInsertedText\">(5) A majority of the task force members constitutes a quorum for conducting task force business.</u>\n   </p>\n   <p class=\"indent\">\n    <u class=\"amendmentInsertedText\">(6) A member shall serve a term of four years.</u>\n   </p>\n   <p class=\"indent\">\n    <u class=\"amendmentInsertedText\">(7) When a vacancy occurs in the membership for any reason, the respective appointing authority shall appoint a replacement for the unexpired term.</u>\n   </p>\n   <p class=\"indent\">\n    <u class=\"amendmentInsertedText\">(8) A non-legislative member may not receive compensation or benefits for the member&#39;s service but may receive per diem and travel expenses as allowed in:</u>\n   </p>\n   <p class=\"indent\">\n    <u class=\"amendmentInsertedText\">(a) Section 63A-3-106 ;</u>\n   </p>\n   <p class=\"indent\">\n    <u class=\"amendmentInsertedText\">(b) Section 63A-3-107 ; and</u>\n   </p>\n   <p class=\"indent\">\n    <u class=\"amendmentInsertedText\">(c) rules that the Division of Finance makes according to Sections 63A-3-106 and 63A-3-107 .</u>\n   </p>\n   <p class=\"indent\">\n    <u class=\"amendmentInsertedText\">(9) The Office of Legislative Research and General Counsel shall provide staff support to the task force.</u>\n   </p>\n   <p class=\"indent\">\n    <u class=\"amendmentInsertedText\">(10) The task force shall:</u>\n   </p>\n   <p class=\"indent\">\n    <u class=\"amendmentInsertedText\">(a) study and make recommendations to the Legislature, public education institutions, and higher education institutions on:</u>\n   </p>\n   <p class=\"indent\">\n    <u class=\"amendmentInsertedText\">(i) policies related to the use of artificial intelligence in education;</u>\n   </p>\n   <p class=\"indent\">\n    <u class=\"amendmentInsertedText\">(ii) guidelines for the implementation of artificial intelligence technologies in educational settings;</u>\n   </p>\n   <p class=\"indent\">\n    <u class=\"amendmentInsertedText\">(iii) protections for student privacy and data security in the context of artificial intelligence use;</u>\n   </p>\n   <p class=\"indent\">\n    <u class=\"amendmentInsertedText\">(iv) strategies for maximizing the beneficial uses of artificial intelligence in both public education and higher education;</u>\n   </p>\n   <p class=\"indent\">\n    <u class=\"amendmentInsertedText\">(v) promoting artificial intelligence literacy among students and staff;</u>\n   </p>\n   <p class=\"indent\">\n    <u class=\"amendmentInsertedText\">(vi) addressing potential risks associated with artificial intelligence use in education, including misinformation and bias;</u>\n   </p>\n   <p class=\"indent\">\n    <u class=\"amendmentInsertedText\">(vii) maintaining student and teacher agency when using artificial intelligence tools;</u>\n   </p>\n   <p class=\"indent\">\n    <u class=\"amendmentInsertedText\">(viii) advancing academic integrity in the context of artificial intelligence use; and</u>\n   </p>\n   <p class=\"indent\">\n    <u class=\"amendmentInsertedText\">(ix) ensuring equitable access to artificial intelligence tools and resources across student populations;</u>\n   </p>\n   <p class=\"indent\">\n    <u class=\"amendmentInsertedText\">(b) monitor national and international trends in artificial intelligence use in education;</u>\n   </p>\n   <p class=\"indent\">\n    <u class=\"amendmentInsertedText\">(c) identify best practices for integrating artificial intelligence into curriculum and instruction;</u>\n   </p>\n   <p class=\"indent\">\n    <u class=\"amendmentInsertedText\">(d) explore opportunities for collaboration between educational institutions and the artificial intelligence industry; and</u>\n   </p>\n   <p class=\"indent\">\n    <u class=\"amendmentInsertedText\">(e) coordinate efforts with the Office of Artificial Intelligence Policy to ensure alignment with statewide artificial intelligence initiatives.</u>\n   </p>\n   <p class=\"indent\">\n    <u class=\"amendmentInsertedText\">(11) The task force shall meet at least quarterly.</u>\n   </p>\n   <p class=\"indent\">\n    <u class=\"amendmentInsertedText\">(12) The chair of the task force may call additional meetings as necessary.</u>\n   </p>\n   <p class=\"indent\">\n    <u class=\"amendmentInsertedText\">(13) The task force shall comply with Title 52, Chapter 4, Open and Public Meetings Act.</u>\n   </p>\n   <p class=\"indent\">\n    <u class=\"amendmentInsertedText\">(14) The task force shall submit an annual report to the Education Interim Committee and the Higher Education Appropriations Subcommittee by November 30 of each year, summarizing the task force&#39;s activities and recommendations.</u>\n   </p>\n   <p class=\"indent\">Section 2, Section <b>63I-1-236</b> is amended to read:</p>\n   <p class=\"indent\">\n    <b>63I-1-236. Repeal dates: Title 36.</b>\n   </p>\n   <p class=\"indent\">(1) Title 36, Chapter 17, Legislative Process Committee, is repealed January 1, 2028.</p>\n   <p class=\"indent\">(2) Section 36-29-111 , Public Safety Data Management Task Force, is repealed July 1, 2029.</p>\n   <p class=\"indent\">(3) Title 36, Chapter 28, Veterans and Military Affairs Commission, is repealed January 1, 2030.</p>\n   <p class=\"indent\">(4) Section 36-29-112 , Justice Court Reform Task Force, is repealed July 1, 2025.</p>\n   <p class=\"indent\">\n    <u class=\"amendmentInsertedText\">(5) Section 36-29-113 , Artificial Intelligence in Education Task Force, is repealed July 1, 2028.</u>\n   </p>\n   <p class=\"indent\">Section 3. <b>Effective date.</b>\n   </p>\n   <p class=\"indent\">\n    <u class=\"amendmentInsertedText\">This bill takes effect on July 1, 2025 .</u>\n   </p>\n  </div>\n </div>\n    </div>\t\n<table cellpadding=0 cellspacing=0 width=\"100%\">\n   <tr>\n      <td>\n          Copyright &copy; 2025 State Net\n      </td>\n<BR>\n<!--???MOVED INTO resources.cgi      <td align=\"right\">\n          <img src=\"https://custom.statenet.com/network/poweredby.gif\" alt=\"Powered by State Net\">\n      </td>-->\n\n    </tr>\n</table>\n</body></html>\n",
      "markdown": "The following has special meaning: _green underline denotes added text_ ~~red struck out text denotes deleted text~~ | [![Powered by State Net](https://custom.statenet.com/network/poweredby.gif)](https://www.lexisnexis.com/statenet/)  \n---|---  \n  \n2025 UT H 168 | | Author: | Defay  \n---|---  \nVersion: | Amended  \nVersion Date: | 02/24/2025  \n  \n**Artificial Intelligence in Education**\n\n2025 GENERAL SESSION\n\nSTATE OF UTAH\n\n**Chief Sponsor: Ariel Defay**\n\nSenate Sponsor: Kirk A. Cullimore\n\n**LONG TITLE**\n\n**General Description:**\n\nThis bill establishes a task force to guide the implementation and use of\nartificial intelligence in Utah's education system.\n\n**Highlighted Provisions:**\n\nThis bill:\n\n•creates the Artificial Intelligence in Education Task Force (task force);\n\n•establishes the task force membership;\n\n•establishes task force duties focused on artificial intelligence in\neducation;\n\n•requires quarterly meetings and annual reporting;\n\n•mandates coordination with the Office of Artificial Intelligence Policy; and\n\n•includes a sunset clause.\n\n**Money Appropriated in this Bill:**\n\nNone\n\n**Other Special Clauses:**\n\nThis bill provides a special effective date.\n\n**Utah Code Sections Affected:**\n\nAMENDS:\n\n**63I-1-236** , as last amended by Laws of Utah 2024, Chapters 320, 506 and\n507\n\nENACTS:\n\n**36-29-113** , Utah Code Annotated 1953\n\n_Be it enacted by the Legislature of the state of Utah:_\n\nSection 1, Section **36-29-113** is enacted to read:\n\n**_36-29-113_. Artificial Intelligence in Education Task Force.**\n\n_(1) As used in this section:_\n\n_(a) \"Office\" means the Office of Artificial Intelligence Policy described in\nSection_ ~~13-70-201~~ _13-72-201._\n\n_(b) \"Task force\" means the Artificial Intelligence in Education Task Force\ncreated in Subsection (2)._\n\n_(2) This section creates the Artificial Intelligence in Education Task\nForce._\n\n_(3) The task force shall consist of the following members:_\n\n_(a) one member of the House of Representatives whom the speaker of the House\nof Representatives appoints;_\n\n_(b) one member of the Senate whom the president of the Senate appoints;_\n\n_(c) the director of the Office of Artificial Intelligence Policy or the\ndirector 's designee;_\n\n_(d)_ ~~two~~ _three members whom the chair of the State Board of Education\nappoints_ ~~, one of whom shall be a parent~~ _;_\n\n_(e) the commissioner of higher education or the commissioner 's designee;_\n\n_(f) one member who is a teacher at a school within a local education agency\nwhom the chair of the State Board of Education appoints;_\n\n_(g) one member who is an administrator at a school within a local education\nagency whom the chair of the State Board of Education appoints;_\n\n_(h) two members who are employed at a higher education institution in Utah\nthat the chair of the Utah Board of Higher Education appoints;_\n\n_(i) the chief privacy officer described in Section 63A-19-302 , or the chief\nprivacy officer 's designee who has professional expertise in data privacy,\nincluding student data privacy; and_\n\n_(j) one industry expert in artificial intelligence whom the director of the\nOffice of Artificial Intelligence Policy appoints._\n\n_(4) The task force shall select a chair and vice-chair from among its\nmembers._\n\n_(5) A majority of the task force members constitutes a quorum for conducting\ntask force business._\n\n_(6) A member shall serve a term of four years._\n\n_(7) When a vacancy occurs in the membership for any reason, the respective\nappointing authority shall appoint a replacement for the unexpired term._\n\n_(8) A non-legislative member may not receive compensation or benefits for the\nmember 's service but may receive per diem and travel expenses as allowed in:_\n\n_(a) Section 63A-3-106 ;_\n\n_(b) Section 63A-3-107 ; and_\n\n_(c) rules that the Division of Finance makes according to Sections 63A-3-106\nand 63A-3-107 ._\n\n_(9) The Office of Legislative Research and General Counsel shall provide\nstaff support to the task force._\n\n_(10) The task force shall:_\n\n_(a) study and make recommendations to the Legislature, public education\ninstitutions, and higher education institutions on:_\n\n_(i) policies related to the use of artificial intelligence in education;_\n\n_(ii) guidelines for the implementation of artificial intelligence\ntechnologies in educational settings;_\n\n_(iii) protections for student privacy and data security in the context of\nartificial intelligence use;_\n\n_(iv) strategies for maximizing the beneficial uses of artificial intelligence\nin both public education and higher education;_\n\n_(v) promoting artificial intelligence literacy among students and staff;_\n\n_(vi) addressing potential risks associated with artificial intelligence use\nin education, including misinformation and bias;_\n\n_(vii) maintaining student and teacher agency when using artificial\nintelligence tools;_\n\n_(viii) advancing academic integrity in the context of artificial intelligence\nuse; and_\n\n_(ix) ensuring equitable access to artificial intelligence tools and resources\nacross student populations;_\n\n_(b) monitor national and international trends in artificial intelligence use\nin education;_\n\n_(c) identify best practices for integrating artificial intelligence into\ncurriculum and instruction;_\n\n_(d) explore opportunities for collaboration between educational institutions\nand the artificial intelligence industry; and_\n\n_(e) coordinate efforts with the Office of Artificial Intelligence Policy to\nensure alignment with statewide artificial intelligence initiatives._\n\n_(11) The task force shall meet at least quarterly._\n\n_(12) The chair of the task force may call additional meetings as necessary._\n\n_(13) The task force shall comply with Title 52, Chapter 4, Open and Public\nMeetings Act._\n\n_(14) The task force shall submit an annual report to the Education Interim\nCommittee and the Higher Education Appropriations Subcommittee by November 30\nof each year, summarizing the task force 's activities and recommendations._\n\nSection 2, Section **63I-1-236** is amended to read:\n\n**63I-1-236. Repeal dates: Title 36.**\n\n(1) Title 36, Chapter 17, Legislative Process Committee, is repealed January\n1, 2028.\n\n(2) Section 36-29-111 , Public Safety Data Management Task Force, is repealed\nJuly 1, 2029.\n\n(3) Title 36, Chapter 28, Veterans and Military Affairs Commission, is\nrepealed January 1, 2030.\n\n(4) Section 36-29-112 , Justice Court Reform Task Force, is repealed July 1,\n2025.\n\n_(5) Section 36-29-113 , Artificial Intelligence in Education Task Force, is\nrepealed July 1, 2028._\n\nSection 3. **Effective date.**\n\n_This bill takes effect on July 1, 2025 ._\n\nCopyright (C) 2025 State Net  \n  \n---\n\n",
      "latest_version": true
    }
  ]
}