{
  "bill_id": "VA2024000H2268",
  "source_url": "http://custom.statenet.com/public/resources.cgi?id=ID:bill:VA2024000H2268&cuiq=93d84396-c63b-526a-b152-38b7f79b4cfd&client_md=e4f6fea4-27b4-5d41-b7d3-766fe52569f0",
  "versions": [
    {
      "date": "01/07/2025",
      "label": "Introduced",
      "url": "https://custom.statenet.com/public/resources.cgi?mode=show_text&id=ID:bill:VA2024000H2268&verid=VA2024000H2268_20250107_0_I&",
      "raw_html": "<html>\n<head>\n<title>Bill Resource</title>\n\n<!--   <link href=\"https://custom.statenet.com/network/Common/css/extregtext.css\" rel=\"stylesheet\" type=\"text/css\" />-->\n   <link href=\"https://custom.statenet.com/network/Common/css/xmltext-2.0.css\" rel=\"stylesheet\" type=\"text/css\" />\n   <link href=\"https://custom.statenet.com/network/Common/css/additional-text.css\" rel=\"stylesheet\" type=\"text/css\" />\n\n\t<style type=\"text/css\">\n<!--\n\ntd, body {\n     background-color: white;\n\tfont-family: Verdana, Arial, Helvetica, sans-serif;\n\tfont-size: 12px;\n}\n\n.resourceContainer {\n   border: 1px solid black;\n}\n-->\n</style>\n</head>\n<body>\n\n    <div style=\"width: 750px; margin: auto\">\n       <div style=\"font-size: .8em;margin-bottom: 10px\"><table width=\"100%\"><tr><td align=\"left\" style=\"font-size: .8em;\"><div>The following has special meaning:</div>\n<div><u class=\"amendmentInsertedText\">green underline denotes added text</u></div>\n<div><strike class=\"amendmentDeletedText\">red struck out text denotes deleted text</strike></div></td> <td align=\"right\"><a href=\"https://www.lexisnexis.com/statenet/\"><img alt=\"Powered by State Net\" src=\"https://custom.statenet.com/network/poweredby.gif\" /></a></td></tr></table></div><table id=\"text-identifier\"><tr><td class=\"key\">2024 VA H 2268</td> <td><table><tr><td class=\"label\">Author:</td> <td>Anthony</td></tr> <tr><td class=\"label\">Version:</td> <td>Introduced</td></tr> <tr><td class=\"label\">Version Date:</td> <td>01/07/2025</td></tr></table></td></tr></table><div class=\"documentBody\">\n  <a name=\"head_document_section\"></a><div class=\"head\">\n   <p class=\"center\">HOUSE BILL NO. 2268</p>\n   <p class=\"center\">Offered January 8, 2025</p>\n   <p class=\"center\">Prefiled January 7, 2025</p>\n  </div>\n  <a name=\"code_document_section\"></a><div class=\"code\">\n   <p class=\"indent\">\n    <i>A BILL to amend and reenact &sect; 30-85 of the Code of Virginia and to amend the Code of Virginia by adding in Chapter 5 of Title 2.2 an article numbered 5, consisting of a section numbered 2.2-525, relating to Department of Law; Division of Emerging Technologies, Cybersecurity, and Data Privacy established.</i>\n   </p>\n   <p class=\"center\">Patron-Anthony</p>\n   <p class=\"center\">Committee Referral Pending</p>\n  </div>\n  <a name=\"text_document_section\"></a><div class=\"text\">\n   <span>\n    <p class=\"indent\">Be it enacted by the General Assembly of Virginia:</p>\n   </span>\n   <p class=\"indent\">1. That &sect; 30-85 of the Code of Virginia is amended and reenacted and that the Code of Virginia is amended by adding in Chapter 5 of Title 2.2 an article numbered 5, consisting of a section numbered 2.2-525, as follows:</p>\n   <p class=\"center\">\n    <u class=\"amendmentInsertedText\">Article 5.</u>\n   </p>\n   <p class=\"center\">\n    <u class=\"amendmentInsertedText\">Division of Emerging Technologies, Cybersecurity, and Data Privacy.</u>\n   </p>\n   <p class=\"indent\">\n    <u class=\"amendmentInsertedText\">&sect; 2.2-525. Division of Emerging Technologies, Cybersecurity, and Data Privacy created; duties.</u>\n   </p>\n   <p class=\"indent\">\n    <u class=\"amendmentInsertedText\">A. There is created in the Department of Law a Division of Emerging Technologies, Cybersecurity, and Data Privacy (the Division) that shall oversee and enforce laws governing cybersecurity, data privacy, and the use of artificial intelligence (AI) and other emerging technologies.</u>\n   </p>\n   <p class=\"indent\">\n    <u class=\"amendmentInsertedText\">B. The duties of the Division shall be to:</u>\n   </p>\n   <p class=\"indent\">\n    <u class=\"amendmentInsertedText\">1. Investigate complaints regarding violations of laws governing cybersecurity, data privacy, and the use of AI, including violations of the Consumer Data Protection Act (&sect; 59.1-575 et seq.);</u>\n   </p>\n   <p class=\"indent\">\n    <u class=\"amendmentInsertedText\">2. Conduct audits of public and private entities to ensure compliance with applicable state laws governing cybersecurity, data privacy, and the use of AI and automated systems;</u>\n   </p>\n   <p class=\"indent\">\n    <u class=\"amendmentInsertedText\">3. Issue corrective action plans and cease and desist orders, seek injunctions, and refer cases for civil or criminal prosecution as necessary under existing state laws;</u>\n   </p>\n   <p class=\"indent\">\n    <u class=\"amendmentInsertedText\">4. Make such studies related to enforcing laws of the Commonwealth governing cybersecurity, data privacy, and the use of AI or other emerging technologies as deemed necessary and recommend to the Governor and General Assembly the enactment of any legislation deemed necessary to address any emerging challenges and technological advancements;</u>\n   </p>\n   <p class=\"indent\">\n    <u class=\"amendmentInsertedText\">5. Submit an annual report to the Joint Commission on Technology and Science by November 1 of each year detailing (i) trends in enforcement, audit findings, and compliance rates under cybersecurity, data privacy, and AI-related laws and (ii) legislative recommendations for addressing emerging challenges and technological advancements;</u>\n   </p>\n   <p class=\"indent\">\n    <u class=\"amendmentInsertedText\">6. Maintain a public website summarizing the Division&#39;s enforcement actions, compliance rates under cybersecurity, data privacy, and AI-related laws, and trends in emerging technologies and technological advancements. Any sensitive or confidential security information shall be excluded from such public website;</u>\n   </p>\n   <p class=\"indent\">\n    <u class=\"amendmentInsertedText\">7. Conduct public outreach campaigns to educate individuals and businesses about their rights and obligations under laws governing cybersecurity, data privacy, and the use of AI;</u>\n   </p>\n   <p class=\"indent\">\n    <u class=\"amendmentInsertedText\">8. Collaborate with the Virginia Information Technologies Agency to conduct cybersecurity risk assessments and develop mitigation strategies for such risks; and</u>\n   </p>\n   <p class=\"indent\">\n    <u class=\"amendmentInsertedText\">9. Collaborate with the Department of Criminal Justice Services to ensure that law-enforcement use of automated systems complies with applicable state laws.</u>\n   </p>\n   <p class=\"indent\">\n    <u class=\"amendmentInsertedText\">C. The Attorney General may employ and fix the salaries of such attorneys, employees and consultants, within the amounts appropriated to the Attorney General for providing legal service for the Commonwealth, and other services as may be provided for by law, as he may deem necessary in the operation of the Division to carry out its functions.</u>\n   </p>\n   <p class=\"indent\">&sect; 30-85. Commission established; powers and duties.</p>\n   <p class=\"indent\">The Joint Commission on Technology and Science (JCOTS) is hereby established as a permanent legislative agency of the Commonwealth. JCOTS shall generally study all aspects of technology and science and endeavor to stimulate, encourage, promote, and assist in the development of technology and science in the Commonwealth and sound public policies related thereto. In addition, JCOTS shall:</p>\n   <p class=\"indent\">1. Evaluate the impact of existing statutes and proposed legislation related to technology and science in the Commonwealth;</p>\n   <p class=\"indent\">2. Advise the General Assembly, Governor, and agencies, authorities, and institutions of the Commonwealth upon matters related to technology and science;</p>\n   <p class=\"indent\">3. Investigate, research, and consider such issues related to technology and science as may be requested by the General Assembly or determined by JCOTS;</p>\n   <p class=\"indent\">4. Make recommendations to the General Assembly and the Governor;</p>\n   <p class=\"indent\">5. Consult with appropriate entities, public or private, on matters related to technology and science under JCOTS&#39; consideration;</p>\n   <p class=\"indent\">6. Encourage research and development in technology and science;</p>\n   <p class=\"indent\">7. Solicit input from appropriate entities, public or private, on issues related to technology and science;</p>\n   <p class=\"indent\">8. Coordinate its efforts with and assist the efforts of other agencies, authorities, and institutions of the Commonwealth;</p>\n   <p class=\"indent\">9. Accept private or public funds to carry out its purposes; <strike class=\"amendmentDeletedText\">and</strike>\n   </p>\n   <p class=\"indent\">\n    <u class=\"amendmentInsertedText\">10. Collaborate with the Division of Emerging Technologies, Cybersecurity, and Data Privacy (the Division) to (i) receive and review the annual reports submitted to JCOTS by the Division as required by &sect; 2.2-525; (ii) hold public hearings to gather community input on the impact of emerging technologies; and (iii) issue legislative recommendations to address gaps in existing laws or emerging risks related to cybersecurity, data privacy, and artificial intelligence;</u>\n   </p>\n   <p class=\"indent\">\n    <u class=\"amendmentInsertedText\">11. Monitor the implementation and enforcement of laws governing cybersecurity, data privacy, and artificial intelligence; and</u>\n   </p>\n   <p class=\"indent\">\n    <u class=\"amendmentInsertedText\">12. </u>Annually report its findings and recommendations to the General Assembly and the Governor. JCOTS shall make such further interim reports to the General Assembly and the Governor as it deems advisable or as required by concurrent resolution of the General Assembly or by the Governor. The chairman of JCOTS shall submit to the General Assembly and the Governor an annual executive summary of the interim activity and work of JCOTS no later than the first day of each regular session of the General Assembly. The executive summary shall be submitted as provided in the procedures of the Division of Legislative Automated Systems for the processing of legislative documents and reports and shall be posted on the General Assembly&#39;s website.</p>\n  </div>\n </div>\n    </div>\t\n<table cellpadding=0 cellspacing=0 width=\"100%\">\n   <tr>\n      <td>\n          Copyright &copy; 2025 State Net\n      </td>\n<BR>\n<!--???MOVED INTO resources.cgi      <td align=\"right\">\n          <img src=\"https://custom.statenet.com/network/poweredby.gif\" alt=\"Powered by State Net\">\n      </td>-->\n\n    </tr>\n</table>\n</body></html>\n",
      "markdown": "The following has special meaning: _green underline denotes added text_ ~~red struck out text denotes deleted text~~ | [![Powered by State Net](https://custom.statenet.com/network/poweredby.gif)](https://www.lexisnexis.com/statenet/)  \n---|---  \n  \n2024 VA H 2268 | | Author: | Anthony  \n---|---  \nVersion: | Introduced  \nVersion Date: | 01/07/2025  \n  \nHOUSE BILL NO. 2268\n\nOffered January 8, 2025\n\nPrefiled January 7, 2025\n\n_A BILL to amend and reenact § 30-85 of the Code of Virginia and to amend the\nCode of Virginia by adding in Chapter 5 of Title 2.2 an article numbered 5,\nconsisting of a section numbered 2.2-525, relating to Department of Law;\nDivision of Emerging Technologies, Cybersecurity, and Data Privacy\nestablished._\n\nPatron-Anthony\n\nCommittee Referral Pending\n\nBe it enacted by the General Assembly of Virginia:\n\n1\\. That § 30-85 of the Code of Virginia is amended and reenacted and that the\nCode of Virginia is amended by adding in Chapter 5 of Title 2.2 an article\nnumbered 5, consisting of a section numbered 2.2-525, as follows:\n\n_Article 5._\n\n_Division of Emerging Technologies, Cybersecurity, and Data Privacy._\n\n_§ 2.2-525. Division of Emerging Technologies, Cybersecurity, and Data Privacy\ncreated; duties._\n\n_A. There is created in the Department of Law a Division of Emerging\nTechnologies, Cybersecurity, and Data Privacy (the Division) that shall\noversee and enforce laws governing cybersecurity, data privacy, and the use of\nartificial intelligence (AI) and other emerging technologies._\n\n_B. The duties of the Division shall be to:_\n\n_1\\. Investigate complaints regarding violations of laws governing\ncybersecurity, data privacy, and the use of AI, including violations of the\nConsumer Data Protection Act ( § 59.1-575 et seq.);_\n\n_2\\. Conduct audits of public and private entities to ensure compliance with\napplicable state laws governing cybersecurity, data privacy, and the use of AI\nand automated systems;_\n\n_3\\. Issue corrective action plans and cease and desist orders, seek\ninjunctions, and refer cases for civil or criminal prosecution as necessary\nunder existing state laws;_\n\n_4\\. Make such studies related to enforcing laws of the Commonwealth governing\ncybersecurity, data privacy, and the use of AI or other emerging technologies\nas deemed necessary and recommend to the Governor and General Assembly the\nenactment of any legislation deemed necessary to address any emerging\nchallenges and technological advancements;_\n\n_5\\. Submit an annual report to the Joint Commission on Technology and Science\nby November 1 of each year detailing (i) trends in enforcement, audit\nfindings, and compliance rates under cybersecurity, data privacy, and AI-\nrelated laws and (ii) legislative recommendations for addressing emerging\nchallenges and technological advancements;_\n\n_6\\. Maintain a public website summarizing the Division 's enforcement\nactions, compliance rates under cybersecurity, data privacy, and AI-related\nlaws, and trends in emerging technologies and technological advancements. Any\nsensitive or confidential security information shall be excluded from such\npublic website;_\n\n_7\\. Conduct public outreach campaigns to educate individuals and businesses\nabout their rights and obligations under laws governing cybersecurity, data\nprivacy, and the use of AI;_\n\n_8\\. Collaborate with the Virginia Information Technologies Agency to conduct\ncybersecurity risk assessments and develop mitigation strategies for such\nrisks; and_\n\n_9\\. Collaborate with the Department of Criminal Justice Services to ensure\nthat law-enforcement use of automated systems complies with applicable state\nlaws._\n\n_C. The Attorney General may employ and fix the salaries of such attorneys,\nemployees and consultants, within the amounts appropriated to the Attorney\nGeneral for providing legal service for the Commonwealth, and other services\nas may be provided for by law, as he may deem necessary in the operation of\nthe Division to carry out its functions._\n\n§ 30-85. Commission established; powers and duties.\n\nThe Joint Commission on Technology and Science (JCOTS) is hereby established\nas a permanent legislative agency of the Commonwealth. JCOTS shall generally\nstudy all aspects of technology and science and endeavor to stimulate,\nencourage, promote, and assist in the development of technology and science in\nthe Commonwealth and sound public policies related thereto. In addition, JCOTS\nshall:\n\n1\\. Evaluate the impact of existing statutes and proposed legislation related\nto technology and science in the Commonwealth;\n\n2\\. Advise the General Assembly, Governor, and agencies, authorities, and\ninstitutions of the Commonwealth upon matters related to technology and\nscience;\n\n3\\. Investigate, research, and consider such issues related to technology and\nscience as may be requested by the General Assembly or determined by JCOTS;\n\n4\\. Make recommendations to the General Assembly and the Governor;\n\n5\\. Consult with appropriate entities, public or private, on matters related\nto technology and science under JCOTS' consideration;\n\n6\\. Encourage research and development in technology and science;\n\n7\\. Solicit input from appropriate entities, public or private, on issues\nrelated to technology and science;\n\n8\\. Coordinate its efforts with and assist the efforts of other agencies,\nauthorities, and institutions of the Commonwealth;\n\n9\\. Accept private or public funds to carry out its purposes; ~~and~~\n\n_10\\. Collaborate with the Division of Emerging Technologies, Cybersecurity,\nand Data Privacy (the Division) to (i) receive and review the annual reports\nsubmitted to JCOTS by the Division as required by § 2.2-525; (ii) hold public\nhearings to gather community input on the impact of emerging technologies; and\n(iii) issue legislative recommendations to address gaps in existing laws or\nemerging risks related to cybersecurity, data privacy, and artificial\nintelligence;_\n\n_11\\. Monitor the implementation and enforcement of laws governing\ncybersecurity, data privacy, and artificial intelligence; and_\n\n_12._ Annually report its findings and recommendations to the General Assembly\nand the Governor. JCOTS shall make such further interim reports to the General\nAssembly and the Governor as it deems advisable or as required by concurrent\nresolution of the General Assembly or by the Governor. The chairman of JCOTS\nshall submit to the General Assembly and the Governor an annual executive\nsummary of the interim activity and work of JCOTS no later than the first day\nof each regular session of the General Assembly. The executive summary shall\nbe submitted as provided in the procedures of the Division of Legislative\nAutomated Systems for the processing of legislative documents and reports and\nshall be posted on the General Assembly's website.\n\nCopyright (C) 2025 State Net  \n  \n---\n\n",
      "latest_version": true
    }
  ]
}