{
  "bill_id": "VA2024000S1417",
  "source_url": "http://custom.statenet.com/public/resources.cgi?id=ID:bill:VA2024000S1417&cuiq=93d84396-c63b-526a-b152-38b7f79b4cfd&client_md=e4f6fea4-27b4-5d41-b7d3-766fe52569f0",
  "versions": [
    {
      "date": "01/16/2025",
      "label": "Introduced",
      "url": "https://custom.statenet.com/public/resources.cgi?mode=show_text&id=ID:bill:VA2024000S1417&verid=VA2024000S1417_20250116_0_I&",
      "raw_html": "<html>\n<head>\n<title>Bill Resource</title>\n\n<!--   <link href=\"https://custom.statenet.com/network/Common/css/extregtext.css\" rel=\"stylesheet\" type=\"text/css\" />-->\n   <link href=\"https://custom.statenet.com/network/Common/css/xmltext-2.0.css\" rel=\"stylesheet\" type=\"text/css\" />\n   <link href=\"https://custom.statenet.com/network/Common/css/additional-text.css\" rel=\"stylesheet\" type=\"text/css\" />\n\n\t<style type=\"text/css\">\n<!--\n\ntd, body {\n     background-color: white;\n\tfont-family: Verdana, Arial, Helvetica, sans-serif;\n\tfont-size: 12px;\n}\n\n.resourceContainer {\n   border: 1px solid black;\n}\n-->\n</style>\n</head>\n<body>\n\n    <div style=\"width: 750px; margin: auto\">\n       <div style=\"font-size: .8em;margin-bottom: 10px\"><table width=\"100%\"><tr><td align=\"left\" style=\"font-size: .8em;\"><div>The following has special meaning:</div>\n<div><u class=\"amendmentInsertedText\">green underline denotes added text</u></div>\n<div><strike class=\"amendmentDeletedText\">red struck out text denotes deleted text</strike></div></td> <td align=\"right\"><a href=\"https://www.lexisnexis.com/statenet/\"><img alt=\"Powered by State Net\" src=\"https://custom.statenet.com/network/poweredby.gif\" /></a></td></tr></table></div><table id=\"text-identifier\"><tr><td class=\"key\">2024 VA S 1417</td> <td><table><tr><td class=\"label\">Author:</td> <td>Ebbin</td></tr> <tr><td class=\"label\">Version:</td> <td>Introduced</td></tr> <tr><td class=\"label\">Version Date:</td> <td>01/16/2025</td></tr></table></td></tr></table><div class=\"documentBody\">\n  <a name=\"head_document_section\"></a><div class=\"head\">\n   <p class=\"center\">\n    <b>SENATE BILL NO. 1417</b>\n   </p>\n   <p class=\"center\">Offered January 16, 2025</p>\n  </div>\n  <a name=\"code_document_section\"></a><div class=\"code\">\n   <p class=\"indent\">\n    <i>A BILL to amend the Code of Virginia by adding in Title 59.1 a chapter numbered 58, consisting of sections numbered 59.1-607 through 59.1-610, relating to Digital Content Authenticity and Transparency Act established; civil penalty.</i>\n   </p>\n   <p class=\"center\">Patron--Ebbin</p>\n   <p class=\"center\">Referred to Committee on General Laws and Technology</p>\n  </div>\n  <a name=\"text_document_section\"></a><div class=\"text\">\n   <span>\n    <p class=\"indent\">\n     <b>Be it enacted by the General Assembly of Virginia:</b>\n    </p>\n   </span>\n   <p class=\"indent\">\n    <b>1. That the Code of Virginia is amended by adding in Title 59.1 a chapter numbered 58, consisting of sections numbered 59.1-607 through 59.1-610, as follows:</b>\n   </p>\n   <p class=\"center\">\n    <u class=\"amendmentInsertedText\">CHAPTER 58.</u>\n   </p>\n   <p class=\"center\">\n    <u class=\"amendmentInsertedText\">DIGITAL CONTENT AUTHENTICITY AND TRANSPARENCY ACT.</u>\n   </p>\n   <p class=\"indent\">\n    <b>\n     <u class=\"amendmentInsertedText\">&sect; 59.1-607. Definitions.</u>\n    </b>\n   </p>\n   <p class=\"indent\">\n    <u class=\"amendmentInsertedText\">As used in this chapter, unless the context requires a different meaning:</u>\n   </p>\n   <p class=\"indent\">\n    <u class=\"amendmentInsertedText\">&quot;Artificial intelligence&quot; means a set of technologies that enables machines to perform tasks under varying and unpredictable circumstances that typically require human oversight or intelligence, or that can learn from experience and improve performance when exposed to data sets.</u>\n   </p>\n   <p class=\"indent\">\n    <u class=\"amendmentInsertedText\">&quot;Artificial intelligence system&quot; means any machine-based system that, for any explicit or implicit objective, infers from the inputs such system receives how to generate outputs, including content, decisions, predictions, and recommendations, that can influence physical or virtual environments.</u>\n   </p>\n   <p class=\"indent\">\n    <u class=\"amendmentInsertedText\">&quot;Capture device&quot; means a device that can take digital photographs or digitally record audio or visual content, including digital videography and photography cameras, mobile phones, and digital voice recorders. &quot;Capture device&quot; does not include film cameras or phonographs.</u>\n   </p>\n   <p class=\"indent\">\n    <u class=\"amendmentInsertedText\">&quot;Controller&quot; means the same as that term is defined in &sect; 59.1-575.</u>\n   </p>\n   <p class=\"indent\">\n    <u class=\"amendmentInsertedText\">&quot;Developer&quot; means any person doing business in the Commonwealth that develops or significantly updates a generative artificial intelligence system or service that is offered, sold, leased, given, or otherwise provided to consumers in the Commonwealth.</u>\n   </p>\n   <p class=\"indent\">\n    <u class=\"amendmentInsertedText\">&quot;Digital content&quot; means any content in digital form, including any audio, image, text, or video content.</u>\n   </p>\n   <p class=\"indent\">\n    <u class=\"amendmentInsertedText\">&quot;Foundation model&quot; means a machine learning model that (i) is trained on broad data at scale, (ii) is designed for generality of output, and (iii) can be adapted to a wide range of distinctive tasks.</u>\n   </p>\n   <p class=\"indent\">\n    <u class=\"amendmentInsertedText\">&quot;General-purpose artificial intelligence model&quot; means any form of artificial intelligence system that (i) displays significant generality, (ii) is capable of competently performing a wide range of distinct tasks, and (iii) can be integrated into a variety of downstream applications or systems. &quot;General-purpose artificial intelligence model&quot; does not include any artificial intelligence system that is used for development, prototyping, and research activities before such artificial intelligence system is released on the market.</u>\n   </p>\n   <p class=\"indent\">\n    <u class=\"amendmentInsertedText\">&quot;Generative artificial intelligence&quot; means artificial intelligence based on a foundation model that is capable of and used to produce synthetic digital content, including audio, images, text, and videos.</u>\n   </p>\n   <p class=\"indent\">\n    <u class=\"amendmentInsertedText\">&quot;Generative artificial intelligence system or service&quot; means any artificial intelligence system or service that incorporates generative artificial intelligence.</u>\n   </p>\n   <p class=\"indent\">\n    <u class=\"amendmentInsertedText\">&quot;Machine learning&quot; means the development of algorithms to build data-derived statistical models that are capable of drawing inferences from previously unseen data without explicit human instruction.</u>\n   </p>\n   <p class=\"indent\">\n    <u class=\"amendmentInsertedText\">&quot;Online service, product, or feature&quot; means the same as that term is defined in &sect; 59.1-575.</u>\n   </p>\n   <p class=\"indent\">\n    <u class=\"amendmentInsertedText\">&quot;Provenance application tool&quot; means an online service, product, or feature that enables a user to apply provenance data, either directly or through the use of third-party technologies, to synthetic digital content.</u>\n   </p>\n   <p class=\"indent\">\n    <u class=\"amendmentInsertedText\">&quot;Provenance data&quot; means information, such as the origin of a piece of digital content and the history of modifications to the digital content, that is in a format which is compliant with widely adopted guidelines or specifications promulgated by an established standard-setting body, and which includes (i) whether some or all of the digital content is synthetic digital content and (ii) when there is synthetic digital content, the name of the developer whose generative artificial intelligence system or service generated the synthetic digital content.</u>\n   </p>\n   <p class=\"indent\">\n    <u class=\"amendmentInsertedText\">&quot;Provenance reader&quot; means an online service, product, or feature that enables a user to view the provenance data, if any, of synthetic digital content.</u>\n   </p>\n   <p class=\"indent\">\n    <u class=\"amendmentInsertedText\">&quot;Significant update&quot; means any new version, new release, or other update to a generative artificial intelligence system or service that results in significant changes to such system&#39;s or service&#39;s use case or key functionality.</u>\n   </p>\n   <p class=\"indent\">\n    <u class=\"amendmentInsertedText\">&quot;Synthetic digital content&quot; means any digital content, including any audio, image, or video, that is produced or manipulated by a generative artificial intelligence system or service.</u>\n   </p>\n   <p class=\"indent\">\n    <u class=\"amendmentInsertedText\">&quot;User&quot; means a person who uses an online service, product, or feature, including a generative artificial intelligence system or service, or who uses a capture device.</u>\n   </p>\n   <p class=\"indent\">\n    <b>\n     <u class=\"amendmentInsertedText\">&sect; 59.1-608. Duties of developers.</u>\n    </b>\n   </p>\n   <p class=\"indent\">\n    <u class=\"amendmentInsertedText\">A. A developer of a generative artificial intelligence system or service shall apply provenance data, either directly or through the use of third-party technologies, to synthetic digital content that is wholly generated by such developer&#39;s generative artificial intelligence system or service.</u>\n   </p>\n   <p class=\"indent\">\n    <u class=\"amendmentInsertedText\">B. A developer of a generative artificial intelligence system or service shall make available to the public:</u>\n   </p>\n   <p class=\"indent\">\n    <u class=\"amendmentInsertedText\">1. A provenance application tool; and</u>\n   </p>\n   <p class=\"indent\">\n    <u class=\"amendmentInsertedText\">2. A provenance reader.</u>\n   </p>\n   <p class=\"indent\">\n    <b>\n     <u class=\"amendmentInsertedText\">&sect; 59.1-609. Requirements; provenance data.</u>\n    </b>\n   </p>\n   <p class=\"indent\">\n    <u class=\"amendmentInsertedText\">A. A controller of an online service, product, or feature shall retain any available provenance data in the digital content provided to such service, product, or feature and shall make available to a user either (i) the provenance data of the digital content, (ii) a conspicuous indicator of whether provenance data is or is not available for the digital content, or (iii) both clauses (i) and (ii).</u>\n   </p>\n   <p class=\"indent\">\n    <u class=\"amendmentInsertedText\">B. A capture device shall include a provenance application tool that is made known and available to the user and that the user may use to apply provenance data to the digital content captured with such device. A provenance application tool shall be enabled on a capture device unless the user disables such tool.</u>\n   </p>\n   <p class=\"indent\">\n    <b>\n     <u class=\"amendmentInsertedText\">&sect; 59.1-610. Enforcement; civil penalty.</u>\n    </b>\n   </p>\n   <p class=\"indent\">\n    <u class=\"amendmentInsertedText\">A. The Attorney General shall have the exclusive authority to enforce the provisions of this chapter.</u>\n   </p>\n   <p class=\"indent\">\n    <u class=\"amendmentInsertedText\">B. Whenever the Attorney General has reasonable cause to believe that any person has engaged in or is engaging in any violation of this chapter, the Attorney General is empowered to issue a civil investigative demand. The provisions of &sect; 59.1-9.10 shall apply mutatis mutandis to civil investigative demands issued pursuant to this section.</u>\n   </p>\n   <p class=\"indent\">\n    <u class=\"amendmentInsertedText\">C. Notwithstanding any contrary provision of law, the Attorney General may bring an action in the appropriate circuit court in the name of the Commonwealth to enjoin any violation of this chapter. The circuit court having jurisdiction may enjoin such violation notwithstanding the existence of an adequate alternative remedy at law. In any action brought pursuant to this chapter, it shall not be necessary that damages be proved.</u>\n   </p>\n   <p class=\"indent\">\n    <u class=\"amendmentInsertedText\">D. Any person who violates the provisions of this chapter shall be subject to a civil penalty in an amount not to exceed $1,000 plus reasonable attorney fees, expenses, and costs, as determined by the court. Any person who willfully violates the provisions of this chapter shall be subject to a civil penalty in an amount of not less than $1,000 and not more than $10,000 plus reasonable attorney fees, expenses, and costs, as determined by the court. Such civil penalties shall be paid into the Literary Fund.</u>\n   </p>\n   <p class=\"indent\">\n    <u class=\"amendmentInsertedText\">E. Each violation of this chapter shall constitute a separate violation and shall be subject to any civil penalties imposed under this section.</u>\n   </p>\n   <p class=\"indent\">\n    <u class=\"amendmentInsertedText\">F. Prior to causing an action against a developer, a controller, or any other person for a violation of this chapter pursuant to subsection C, the Attorney General shall determine if it is possible to cure the violation. If it is possible to cure such violation, the Attorney General may issue a notice of violation to a developer, a controller, or any other person and afford such developer, controller, or person the opportunity to cure such violation within 30 days of the receipt of such notice of violation. In determining whether to grant such opportunity to cure such violation, the Attorney General shall consider (i) the number of prior violations; (ii) the size and complexity of the developer, controller, or person; (iii) the nature and extent of the developer, controller, or person&#39;s business; (iv) the substantial likelihood of injury to the public; (v) the safety of persons or property; and (vi) whether such violation was likely caused by human or technical error. If the developer, controller, or person fails to cure such violation within 30 days of the receipt of such notice or violation, the Attorney General may proceed with such action.</u>\n   </p>\n   <effective_clause>\n    <p class=\"indent\">\n     <b>2. That the provisions of this act shall become effective on July 1, 2026.</b>\n    </p>\n   </effective_clause>\n  </div>\n </div>\n    </div>\t\n<table cellpadding=0 cellspacing=0 width=\"100%\">\n   <tr>\n      <td>\n          Copyright &copy; 2025 State Net\n      </td>\n<BR>\n<!--???MOVED INTO resources.cgi      <td align=\"right\">\n          <img src=\"https://custom.statenet.com/network/poweredby.gif\" alt=\"Powered by State Net\">\n      </td>-->\n\n    </tr>\n</table>\n</body></html>\n",
      "markdown": "The following has special meaning: _green underline denotes added text_ ~~red struck out text denotes deleted text~~ | [![Powered by State Net](https://custom.statenet.com/network/poweredby.gif)](https://www.lexisnexis.com/statenet/)  \n---|---  \n  \n2024 VA S 1417 | | Author: | Ebbin  \n---|---  \nVersion: | Introduced  \nVersion Date: | 01/16/2025  \n  \n**SENATE BILL NO. 1417**\n\nOffered January 16, 2025\n\n_A BILL to amend the Code of Virginia by adding in Title 59.1 a chapter\nnumbered 58, consisting of sections numbered 59.1-607 through 59.1-610,\nrelating to Digital Content Authenticity and Transparency Act established;\ncivil penalty._\n\nPatron--Ebbin\n\nReferred to Committee on General Laws and Technology\n\n**Be it enacted by the General Assembly of Virginia:**\n\n**1\\. That the Code of Virginia is amended by adding in Title 59.1 a chapter\nnumbered 58, consisting of sections numbered 59.1-607 through 59.1-610, as\nfollows:**\n\n_CHAPTER 58._\n\n_DIGITAL CONTENT AUTHENTICITY AND TRANSPARENCY ACT._\n\n**_§ 59.1-607. Definitions._ **\n\n_As used in this chapter, unless the context requires a different meaning:_\n\n_\" Artificial intelligence\" means a set of technologies that enables machines\nto perform tasks under varying and unpredictable circumstances that typically\nrequire human oversight or intelligence, or that can learn from experience and\nimprove performance when exposed to data sets._\n\n_\" Artificial intelligence system\" means any machine-based system that, for\nany explicit or implicit objective, infers from the inputs such system\nreceives how to generate outputs, including content, decisions, predictions,\nand recommendations, that can influence physical or virtual environments._\n\n_\" Capture device\" means a device that can take digital photographs or\ndigitally record audio or visual content, including digital videography and\nphotography cameras, mobile phones, and digital voice recorders. \"Capture\ndevice\" does not include film cameras or phonographs._\n\n_\" Controller\" means the same as that term is defined in § 59.1-575._\n\n_\" Developer\" means any person doing business in the Commonwealth that\ndevelops or significantly updates a generative artificial intelligence system\nor service that is offered, sold, leased, given, or otherwise provided to\nconsumers in the Commonwealth._\n\n_\" Digital content\" means any content in digital form, including any audio,\nimage, text, or video content._\n\n_\" Foundation model\" means a machine learning model that (i) is trained on\nbroad data at scale, (ii) is designed for generality of output, and (iii) can\nbe adapted to a wide range of distinctive tasks._\n\n_\" General-purpose artificial intelligence model\" means any form of artificial\nintelligence system that (i) displays significant generality, (ii) is capable\nof competently performing a wide range of distinct tasks, and (iii) can be\nintegrated into a variety of downstream applications or systems. \"General-\npurpose artificial intelligence model\" does not include any artificial\nintelligence system that is used for development, prototyping, and research\nactivities before such artificial intelligence system is released on the\nmarket._\n\n_\" Generative artificial intelligence\" means artificial intelligence based on\na foundation model that is capable of and used to produce synthetic digital\ncontent, including audio, images, text, and videos._\n\n_\" Generative artificial intelligence system or service\" means any artificial\nintelligence system or service that incorporates generative artificial\nintelligence._\n\n_\" Machine learning\" means the development of algorithms to build data-derived\nstatistical models that are capable of drawing inferences from previously\nunseen data without explicit human instruction._\n\n_\" Online service, product, or feature\" means the same as that term is defined\nin § 59.1-575._\n\n_\" Provenance application tool\" means an online service, product, or feature\nthat enables a user to apply provenance data, either directly or through the\nuse of third-party technologies, to synthetic digital content._\n\n_\" Provenance data\" means information, such as the origin of a piece of\ndigital content and the history of modifications to the digital content, that\nis in a format which is compliant with widely adopted guidelines or\nspecifications promulgated by an established standard-setting body, and which\nincludes (i) whether some or all of the digital content is synthetic digital\ncontent and (ii) when there is synthetic digital content, the name of the\ndeveloper whose generative artificial intelligence system or service generated\nthe synthetic digital content._\n\n_\" Provenance reader\" means an online service, product, or feature that\nenables a user to view the provenance data, if any, of synthetic digital\ncontent._\n\n_\" Significant update\" means any new version, new release, or other update to\na generative artificial intelligence system or service that results in\nsignificant changes to such system's or service's use case or key\nfunctionality._\n\n_\" Synthetic digital content\" means any digital content, including any audio,\nimage, or video, that is produced or manipulated by a generative artificial\nintelligence system or service._\n\n_\" User\" means a person who uses an online service, product, or feature,\nincluding a generative artificial intelligence system or service, or who uses\na capture device._\n\n**_§ 59.1-608. Duties of developers._ **\n\n_A. A developer of a generative artificial intelligence system or service\nshall apply provenance data, either directly or through the use of third-party\ntechnologies, to synthetic digital content that is wholly generated by such\ndeveloper 's generative artificial intelligence system or service._\n\n_B. A developer of a generative artificial intelligence system or service\nshall make available to the public:_\n\n_1\\. A provenance application tool; and_\n\n_2\\. A provenance reader._\n\n**_§ 59.1-609. Requirements; provenance data._ **\n\n_A. A controller of an online service, product, or feature shall retain any\navailable provenance data in the digital content provided to such service,\nproduct, or feature and shall make available to a user either (i) the\nprovenance data of the digital content, (ii) a conspicuous indicator of\nwhether provenance data is or is not available for the digital content, or\n(iii) both clauses (i) and (ii)._\n\n_B. A capture device shall include a provenance application tool that is made\nknown and available to the user and that the user may use to apply provenance\ndata to the digital content captured with such device. A provenance\napplication tool shall be enabled on a capture device unless the user disables\nsuch tool._\n\n**_§ 59.1-610. Enforcement; civil penalty._ **\n\n_A. The Attorney General shall have the exclusive authority to enforce the\nprovisions of this chapter._\n\n_B. Whenever the Attorney General has reasonable cause to believe that any\nperson has engaged in or is engaging in any violation of this chapter, the\nAttorney General is empowered to issue a civil investigative demand. The\nprovisions of § 59.1-9.10 shall apply mutatis mutandis to civil investigative\ndemands issued pursuant to this section._\n\n_C. Notwithstanding any contrary provision of law, the Attorney General may\nbring an action in the appropriate circuit court in the name of the\nCommonwealth to enjoin any violation of this chapter. The circuit court having\njurisdiction may enjoin such violation notwithstanding the existence of an\nadequate alternative remedy at law. In any action brought pursuant to this\nchapter, it shall not be necessary that damages be proved._\n\n_D. Any person who violates the provisions of this chapter shall be subject to\na civil penalty in an amount not to exceed $1,000 plus reasonable attorney\nfees, expenses, and costs, as determined by the court. Any person who\nwillfully violates the provisions of this chapter shall be subject to a civil\npenalty in an amount of not less than $1,000 and not more than $10,000 plus\nreasonable attorney fees, expenses, and costs, as determined by the court.\nSuch civil penalties shall be paid into the Literary Fund._\n\n_E. Each violation of this chapter shall constitute a separate violation and\nshall be subject to any civil penalties imposed under this section._\n\n_F. Prior to causing an action against a developer, a controller, or any other\nperson for a violation of this chapter pursuant to subsection C, the Attorney\nGeneral shall determine if it is possible to cure the violation. If it is\npossible to cure such violation, the Attorney General may issue a notice of\nviolation to a developer, a controller, or any other person and afford such\ndeveloper, controller, or person the opportunity to cure such violation within\n30 days of the receipt of such notice of violation. In determining whether to\ngrant such opportunity to cure such violation, the Attorney General shall\nconsider (i) the number of prior violations; (ii) the size and complexity of\nthe developer, controller, or person; (iii) the nature and extent of the\ndeveloper, controller, or person 's business; (iv) the substantial likelihood\nof injury to the public; (v) the safety of persons or property; and (vi)\nwhether such violation was likely caused by human or technical error. If the\ndeveloper, controller, or person fails to cure such violation within 30 days\nof the receipt of such notice or violation, the Attorney General may proceed\nwith such action._\n\n**2\\. That the provisions of this act shall become effective on July 1,\n2026.**\n\nCopyright (C) 2025 State Net  \n  \n---\n\n",
      "latest_version": true
    }
  ]
}