{
  "bill_id": "VA2024000S385",
  "source_url": "http://custom.statenet.com/public/resources.cgi?id=ID:bill:VA2024000S385&cuiq=93d84396-c63b-526a-b152-38b7f79b4cfd&client_md=e4f6fea4-27b4-5d41-b7d3-766fe52569f0",
  "versions": [
    {
      "date": "01/09/2024",
      "label": "Introduced",
      "url": "https://custom.statenet.com/public/resources.cgi?mode=show_text&id=ID:bill:VA2024000S385&verid=VA2024000S385_20240109_0_I&",
      "raw_html": "<html>\n<head>\n<title>Bill Resource</title>\n\n<!--   <link href=\"https://custom.statenet.com/network/Common/css/extregtext.css\" rel=\"stylesheet\" type=\"text/css\" />-->\n   <link href=\"https://custom.statenet.com/network/Common/css/xmltext-2.0.css\" rel=\"stylesheet\" type=\"text/css\" />\n   <link href=\"https://custom.statenet.com/network/Common/css/additional-text.css\" rel=\"stylesheet\" type=\"text/css\" />\n\n\t<style type=\"text/css\">\n<!--\n\ntd, body {\n     background-color: white;\n\tfont-family: Verdana, Arial, Helvetica, sans-serif;\n\tfont-size: 12px;\n}\n\n.resourceContainer {\n   border: 1px solid black;\n}\n-->\n</style>\n</head>\n<body>\n\n    <div style=\"width: 750px; margin: auto\">\n       <div style=\"font-size: .8em;margin-bottom: 10px\"><table width=\"100%\"><tr><td align=\"left\" style=\"font-size: .8em;\"><div>The following has special meaning:</div>\n<div><u class=\"amendmentInsertedText\">green underline denotes added text</u></div>\n<div><strike class=\"amendmentDeletedText\">red struck out text denotes deleted text</strike></div></td> <td align=\"right\"><a href=\"https://www.lexisnexis.com/statenet/\"><img alt=\"Powered by State Net\" src=\"https://custom.statenet.com/network/poweredby.gif\" /></a></td></tr></table></div><table id=\"text-identifier\"><tr><td class=\"key\">2024 VA S 385</td> <td><table><tr><td class=\"label\">Author:</td> <td>Pekarsky</td></tr> <tr><td class=\"label\">Version:</td> <td>Introduced</td></tr> <tr><td class=\"label\">Version Date:</td> <td>01/09/2024</td></tr></table></td></tr></table><div class=\"documentBody\">\n  <a name=\"head_document_section\"></a><div class=\"head\">\n   <p class=\"center\"> SENATE BILL NO. 385 </p>\n   <p class=\"center\"> Offered January 10, 2024 </p>\n   <p class=\"center\"> Prefiled January 9, 2024 </p>\n  </div>\n  <a name=\"code_document_section\"></a><div class=\"code\">\n   <p class=\"indent\">\n    <i>A BILL to direct the Board of Education, in collaboration with the State Council of Higher Education for Virginia, to convene a work group to study and make recommendations on the use of artificial intelligence technology in education.</i>\n   </p>\n   <p class=\"center\"> Patron-- Pekarsky </p>\n   <p class=\"center\"> Referred to Committee on Rules </p>\n  </div>\n  <a name=\"text_document_section\"></a><div class=\"text\">\n   <span>\n    <p class=\"indent\">Be it enacted by the General Assembly of Virginia:</p>\n   </span>\n   <p class=\"indent\">1. <u class=\"amendmentInsertedText\">Section 1. The Board of Education (the Board), in collaboration with the State Council of Higher Education for Virginia (the Council), shall convene a work group for the purpose of developing recommendations for guidelines on the use of artificial intelligence (AI) technology in education in public schools and in public institutions of higher education. The work group shall consist of at least one division superintendent, representatives of local school boards, and representatives of public school teachers, to be selected by the Speaker of the House of Delegates upon consideration of the recommendations of the Board; representatives of governing boards of public institutions of higher education and faculty of public institutions of higher education with expertise in STEM subject areas and AI ethics, to be selected by the Senate Committee on Rules upon consideration of the recommendations of the Council; representatives of the Virginia Science, Technology, Engineering, and Mathematics (STEM) Advisory Board; representatives of the Virginia Board of Workforce Development; and such other individuals with expertise in AI technology as the Board and the Council deem appropriate. In conducting its study, the work group shall:</u>\n   </p>\n   <p class=\"indent\">\n    <u class=\"amendmentInsertedText\">1. Evaluate the utility and impacts of integrating AI technology in elementary, secondary, and postsecondary education;</u>\n   </p>\n   <p class=\"indent\">\n    <u class=\"amendmentInsertedText\">2. Study the feasibility of integrating AI technology into existing classroom instruction, curriculum development, and individualized learning, including the feasibility of (i) integrating the use of, instruction on, and hands-on practice with AI technology in the classroom and (ii) facilitating and coordinating partnerships between public secondary schools and comprehensive community colleges, workforce development programs, and industry associations for the purpose of providing secondary school students the opportunity to receive instruction on and gain experience with AI technology;</u>\n   </p>\n   <p class=\"indent\">\n    <u class=\"amendmentInsertedText\">3. Evaluate options for preventing the use of AI technology for plagiarism and academic dishonesty on school assessments and assignments;</u>\n   </p>\n   <p class=\"indent\">\n    <u class=\"amendmentInsertedText\">4. Evaluate and consider policies and procedures for addressing and mitigating potential risks and concerns that could arise from the integration of AI technology in the classroom;</u>\n   </p>\n   <p class=\"indent\">\n    <u class=\"amendmentInsertedText\">5. Consider the impacts of the integration of AI technology in the classroom on educational equity, including how existing disparities could impact the integration and accessibility of AI technology in the classroom;</u>\n   </p>\n   <p class=\"indent\">\n    <u class=\"amendmentInsertedText\">6. Evaluate and develop recommendations on the necessity and feasibility of providing guidance or training to educators on the use and integration of AI technology in the classroom, including recommendations on specific guidance or training that may be necessary to prepare educators to responsibly and effectively integrate and utilize AI technology in the classroom; and</u>\n   </p>\n   <p class=\"indent\">\n    <u class=\"amendmentInsertedText\">7. Develop recommendations on guidelines for the use of AI in public elementary, secondary, and postsecondary education, including the development of (i) acceptable use policies relating to the use of AI technology in education environments aimed at encouraging safe and responsible use of AI technology in the classroom and (ii) model guidance or informational materials aimed at promoting AI technology literacy among both educators and students.</u>\n   </p>\n   <p class=\"indent\">\n    <u class=\"amendmentInsertedText\">The Board of Education shall submit a report on its findings and recommendations to the Department of Education, the Governor, the Senate Committee on Education and Health, and the House Committee on Education by November 1, 2024.</u>\n   </p>\n  </div>\n </div>\n    </div>\t\n<table cellpadding=0 cellspacing=0 width=\"100%\">\n   <tr>\n      <td>\n          Copyright &copy; 2025 State Net\n      </td>\n<BR>\n<!--???MOVED INTO resources.cgi      <td align=\"right\">\n          <img src=\"https://custom.statenet.com/network/poweredby.gif\" alt=\"Powered by State Net\">\n      </td>-->\n\n    </tr>\n</table>\n</body></html>\n",
      "markdown": "The following has special meaning: _green underline denotes added text_ ~~red struck out text denotes deleted text~~ | [![Powered by State Net](https://custom.statenet.com/network/poweredby.gif)](https://www.lexisnexis.com/statenet/)  \n---|---  \n  \n2024 VA S 385 | | Author: | Pekarsky  \n---|---  \nVersion: | Introduced  \nVersion Date: | 01/09/2024  \n  \nSENATE BILL NO. 385\n\nOffered January 10, 2024\n\nPrefiled January 9, 2024\n\n_A BILL to direct the Board of Education, in collaboration with the State\nCouncil of Higher Education for Virginia, to convene a work group to study and\nmake recommendations on the use of artificial intelligence technology in\neducation._\n\nPatron-- Pekarsky\n\nReferred to Committee on Rules\n\nBe it enacted by the General Assembly of Virginia:\n\n1\\. _Section 1. The Board of Education (the Board), in collaboration with the\nState Council of Higher Education for Virginia (the Council), shall convene a\nwork group for the purpose of developing recommendations for guidelines on the\nuse of artificial intelligence (AI) technology in education in public schools\nand in public institutions of higher education. The work group shall consist\nof at least one division superintendent, representatives of local school\nboards, and representatives of public school teachers, to be selected by the\nSpeaker of the House of Delegates upon consideration of the recommendations of\nthe Board; representatives of governing boards of public institutions of\nhigher education and faculty of public institutions of higher education with\nexpertise in STEM subject areas and AI ethics, to be selected by the Senate\nCommittee on Rules upon consideration of the recommendations of the Council;\nrepresentatives of the Virginia Science, Technology, Engineering, and\nMathematics (STEM) Advisory Board; representatives of the Virginia Board of\nWorkforce Development; and such other individuals with expertise in AI\ntechnology as the Board and the Council deem appropriate. In conducting its\nstudy, the work group shall:_\n\n_1\\. Evaluate the utility and impacts of integrating AI technology in\nelementary, secondary, and postsecondary education;_\n\n_2\\. Study the feasibility of integrating AI technology into existing\nclassroom instruction, curriculum development, and individualized learning,\nincluding the feasibility of (i) integrating the use of, instruction on, and\nhands-on practice with AI technology in the classroom and (ii) facilitating\nand coordinating partnerships between public secondary schools and\ncomprehensive community colleges, workforce development programs, and industry\nassociations for the purpose of providing secondary school students the\nopportunity to receive instruction on and gain experience with AI technology;_\n\n_3\\. Evaluate options for preventing the use of AI technology for plagiarism\nand academic dishonesty on school assessments and assignments;_\n\n_4\\. Evaluate and consider policies and procedures for addressing and\nmitigating potential risks and concerns that could arise from the integration\nof AI technology in the classroom;_\n\n_5\\. Consider the impacts of the integration of AI technology in the classroom\non educational equity, including how existing disparities could impact the\nintegration and accessibility of AI technology in the classroom;_\n\n_6\\. Evaluate and develop recommendations on the necessity and feasibility of\nproviding guidance or training to educators on the use and integration of AI\ntechnology in the classroom, including recommendations on specific guidance or\ntraining that may be necessary to prepare educators to responsibly and\neffectively integrate and utilize AI technology in the classroom; and_\n\n_7\\. Develop recommendations on guidelines for the use of AI in public\nelementary, secondary, and postsecondary education, including the development\nof (i) acceptable use policies relating to the use of AI technology in\neducation environments aimed at encouraging safe and responsible use of AI\ntechnology in the classroom and (ii) model guidance or informational materials\naimed at promoting AI technology literacy among both educators and students._\n\n_The Board of Education shall submit a report on its findings and\nrecommendations to the Department of Education, the Governor, the Senate\nCommittee on Education and Health, and the House Committee on Education by\nNovember 1, 2024._\n\nCopyright (C) 2025 State Net  \n  \n---\n\n",
      "latest_version": true
    }
  ]
}