{
  "bill_id": "VA2024000S1400",
  "source_url": "http://custom.statenet.com/public/resources.cgi?id=ID:bill:VA2024000S1400&cuiq=93d84396-c63b-526a-b152-38b7f79b4cfd&client_md=e4f6fea4-27b4-5d41-b7d3-766fe52569f0",
  "versions": [
    {
      "date": "01/14/2025",
      "label": "Introduced",
      "url": "https://custom.statenet.com/public/resources.cgi?mode=show_text&id=ID:bill:VA2024000S1400&verid=VA2024000S1400_20250114_0_I&",
      "raw_html": "<html>\n<head>\n<title>Bill Resource</title>\n\n<!--   <link href=\"https://custom.statenet.com/network/Common/css/extregtext.css\" rel=\"stylesheet\" type=\"text/css\" />-->\n   <link href=\"https://custom.statenet.com/network/Common/css/xmltext-2.0.css\" rel=\"stylesheet\" type=\"text/css\" />\n   <link href=\"https://custom.statenet.com/network/Common/css/additional-text.css\" rel=\"stylesheet\" type=\"text/css\" />\n\n\t<style type=\"text/css\">\n<!--\n\ntd, body {\n     background-color: white;\n\tfont-family: Verdana, Arial, Helvetica, sans-serif;\n\tfont-size: 12px;\n}\n\n.resourceContainer {\n   border: 1px solid black;\n}\n-->\n</style>\n</head>\n<body>\n\n    <div style=\"width: 750px; margin: auto\">\n       <div style=\"font-size: .8em;margin-bottom: 10px\"><table width=\"100%\"><tr><td align=\"left\" style=\"font-size: .8em;\"><div>The following has special meaning:</div>\n<div><u class=\"amendmentInsertedText\">green underline denotes added text</u></div>\n<div><strike class=\"amendmentDeletedText\">red struck out text denotes deleted text</strike></div></td> <td align=\"right\"><a href=\"https://www.lexisnexis.com/statenet/\"><img alt=\"Powered by State Net\" src=\"https://custom.statenet.com/network/poweredby.gif\" /></a></td></tr></table></div><table id=\"text-identifier\"><tr><td class=\"key\">2024 VA S 1400</td> <td><table><tr><td class=\"label\">Author:</td> <td>Salim</td></tr> <tr><td class=\"label\">Version:</td> <td>Introduced</td></tr> <tr><td class=\"label\">Version Date:</td> <td>01/14/2025</td></tr></table></td></tr></table><div class=\"documentBody\">\n  <a name=\"head_document_section\"></a><div class=\"head\">\n   <p class=\"center\">\n    <b>SENATE BILL NO. 1400</b>\n   </p>\n   <p class=\"center\">Offered January 14, 2025</p>\n  </div>\n  <a name=\"code_document_section\"></a><div class=\"code\">\n   <p class=\"indent\">\n    <i>A BILL to amend the Code of Virginia by adding a section numbered 55.1-1204.2, relating to Virginia Residential Landlord and Tenant Act; algorithmic device services or products prohibited; civil penalty.</i>\n   </p>\n   <p class=\"center\">Patron--Salim</p>\n   <p class=\"center\">Referred to Committee on General Laws and Technology</p>\n  </div>\n  <a name=\"text_document_section\"></a><div class=\"text\">\n   <span>\n    <p class=\"indent\">\n     <b>Be it enacted by the General Assembly of Virginia: </b>\n    </p>\n   </span>\n   <p class=\"indent\">\n    <b>1. That the Code of Virginia is amended by adding a section numbered 55.1-1204.2 as follows: </b>\n   </p>\n   <p class=\"indent\">\n    <b>\n     <u class=\"amendmentInsertedText\">&sect; 55.1-1204.2. Algorithmic device services or products prohibited; civil penalty.</u>\n    </b>\n   </p>\n   <p class=\"indent\">\n    <u class=\"amendmentInsertedText\">A. For purposes of this section:</u>\n   </p>\n   <p class=\"indent\">\n    <u class=\"amendmentInsertedText\">&quot;Algorithmic device&quot; means a device that uses one or more algorithms to perform calculations of data, including data concerning local or statewide rent amounts being charged to tenants by landlords, for the purpose of advising a landlord concerning the amount of rent that the landlord may consider charging a tenant. &quot;Algorithmic device&quot; includes a service or product that incorporates an algorithmic device but does not include (i) any report published periodically, but no more frequently than monthly, by a trade association that receives tenant data and publishes it in an aggregated and anonymous manner or (ii) a product used for the purpose of establishing rent or income limits in accordance with the affordable housing program guidelines of a local government, the Commonwealth, the federal government, or other political subdivision.</u>\n   </p>\n   <p class=\"indent\">\n    <u class=\"amendmentInsertedText\">&quot;Nonpublic competitor data&quot; means information that is not widely available or easily accessible to the public, including information about actual rent prices, occupancy rates, rental agreement start and end dates, and similar data, regardless of whether the data are attributable to a specific competitor or anonymized, and that is derived from or otherwise provided by another person that competes in the same market as a person or a related market.</u>\n   </p>\n   <p class=\"indent\">\n    <u class=\"amendmentInsertedText\">B. The sale of algorithmic device services or products for the purpose of setting or recommending the amount of rent to be charged to a tenant for the occupancy of a dwelling unit is prohibited. </u>\n   </p>\n   <p class=\"indent\">\n    <u class=\"amendmentInsertedText\">A person engaged in the business of providing algorithmic device services or products for the purpose of advising a landlord of the amount of rent that such landlord may consider charging a tenant for the occupancy of a dwelling unit shall not use nonpublic competitor data pertaining to residential properties in the Commonwealth in algorithmic calculations.</u>\n   </p>\n   <p class=\"indent\">\n    <u class=\"amendmentInsertedText\">C. A violation of subsection B by a person (i) that provides algorithmic device services or products for the purpose of setting or recommending the amount of rent to be charged to a tenant for the occupancy of dwelling units, or by a person (ii) engaged in the business of providing algorithmic device services or products that use nonpublic competitor data pertaining to dwelling units in the Commonwealth in the person&#39;s use of algorithmic calculations for the purpose of advising a landlord of the amount of rent that the landlord may consider charging a tenant, is an unfair deceptive trade practice and shall be subject to the penalties set forth in this section.</u>\n   </p>\n   <p class=\"indent\">\n    <u class=\"amendmentInsertedText\">D. Subsection B shall not apply to an algorithmic device that uses, incorporates, or was trained with nonpublic competitor data if such data includes nonpublic executed rental agreement data that is also made available to the general public in an aggregated and anonymous manner at no more than a reasonable charge. When made available to the general public, the presentation of such nonpublic executed rental agreement data may be tailored for the benefit of and usefulness to consumers and presented as a range of average rent prices for properties in a geographic area defined by its zip code, neighborhood, geographical radius of up to 10 miles, or other type of apartment industry submarket.</u>\n   </p>\n   <p class=\"indent\">\n    <u class=\"amendmentInsertedText\">E. The Attorney General may cause an action to be brought in the name of the Commonwealth to enjoin any violation of this section by any person and to recover a civil penalty in the amount of not less than $1,000 nor more than $5,000 for each such violation. Civil penalties paid pursuant to this section shall be deposited into the Literary Fund.</u>\n   </p>\n   <p class=\"indent\">\n    <u class=\"amendmentInsertedText\">In an action brought under this section, the Attorney General may recover damages and such other relief allowed by law, including restitution on behalf of tenants injured by violations of this section.</u>\n   </p>\n   <p class=\"indent\">\n    <u class=\"amendmentInsertedText\">In an action brought under this section, the Attorney General may recover reasonable expenses incurred in investigating and preparing the case and attorney fees.</u>\n   </p>\n   <p class=\"indent\">\n    <u class=\"amendmentInsertedText\">Whenever the Attorney General has reasonable cause to believe that any person has engaged in, is engaging in, or is about to engage in any violation of this section, the Attorney General is empowered to issue a civil investigative demand. The provisions of &sect; 59.1-9.10 shall apply, mutatis mutandis, to civil investigative demands issued pursuant to this section.</u>\n   </p>\n   <p class=\"indent\">\n    <u class=\"amendmentInsertedText\">Nothing in this section shall be construed as affecting any private cause of action that may exist under any law of the Commonwealth.</u>\n   </p>\n  </div>\n </div>\n    </div>\t\n<table cellpadding=0 cellspacing=0 width=\"100%\">\n   <tr>\n      <td>\n          Copyright &copy; 2025 State Net\n      </td>\n<BR>\n<!--???MOVED INTO resources.cgi      <td align=\"right\">\n          <img src=\"https://custom.statenet.com/network/poweredby.gif\" alt=\"Powered by State Net\">\n      </td>-->\n\n    </tr>\n</table>\n</body></html>\n",
      "markdown": "The following has special meaning: _green underline denotes added text_ ~~red struck out text denotes deleted text~~ | [![Powered by State Net](https://custom.statenet.com/network/poweredby.gif)](https://www.lexisnexis.com/statenet/)  \n---|---  \n  \n2024 VA S 1400 | | Author: | Salim  \n---|---  \nVersion: | Introduced  \nVersion Date: | 01/14/2025  \n  \n**SENATE BILL NO. 1400**\n\nOffered January 14, 2025\n\n_A BILL to amend the Code of Virginia by adding a section numbered\n55.1-1204.2, relating to Virginia Residential Landlord and Tenant Act;\nalgorithmic device services or products prohibited; civil penalty._\n\nPatron--Salim\n\nReferred to Committee on General Laws and Technology\n\n**Be it enacted by the General Assembly of Virginia:**\n\n**1\\. That the Code of Virginia is amended by adding a section numbered\n55.1-1204.2 as follows:**\n\n**_§ 55.1-1204.2. Algorithmic device services or products prohibited; civil\npenalty._ **\n\n_A. For purposes of this section:_\n\n_\" Algorithmic device\" means a device that uses one or more algorithms to\nperform calculations of data, including data concerning local or statewide\nrent amounts being charged to tenants by landlords, for the purpose of\nadvising a landlord concerning the amount of rent that the landlord may\nconsider charging a tenant. \"Algorithmic device\" includes a service or product\nthat incorporates an algorithmic device but does not include (i) any report\npublished periodically, but no more frequently than monthly, by a trade\nassociation that receives tenant data and publishes it in an aggregated and\nanonymous manner or (ii) a product used for the purpose of establishing rent\nor income limits in accordance with the affordable housing program guidelines\nof a local government, the Commonwealth, the federal government, or other\npolitical subdivision._\n\n_\" Nonpublic competitor data\" means information that is not widely available\nor easily accessible to the public, including information about actual rent\nprices, occupancy rates, rental agreement start and end dates, and similar\ndata, regardless of whether the data are attributable to a specific competitor\nor anonymized, and that is derived from or otherwise provided by another\nperson that competes in the same market as a person or a related market._\n\n_B. The sale of algorithmic device services or products for the purpose of\nsetting or recommending the amount of rent to be charged to a tenant for the\noccupancy of a dwelling unit is prohibited._\n\n_A person engaged in the business of providing algorithmic device services or\nproducts for the purpose of advising a landlord of the amount of rent that\nsuch landlord may consider charging a tenant for the occupancy of a dwelling\nunit shall not use nonpublic competitor data pertaining to residential\nproperties in the Commonwealth in algorithmic calculations._\n\n_C. A violation of subsection B by a person (i) that provides algorithmic\ndevice services or products for the purpose of setting or recommending the\namount of rent to be charged to a tenant for the occupancy of dwelling units,\nor by a person (ii) engaged in the business of providing algorithmic device\nservices or products that use nonpublic competitor data pertaining to dwelling\nunits in the Commonwealth in the person 's use of algorithmic calculations for\nthe purpose of advising a landlord of the amount of rent that the landlord may\nconsider charging a tenant, is an unfair deceptive trade practice and shall be\nsubject to the penalties set forth in this section._\n\n_D. Subsection B shall not apply to an algorithmic device that uses,\nincorporates, or was trained with nonpublic competitor data if such data\nincludes nonpublic executed rental agreement data that is also made available\nto the general public in an aggregated and anonymous manner at no more than a\nreasonable charge. When made available to the general public, the presentation\nof such nonpublic executed rental agreement data may be tailored for the\nbenefit of and usefulness to consumers and presented as a range of average\nrent prices for properties in a geographic area defined by its zip code,\nneighborhood, geographical radius of up to 10 miles, or other type of\napartment industry submarket._\n\n_E. The Attorney General may cause an action to be brought in the name of the\nCommonwealth to enjoin any violation of this section by any person and to\nrecover a civil penalty in the amount of not less than $1,000 nor more than\n$5,000 for each such violation. Civil penalties paid pursuant to this section\nshall be deposited into the Literary Fund._\n\n_In an action brought under this section, the Attorney General may recover\ndamages and such other relief allowed by law, including restitution on behalf\nof tenants injured by violations of this section._\n\n_In an action brought under this section, the Attorney General may recover\nreasonable expenses incurred in investigating and preparing the case and\nattorney fees._\n\n_Whenever the Attorney General has reasonable cause to believe that any person\nhas engaged in, is engaging in, or is about to engage in any violation of this\nsection, the Attorney General is empowered to issue a civil investigative\ndemand. The provisions of § 59.1-9.10 shall apply, mutatis mutandis, to civil\ninvestigative demands issued pursuant to this section._\n\n_Nothing in this section shall be construed as affecting any private cause of\naction that may exist under any law of the Commonwealth._\n\nCopyright (C) 2025 State Net  \n  \n---\n\n",
      "latest_version": true
    }
  ]
}