{
  "bill_id": "VT2025000H389",
  "source_url": "http://custom.statenet.com/public/resources.cgi?id=ID:bill:VT2025000H389&cuiq=93d84396-c63b-526a-b152-38b7f79b4cfd&client_md=e4f6fea4-27b4-5d41-b7d3-766fe52569f0",
  "versions": [
    {
      "date": "02/25/2025",
      "label": "Introduced",
      "url": "https://custom.statenet.com/public/resources.cgi?mode=show_text&id=ID:bill:VT2025000H389&verid=VT2025000H389_20250225_0_I&",
      "raw_html": "<html>\n<head>\n<title>Bill Resource</title>\n\n<!--   <link href=\"https://custom.statenet.com/network/Common/css/extregtext.css\" rel=\"stylesheet\" type=\"text/css\" />-->\n   <link href=\"https://custom.statenet.com/network/Common/css/xmltext-2.0.css\" rel=\"stylesheet\" type=\"text/css\" />\n   <link href=\"https://custom.statenet.com/network/Common/css/additional-text.css\" rel=\"stylesheet\" type=\"text/css\" />\n\n\t<style type=\"text/css\">\n<!--\n\ntd, body {\n     background-color: white;\n\tfont-family: Verdana, Arial, Helvetica, sans-serif;\n\tfont-size: 12px;\n}\n\n.resourceContainer {\n   border: 1px solid black;\n}\n-->\n</style>\n</head>\n<body>\n\n    <div style=\"width: 750px; margin: auto\">\n       <div style=\"font-size: .8em;margin-bottom: 10px\"><table width=\"100%\"><tr><td align=\"left\" style=\"font-size: .8em;\"><div>The following has special meaning:</div>\n<div><u class=\"amendmentInsertedText\">green underline denotes added text</u></div>\n<div><strike class=\"amendmentDeletedText\">red struck out text denotes deleted text</strike></div></td> <td align=\"right\"><a href=\"https://www.lexisnexis.com/statenet/\"><img alt=\"Powered by State Net\" src=\"https://custom.statenet.com/network/poweredby.gif\" /></a></td></tr></table></div><table id=\"text-identifier\"><tr><td class=\"key\">2025 VT H 389</td> <td><table><tr><td class=\"label\">Author:</td> <td>Priestley</td></tr> <tr><td class=\"label\">Version:</td> <td>Introduced</td></tr> <tr><td class=\"label\">Version Date:</td> <td>02/25/2025</td></tr></table></td></tr></table><div class=\"documentBody\">\n  <a name=\"head_document_section\"></a><div class=\"head\">\n   <p class=\"indent\">BILL AS INTRODUCED </p>\n   <p class=\"indent\">2025</p>\n   <p class=\"center\">H.389</p>\n   <p class=\"center\">SHORT FORM</p>\n   <p class=\"indent\">Introduced by Representative Priestley of Bradford</p>\n   <p class=\"indent\">Referred to Committee on</p>\n   <p class=\"indent\">Date:</p>\n   <p class=\"indent\">Subject: Commerce and trade; consumer protection; artificial intelligence;price fixing</p>\n   <p class=\"indent\">Statement of purpose of bill as introduced: This bill proposes to restrict persons from colluding and using artificial intelligence to influence the price and supply of rental housing.</p>\n  </div>\n  <a name=\"title_document_section\"></a><div class=\"title\">\n   <p class=\"indent\">An act relating to restricting the use of artificial intelligence to affect rental housing pricing and availability</p>\n  </div>\n  <a name=\"text_document_section\"></a><div class=\"text\">\n   <span>\n    <p class=\"indent\">It is hereby enacted by the General Assembly of the State of Vermont:</p>\n   </span>\n   <p class=\"center\">(TEXT OMITTED IN SHORT-FORM BILLS)</p>\n  </div>\n </div>\n    </div>\t\n<table cellpadding=0 cellspacing=0 width=\"100%\">\n   <tr>\n      <td>\n          Copyright &copy; 2025 State Net\n      </td>\n<BR>\n<!--???MOVED INTO resources.cgi      <td align=\"right\">\n          <img src=\"https://custom.statenet.com/network/poweredby.gif\" alt=\"Powered by State Net\">\n      </td>-->\n\n    </tr>\n</table>\n</body></html>\n",
      "markdown": "The following has special meaning: _green underline denotes added text_ ~~red struck out text denotes deleted text~~ | [![Powered by State Net](https://custom.statenet.com/network/poweredby.gif)](https://www.lexisnexis.com/statenet/)  \n---|---  \n  \n2025 VT H 389 | | Author: | Priestley  \n---|---  \nVersion: | Introduced  \nVersion Date: | 02/25/2025  \n  \nBILL AS INTRODUCED\n\n2025\n\nH.389\n\nSHORT FORM\n\nIntroduced by Representative Priestley of Bradford\n\nReferred to Committee on\n\nDate:\n\nSubject: Commerce and trade; consumer protection; artificial\nintelligence;price fixing\n\nStatement of purpose of bill as introduced: This bill proposes to restrict\npersons from colluding and using artificial intelligence to influence the\nprice and supply of rental housing.\n\nAn act relating to restricting the use of artificial intelligence to affect\nrental housing pricing and availability\n\nIt is hereby enacted by the General Assembly of the State of Vermont:\n\n(TEXT OMITTED IN SHORT-FORM BILLS)\n\nCopyright (C) 2025 State Net  \n  \n---\n\n",
      "latest_version": true
    }
  ]
}