{
  "bill_id": "VT2025000H262",
  "source_url": "http://custom.statenet.com/public/resources.cgi?id=ID:bill:VT2025000H262&cuiq=93d84396-c63b-526a-b152-38b7f79b4cfd&client_md=e4f6fea4-27b4-5d41-b7d3-766fe52569f0",
  "versions": [
    {
      "date": "02/18/2025",
      "label": "Introduced",
      "url": "https://custom.statenet.com/public/resources.cgi?mode=show_text&id=ID:bill:VT2025000H262&verid=VT2025000H262_20250218_0_I&",
      "raw_html": "<html>\n<head>\n<title>Bill Resource</title>\n\n<!--   <link href=\"https://custom.statenet.com/network/Common/css/extregtext.css\" rel=\"stylesheet\" type=\"text/css\" />-->\n   <link href=\"https://custom.statenet.com/network/Common/css/xmltext-2.0.css\" rel=\"stylesheet\" type=\"text/css\" />\n   <link href=\"https://custom.statenet.com/network/Common/css/additional-text.css\" rel=\"stylesheet\" type=\"text/css\" />\n\n\t<style type=\"text/css\">\n<!--\n\ntd, body {\n     background-color: white;\n\tfont-family: Verdana, Arial, Helvetica, sans-serif;\n\tfont-size: 12px;\n}\n\n.resourceContainer {\n   border: 1px solid black;\n}\n-->\n</style>\n</head>\n<body>\n\n    <div style=\"width: 750px; margin: auto\">\n       <div style=\"font-size: .8em;margin-bottom: 10px\"><table width=\"100%\"><tr><td align=\"left\" style=\"font-size: .8em;\"><div>The following has special meaning:</div>\n<div><u class=\"amendmentInsertedText\">green underline denotes added text</u></div>\n<div><strike class=\"amendmentDeletedText\">red struck out text denotes deleted text</strike></div></td> <td align=\"right\"><a href=\"https://www.lexisnexis.com/statenet/\"><img alt=\"Powered by State Net\" src=\"https://custom.statenet.com/network/poweredby.gif\" /></a></td></tr></table></div><table id=\"text-identifier\"><tr><td class=\"key\">2025 VT H 262</td> <td><table><tr><td class=\"label\">Author:</td> <td>Priestley</td></tr> <tr><td class=\"label\">Version:</td> <td>Introduced</td></tr> <tr><td class=\"label\">Version Date:</td> <td>02/18/2025</td></tr></table></td></tr></table><div class=\"documentBody\">\n  <a name=\"head_document_section\"></a><div class=\"head\">\n   <p class=\"indent\">BILL AS INTRODUCED </p>\n   <p class=\"indent\">2025</p>\n   <p class=\"center\">H.262</p>\n   <p class=\"indent\">Introduced by Representatives Priestley of Bradford, Chapin of East Montpelier, Hooper of Burlington, Masland of Thetford, McCann of Montpelier, McGill of Bridport, Minier of South Burlington, Nugent of South Burlington, and Olson of Starksboro</p>\n   <p class=\"indent\">Referred to Committee on</p>\n   <p class=\"indent\">Date:</p>\n   <p class=\"indent\">Subject: Labor; employment practices; fair employment; electronicmonitoring; automated decision systems</p>\n   <p class=\"indent\">Statement of purpose of bill as introduced: This bill proposes to restrict the use of electronic monitoring of employees and the use of automated decision systems for employment-related decisions.</p>\n  </div>\n  <a name=\"title_document_section\"></a><div class=\"title\">\n   <p class=\"indent\">An act relating to restricting electronic monitoring of employees and the use of employment-related automated decision systems</p>\n  </div>\n  <a name=\"text_document_section\"></a><div class=\"text\">\n   <span>\n    <p class=\"indent\">It is hereby enacted by the General Assembly of the State of Vermont:</p>\n   </span>\n   <p class=\"indent\">Sec. 1. 21 V.S.A. &sect; 495q is added to read:</p>\n   <p class=\"center\">\n    <u class=\"amendmentInsertedText\">&sect; 495q. ELECTRONIC MONITORING OF EMPLOYEES; AUTOMATED DECISION SYSTEMS; RESTRICTIONS; EXCEPTIONS</u>\n   </p>\n   <p class=\"indent\">\n    <u class=\"amendmentInsertedText\">(a) Definitions. As used in this &sect;:</u>\n   </p>\n   <p class=\"indent\">\n    <u class=\"amendmentInsertedText\">(1) &quot;Algorithm&quot; means a computerized procedure consisting of a set of steps used to accomplish a determined task.</u>\n   </p>\n   <p class=\"indent\">\n    <u class=\"amendmentInsertedText\">(2) &quot;Automated decision system&quot; means an algorithm or computational process that is used to make or assist in making employment-related decisions, judgments, or conclusions. The term &quot;automated decision system&quot; includes algorithms and computational processes that are derived from machine learning, statistics, data processing, or artificial intelligence.</u>\n   </p>\n   <p class=\"indent\">\n    <u class=\"amendmentInsertedText\">(3) &quot;Automated decision system output&quot; means information, data, assumptions, predictions, scoring, recommendations, decisions, or conclusions generated by an automated decision system.</u>\n   </p>\n   <p class=\"indent\">\n    <u class=\"amendmentInsertedText\">(4) &quot;Data&quot; means information obtained by any means that, directly or indirectly, identifies, relates to, describes, may reasonably be associated with, or could reasonably be linked to an employee, including:</u>\n   </p>\n   <p class=\"indent\">\n    <u class=\"amendmentInsertedText\">(A) personal identifying information;</u>\n   </p>\n   <p class=\"indent\">\n    <u class=\"amendmentInsertedText\">(B) biometric information;</u>\n   </p>\n   <p class=\"indent\">\n    <u class=\"amendmentInsertedText\">(C) health, medical, lifestyle, and wellness information;</u>\n   </p>\n   <p class=\"indent\">\n    <u class=\"amendmentInsertedText\">(D) information related to workplace activities;</u>\n   </p>\n   <p class=\"indent\">\n    <u class=\"amendmentInsertedText\">(E) human resources information and personnel files; and</u>\n   </p>\n   <p class=\"indent\">\n    <u class=\"amendmentInsertedText\">(F) information related to the employee&#39;s internet and digital activities, including electronic communications, private social media activity, and personal internet protocol address.</u>\n   </p>\n   <p class=\"indent\">\n    <u class=\"amendmentInsertedText\">(5) &quot;Electronic monitoring&quot; means the collection of information concerning employee activities or communication by any means other than direct, in-person observation, including through the use of a digital device; computer; telephone; wire; radio; camera; or electromagnetic, photoelectronic, or photo-optical system.</u>\n   </p>\n   <p class=\"indent\">\n    <u class=\"amendmentInsertedText\">(6) &quot;Employee&quot; means an individual who in consideration of direct or indirect gain or profit is employed by an employer. As used in this &sect;, &quot;employee&quot; includes job applicants and independent contractors providing services, directly or indirectly, to an employer.</u>\n   </p>\n   <p class=\"indent\">\n    <u class=\"amendmentInsertedText\">(7) &quot;Employer&quot; means a person who directly or indirectly employs or exercises control over the wages, benefits, other compensation, hours, working conditions, access to work or job opportunities, or other terms and conditions of employment of an employee. For purposes of this &sect;, &quot;employer&quot; includes the employer&#39;s agents, labor contractors, or other affiliates or subcontractors through which individuals perform work on behalf of the employer or otherwise provide services that are integrated into the employer&#39;s business operations.</u>\n   </p>\n   <p class=\"indent\">\n    <u class=\"amendmentInsertedText\">(8) &quot;Employment-related decision&quot; means any decision made by an employer that:</u>\n   </p>\n   <p class=\"indent\">\n    <u class=\"amendmentInsertedText\">(A) affects an employee&#39;s compensation, benefits, or terms and conditions of employment;</u>\n   </p>\n   <p class=\"indent\">\n    <u class=\"amendmentInsertedText\">(B) relates to the discipline, evaluation, promotion, or termination of an employee; or</u>\n   </p>\n   <p class=\"indent\">\n    <u class=\"amendmentInsertedText\">(C) relates to the hiring of an individual or employee for a position or job.</u>\n   </p>\n   <p class=\"indent\">\n    <u class=\"amendmentInsertedText\">(9) &quot;Essential job function&quot; means a fundamental duty of a job or position that an employee with that job or position must be able to perform, as revealed by objective evidence, such as the amount of time an employee spends performing a function, the terms of any applicable collective bargaining agreement, the employee&#39;s past and present work experiences, and the employee&#39;s performance in the position. The employer&#39;s reasonable, nondiscriminatory judgment as to which job functions are essential may be relevant evidence but not the sole basis for a determination as to which functions are essential, the determination of which requires consideration of objective evidence.</u>\n   </p>\n   <p class=\"indent\">\n    <u class=\"amendmentInsertedText\">(10) &quot;Periodic assessment of an employee&#39;s performance&quot; means the assessment of an employee&#39;s performance over the course of units of time equal to or greater than one calendar day.</u>\n   </p>\n   <p class=\"indent\">\n    <u class=\"amendmentInsertedText\">(b) Employee monitoring restricted. An employer shall not engage in electronic monitoring of an employee unless all of the following requirements are met:</u>\n   </p>\n   <p class=\"indent\">\n    <u class=\"amendmentInsertedText\">(1) the employer&#39;s purpose in utilizing the electronic monitoring is to:</u>\n   </p>\n   <p class=\"indent\">\n    <u class=\"amendmentInsertedText\">(A) assist or allow the employee to accomplish an essential job function;</u>\n   </p>\n   <p class=\"indent\">\n    <u class=\"amendmentInsertedText\">(B) monitor production processes or quality;</u>\n   </p>\n   <p class=\"indent\">\n    <u class=\"amendmentInsertedText\">(C) ensure compliance with applicable employment or labor laws;</u>\n   </p>\n   <p class=\"indent\">\n    <u class=\"amendmentInsertedText\">(D) protect the health, safety, or security of the employee, clients, or the public;</u>\n   </p>\n   <p class=\"indent\">\n    <u class=\"amendmentInsertedText\">(E) secure the employer&#39;s physical or digital property;</u>\n   </p>\n   <p class=\"indent\">\n    <u class=\"amendmentInsertedText\">(F) conduct periodic assessment of employee performance; or</u>\n   </p>\n   <p class=\"indent\">\n    <u class=\"amendmentInsertedText\">(G) track time worked or production output for purposes of determining the employee&#39;s compensation;</u>\n   </p>\n   <p class=\"indent\">\n    <u class=\"amendmentInsertedText\">(2) the specific form of electronic monitoring is necessary to accomplish the purpose identified pursuant to subdivision (1) of this sub&sect; and is used exclusively to accomplish that purpose;</u>\n   </p>\n   <p class=\"indent\">\n    <u class=\"amendmentInsertedText\">(3) the specific form of electronic monitoring is the least invasive means, with respect to the employee, of accomplishing the purpose identified pursuant to subdivision (1) of this sub&sect;;</u>\n   </p>\n   <p class=\"indent\">\n    <u class=\"amendmentInsertedText\">(4) the specific form of electronic monitoring is used with the smallest number of employees, collects the smallest amount of data necessary to accomplish the purpose identified pursuant to subdivision (1) of this sub&sect;, and is collected not more frequently than necessary to accomplish that purpose; and</u>\n   </p>\n   <p class=\"indent\">\n    <u class=\"amendmentInsertedText\">(5) the employer ensures that only authorized persons have access to any data produced through the electronic monitoring and that the data is only used for the purpose and duration that the employee has been notified of pursuant to sub&sect; (c) of this &sect;.</u>\n   </p>\n   <p class=\"indent\">\n    <u class=\"amendmentInsertedText\">(c) Required notice for employee monitoring.</u>\n   </p>\n   <p class=\"indent\">\n    <u class=\"amendmentInsertedText\">(1) At least 15 calendar days prior to commencing any form of electronic monitoring, an employer shall provide notice of the electronic monitoring to each employee who will be subject to it. The notice shall, at a minimum, include the following information:</u>\n   </p>\n   <p class=\"indent\">\n    <u class=\"amendmentInsertedText\">(A) the specific form of electronic monitoring;</u>\n   </p>\n   <p class=\"indent\">\n    <u class=\"amendmentInsertedText\">(B) a description of the intended purpose of the electronic monitoring and why the electronic monitoring is necessary to accomplish that purpose;</u>\n   </p>\n   <p class=\"indent\">\n    <u class=\"amendmentInsertedText\">(C) a description of how any data generated by the electronic monitoring will be used, including whether and how the data generated by the electronic monitoring will be used to inform employment-related decisions;</u>\n   </p>\n   <p class=\"indent\">\n    <u class=\"amendmentInsertedText\">(D) a description of the technologies that will be used to conduct the electronic monitoring;</u>\n   </p>\n   <p class=\"indent\">\n    <u class=\"amendmentInsertedText\">(E) a description of the specific activities, locations, communications, and job roles that will be electronically monitored;</u>\n   </p>\n   <p class=\"indent\">\n    <u class=\"amendmentInsertedText\">(F) the name of any person conducting electronic monitoring on the employer&#39;s behalf and any associated contract language related to the monitoring;</u>\n   </p>\n   <p class=\"indent\">\n    <u class=\"amendmentInsertedText\">(G) the name of any person, apart from the employer, who will have access to any data generated by the electronic monitoring and the reason why the person will have access to the data;</u>\n   </p>\n   <p class=\"indent\">\n    <u class=\"amendmentInsertedText\">(H) the positions within the employer that will have access to any data generated by the electronic monitoring;</u>\n   </p>\n   <p class=\"indent\">\n    <u class=\"amendmentInsertedText\">(I) when, where, and how frequently monitoring will occur;</u>\n   </p>\n   <p class=\"indent\">\n    <u class=\"amendmentInsertedText\">(J) the period of time for which any data generated by the electronic monitoring will be retained by the employer or another person and when that data will be destroyed;</u>\n   </p>\n   <p class=\"indent\">\n    <u class=\"amendmentInsertedText\">(K) notice of how an employee may access the data generated by the electronic monitoring and the process to correct any errors in the data;</u>\n   </p>\n   <p class=\"indent\">\n    <u class=\"amendmentInsertedText\">(L) a cover sheet that concisely summarizes the details contained in the notice;</u>\n   </p>\n   <p class=\"indent\">\n    <u class=\"amendmentInsertedText\">(M) notice of an employee&#39;s rights pursuant to this &sect; and the judicial and administrative remedies available for redressing the wrongful use of electronic monitoring; and</u>\n   </p>\n   <p class=\"indent\">\n    <u class=\"amendmentInsertedText\">(N) instructions on how an employee can file a complaint against an employer for violations of this &sect;.</u>\n   </p>\n   <p class=\"indent\">\n    <u class=\"amendmentInsertedText\">(2) If an employer uses electronic monitoring to track employee productivity or performance, the employer shall include the following information in the notice required by subdivision (1) of this sub&sect;:</u>\n   </p>\n   <p class=\"indent\">\n    <u class=\"amendmentInsertedText\">(A) the performance or productivity standards by which employees will be assessed and how employees will be measured against those standards;</u>\n   </p>\n   <p class=\"indent\">\n    <u class=\"amendmentInsertedText\">(B) how performance or productivity data will be monitored and collected, including the identity of the employees subject to such monitoring and when, where, and how the monitoring and data collection will occur; and</u>\n   </p>\n   <p class=\"indent\">\n    <u class=\"amendmentInsertedText\">(C) any adverse consequences for failing to meet a performance or productivity standard and whether there is any bonus or incentive program associated with meeting or exceeding each standard.</u>\n   </p>\n   <p class=\"indent\">\n    <u class=\"amendmentInsertedText\">(3)(A) Notice of electronic monitoring provided pursuant to this &sect; shall be written in plain, clear, and concise language and provided to each employee in the employee&#39;s primary language.</u>\n   </p>\n   <p class=\"indent\">\n    <u class=\"amendmentInsertedText\">(B) An employer shall provide a new, updated notice to employees if it makes any significant changes to the manner of electronic monitoring or to the way that the employer utilizes the electronic monitoring or any data generated by it.</u>\n   </p>\n   <p class=\"indent\">\n    <u class=\"amendmentInsertedText\">(4) Notwithstanding subdivisions (1) and (2) of this sub&sect;, prior notice of electronic monitoring shall not be required if:</u>\n   </p>\n   <p class=\"indent\">\n    <u class=\"amendmentInsertedText\">(A) the employer has reasonable grounds to believe that the employee is engaged in conduct that:</u>\n   </p>\n   <p class=\"indent\">\n    <u class=\"amendmentInsertedText\">(i) is illegal;</u>\n   </p>\n   <p class=\"indent\">\n    <u class=\"amendmentInsertedText\">(ii) violates the legal rights of the employer or another employee; or</u>\n   </p>\n   <p class=\"indent\">\n    <u class=\"amendmentInsertedText\">(iii) creates a hostile work environment; and</u>\n   </p>\n   <p class=\"indent\">\n    <u class=\"amendmentInsertedText\">(B) the electronic monitoring is reasonably likely to produce evidence of the conduct, is otherwise conducted in compliance with the previsions of this &sect;, and is narrowly tailored to the purpose of identifying the conduct.</u>\n   </p>\n   <p class=\"indent\">\n    <u class=\"amendmentInsertedText\">(5)(A) An employer that utilizes electronic monitoring shall annually provide each of its employees with a list of all electronic monitoring systems currently in use by the employer in relation to that employee. The list shall be provided in the primary language of the employee.</u>\n   </p>\n   <p class=\"indent\">\n    <u class=\"amendmentInsertedText\">(B) As used in this subdivision (5), &quot;currently in use&quot; means that the employer:</u>\n   </p>\n   <p class=\"indent\">\n    <u class=\"amendmentInsertedText\">(i) is currently using the system in relation to the employee;</u>\n   </p>\n   <p class=\"indent\">\n    <u class=\"amendmentInsertedText\">(ii) used the electronic monitoring system in relation to the employee within the past 90 days; or</u>\n   </p>\n   <p class=\"indent\">\n    <u class=\"amendmentInsertedText\">(iii) intends to use the electronic monitoring system in relation to the employee within the next 30 days.</u>\n   </p>\n   <p class=\"indent\">\n    <u class=\"amendmentInsertedText\">(d) Prohibitions on employee monitoring. Notwithstanding the purposes for electronic monitoring set forth in subdivision (b)(1) of this &sect;, electronic monitoring shall not be used:</u>\n   </p>\n   <p class=\"indent\">\n    <u class=\"amendmentInsertedText\">(1) in any manner that violates State or federal labor, employment, civil rights, or human rights laws;</u>\n   </p>\n   <p class=\"indent\">\n    <u class=\"amendmentInsertedText\">(2) in relation to employees who are off-duty and not performing work-related tasks, including employees on-call;</u>\n   </p>\n   <p class=\"indent\">\n    <u class=\"amendmentInsertedText\">(3) to identify, punish, or obtain information about employees exercising legal rights, including rights guaranteed by labor and employment laws;</u>\n   </p>\n   <p class=\"indent\">\n    <u class=\"amendmentInsertedText\">(4) for audio-visual monitoring of bathrooms, locker rooms, changing areas, breakrooms, smoking areas, areas designated for the expression of breast milk, employee cafeterias, lounges, or other similarly private areas;</u>\n   </p>\n   <p class=\"indent\">\n    <u class=\"amendmentInsertedText\">(5) to determine the frequency with which employees visit or use bathrooms, locker rooms, changing areas, breakrooms, smoking areas, employee cafeterias, lounges, or other similarly private areas;</u>\n   </p>\n   <p class=\"indent\">\n    <u class=\"amendmentInsertedText\">(6) for monitoring, including audio-visual monitoring, of any space within an employee&#39;s residence or personal vehicle, or a property owned or rented by the employee, unless the monitoring is necessary to ensure the employee&#39;s health and safety or to verify the security of employer or client data;</u>\n   </p>\n   <p class=\"indent\">\n    <u class=\"amendmentInsertedText\">(7) to obtain information about an employee&#39;s actual or perceived age, color, disability, ethnicity, genetic information, limited proficiency in the English language, national origin, race, religion, pursuit or receipt of reproductive health care, sex, sexual orientation, gender identity or expression, marital status, family responsibilities, personal appearance, immigration status, political affiliation or association, neurodiversity, veteran status, or other classification protected under State or federal law;</u>\n   </p>\n   <p class=\"indent\">\n    <u class=\"amendmentInsertedText\">(8) to take adverse employment action against an employee on the basis of data collected via continuous incremental time-tracking tools; or</u>\n   </p>\n   <p class=\"indent\">\n    <u class=\"amendmentInsertedText\">(9) in a manner that harms health or safety or violates the legal rights of any employee.</u>\n   </p>\n   <p class=\"indent\">\n    <u class=\"amendmentInsertedText\">(e) Restriction of employee monitoring through personal devices.</u>\n   </p>\n   <p class=\"indent\">\n    <u class=\"amendmentInsertedText\">(1) An employer shall not require an employee to install an application on a personal device for purposes of electronic monitoring or to wear a device or attach, embed, or physically implant a device on the employee&#39;s clothing that can be used for electronic monitoring, unless the electronic monitoring is:</u>\n   </p>\n   <p class=\"indent\">\n    <u class=\"amendmentInsertedText\">(A) necessary to accomplish the employee&#39;s essential job function; and</u>\n   </p>\n   <p class=\"indent\">\n    <u class=\"amendmentInsertedText\">(B) limited to only the times and activities necessary to accomplish the essential job functions.</u>\n   </p>\n   <p class=\"indent\">\n    <u class=\"amendmentInsertedText\">(2) Any location tracking function of an application or device shall be disabled outside of the times when the employee is engaged in activities necessary to accomplish essential job functions.</u>\n   </p>\n   <p class=\"indent\">\n    <u class=\"amendmentInsertedText\">(3) An employer shall not require an employee to physically implant a device on the employee&#39;s body for purposes of employee monitoring.</u>\n   </p>\n   <p class=\"indent\">\n    <u class=\"amendmentInsertedText\">(f) Restrictions on use of automated decision systems.</u>\n   </p>\n   <p class=\"indent\">\n    <u class=\"amendmentInsertedText\">(1) An employer shall not use an automated decision system in a manner that:</u>\n   </p>\n   <p class=\"indent\">\n    <u class=\"amendmentInsertedText\">(A) violates or results in a violation of State or federal law;</u>\n   </p>\n   <p class=\"indent\">\n    <u class=\"amendmentInsertedText\">(B) makes predictions about an employee&#39;s behavior that are unrelated to the employee&#39;s essential job functions;</u>\n   </p>\n   <p class=\"indent\">\n    <u class=\"amendmentInsertedText\">(C) identifies, profiles, or predicts the likelihood that an employee will exercise the employee&#39;s legal rights;</u>\n   </p>\n   <p class=\"indent\">\n    <u class=\"amendmentInsertedText\">(D) makes predictions about an employee&#39;s emotions, personality, or other sentiments; or</u>\n   </p>\n   <p class=\"indent\">\n    <u class=\"amendmentInsertedText\">(E) use customer or client data, including customer or client reviews and feedback, as an input of the automated decision system.</u>\n   </p>\n   <p class=\"indent\">\n    <u class=\"amendmentInsertedText\">(2)(A) An employer shall not solely rely on outputs from an automated decision system when making employment-related decisions.</u>\n   </p>\n   <p class=\"indent\">\n    <u class=\"amendmentInsertedText\">(B) An employer may utilize an automated decision system in making employment-related decisions if:</u>\n   </p>\n   <p class=\"indent\">\n    <u class=\"amendmentInsertedText\">(i) the automated decision system outputs considered in making the employment-related decision are corroborated by human oversight of the employee, including supervisory or managerial observations and documentation of the employee&#39;s work, personnel records, and consultations with the employee&#39;s coworkers;</u>\n   </p>\n   <p class=\"indent\">\n    <u class=\"amendmentInsertedText\">(ii) the employer has conducted an impact assessment of the automated decision system pursuant to sub&sect; (g) of this &sect;; and</u>\n   </p>\n   <p class=\"indent\">\n    <u class=\"amendmentInsertedText\">(iii) the employer is in compliance with the notice requirements of subdivision (4) of this sub&sect; (f).</u>\n   </p>\n   <p class=\"indent\">\n    <u class=\"amendmentInsertedText\">(3) An employer shall not use any automated decision system outputs regarding an employee&#39;s physical or mental health in relation to an employment-related decision.</u>\n   </p>\n   <p class=\"indent\">\n    <u class=\"amendmentInsertedText\">(4) Prior to using an automated decision system to make an employment-related decision about an employee, the employer must provide the employee with a notice that complies with subdivision (c)(3)(A) of this &sect; and, at a minimum, contains the following information:</u>\n   </p>\n   <p class=\"indent\">\n    <u class=\"amendmentInsertedText\">(A) a plain language explanation of the nature, purpose, and scope for which the automated decision system will be used, including the specific employment-related decisions potentially affected;</u>\n   </p>\n   <p class=\"indent\">\n    <u class=\"amendmentInsertedText\">(B) the logic used in the automated decision system, including the key parameters that affect the output of the automated decision system;</u>\n   </p>\n   <p class=\"indent\">\n    <u class=\"amendmentInsertedText\">(C) the specific category and sources of employee input data that the automated decision system will use, including a specific description of any data collected through electronic monitoring;</u>\n   </p>\n   <p class=\"indent\">\n    <u class=\"amendmentInsertedText\">(D) any performance metrics the employer will consider using with the automated decision system;</u>\n   </p>\n   <p class=\"indent\">\n    <u class=\"amendmentInsertedText\">(E) the type of outputs the automated decision system will produce;</u>\n   </p>\n   <p class=\"indent\">\n    <u class=\"amendmentInsertedText\">(F) the individuals or entities that developed the automated decision system;</u>\n   </p>\n   <p class=\"indent\">\n    <u class=\"amendmentInsertedText\">(G) the individual or entities that will operate, monitor, and interpret the results of the automated decision system;</u>\n   </p>\n   <p class=\"indent\">\n    <u class=\"amendmentInsertedText\">(H) information about how an employee can access the results of the most recent impact assessment of the automated decision system;</u>\n   </p>\n   <p class=\"indent\">\n    <u class=\"amendmentInsertedText\">(I) a description of an employee&#39;s rights, pursuant to sub&sect; (j) of this &sect;, to access information about the employer&#39;s use of the automated decision system and to correct data used by the automated decision system; and</u>\n   </p>\n   <p class=\"indent\">\n    <u class=\"amendmentInsertedText\">(J) a statement that employees are protected from retaliation for exercising the rights described in the notice.</u>\n   </p>\n   <p class=\"indent\">\n    <u class=\"amendmentInsertedText\">(g) Impact assessment of automated decision systems.</u>\n   </p>\n   <p class=\"indent\">\n    <u class=\"amendmentInsertedText\">(1) Prior to utilizing an automated decision system, an employer shall create a written impact assessment of the system that includes, at a minimum:</u>\n   </p>\n   <p class=\"indent\">\n    <u class=\"amendmentInsertedText\">(A) a detailed description of the automated decision system and its purpose;</u>\n   </p>\n   <p class=\"indent\">\n    <u class=\"amendmentInsertedText\">(B) a description of the data utilized by the system;</u>\n   </p>\n   <p class=\"indent\">\n    <u class=\"amendmentInsertedText\">(C) a description of the outputs produced by the system and the types of employment-related decisions in which those outputs may be utilized;</u>\n   </p>\n   <p class=\"indent\">\n    <u class=\"amendmentInsertedText\">(D) an assessment of the necessity for the system, including reasons for utilizing the system to supplement nonautomated means of decision making;</u>\n   </p>\n   <p class=\"indent\">\n    <u class=\"amendmentInsertedText\">(E) a detailed assessment of the system&#39;s validity and reliability in accordance with contemporary social science standards and a description of any metrics used to evaluate the performance and known limitations of the automated decision system;</u>\n   </p>\n   <p class=\"indent\">\n    <u class=\"amendmentInsertedText\">(F) a detailed assessment of the potential risks of utilizing the system, including the risk of:</u>\n   </p>\n   <p class=\"indent\">\n    <u class=\"amendmentInsertedText\">(i) discrimination against employees on the basis of race, color, religion, national origin, sex, sexual orientation, gender identity, ancestry, place of birth, age, crime victim status, or physical or mental condition;</u>\n   </p>\n   <p class=\"indent\">\n    <u class=\"amendmentInsertedText\">(ii) violating employees&#39; legal rights or chilling employees&#39; exercise of legal rights;</u>\n   </p>\n   <p class=\"indent\">\n    <u class=\"amendmentInsertedText\">(iii) directly or indirectly harming employees&#39; physical health, mental health, safety, sense of well-being, dignity, or autonomy;</u>\n   </p>\n   <p class=\"indent\">\n    <u class=\"amendmentInsertedText\">(iv) harm to employee privacy, including through potential security breaches or inadvertent disclosure of information; and</u>\n   </p>\n   <p class=\"indent\">\n    <u class=\"amendmentInsertedText\">(v) negative economic and material impacts to employees, including potential effects on compensation, benefits, work conditions, evaluations, advancement, and work opportunities;</u>\n   </p>\n   <p class=\"indent\">\n    <u class=\"amendmentInsertedText\">(G) a detailed summary of measures taken by the employer to address or mitigate the risks identified pursuant to subdivision (E) of this subdivision (1); and</u>\n   </p>\n   <p class=\"indent\">\n    <u class=\"amendmentInsertedText\">(H) a description of any methodology used in preparing the assessment.</u>\n   </p>\n   <p class=\"indent\">\n    <u class=\"amendmentInsertedText\">(2) An employer shall provide a copy of the assessment prepared pursuant to subdivision (1) of this sub&sect; to an employee upon request.</u>\n   </p>\n   <p class=\"indent\">\n    <u class=\"amendmentInsertedText\">(3) An employer shall update the assessment required pursuant to this sub&sect; any time a significant change or update is made to the automated decision system.</u>\n   </p>\n   <p class=\"indent\">\n    <u class=\"amendmentInsertedText\">(4) A single impact assessment may address a comparable set of automated decision systems deployed by an employer.</u>\n   </p>\n   <p class=\"indent\">\n    <u class=\"amendmentInsertedText\">(h) Prohibitions on facial, gait, voice, and emotion recognition technology. Electronic monitoring and automated decision systems shall not incorporate any form of facial, gait, voice, or emotion recognition technology.</u>\n   </p>\n   <p class=\"indent\">\n    <u class=\"amendmentInsertedText\">(i) Protection of employee privacy.</u>\n   </p>\n   <p class=\"indent\">\n    <u class=\"amendmentInsertedText\">(1) An employer; any person that develops, operates, or maintains electronic monitoring or an automated decision system on behalf of an employer; and any person who collects, stores, analyzes, interprets, disseminates, or otherwise uses data produced or utilized by electronic monitoring or an automated decision system shall implement reasonable security procedures and practices appropriate to the nature of the data to protect employees&#39; personal information from unauthorized or illegal access, destruction, use, modification, or disclosure.</u>\n   </p>\n   <p class=\"indent\">\n    <u class=\"amendmentInsertedText\">(2) Any person that develops, operates, or maintains electronic monitoring or an automated decision system on behalf of an employer and any person who collects, stores, analyzes, interprets, disseminates, or otherwise uses data produced or utilized by electronic monitoring or an automated decision system shall, upon termination of the contract with the employer:</u>\n   </p>\n   <p class=\"indent\">\n    <u class=\"amendmentInsertedText\">(A) return all data and automated decision system outputs to the employer; and</u>\n   </p>\n   <p class=\"indent\">\n    <u class=\"amendmentInsertedText\">(B) destroy all data and automated decision system outputs in the person&#39;s possession.</u>\n   </p>\n   <p class=\"indent\">\n    <u class=\"amendmentInsertedText\">(j) Employee right to access and correct data.</u>\n   </p>\n   <p class=\"indent\">\n    <u class=\"amendmentInsertedText\">(1) Within seven days of receiving a request, an employer shall provide an employee with access to any data that relates to the employee that was produced or utilized by electronic monitoring or an automated decision system used by the employer.</u>\n   </p>\n   <p class=\"indent\">\n    <u class=\"amendmentInsertedText\">(2) Within seven days of receiving a request to correct potential errors identified by an employee, an employer shall:</u>\n   </p>\n   <p class=\"indent\">\n    <u class=\"amendmentInsertedText\">(A) correct the erroneous information or data and provide the employee with a notice that complies with subdivision (c)(3)(A) of this &sect;, explaining the steps taken by the employer; or</u>\n   </p>\n   <p class=\"indent\">\n    <u class=\"amendmentInsertedText\">(B) provide the employee with a notice explaining that the employer has not corrected the information or data and describing the steps the employer has taken to verify the accuracy of the disputed information or data.</u>\n   </p>\n   <p class=\"indent\">\n    <u class=\"amendmentInsertedText\">(k) Retaliation prohibited. An employer shall not discharge or in any other manner retaliate against an employee who exercises or attempts to exercise the employee&#39;s rights under this &sect;. The provisions against retaliation set forth in subdivision 495(a)(8) of this subchapter shall apply to this &sect;.</u>\n   </p>\n   <p class=\"indent\">\n    <u class=\"amendmentInsertedText\">(l) Enforcement. The provisions of &sect; 495b of this subchapter shall apply to this &sect;.</u>\n   </p>\n   <effective_clause>\n    <p class=\"indent\">\n     <u class=\"amendmentInsertedText\">Sec. 2. EFFECTIVE DATE</u>\n    </p>\n    <p class=\"indent\">\n     <u class=\"amendmentInsertedText\">This act shall take effect on July 1, 2025.</u>\n    </p>\n   </effective_clause>\n  </div>\n </div>\n    </div>\t\n<table cellpadding=0 cellspacing=0 width=\"100%\">\n   <tr>\n      <td>\n          Copyright &copy; 2025 State Net\n      </td>\n<BR>\n<!--???MOVED INTO resources.cgi      <td align=\"right\">\n          <img src=\"https://custom.statenet.com/network/poweredby.gif\" alt=\"Powered by State Net\">\n      </td>-->\n\n    </tr>\n</table>\n</body></html>\n",
      "markdown": "The following has special meaning: _green underline denotes added text_ ~~red struck out text denotes deleted text~~ | [![Powered by State Net](https://custom.statenet.com/network/poweredby.gif)](https://www.lexisnexis.com/statenet/)  \n---|---  \n  \n2025 VT H 262 | | Author: | Priestley  \n---|---  \nVersion: | Introduced  \nVersion Date: | 02/18/2025  \n  \nBILL AS INTRODUCED\n\n2025\n\nH.262\n\nIntroduced by Representatives Priestley of Bradford, Chapin of East\nMontpelier, Hooper of Burlington, Masland of Thetford, McCann of Montpelier,\nMcGill of Bridport, Minier of South Burlington, Nugent of South Burlington,\nand Olson of Starksboro\n\nReferred to Committee on\n\nDate:\n\nSubject: Labor; employment practices; fair employment; electronicmonitoring;\nautomated decision systems\n\nStatement of purpose of bill as introduced: This bill proposes to restrict the\nuse of electronic monitoring of employees and the use of automated decision\nsystems for employment-related decisions.\n\nAn act relating to restricting electronic monitoring of employees and the use\nof employment-related automated decision systems\n\nIt is hereby enacted by the General Assembly of the State of Vermont:\n\nSec. 1. 21 V.S.A. § 495q is added to read:\n\n_§ 495q. ELECTRONIC MONITORING OF EMPLOYEES; AUTOMATED DECISION SYSTEMS;\nRESTRICTIONS; EXCEPTIONS_\n\n_(a) Definitions. As used in this §:_\n\n_(1) \"Algorithm\" means a computerized procedure consisting of a set of steps\nused to accomplish a determined task._\n\n_(2) \"Automated decision system\" means an algorithm or computational process\nthat is used to make or assist in making employment-related decisions,\njudgments, or conclusions. The term \"automated decision system\" includes\nalgorithms and computational processes that are derived from machine learning,\nstatistics, data processing, or artificial intelligence._\n\n_(3) \"Automated decision system output\" means information, data, assumptions,\npredictions, scoring, recommendations, decisions, or conclusions generated by\nan automated decision system._\n\n_(4) \"Data\" means information obtained by any means that, directly or\nindirectly, identifies, relates to, describes, may reasonably be associated\nwith, or could reasonably be linked to an employee, including:_\n\n_(A) personal identifying information;_\n\n_(B) biometric information;_\n\n_(C) health, medical, lifestyle, and wellness information;_\n\n_(D) information related to workplace activities;_\n\n_(E) human resources information and personnel files; and_\n\n_(F) information related to the employee 's internet and digital activities,\nincluding electronic communications, private social media activity, and\npersonal internet protocol address._\n\n_(5) \"Electronic monitoring\" means the collection of information concerning\nemployee activities or communication by any means other than direct, in-person\nobservation, including through the use of a digital device; computer;\ntelephone; wire; radio; camera; or electromagnetic, photoelectronic, or photo-\noptical system._\n\n_(6) \"Employee\" means an individual who in consideration of direct or indirect\ngain or profit is employed by an employer. As used in this §, \"employee\"\nincludes job applicants and independent contractors providing services,\ndirectly or indirectly, to an employer._\n\n_(7) \"Employer\" means a person who directly or indirectly employs or exercises\ncontrol over the wages, benefits, other compensation, hours, working\nconditions, access to work or job opportunities, or other terms and conditions\nof employment of an employee. For purposes of this §, \"employer\" includes the\nemployer's agents, labor contractors, or other affiliates or subcontractors\nthrough which individuals perform work on behalf of the employer or otherwise\nprovide services that are integrated into the employer's business operations._\n\n_(8) \"Employment-related decision\" means any decision made by an employer\nthat:_\n\n_(A) affects an employee 's compensation, benefits, or terms and conditions of\nemployment;_\n\n_(B) relates to the discipline, evaluation, promotion, or termination of an\nemployee; or_\n\n_(C) relates to the hiring of an individual or employee for a position or\njob._\n\n_(9) \"Essential job function\" means a fundamental duty of a job or position\nthat an employee with that job or position must be able to perform, as\nrevealed by objective evidence, such as the amount of time an employee spends\nperforming a function, the terms of any applicable collective bargaining\nagreement, the employee's past and present work experiences, and the\nemployee's performance in the position. The employer's reasonable,\nnondiscriminatory judgment as to which job functions are essential may be\nrelevant evidence but not the sole basis for a determination as to which\nfunctions are essential, the determination of which requires consideration of\nobjective evidence._\n\n_(10) \"Periodic assessment of an employee's performance\" means the assessment\nof an employee's performance over the course of units of time equal to or\ngreater than one calendar day._\n\n_(b) Employee monitoring restricted. An employer shall not engage in\nelectronic monitoring of an employee unless all of the following requirements\nare met:_\n\n_(1) the employer 's purpose in utilizing the electronic monitoring is to:_\n\n_(A) assist or allow the employee to accomplish an essential job function;_\n\n_(B) monitor production processes or quality;_\n\n_(C) ensure compliance with applicable employment or labor laws;_\n\n_(D) protect the health, safety, or security of the employee, clients, or the\npublic;_\n\n_(E) secure the employer 's physical or digital property;_\n\n_(F) conduct periodic assessment of employee performance; or_\n\n_(G) track time worked or production output for purposes of determining the\nemployee 's compensation;_\n\n_(2) the specific form of electronic monitoring is necessary to accomplish the\npurpose identified pursuant to subdivision (1) of this sub § and is used\nexclusively to accomplish that purpose;_\n\n_(3) the specific form of electronic monitoring is the least invasive means,\nwith respect to the employee, of accomplishing the purpose identified pursuant\nto subdivision (1) of this sub §;_\n\n_(4) the specific form of electronic monitoring is used with the smallest\nnumber of employees, collects the smallest amount of data necessary to\naccomplish the purpose identified pursuant to subdivision (1) of this sub §,\nand is collected not more frequently than necessary to accomplish that\npurpose; and_\n\n_(5) the employer ensures that only authorized persons have access to any data\nproduced through the electronic monitoring and that the data is only used for\nthe purpose and duration that the employee has been notified of pursuant to\nsub § (c) of this §._\n\n_(c) Required notice for employee monitoring._\n\n_(1) At least 15 calendar days prior to commencing any form of electronic\nmonitoring, an employer shall provide notice of the electronic monitoring to\neach employee who will be subject to it. The notice shall, at a minimum,\ninclude the following information:_\n\n_(A) the specific form of electronic monitoring;_\n\n_(B) a description of the intended purpose of the electronic monitoring and\nwhy the electronic monitoring is necessary to accomplish that purpose;_\n\n_(C) a description of how any data generated by the electronic monitoring will\nbe used, including whether and how the data generated by the electronic\nmonitoring will be used to inform employment-related decisions;_\n\n_(D) a description of the technologies that will be used to conduct the\nelectronic monitoring;_\n\n_(E) a description of the specific activities, locations, communications, and\njob roles that will be electronically monitored;_\n\n_(F) the name of any person conducting electronic monitoring on the employer\n's behalf and any associated contract language related to the monitoring;_\n\n_(G) the name of any person, apart from the employer, who will have access to\nany data generated by the electronic monitoring and the reason why the person\nwill have access to the data;_\n\n_(H) the positions within the employer that will have access to any data\ngenerated by the electronic monitoring;_\n\n_(I) when, where, and how frequently monitoring will occur;_\n\n_(J) the period of time for which any data generated by the electronic\nmonitoring will be retained by the employer or another person and when that\ndata will be destroyed;_\n\n_(K) notice of how an employee may access the data generated by the electronic\nmonitoring and the process to correct any errors in the data;_\n\n_(L) a cover sheet that concisely summarizes the details contained in the\nnotice;_\n\n_(M) notice of an employee 's rights pursuant to this § and the judicial and\nadministrative remedies available for redressing the wrongful use of\nelectronic monitoring; and_\n\n_(N) instructions on how an employee can file a complaint against an employer\nfor violations of this §._\n\n_(2) If an employer uses electronic monitoring to track employee productivity\nor performance, the employer shall include the following information in the\nnotice required by subdivision (1) of this sub §:_\n\n_(A) the performance or productivity standards by which employees will be\nassessed and how employees will be measured against those standards;_\n\n_(B) how performance or productivity data will be monitored and collected,\nincluding the identity of the employees subject to such monitoring and when,\nwhere, and how the monitoring and data collection will occur; and_\n\n_(C) any adverse consequences for failing to meet a performance or\nproductivity standard and whether there is any bonus or incentive program\nassociated with meeting or exceeding each standard._\n\n_(3)(A) Notice of electronic monitoring provided pursuant to this § shall be\nwritten in plain, clear, and concise language and provided to each employee in\nthe employee's primary language._\n\n_(B) An employer shall provide a new, updated notice to employees if it makes\nany significant changes to the manner of electronic monitoring or to the way\nthat the employer utilizes the electronic monitoring or any data generated by\nit._\n\n_(4) Notwithstanding subdivisions (1) and (2) of this sub §, prior notice of\nelectronic monitoring shall not be required if:_\n\n_(A) the employer has reasonable grounds to believe that the employee is\nengaged in conduct that:_\n\n_(i) is illegal;_\n\n_(ii) violates the legal rights of the employer or another employee; or_\n\n_(iii) creates a hostile work environment; and_\n\n_(B) the electronic monitoring is reasonably likely to produce evidence of the\nconduct, is otherwise conducted in compliance with the previsions of this §,\nand is narrowly tailored to the purpose of identifying the conduct._\n\n_(5)(A) An employer that utilizes electronic monitoring shall annually provide\neach of its employees with a list of all electronic monitoring systems\ncurrently in use by the employer in relation to that employee. The list shall\nbe provided in the primary language of the employee._\n\n_(B) As used in this subdivision (5), \"currently in use\" means that the\nemployer:_\n\n_(i) is currently using the system in relation to the employee;_\n\n_(ii) used the electronic monitoring system in relation to the employee within\nthe past 90 days; or_\n\n_(iii) intends to use the electronic monitoring system in relation to the\nemployee within the next 30 days._\n\n_(d) Prohibitions on employee monitoring. Notwithstanding the purposes for\nelectronic monitoring set forth in subdivision (b)(1) of this §, electronic\nmonitoring shall not be used:_\n\n_(1) in any manner that violates State or federal labor, employment, civil\nrights, or human rights laws;_\n\n_(2) in relation to employees who are off-duty and not performing work-related\ntasks, including employees on-call;_\n\n_(3) to identify, punish, or obtain information about employees exercising\nlegal rights, including rights guaranteed by labor and employment laws;_\n\n_(4) for audio-visual monitoring of bathrooms, locker rooms, changing areas,\nbreakrooms, smoking areas, areas designated for the expression of breast milk,\nemployee cafeterias, lounges, or other similarly private areas;_\n\n_(5) to determine the frequency with which employees visit or use bathrooms,\nlocker rooms, changing areas, breakrooms, smoking areas, employee cafeterias,\nlounges, or other similarly private areas;_\n\n_(6) for monitoring, including audio-visual monitoring, of any space within an\nemployee 's residence or personal vehicle, or a property owned or rented by\nthe employee, unless the monitoring is necessary to ensure the employee's\nhealth and safety or to verify the security of employer or client data;_\n\n_(7) to obtain information about an employee 's actual or perceived age,\ncolor, disability, ethnicity, genetic information, limited proficiency in the\nEnglish language, national origin, race, religion, pursuit or receipt of\nreproductive health care, sex, sexual orientation, gender identity or\nexpression, marital status, family responsibilities, personal appearance,\nimmigration status, political affiliation or association, neurodiversity,\nveteran status, or other classification protected under State or federal law;_\n\n_(8) to take adverse employment action against an employee on the basis of\ndata collected via continuous incremental time-tracking tools; or_\n\n_(9) in a manner that harms health or safety or violates the legal rights of\nany employee._\n\n_(e) Restriction of employee monitoring through personal devices._\n\n_(1) An employer shall not require an employee to install an application on a\npersonal device for purposes of electronic monitoring or to wear a device or\nattach, embed, or physically implant a device on the employee 's clothing that\ncan be used for electronic monitoring, unless the electronic monitoring is:_\n\n_(A) necessary to accomplish the employee 's essential job function; and_\n\n_(B) limited to only the times and activities necessary to accomplish the\nessential job functions._\n\n_(2) Any location tracking function of an application or device shall be\ndisabled outside of the times when the employee is engaged in activities\nnecessary to accomplish essential job functions._\n\n_(3) An employer shall not require an employee to physically implant a device\non the employee 's body for purposes of employee monitoring._\n\n_(f) Restrictions on use of automated decision systems._\n\n_(1) An employer shall not use an automated decision system in a manner that:_\n\n_(A) violates or results in a violation of State or federal law;_\n\n_(B) makes predictions about an employee 's behavior that are unrelated to the\nemployee's essential job functions;_\n\n_(C) identifies, profiles, or predicts the likelihood that an employee will\nexercise the employee 's legal rights;_\n\n_(D) makes predictions about an employee 's emotions, personality, or other\nsentiments; or_\n\n_(E) use customer or client data, including customer or client reviews and\nfeedback, as an input of the automated decision system._\n\n_(2)(A) An employer shall not solely rely on outputs from an automated\ndecision system when making employment-related decisions._\n\n_(B) An employer may utilize an automated decision system in making\nemployment-related decisions if:_\n\n_(i) the automated decision system outputs considered in making the\nemployment-related decision are corroborated by human oversight of the\nemployee, including supervisory or managerial observations and documentation\nof the employee 's work, personnel records, and consultations with the\nemployee's coworkers;_\n\n_(ii) the employer has conducted an impact assessment of the automated\ndecision system pursuant to sub § (g) of this §; and_\n\n_(iii) the employer is in compliance with the notice requirements of\nsubdivision (4) of this sub § (f)._\n\n_(3) An employer shall not use any automated decision system outputs regarding\nan employee 's physical or mental health in relation to an employment-related\ndecision._\n\n_(4) Prior to using an automated decision system to make an employment-related\ndecision about an employee, the employer must provide the employee with a\nnotice that complies with subdivision (c)(3)(A) of this § and, at a minimum,\ncontains the following information:_\n\n_(A) a plain language explanation of the nature, purpose, and scope for which\nthe automated decision system will be used, including the specific employment-\nrelated decisions potentially affected;_\n\n_(B) the logic used in the automated decision system, including the key\nparameters that affect the output of the automated decision system;_\n\n_(C) the specific category and sources of employee input data that the\nautomated decision system will use, including a specific description of any\ndata collected through electronic monitoring;_\n\n_(D) any performance metrics the employer will consider using with the\nautomated decision system;_\n\n_(E) the type of outputs the automated decision system will produce;_\n\n_(F) the individuals or entities that developed the automated decision\nsystem;_\n\n_(G) the individual or entities that will operate, monitor, and interpret the\nresults of the automated decision system;_\n\n_(H) information about how an employee can access the results of the most\nrecent impact assessment of the automated decision system;_\n\n_(I) a description of an employee 's rights, pursuant to sub§ (j) of this §,\nto access information about the employer's use of the automated decision\nsystem and to correct data used by the automated decision system; and_\n\n_(J) a statement that employees are protected from retaliation for exercising\nthe rights described in the notice._\n\n_(g) Impact assessment of automated decision systems._\n\n_(1) Prior to utilizing an automated decision system, an employer shall create\na written impact assessment of the system that includes, at a minimum:_\n\n_(A) a detailed description of the automated decision system and its purpose;_\n\n_(B) a description of the data utilized by the system;_\n\n_(C) a description of the outputs produced by the system and the types of\nemployment-related decisions in which those outputs may be utilized;_\n\n_(D) an assessment of the necessity for the system, including reasons for\nutilizing the system to supplement nonautomated means of decision making;_\n\n_(E) a detailed assessment of the system 's validity and reliability in\naccordance with contemporary social science standards and a description of any\nmetrics used to evaluate the performance and known limitations of the\nautomated decision system;_\n\n_(F) a detailed assessment of the potential risks of utilizing the system,\nincluding the risk of:_\n\n_(i) discrimination against employees on the basis of race, color, religion,\nnational origin, sex, sexual orientation, gender identity, ancestry, place of\nbirth, age, crime victim status, or physical or mental condition;_\n\n_(ii) violating employees ' legal rights or chilling employees' exercise of\nlegal rights;_\n\n_(iii) directly or indirectly harming employees ' physical health, mental\nhealth, safety, sense of well-being, dignity, or autonomy;_\n\n_(iv) harm to employee privacy, including through potential security breaches\nor inadvertent disclosure of information; and_\n\n_(v) negative economic and material impacts to employees, including potential\neffects on compensation, benefits, work conditions, evaluations, advancement,\nand work opportunities;_\n\n_(G) a detailed summary of measures taken by the employer to address or\nmitigate the risks identified pursuant to subdivision (E) of this subdivision\n(1); and_\n\n_(H) a description of any methodology used in preparing the assessment._\n\n_(2) An employer shall provide a copy of the assessment prepared pursuant to\nsubdivision (1) of this sub § to an employee upon request._\n\n_(3) An employer shall update the assessment required pursuant to this sub §\nany time a significant change or update is made to the automated decision\nsystem._\n\n_(4) A single impact assessment may address a comparable set of automated\ndecision systems deployed by an employer._\n\n_(h) Prohibitions on facial, gait, voice, and emotion recognition technology.\nElectronic monitoring and automated decision systems shall not incorporate any\nform of facial, gait, voice, or emotion recognition technology._\n\n_(i) Protection of employee privacy._\n\n_(1) An employer; any person that develops, operates, or maintains electronic\nmonitoring or an automated decision system on behalf of an employer; and any\nperson who collects, stores, analyzes, interprets, disseminates, or otherwise\nuses data produced or utilized by electronic monitoring or an automated\ndecision system shall implement reasonable security procedures and practices\nappropriate to the nature of the data to protect employees ' personal\ninformation from unauthorized or illegal access, destruction, use,\nmodification, or disclosure._\n\n_(2) Any person that develops, operates, or maintains electronic monitoring or\nan automated decision system on behalf of an employer and any person who\ncollects, stores, analyzes, interprets, disseminates, or otherwise uses data\nproduced or utilized by electronic monitoring or an automated decision system\nshall, upon termination of the contract with the employer:_\n\n_(A) return all data and automated decision system outputs to the employer;\nand_\n\n_(B) destroy all data and automated decision system outputs in the person 's\npossession._\n\n_(j) Employee right to access and correct data._\n\n_(1) Within seven days of receiving a request, an employer shall provide an\nemployee with access to any data that relates to the employee that was\nproduced or utilized by electronic monitoring or an automated decision system\nused by the employer._\n\n_(2) Within seven days of receiving a request to correct potential errors\nidentified by an employee, an employer shall:_\n\n_(A) correct the erroneous information or data and provide the employee with a\nnotice that complies with subdivision (c)(3)(A) of this §, explaining the\nsteps taken by the employer; or_\n\n_(B) provide the employee with a notice explaining that the employer has not\ncorrected the information or data and describing the steps the employer has\ntaken to verify the accuracy of the disputed information or data._\n\n_(k) Retaliation prohibited. An employer shall not discharge or in any other\nmanner retaliate against an employee who exercises or attempts to exercise the\nemployee 's rights under this §. The provisions against retaliation set forth\nin subdivision 495(a)(8) of this subchapter shall apply to this §._\n\n_(l) Enforcement. The provisions of § 495b of this subchapter shall apply to\nthis §._\n\n_Sec. 2. EFFECTIVE DATE_\n\n_This act shall take effect on July 1, 2025._\n\nCopyright (C) 2025 State Net  \n  \n---\n\n",
      "latest_version": true
    }
  ]
}