{
  "bill_id": "WA2025000H1833",
  "source_url": "http://custom.statenet.com/public/resources.cgi?id=ID:bill:WA2025000H1833&cuiq=93d84396-c63b-526a-b152-38b7f79b4cfd&client_md=e4f6fea4-27b4-5d41-b7d3-766fe52569f0",
  "versions": [
    {
      "date": "02/03/2025",
      "label": "Introduced",
      "url": "https://custom.statenet.com/public/resources.cgi?mode=show_text&id=ID:bill:WA2025000H1833&verid=WA2025000H1833_20250203_0_I&",
      "raw_html": "<html>\n<head>\n<title>Bill Resource</title>\n\n<!--   <link href=\"https://custom.statenet.com/network/Common/css/extregtext.css\" rel=\"stylesheet\" type=\"text/css\" />-->\n   <link href=\"https://custom.statenet.com/network/Common/css/xmltext-2.0.css\" rel=\"stylesheet\" type=\"text/css\" />\n   <link href=\"https://custom.statenet.com/network/Common/css/additional-text.css\" rel=\"stylesheet\" type=\"text/css\" />\n\n\t<style type=\"text/css\">\n<!--\n\ntd, body {\n     background-color: white;\n\tfont-family: Verdana, Arial, Helvetica, sans-serif;\n\tfont-size: 12px;\n}\n\n.resourceContainer {\n   border: 1px solid black;\n}\n-->\n</style>\n</head>\n<body>\n\n    <div style=\"width: 750px; margin: auto\">\n       <div style=\"font-size: .8em;margin-bottom: 10px\"><table width=\"100%\"><tr><td align=\"left\" style=\"font-size: .8em;\"><div>The following has special meaning:</div>\n<div><u class=\"amendmentInsertedText\">green underline denotes added text</u></div>\n<div><strike class=\"amendmentDeletedText\">red struck out text denotes deleted text</strike></div></td> <td align=\"right\"><a href=\"https://www.lexisnexis.com/statenet/\"><img alt=\"Powered by State Net\" src=\"https://custom.statenet.com/network/poweredby.gif\" /></a></td></tr></table></div><table id=\"text-identifier\"><tr><td class=\"key\">2025 WA H 1833</td> <td><table><tr><td class=\"label\">Author:</td> <td>Keaton</td></tr> <tr><td class=\"label\">Version:</td> <td>Introduced</td></tr> <tr><td class=\"label\">Version Date:</td> <td>02/03/2025</td></tr></table></td></tr></table><div class=\"documentBody\">\n  <a name=\"head_document_section\"></a><div class=\"head\">\n   <p class=\"center\">HOUSE BILL 1833</p>\n   <p class=\"center\">State of Washington -- 69th Legislature -- 2025 Regular Session</p>\n   <p class=\"indent\">By Representatives Keaton and Barnard</p>\n  </div>\n  <a name=\"code_document_section\"></a><div class=\"code\">\n   <p class=\"indent\">AN ACT Relating to creating an artificial intelligence grant program to promote the economic development of innovative uses of artificial intelligence; amending 2024 c 163 s 2 (uncodified); adding new sections to chapter <u>43.330</u> RCW; and creating new sections.</p>\n  </div>\n  <a name=\"text_document_section\"></a><div class=\"text\">\n   <span>\n    <p class=\"indent\">BE IT ENACTED BY THE LEGISLATURE OF THE STATE OF WASHINGTON:</p>\n   </span>\n   <p class=\"indent\">\n    <u>NEW SECTION.</u> Sec. 1. The legislature recognizes that fostering technological innovation is essential for Washington state&#39;s economic growth and long-term competitiveness. By investing in emerging technologies, including artificial intelligence, the state can access new sources of revenue, create high paying jobs, and position itself as a national leader in cutting-edge industries. Artificial intelligence-driven solutions have the potential to address critical statewide challenges, such as predicting and managing wildfires, improving the effectiveness of cybersecurity, and improving public health responses. Supporting the development of these technologies will not only strengthen Washington&#39;s economy, but also enhance public safety and government efficiency.</p>\n   <p class=\"indent\">Therefore, the legislature intends to establish an innovation grant program to support organizations that create transformative new technologies. These grants will provide critical funding to startups, research institutions, and companies working on advancements with broad public benefits, ensuring that Washington remains at the forefront of technological progress. By encouraging innovation, this act will drive economic expansion, attract private investment, and equip the state with cutting-edge tools to address its most pressing challenges.</p>\n   <p class=\"indent\">\n    <u>NEW SECTION.</u> Sec. 2. A new section is added to chapter <u>43.330</u> RCW to read as follows:</p>\n   <p class=\"indent\">(1) Subject to the availability of amounts appropriated for this specific purpose, the department shall establish the spark act grant program to promote the economic development of innovative uses of artificial intelligence.</p>\n   <p class=\"indent\">(2) The department shall solicit input from the artificial intelligence task force, created in chapter 163, Laws of 2024, no less than once per year through 2027, to identify state priorities to form the basis of the grants. When the department evaluates applications, it shall prioritize:</p>\n   <p class=\"indent\">(a) An applicant that has committed to ethical uses of artificial intelligence;</p>\n   <p class=\"indent\">(b) An applicant that has analyzed the risks associated with its product;</p>\n   <p class=\"indent\">(c) Small businesses; and</p>\n   <p class=\"indent\">(d) Projects with statewide impact.</p>\n   <p class=\"indent\">(3) The department shall award grants on at least an annual basis.</p>\n   <p class=\"indent\">(4) The department shall pursue all available opportunities for federal funding and solicit private donations for the spark act grant program account created in section 4 of this act.</p>\n   <p class=\"indent\">(5) Eligible applicants shall apply for the grant program in a manner to be determined by the department. To be eligible, an applicant&#39;s proposal must include technology that will be shared with the state and provide a state benefit, such as wildfire tracking, cybersecurity, or health care advancements.</p>\n   <p class=\"indent\">(6) The department shall identify relevant federal grants related to the economic development of innovative uses of artificial intelligence in its inventory of grant opportunities required by RCW <u>43.330.260</u>.</p>\n   <p class=\"indent\">(7) For the purposes of this section, &quot;artificial intelligence&quot; means the use of machine learning and related technologies that use data to train statistical models for the purpose of enabling computer systems to perform tasks normally associated with human intelligence or perception, such as computer vision, speech or natural language processing, and content generation.</p>\n   <p class=\"indent\">(8) The department may adopt rules to implement this section.</p>\n   <p class=\"indent\">\n    <u>NEW SECTION.</u> Sec. 3. A new section is added to chapter <u>43.330</u> RCW to read as follows:</p>\n   <p class=\"indent\">(1) Beginning October 31, 2027, the department shall report on the spark act grant program established in section 2 of this act. The report must be updated every two years, posted on the department&#39;s website, and transmitted to the governor and the legislature in accordance with RCW <u>43.01.036</u>.</p>\n   <p class=\"indent\">(2) The report must identify the: Priorities identified for the reporting period; number of applications received by the department; number and amount of grants awarded; types of projects supported by the grants; and source of revenues for the grants.</p>\n   <p class=\"indent\">\n    <u>NEW SECTION.</u> Sec. 4. A new section is added to chapter <u>43.330</u> RCW to read as follows:</p>\n   <p class=\"indent\">(1) The spark act grant program account is created in the custody of the state treasurer. Revenues to the account consist of appropriation by the legislature, donated funds from private and public sources, federal funding, and all other sources deposited in the fund.</p>\n   <p class=\"indent\">(2) Expenditures from the account may be used only for the spark act grant program under section 2 of this act, including administrative expenses. Only the director of the department, or the director&#39;s designee, may authorize expenditures from the account. The account is subject to the allotment procedures under chapter <u>43.88</u> RCW, but an appropriation is not required for expenditures.</p>\n   <p class=\"indent\">Sec. 5. 2024 c 163 s 2 (uncodified) is amended to read as follows:</p>\n   <p class=\"indent\">(1) Subject to the availability of amounts appropriated for this specific purpose, a task force to assess current uses and trends and make recommendations to the legislature regarding guidelines and potential legislation for the use of artificial intelligence systems is established.</p>\n   <p class=\"indent\">(2) The task force is composed of an executive committee consisting of members as provided in this subsection.</p>\n   <p class=\"indent\">(a) The president of the senate shall appoint one member from each of the two largest caucuses of the senate.</p>\n   <p class=\"indent\">(b) The speaker of the house of representatives shall appoint one member from each of the two largest caucuses of the house of representatives.</p>\n   <p class=\"indent\">(c) The attorney general shall appoint the following members, selecting only individuals with experience in technology policy:</p>\n   <p class=\"indent\">(i) One member from the office of the governor;</p>\n   <p class=\"indent\">(ii) One member from the office of the attorney general;</p>\n   <p class=\"indent\">(iii) One member from Washington technology solutions;</p>\n   <p class=\"indent\">(iv) One member from the Washington state auditor;</p>\n   <p class=\"indent\">(v) One member representing universities or research institutions that are experts in the design and effect of an algorithmic system;</p>\n   <p class=\"indent\">(vi) One member representing private technology industry groups;</p>\n   <p class=\"indent\">(vii) One member representing business associations;</p>\n   <p class=\"indent\">(viii) Three members representing community advocate organizations that represent communities that are disproportionately vulnerable to being harmed by algorithmic bias;</p>\n   <p class=\"indent\">(ix) One member representing the LGBTQ+ community;</p>\n   <p class=\"indent\">(x) One member representing the retail industry;</p>\n   <p class=\"indent\">(xi) One member representing the hospitality industry;</p>\n   <p class=\"indent\">(xii) One member representing statewide labor organizations; and</p>\n   <p class=\"indent\">(xiii) One member representing public safety.</p>\n   <p class=\"indent\">(d) The task force may meet in person or by telephone conference call, videoconference, or other similar telecommunications method, or a combination of such methods.</p>\n   <p class=\"indent\">(e) The executive committee may convene subcommittees to advise the task force on the recommendations and findings set out in subsection (4) of this section.</p>\n   <p class=\"indent\">(i) The executive committee shall define the scope of activity and subject matter focus required of the subcommittees including, but not limited to: Education and workforce development; public safety and ethics; health care and accessibility; labor; government and public sector efficiency; state security and cybersecurity; consumer protection and privacy; and industry and innovation.</p>\n   <p class=\"indent\">(ii) Subcommittees and their members may be invited to participate on an ongoing, recurring, or one-time basis.</p>\n   <p class=\"indent\">(iii) The executive committee in collaboration with the attorney general shall appoint members to the subcommittees that must be comprised of industry participants, subject matter experts, representatives of federally recognized tribes, or other relevant stakeholders.</p>\n   <p class=\"indent\">(iv) Each subcommittee must contain at least one member possessing relevant industry expertise and at least one member from an advocacy organization that represents communities that are disproportionately vulnerable to being harmed by algorithmic bias including, but not limited to: African American; Hispanic American; Native American; Asian American; Native Hawaiian and Pacific Islander communities; religious minorities; individuals with disabilities; and other vulnerable communities.</p>\n   <p class=\"indent\">(v) Meeting summaries and reports delivered by the subcommittees to the executive committee must be made available on the attorney general&#39;s website within 30 days of delivery.</p>\n   <p class=\"indent\">\n    <u class=\"amendmentInsertedText\">(vi) The executive committee shall identify and direct the appropriate subcommittee to provide input, no less than once per year, to assist the department of commerce in the identification of state priorities to form the basis of the spark act grants that will promote the economic development of innovative uses of artificial intelligence, pursuant to section 2 of this act.</u>\n   </p>\n   <p class=\"indent\">(3) The office of the attorney general must administer and provide staff support for the task force. The office of the attorney general may, when deemed necessary by the task force, retain consultants to provide data analysis, research, recommendations, training, and other services to the task force for the purposes provided in subsection (4) of this section. The office of the attorney general may work with the task force to determine appropriate subcommittees as needed.</p>\n   <p class=\"indent\">(4) The executive committee and subcommittees of the task force shall examine the development and use of artificial intelligence by private and public sector entities and make recommendations to the legislature regarding guidelines and potential legislation for the use and regulation of artificial intelligence systems to protect Washingtonians&#39; safety, privacy, and civil and intellectual property rights. The task force findings and recommendations must include:</p>\n   <p class=\"indent\">(a) A literature review of public policy issues with artificial intelligence, including benefits and risks to the public broadly, historically excluded communities, and other identifiable groups, racial equity considerations, workforce impacts, and ethical concerns;</p>\n   <p class=\"indent\">(b) A review of existing protections under state and federal law for individual data and privacy rights, safety, civil rights, and intellectual property rights, and how federal, state, and local laws relating to artificial intelligence align, differ, conflict, and interact across levels of government;</p>\n   <p class=\"indent\">(c) A recommended set of guiding principles for artificial intelligence use informed by standards established by relevant bodies, including recommending a definition for ethical artificial intelligence and guiding principles;</p>\n   <p class=\"indent\">(d) Identification of high-risk uses of artificial intelligence, including those that may negatively affect safety or fundamental rights;</p>\n   <p class=\"indent\">(e) Opportunities to support and promote the innovation of artificial intelligence technologies through grants and incentives;</p>\n   <p class=\"indent\">(f) Recommendations on appropriate uses of and limitations on the use of artificial intelligence by state and local governments and the private sector;</p>\n   <p class=\"indent\">(g) Recommendations relating to the appropriate and legal use of training data;</p>\n   <p class=\"indent\">(h) Algorithmic discrimination issues which may occur when artificial intelligence systems are used and contribute to unjustified differential treatment or impacts disfavoring people on the basis of race, color, national origin, citizen or immigration status, families with children, creed, religious belief or affiliation, sex, marital status, the presence of any sensory, mental, or physical disability, age, honorably discharged veteran or military status, sexual orientation, gender expression or gender identity, or any other protected class under RCW <u>49.60.010</u> and recommendations to mitigate and protect against algorithmic discrimination;</p>\n   <p class=\"indent\">(i) Recommendations on minimizing unlawful discriminatory or biased outputs or applications;</p>\n   <p class=\"indent\">(j) Recommendations on prioritizing transparency so that the behavior and functional components artificial intelligence can be understood in order to enable the identification of performance issues, safety and privacy concerns, biases, exclusionary practices, and unintended outcomes;</p>\n   <p class=\"indent\">(k) Racial equity issues posed by artificial intelligence systems and ways to mitigate the concerns to build equity into the systems;</p>\n   <p class=\"indent\">(l) Civil liberties issues posed by artificial intelligence systems and civil rights and civil liberties protections to be incorporated into artificial intelligence systems;</p>\n   <p class=\"indent\">(m) Recommendations as to how the state should educate the public on the development and use of artificial intelligence, including information about data privacy and security, data collection and retention practices, use of individual data in machine learning, and intellectual property considerations regarding generative artificial intelligence;</p>\n   <p class=\"indent\">(n) A review of protections of personhood, including replicas of voice or likeness, in typical contract structures, and a review of artificial intelligence tools used to support employment decisions;</p>\n   <p class=\"indent\">(o) Proposed state guidelines for the use of artificial intelligence to inform the development, deployment, and use of artificial intelligence systems to:</p>\n   <p class=\"indent\">(i) Retain appropriate human agency and oversight;</p>\n   <p class=\"indent\">(ii) Be subject to internal and external security testing of systems before public release for high-risk artificial intelligence systems;</p>\n   <p class=\"indent\">(iii) Protect data privacy and security;</p>\n   <p class=\"indent\">(iv) Promote appropriate transparency for consumers when they interact with artificial intelligence systems or products created by artificial intelligence; and</p>\n   <p class=\"indent\">(v) Ensure accountability, considering oversight, impact assessment, auditability, and due diligence mechanisms;</p>\n   <p class=\"indent\">(p) A review of existing civil and criminal remedies for addressing potential harms resulting from the use of artificial intelligence systems and recommendations, if needed, for new means of enforcement and remedies; and</p>\n   <p class=\"indent\">(q) Recommendations for establishing an ongoing committee that must study emerging technologies not limited to artificial technology.</p>\n   <p class=\"indent\">(5) The executive committee of the task force must hold its first meeting within 45 days of final appointments to the task force and must meet at least twice each year thereafter. The task force must submit reports to the governor and the appropriate committees of the legislature detailing its findings and recommendations. A preliminary report must be delivered by December 31, 2024, an interim report by December 1, 2025, and a final report by July 1, 2026. Meeting summaries must be posted to the website of the attorney general&#39;s office within 30 days of any meeting by the task force.</p>\n   <p class=\"indent\">(6) Legislative members of the task force shall be reimbursed for travel expenses in accordance with RCW <u>44.04.120</u>. Nonlegislative members are not entitled to be reimbursed for travel expenses if they are elected officials or are participating on behalf of an employer, governmental entity, or other organization. Any reimbursement for other nonlegislative members is subject to chapter <u>43.03</u> RCW.</p>\n   <p class=\"indent\">(7) To ensure that the task force has diverse and inclusive representation of those affected by its work, task force members, including subcommittee members, whose participation in the task force may be hampered by financial hardship and may be compensated as provided in RCW <u>43.03.220</u>.</p>\n   <p class=\"indent\">(8) The definitions in this subsection apply throughout this section unless the context clearly requires otherwise.</p>\n   <p class=\"indent\">(a) &quot;Artificial intelligence&quot; means the use of machine learning and related technologies that use data to train statistical models for the purpose of enabling computer systems to perform tasks normally associated with human intelligence or perception, such as computer vision, speech or natural language processing, and content generation.</p>\n   <p class=\"indent\">(b) &quot;Generative artificial intelligence&quot; means an artificial intelligence system that generates novel data or content based on a foundation model.</p>\n   <p class=\"indent\">(c) &quot;Machine learning&quot; means the process by which artificial intelligence is developed using data and algorithms to draw inferences therefrom to automatically adapt or improve its accuracy without explicit programming.</p>\n   <p class=\"indent\">(d) &quot;Training data&quot; means labeled data that is used to teach artificial intelligence models or machine learning algorithms to make proper decisions. Training data may include, but is not limited to, annotated text, images, video, or audio.</p>\n   <p class=\"indent\">(9) This section expires June 30, 2027.</p>\n   <p class=\"indent\">\n    <u>NEW SECTION.</u> Sec. 6. This act may be known and cited as the spark act.</p>\n  </div>\n </div>\n    </div>\t\n<table cellpadding=0 cellspacing=0 width=\"100%\">\n   <tr>\n      <td>\n          Copyright &copy; 2025 State Net\n      </td>\n<BR>\n<!--???MOVED INTO resources.cgi      <td align=\"right\">\n          <img src=\"https://custom.statenet.com/network/poweredby.gif\" alt=\"Powered by State Net\">\n      </td>-->\n\n    </tr>\n</table>\n</body></html>\n",
      "markdown": "The following has special meaning: _green underline denotes added text_ ~~red struck out text denotes deleted text~~ | [![Powered by State Net](https://custom.statenet.com/network/poweredby.gif)](https://www.lexisnexis.com/statenet/)  \n---|---  \n  \n2025 WA H 1833 | | Author: | Keaton  \n---|---  \nVersion: | Introduced  \nVersion Date: | 02/03/2025  \n  \nHOUSE BILL 1833\n\nState of Washington -- 69th Legislature -- 2025 Regular Session\n\nBy Representatives Keaton and Barnard\n\nAN ACT Relating to creating an artificial intelligence grant program to\npromote the economic development of innovative uses of artificial\nintelligence; amending 2024 c 163 s 2 (uncodified); adding new sections to\nchapter _43.330_ RCW; and creating new sections.\n\nBE IT ENACTED BY THE LEGISLATURE OF THE STATE OF WASHINGTON:\n\n_NEW SECTION._ Sec. 1. The legislature recognizes that fostering technological\ninnovation is essential for Washington state's economic growth and long-term\ncompetitiveness. By investing in emerging technologies, including artificial\nintelligence, the state can access new sources of revenue, create high paying\njobs, and position itself as a national leader in cutting-edge industries.\nArtificial intelligence-driven solutions have the potential to address\ncritical statewide challenges, such as predicting and managing wildfires,\nimproving the effectiveness of cybersecurity, and improving public health\nresponses. Supporting the development of these technologies will not only\nstrengthen Washington's economy, but also enhance public safety and government\nefficiency.\n\nTherefore, the legislature intends to establish an innovation grant program to\nsupport organizations that create transformative new technologies. These\ngrants will provide critical funding to startups, research institutions, and\ncompanies working on advancements with broad public benefits, ensuring that\nWashington remains at the forefront of technological progress. By encouraging\ninnovation, this act will drive economic expansion, attract private\ninvestment, and equip the state with cutting-edge tools to address its most\npressing challenges.\n\n_NEW SECTION._ Sec. 2. A new section is added to chapter _43.330_ RCW to read\nas follows:\n\n(1) Subject to the availability of amounts appropriated for this specific\npurpose, the department shall establish the spark act grant program to promote\nthe economic development of innovative uses of artificial intelligence.\n\n(2) The department shall solicit input from the artificial intelligence task\nforce, created in chapter 163, Laws of 2024, no less than once per year\nthrough 2027, to identify state priorities to form the basis of the grants.\nWhen the department evaluates applications, it shall prioritize:\n\n(a) An applicant that has committed to ethical uses of artificial\nintelligence;\n\n(b) An applicant that has analyzed the risks associated with its product;\n\n(c) Small businesses; and\n\n(d) Projects with statewide impact.\n\n(3) The department shall award grants on at least an annual basis.\n\n(4) The department shall pursue all available opportunities for federal\nfunding and solicit private donations for the spark act grant program account\ncreated in section 4 of this act.\n\n(5) Eligible applicants shall apply for the grant program in a manner to be\ndetermined by the department. To be eligible, an applicant's proposal must\ninclude technology that will be shared with the state and provide a state\nbenefit, such as wildfire tracking, cybersecurity, or health care\nadvancements.\n\n(6) The department shall identify relevant federal grants related to the\neconomic development of innovative uses of artificial intelligence in its\ninventory of grant opportunities required by RCW _43.330.260_.\n\n(7) For the purposes of this section, \"artificial intelligence\" means the use\nof machine learning and related technologies that use data to train\nstatistical models for the purpose of enabling computer systems to perform\ntasks normally associated with human intelligence or perception, such as\ncomputer vision, speech or natural language processing, and content\ngeneration.\n\n(8) The department may adopt rules to implement this section.\n\n_NEW SECTION._ Sec. 3. A new section is added to chapter _43.330_ RCW to read\nas follows:\n\n(1) Beginning October 31, 2027, the department shall report on the spark act\ngrant program established in section 2 of this act. The report must be updated\nevery two years, posted on the department's website, and transmitted to the\ngovernor and the legislature in accordance with RCW _43.01.036_.\n\n(2) The report must identify the: Priorities identified for the reporting\nperiod; number of applications received by the department; number and amount\nof grants awarded; types of projects supported by the grants; and source of\nrevenues for the grants.\n\n_NEW SECTION._ Sec. 4. A new section is added to chapter _43.330_ RCW to read\nas follows:\n\n(1) The spark act grant program account is created in the custody of the state\ntreasurer. Revenues to the account consist of appropriation by the\nlegislature, donated funds from private and public sources, federal funding,\nand all other sources deposited in the fund.\n\n(2) Expenditures from the account may be used only for the spark act grant\nprogram under section 2 of this act, including administrative expenses. Only\nthe director of the department, or the director's designee, may authorize\nexpenditures from the account. The account is subject to the allotment\nprocedures under chapter _43.88_ RCW, but an appropriation is not required for\nexpenditures.\n\nSec. 5. 2024 c 163 s 2 (uncodified) is amended to read as follows:\n\n(1) Subject to the availability of amounts appropriated for this specific\npurpose, a task force to assess current uses and trends and make\nrecommendations to the legislature regarding guidelines and potential\nlegislation for the use of artificial intelligence systems is established.\n\n(2) The task force is composed of an executive committee consisting of members\nas provided in this subsection.\n\n(a) The president of the senate shall appoint one member from each of the two\nlargest caucuses of the senate.\n\n(b) The speaker of the house of representatives shall appoint one member from\neach of the two largest caucuses of the house of representatives.\n\n(c) The attorney general shall appoint the following members, selecting only\nindividuals with experience in technology policy:\n\n(i) One member from the office of the governor;\n\n(ii) One member from the office of the attorney general;\n\n(iii) One member from Washington technology solutions;\n\n(iv) One member from the Washington state auditor;\n\n(v) One member representing universities or research institutions that are\nexperts in the design and effect of an algorithmic system;\n\n(vi) One member representing private technology industry groups;\n\n(vii) One member representing business associations;\n\n(viii) Three members representing community advocate organizations that\nrepresent communities that are disproportionately vulnerable to being harmed\nby algorithmic bias;\n\n(ix) One member representing the LGBTQ+ community;\n\n(x) One member representing the retail industry;\n\n(xi) One member representing the hospitality industry;\n\n(xii) One member representing statewide labor organizations; and\n\n(xiii) One member representing public safety.\n\n(d) The task force may meet in person or by telephone conference call,\nvideoconference, or other similar telecommunications method, or a combination\nof such methods.\n\n(e) The executive committee may convene subcommittees to advise the task force\non the recommendations and findings set out in subsection (4) of this section.\n\n(i) The executive committee shall define the scope of activity and subject\nmatter focus required of the subcommittees including, but not limited to:\nEducation and workforce development; public safety and ethics; health care and\naccessibility; labor; government and public sector efficiency; state security\nand cybersecurity; consumer protection and privacy; and industry and\ninnovation.\n\n(ii) Subcommittees and their members may be invited to participate on an\nongoing, recurring, or one-time basis.\n\n(iii) The executive committee in collaboration with the attorney general shall\nappoint members to the subcommittees that must be comprised of industry\nparticipants, subject matter experts, representatives of federally recognized\ntribes, or other relevant stakeholders.\n\n(iv) Each subcommittee must contain at least one member possessing relevant\nindustry expertise and at least one member from an advocacy organization that\nrepresents communities that are disproportionately vulnerable to being harmed\nby algorithmic bias including, but not limited to: African American; Hispanic\nAmerican; Native American; Asian American; Native Hawaiian and Pacific\nIslander communities; religious minorities; individuals with disabilities; and\nother vulnerable communities.\n\n(v) Meeting summaries and reports delivered by the subcommittees to the\nexecutive committee must be made available on the attorney general's website\nwithin 30 days of delivery.\n\n_(vi) The executive committee shall identify and direct the appropriate\nsubcommittee to provide input, no less than once per year, to assist the\ndepartment of commerce in the identification of state priorities to form the\nbasis of the spark act grants that will promote the economic development of\ninnovative uses of artificial intelligence, pursuant to section 2 of this\nact._\n\n(3) The office of the attorney general must administer and provide staff\nsupport for the task force. The office of the attorney general may, when\ndeemed necessary by the task force, retain consultants to provide data\nanalysis, research, recommendations, training, and other services to the task\nforce for the purposes provided in subsection (4) of this section. The office\nof the attorney general may work with the task force to determine appropriate\nsubcommittees as needed.\n\n(4) The executive committee and subcommittees of the task force shall examine\nthe development and use of artificial intelligence by private and public\nsector entities and make recommendations to the legislature regarding\nguidelines and potential legislation for the use and regulation of artificial\nintelligence systems to protect Washingtonians' safety, privacy, and civil and\nintellectual property rights. The task force findings and recommendations must\ninclude:\n\n(a) A literature review of public policy issues with artificial intelligence,\nincluding benefits and risks to the public broadly, historically excluded\ncommunities, and other identifiable groups, racial equity considerations,\nworkforce impacts, and ethical concerns;\n\n(b) A review of existing protections under state and federal law for\nindividual data and privacy rights, safety, civil rights, and intellectual\nproperty rights, and how federal, state, and local laws relating to artificial\nintelligence align, differ, conflict, and interact across levels of\ngovernment;\n\n(c) A recommended set of guiding principles for artificial intelligence use\ninformed by standards established by relevant bodies, including recommending a\ndefinition for ethical artificial intelligence and guiding principles;\n\n(d) Identification of high-risk uses of artificial intelligence, including\nthose that may negatively affect safety or fundamental rights;\n\n(e) Opportunities to support and promote the innovation of artificial\nintelligence technologies through grants and incentives;\n\n(f) Recommendations on appropriate uses of and limitations on the use of\nartificial intelligence by state and local governments and the private sector;\n\n(g) Recommendations relating to the appropriate and legal use of training\ndata;\n\n(h) Algorithmic discrimination issues which may occur when artificial\nintelligence systems are used and contribute to unjustified differential\ntreatment or impacts disfavoring people on the basis of race, color, national\norigin, citizen or immigration status, families with children, creed,\nreligious belief or affiliation, sex, marital status, the presence of any\nsensory, mental, or physical disability, age, honorably discharged veteran or\nmilitary status, sexual orientation, gender expression or gender identity, or\nany other protected class under RCW _49.60.010_ and recommendations to\nmitigate and protect against algorithmic discrimination;\n\n(i) Recommendations on minimizing unlawful discriminatory or biased outputs or\napplications;\n\n(j) Recommendations on prioritizing transparency so that the behavior and\nfunctional components artificial intelligence can be understood in order to\nenable the identification of performance issues, safety and privacy concerns,\nbiases, exclusionary practices, and unintended outcomes;\n\n(k) Racial equity issues posed by artificial intelligence systems and ways to\nmitigate the concerns to build equity into the systems;\n\n(l) Civil liberties issues posed by artificial intelligence systems and civil\nrights and civil liberties protections to be incorporated into artificial\nintelligence systems;\n\n(m) Recommendations as to how the state should educate the public on the\ndevelopment and use of artificial intelligence, including information about\ndata privacy and security, data collection and retention practices, use of\nindividual data in machine learning, and intellectual property considerations\nregarding generative artificial intelligence;\n\n(n) A review of protections of personhood, including replicas of voice or\nlikeness, in typical contract structures, and a review of artificial\nintelligence tools used to support employment decisions;\n\n(o) Proposed state guidelines for the use of artificial intelligence to inform\nthe development, deployment, and use of artificial intelligence systems to:\n\n(i) Retain appropriate human agency and oversight;\n\n(ii) Be subject to internal and external security testing of systems before\npublic release for high-risk artificial intelligence systems;\n\n(iii) Protect data privacy and security;\n\n(iv) Promote appropriate transparency for consumers when they interact with\nartificial intelligence systems or products created by artificial\nintelligence; and\n\n(v) Ensure accountability, considering oversight, impact assessment,\nauditability, and due diligence mechanisms;\n\n(p) A review of existing civil and criminal remedies for addressing potential\nharms resulting from the use of artificial intelligence systems and\nrecommendations, if needed, for new means of enforcement and remedies; and\n\n(q) Recommendations for establishing an ongoing committee that must study\nemerging technologies not limited to artificial technology.\n\n(5) The executive committee of the task force must hold its first meeting\nwithin 45 days of final appointments to the task force and must meet at least\ntwice each year thereafter. The task force must submit reports to the governor\nand the appropriate committees of the legislature detailing its findings and\nrecommendations. A preliminary report must be delivered by December 31, 2024,\nan interim report by December 1, 2025, and a final report by July 1, 2026.\nMeeting summaries must be posted to the website of the attorney general's\noffice within 30 days of any meeting by the task force.\n\n(6) Legislative members of the task force shall be reimbursed for travel\nexpenses in accordance with RCW _44.04.120_. Nonlegislative members are not\nentitled to be reimbursed for travel expenses if they are elected officials or\nare participating on behalf of an employer, governmental entity, or other\norganization. Any reimbursement for other nonlegislative members is subject to\nchapter _43.03_ RCW.\n\n(7) To ensure that the task force has diverse and inclusive representation of\nthose affected by its work, task force members, including subcommittee\nmembers, whose participation in the task force may be hampered by financial\nhardship and may be compensated as provided in RCW _43.03.220_.\n\n(8) The definitions in this subsection apply throughout this section unless\nthe context clearly requires otherwise.\n\n(a) \"Artificial intelligence\" means the use of machine learning and related\ntechnologies that use data to train statistical models for the purpose of\nenabling computer systems to perform tasks normally associated with human\nintelligence or perception, such as computer vision, speech or natural\nlanguage processing, and content generation.\n\n(b) \"Generative artificial intelligence\" means an artificial intelligence\nsystem that generates novel data or content based on a foundation model.\n\n(c) \"Machine learning\" means the process by which artificial intelligence is\ndeveloped using data and algorithms to draw inferences therefrom to\nautomatically adapt or improve its accuracy without explicit programming.\n\n(d) \"Training data\" means labeled data that is used to teach artificial\nintelligence models or machine learning algorithms to make proper decisions.\nTraining data may include, but is not limited to, annotated text, images,\nvideo, or audio.\n\n(9) This section expires June 30, 2027.\n\n_NEW SECTION._ Sec. 6. This act may be known and cited as the spark act.\n\nCopyright (C) 2025 State Net  \n  \n---\n\n",
      "latest_version": false
    },
    {
      "date": "02/27/2025",
      "label": "Recommended as Substituted from Committee",
      "url": "https://custom.statenet.com/public/resources.cgi?mode=show_text&id=ID:bill:WA2025000H1833&verid=WA2025000H1833_20250227_0_RS&",
      "raw_html": "<html>\n<head>\n<title>Bill Resource</title>\n\n<!--   <link href=\"https://custom.statenet.com/network/Common/css/extregtext.css\" rel=\"stylesheet\" type=\"text/css\" />-->\n   <link href=\"https://custom.statenet.com/network/Common/css/xmltext-2.0.css\" rel=\"stylesheet\" type=\"text/css\" />\n   <link href=\"https://custom.statenet.com/network/Common/css/additional-text.css\" rel=\"stylesheet\" type=\"text/css\" />\n\n\t<style type=\"text/css\">\n<!--\n\ntd, body {\n     background-color: white;\n\tfont-family: Verdana, Arial, Helvetica, sans-serif;\n\tfont-size: 12px;\n}\n\n.resourceContainer {\n   border: 1px solid black;\n}\n-->\n</style>\n</head>\n<body>\n\n    <div style=\"width: 750px; margin: auto\">\n       <div style=\"font-size: .8em;margin-bottom: 10px\"><table width=\"100%\"><tr><td align=\"left\" style=\"font-size: .8em;\"><div>The following has special meaning:</div>\n<div><u class=\"amendmentInsertedText\">green underline denotes added text</u></div>\n<div><strike class=\"amendmentDeletedText\">red struck out text denotes deleted text</strike></div></td> <td align=\"right\"><a href=\"https://www.lexisnexis.com/statenet/\"><img alt=\"Powered by State Net\" src=\"https://custom.statenet.com/network/poweredby.gif\" /></a></td></tr></table></div><table id=\"text-identifier\"><tr><td class=\"key\">2025 WA H 1833</td> <td><table><tr><td class=\"label\">Author:</td> <td>Keaton</td></tr> <tr><td class=\"label\">Version:</td> <td>Recommended as Substituted from Committee</td></tr> <tr><td class=\"label\">Version Date:</td> <td>02/27/2025</td></tr></table></td></tr></table><div class=\"documentBody\">\n  <a name=\"head_document_section\"></a><div class=\"head\">\n   <p class=\"center\">SUBSTITUTE HOUSE BILL 1833</p>\n   <p class=\"center\">State of Washington -- 69th Legislature -- 2025 Regular Session</p>\n   <p class=\"indent\">By House Appropriations (originally sponsored by Representatives Keaton, Barnard, Penner, Eslick, and Salahuddin)</p>\n   <p class=\"indent\">READ FIRST TIME 02/28/25.</p>\n  </div>\n  <a name=\"code_document_section\"></a><div class=\"code\">\n   <p class=\"indent\">AN ACT Relating to creating an artificial intelligence grant program to promote the economic development of innovative uses of artificial intelligence; amending 2024 c 163 s 2 (uncodified); adding new sections to chapter <u>43.330</u> RCW; and creating new sections.</p>\n  </div>\n  <a name=\"text_document_section\"></a><div class=\"text\">\n   <span>\n    <p class=\"indent\">BE IT ENACTED BY THE LEGISLATURE OF THE STATE OF WASHINGTON:</p>\n   </span>\n   <p class=\"indent\">\n    <u>NEW SECTION.</u> Sec. 1. The legislature recognizes that fostering technological innovation is essential for Washington state&#39;s economic growth and long-term competitiveness. By investing in emerging technologies, including artificial intelligence, the state can access new sources of revenue, create high paying jobs, and position itself as a national leader in cutting-edge industries. Artificial intelligence-driven solutions have the potential to address critical statewide challenges, such as predicting and managing wildfires, improving the effectiveness of cybersecurity, and improving public health responses. Supporting the development of these technologies will not only strengthen Washington&#39;s economy, but also enhance public safety and government efficiency.</p>\n   <p class=\"indent\">Therefore, the legislature intends to establish an innovation grant program to support organizations that create transformative new technologies. These grants will provide critical funding to startups, research institutions, and companies working on advancements with broad public benefits, ensuring that Washington remains at the forefront of technological progress. By encouraging innovation, this act will drive economic expansion, attract private investment, and equip the state with cutting-edge tools to address its most pressing challenges.</p>\n   <p class=\"indent\">\n    <u>NEW SECTION.</u> Sec. 2. A new section is added to chapter <u>43.330</u> RCW to read as follows:</p>\n   <p class=\"indent\">(1) Subject to the availability of amounts appropriated for this specific purpose, the department shall establish the spark act grant program to promote the economic development of innovative uses of artificial intelligence.</p>\n   <p class=\"indent\">(2) The department shall solicit input from the artificial intelligence task force, created in chapter 163, Laws of 2024, no less than once per year through 2027, to identify state priorities to form the basis of the grants. When the department evaluates applications, it shall prioritize:</p>\n   <p class=\"indent\">(a) An applicant that has committed to ethical uses of artificial intelligence;</p>\n   <p class=\"indent\">(b) An applicant that has analyzed the risks associated with its product;</p>\n   <p class=\"indent\">(c) Small businesses; and</p>\n   <p class=\"indent\">(d) Projects with statewide impact.</p>\n   <p class=\"indent\">(3) The department shall award grants on at least an annual basis.</p>\n   <p class=\"indent\">(4) The department shall pursue all available opportunities for federal funding and solicit private donations for the spark act grant program account created in section 4 of this act.</p>\n   <p class=\"indent\">(5) Eligible applicants shall apply for the grant program in a manner to be determined by the department. To be eligible, an applicant&#39;s proposal must include technology that will be shared with the state and provide a state benefit, such as wildfire tracking, cybersecurity, or health care advancements.</p>\n   <p class=\"indent\">(6) The department shall identify relevant federal grants related to the economic development of innovative uses of artificial intelligence in its inventory of grant opportunities required by RCW <u>43.330.260</u>.</p>\n   <p class=\"indent\">(7) For the purposes of this section, &quot;artificial intelligence&quot; means the use of machine learning and related technologies that use data to train statistical models for the purpose of enabling computer systems to perform tasks normally associated with human intelligence or perception, such as computer vision, speech or natural language processing, and content generation.</p>\n   <p class=\"indent\">(8) The department may adopt rules to implement this section.</p>\n   <p class=\"indent\">\n    <u>NEW SECTION.</u> Sec. 3. A new section is added to chapter <u>43.330</u> RCW to read as follows:</p>\n   <p class=\"indent\">(1) Beginning October 31, 2027, the department shall report on the spark act grant program established in section 2 of this act. The report must be updated every two years, posted on the department&#39;s website, and transmitted to the governor and the legislature in accordance with RCW <u>43.01.036</u>.</p>\n   <p class=\"indent\">(2) The report must identify the: Priorities identified for the reporting period; number of applications received by the department; number and amount of grants awarded; types of projects supported by the grants; and source of revenues for the grants.</p>\n   <p class=\"indent\">\n    <u>NEW SECTION.</u> Sec. 4. A new section is added to chapter <u>43.330</u> RCW to read as follows:</p>\n   <p class=\"indent\">(1) The spark act grant program account is created in the custody of the state treasurer. Revenues to the account consist of appropriation by the legislature, donated funds from private and public sources, federal funding, and all other sources deposited in the fund.</p>\n   <p class=\"indent\">(2) Expenditures from the account may be used only for the spark act grant program under section 2 of this act, including administrative expenses. Only the director of the department, or the director&#39;s designee, may authorize expenditures from the account. The account is subject to the allotment procedures under chapter <u>43.88</u> RCW, but an appropriation is not required for expenditures.</p>\n   <p class=\"indent\">Sec. 5. 2024 c 163 s 2 (uncodified) is amended to read as follows:</p>\n   <p class=\"indent\">(1) Subject to the availability of amounts appropriated for this specific purpose, a task force to assess current uses and trends and make recommendations to the legislature regarding guidelines and potential legislation for the use of artificial intelligence systems is established.</p>\n   <p class=\"indent\">(2) The task force is composed of an executive committee consisting of members as provided in this subsection.</p>\n   <p class=\"indent\">(a) The president of the senate shall appoint one member from each of the two largest caucuses of the senate.</p>\n   <p class=\"indent\">(b) The speaker of the house of representatives shall appoint one member from each of the two largest caucuses of the house of representatives.</p>\n   <p class=\"indent\">(c) The attorney general shall appoint the following members, selecting only individuals with experience in technology policy:</p>\n   <p class=\"indent\">(i) One member from the office of the governor;</p>\n   <p class=\"indent\">(ii) One member from the office of the attorney general;</p>\n   <p class=\"indent\">(iii) One member from Washington technology solutions;</p>\n   <p class=\"indent\">(iv) One member from the Washington state auditor;</p>\n   <p class=\"indent\">(v) One member representing universities or research institutions that are experts in the design and effect of an algorithmic system;</p>\n   <p class=\"indent\">(vi) One member representing private technology industry groups;</p>\n   <p class=\"indent\">(vii) One member representing business associations;</p>\n   <p class=\"indent\">(viii) Three members representing community advocate organizations that represent communities that are disproportionately vulnerable to being harmed by algorithmic bias;</p>\n   <p class=\"indent\">(ix) One member representing the LGBTQ+ community;</p>\n   <p class=\"indent\">(x) One member representing the retail industry;</p>\n   <p class=\"indent\">(xi) One member representing the hospitality industry;</p>\n   <p class=\"indent\">(xii) One member representing statewide labor organizations; and</p>\n   <p class=\"indent\">(xiii) One member representing public safety.</p>\n   <p class=\"indent\">(d) The task force may meet in person or by telephone conference call, videoconference, or other similar telecommunications method, or a combination of such methods.</p>\n   <p class=\"indent\">(e) The executive committee may convene subcommittees to advise the task force on the recommendations and findings set out in subsection (4) of this section.</p>\n   <p class=\"indent\">(i) The executive committee shall define the scope of activity and subject matter focus required of the subcommittees including, but not limited to: Education and workforce development; public safety and ethics; health care and accessibility; labor; government and public sector efficiency; state security and cybersecurity; consumer protection and privacy; and industry and innovation.</p>\n   <p class=\"indent\">(ii) Subcommittees and their members may be invited to participate on an ongoing, recurring, or one-time basis.</p>\n   <p class=\"indent\">(iii) The executive committee in collaboration with the attorney general shall appoint members to the subcommittees that must be comprised of industry participants, subject matter experts, representatives of federally recognized tribes, or other relevant stakeholders.</p>\n   <p class=\"indent\">(iv) Each subcommittee must contain at least one member possessing relevant industry expertise and at least one member from an advocacy organization that represents communities that are disproportionately vulnerable to being harmed by algorithmic bias including, but not limited to: African American; Hispanic American; Native American; Asian American; Native Hawaiian and Pacific Islander communities; religious minorities; individuals with disabilities; and other vulnerable communities.</p>\n   <p class=\"indent\">(v) Meeting summaries and reports delivered by the subcommittees to the executive committee must be made available on the attorney general&#39;s website within 30 days of delivery.</p>\n   <p class=\"indent\">\n    <u class=\"amendmentInsertedText\">(vi) The executive committee shall identify and direct the appropriate subcommittee to provide input, no less than once per year, to assist the department of commerce in the identification of state priorities to form the basis of the spark act grants that will promote the economic development of innovative uses of artificial intelligence, pursuant to section 2 of this act.</u>\n   </p>\n   <p class=\"indent\">(3) The office of the attorney general must administer and provide staff support for the task force. The office of the attorney general may, when deemed necessary by the task force, retain consultants to provide data analysis, research, recommendations, training, and other services to the task force for the purposes provided in subsection (4) of this section. The office of the attorney general may work with the task force to determine appropriate subcommittees as needed.</p>\n   <p class=\"indent\">(4) The executive committee and subcommittees of the task force shall examine the development and use of artificial intelligence by private and public sector entities and make recommendations to the legislature regarding guidelines and potential legislation for the use and regulation of artificial intelligence systems to protect Washingtonians&#39; safety, privacy, and civil and intellectual property rights. The task force findings and recommendations must include:</p>\n   <p class=\"indent\">(a) A literature review of public policy issues with artificial intelligence, including benefits and risks to the public broadly, historically excluded communities, and other identifiable groups, racial equity considerations, workforce impacts, and ethical concerns;</p>\n   <p class=\"indent\">(b) A review of existing protections under state and federal law for individual data and privacy rights, safety, civil rights, and intellectual property rights, and how federal, state, and local laws relating to artificial intelligence align, differ, conflict, and interact across levels of government;</p>\n   <p class=\"indent\">(c) A recommended set of guiding principles for artificial intelligence use informed by standards established by relevant bodies, including recommending a definition for ethical artificial intelligence and guiding principles;</p>\n   <p class=\"indent\">(d) Identification of high-risk uses of artificial intelligence, including those that may negatively affect safety or fundamental rights;</p>\n   <p class=\"indent\">(e) Opportunities to support and promote the innovation of artificial intelligence technologies through grants and incentives;</p>\n   <p class=\"indent\">(f) Recommendations on appropriate uses of and limitations on the use of artificial intelligence by state and local governments and the private sector;</p>\n   <p class=\"indent\">(g) Recommendations relating to the appropriate and legal use of training data;</p>\n   <p class=\"indent\">(h) Algorithmic discrimination issues which may occur when artificial intelligence systems are used and contribute to unjustified differential treatment or impacts disfavoring people on the basis of race, color, national origin, citizen or immigration status, families with children, creed, religious belief or affiliation, sex, marital status, the presence of any sensory, mental, or physical disability, age, honorably discharged veteran or military status, sexual orientation, gender expression or gender identity, or any other protected class under RCW <u>49.60.010</u> and recommendations to mitigate and protect against algorithmic discrimination;</p>\n   <p class=\"indent\">(i) Recommendations on minimizing unlawful discriminatory or biased outputs or applications;</p>\n   <p class=\"indent\">(j) Recommendations on prioritizing transparency so that the behavior and functional components artificial intelligence can be understood in order to enable the identification of performance issues, safety and privacy concerns, biases, exclusionary practices, and unintended outcomes;</p>\n   <p class=\"indent\">(k) Racial equity issues posed by artificial intelligence systems and ways to mitigate the concerns to build equity into the systems;</p>\n   <p class=\"indent\">(l) Civil liberties issues posed by artificial intelligence systems and civil rights and civil liberties protections to be incorporated into artificial intelligence systems;</p>\n   <p class=\"indent\">(m) Recommendations as to how the state should educate the public on the development and use of artificial intelligence, including information about data privacy and security, data collection and retention practices, use of individual data in machine learning, and intellectual property considerations regarding generative artificial intelligence;</p>\n   <p class=\"indent\">(n) A review of protections of personhood, including replicas of voice or likeness, in typical contract structures, and a review of artificial intelligence tools used to support employment decisions;</p>\n   <p class=\"indent\">(o) Proposed state guidelines for the use of artificial intelligence to inform the development, deployment, and use of artificial intelligence systems to:</p>\n   <p class=\"indent\">(i) Retain appropriate human agency and oversight;</p>\n   <p class=\"indent\">(ii) Be subject to internal and external security testing of systems before public release for high-risk artificial intelligence systems;</p>\n   <p class=\"indent\">(iii) Protect data privacy and security;</p>\n   <p class=\"indent\">(iv) Promote appropriate transparency for consumers when they interact with artificial intelligence systems or products created by artificial intelligence; and</p>\n   <p class=\"indent\">(v) Ensure accountability, considering oversight, impact assessment, auditability, and due diligence mechanisms;</p>\n   <p class=\"indent\">(p) A review of existing civil and criminal remedies for addressing potential harms resulting from the use of artificial intelligence systems and recommendations, if needed, for new means of enforcement and remedies; and</p>\n   <p class=\"indent\">(q) Recommendations for establishing an ongoing committee that must study emerging technologies not limited to artificial technology.</p>\n   <p class=\"indent\">(5) The executive committee of the task force must hold its first meeting within 45 days of final appointments to the task force and must meet at least twice each year thereafter. The task force must submit reports to the governor and the appropriate committees of the legislature detailing its findings and recommendations. A preliminary report must be delivered by December 31, 2024, an interim report by December 1, 2025, and a final report by July 1, 2026. Meeting summaries must be posted to the website of the attorney general&#39;s office within 30 days of any meeting by the task force.</p>\n   <p class=\"indent\">(6) Legislative members of the task force shall be reimbursed for travel expenses in accordance with RCW <u>44.04.120</u>. Nonlegislative members are not entitled to be reimbursed for travel expenses if they are elected officials or are participating on behalf of an employer, governmental entity, or other organization. Any reimbursement for other nonlegislative members is subject to chapter <u>43.03</u> RCW.</p>\n   <p class=\"indent\">(7) To ensure that the task force has diverse and inclusive representation of those affected by its work, task force members, including subcommittee members, whose participation in the task force may be hampered by financial hardship and may be compensated as provided in RCW <u>43.03.220</u>.</p>\n   <p class=\"indent\">(8) The definitions in this subsection apply throughout this section unless the context clearly requires otherwise.</p>\n   <p class=\"indent\">(a) &quot;Artificial intelligence&quot; means the use of machine learning and related technologies that use data to train statistical models for the purpose of enabling computer systems to perform tasks normally associated with human intelligence or perception, such as computer vision, speech or natural language processing, and content generation.</p>\n   <p class=\"indent\">(b) &quot;Generative artificial intelligence&quot; means an artificial intelligence system that generates novel data or content based on a foundation model.</p>\n   <p class=\"indent\">(c) &quot;Machine learning&quot; means the process by which artificial intelligence is developed using data and algorithms to draw inferences therefrom to automatically adapt or improve its accuracy without explicit programming.</p>\n   <p class=\"indent\">(d) &quot;Training data&quot; means labeled data that is used to teach artificial intelligence models or machine learning algorithms to make proper decisions. Training data may include, but is not limited to, annotated text, images, video, or audio.</p>\n   <p class=\"indent\">(9) This section expires June 30, 2027.</p>\n   <p class=\"indent\">\n    <u>NEW SECTION.</u> Sec. 6. This act may be known and cited as the spark act.</p>\n   <p class=\"indent\">\n    <u>NEW SECTION.</u> Sec. 7. If specific funding for the purposes of this act, referencing this act by bill or chapter number, is not provided by June 30, 2025, in the omnibus appropriations act, this act is null and void.</p>\n  </div>\n </div>\n    </div>\t\n<table cellpadding=0 cellspacing=0 width=\"100%\">\n   <tr>\n      <td>\n          Copyright &copy; 2025 State Net\n      </td>\n<BR>\n<!--???MOVED INTO resources.cgi      <td align=\"right\">\n          <img src=\"https://custom.statenet.com/network/poweredby.gif\" alt=\"Powered by State Net\">\n      </td>-->\n\n    </tr>\n</table>\n</body></html>\n",
      "markdown": "The following has special meaning: _green underline denotes added text_ ~~red struck out text denotes deleted text~~ | [![Powered by State Net](https://custom.statenet.com/network/poweredby.gif)](https://www.lexisnexis.com/statenet/)  \n---|---  \n  \n2025 WA H 1833 | | Author: | Keaton  \n---|---  \nVersion: | Recommended as Substituted from Committee  \nVersion Date: | 02/27/2025  \n  \nSUBSTITUTE HOUSE BILL 1833\n\nState of Washington -- 69th Legislature -- 2025 Regular Session\n\nBy House Appropriations (originally sponsored by Representatives Keaton,\nBarnard, Penner, Eslick, and Salahuddin)\n\nREAD FIRST TIME 02/28/25.\n\nAN ACT Relating to creating an artificial intelligence grant program to\npromote the economic development of innovative uses of artificial\nintelligence; amending 2024 c 163 s 2 (uncodified); adding new sections to\nchapter _43.330_ RCW; and creating new sections.\n\nBE IT ENACTED BY THE LEGISLATURE OF THE STATE OF WASHINGTON:\n\n_NEW SECTION._ Sec. 1. The legislature recognizes that fostering technological\ninnovation is essential for Washington state's economic growth and long-term\ncompetitiveness. By investing in emerging technologies, including artificial\nintelligence, the state can access new sources of revenue, create high paying\njobs, and position itself as a national leader in cutting-edge industries.\nArtificial intelligence-driven solutions have the potential to address\ncritical statewide challenges, such as predicting and managing wildfires,\nimproving the effectiveness of cybersecurity, and improving public health\nresponses. Supporting the development of these technologies will not only\nstrengthen Washington's economy, but also enhance public safety and government\nefficiency.\n\nTherefore, the legislature intends to establish an innovation grant program to\nsupport organizations that create transformative new technologies. These\ngrants will provide critical funding to startups, research institutions, and\ncompanies working on advancements with broad public benefits, ensuring that\nWashington remains at the forefront of technological progress. By encouraging\ninnovation, this act will drive economic expansion, attract private\ninvestment, and equip the state with cutting-edge tools to address its most\npressing challenges.\n\n_NEW SECTION._ Sec. 2. A new section is added to chapter _43.330_ RCW to read\nas follows:\n\n(1) Subject to the availability of amounts appropriated for this specific\npurpose, the department shall establish the spark act grant program to promote\nthe economic development of innovative uses of artificial intelligence.\n\n(2) The department shall solicit input from the artificial intelligence task\nforce, created in chapter 163, Laws of 2024, no less than once per year\nthrough 2027, to identify state priorities to form the basis of the grants.\nWhen the department evaluates applications, it shall prioritize:\n\n(a) An applicant that has committed to ethical uses of artificial\nintelligence;\n\n(b) An applicant that has analyzed the risks associated with its product;\n\n(c) Small businesses; and\n\n(d) Projects with statewide impact.\n\n(3) The department shall award grants on at least an annual basis.\n\n(4) The department shall pursue all available opportunities for federal\nfunding and solicit private donations for the spark act grant program account\ncreated in section 4 of this act.\n\n(5) Eligible applicants shall apply for the grant program in a manner to be\ndetermined by the department. To be eligible, an applicant's proposal must\ninclude technology that will be shared with the state and provide a state\nbenefit, such as wildfire tracking, cybersecurity, or health care\nadvancements.\n\n(6) The department shall identify relevant federal grants related to the\neconomic development of innovative uses of artificial intelligence in its\ninventory of grant opportunities required by RCW _43.330.260_.\n\n(7) For the purposes of this section, \"artificial intelligence\" means the use\nof machine learning and related technologies that use data to train\nstatistical models for the purpose of enabling computer systems to perform\ntasks normally associated with human intelligence or perception, such as\ncomputer vision, speech or natural language processing, and content\ngeneration.\n\n(8) The department may adopt rules to implement this section.\n\n_NEW SECTION._ Sec. 3. A new section is added to chapter _43.330_ RCW to read\nas follows:\n\n(1) Beginning October 31, 2027, the department shall report on the spark act\ngrant program established in section 2 of this act. The report must be updated\nevery two years, posted on the department's website, and transmitted to the\ngovernor and the legislature in accordance with RCW _43.01.036_.\n\n(2) The report must identify the: Priorities identified for the reporting\nperiod; number of applications received by the department; number and amount\nof grants awarded; types of projects supported by the grants; and source of\nrevenues for the grants.\n\n_NEW SECTION._ Sec. 4. A new section is added to chapter _43.330_ RCW to read\nas follows:\n\n(1) The spark act grant program account is created in the custody of the state\ntreasurer. Revenues to the account consist of appropriation by the\nlegislature, donated funds from private and public sources, federal funding,\nand all other sources deposited in the fund.\n\n(2) Expenditures from the account may be used only for the spark act grant\nprogram under section 2 of this act, including administrative expenses. Only\nthe director of the department, or the director's designee, may authorize\nexpenditures from the account. The account is subject to the allotment\nprocedures under chapter _43.88_ RCW, but an appropriation is not required for\nexpenditures.\n\nSec. 5. 2024 c 163 s 2 (uncodified) is amended to read as follows:\n\n(1) Subject to the availability of amounts appropriated for this specific\npurpose, a task force to assess current uses and trends and make\nrecommendations to the legislature regarding guidelines and potential\nlegislation for the use of artificial intelligence systems is established.\n\n(2) The task force is composed of an executive committee consisting of members\nas provided in this subsection.\n\n(a) The president of the senate shall appoint one member from each of the two\nlargest caucuses of the senate.\n\n(b) The speaker of the house of representatives shall appoint one member from\neach of the two largest caucuses of the house of representatives.\n\n(c) The attorney general shall appoint the following members, selecting only\nindividuals with experience in technology policy:\n\n(i) One member from the office of the governor;\n\n(ii) One member from the office of the attorney general;\n\n(iii) One member from Washington technology solutions;\n\n(iv) One member from the Washington state auditor;\n\n(v) One member representing universities or research institutions that are\nexperts in the design and effect of an algorithmic system;\n\n(vi) One member representing private technology industry groups;\n\n(vii) One member representing business associations;\n\n(viii) Three members representing community advocate organizations that\nrepresent communities that are disproportionately vulnerable to being harmed\nby algorithmic bias;\n\n(ix) One member representing the LGBTQ+ community;\n\n(x) One member representing the retail industry;\n\n(xi) One member representing the hospitality industry;\n\n(xii) One member representing statewide labor organizations; and\n\n(xiii) One member representing public safety.\n\n(d) The task force may meet in person or by telephone conference call,\nvideoconference, or other similar telecommunications method, or a combination\nof such methods.\n\n(e) The executive committee may convene subcommittees to advise the task force\non the recommendations and findings set out in subsection (4) of this section.\n\n(i) The executive committee shall define the scope of activity and subject\nmatter focus required of the subcommittees including, but not limited to:\nEducation and workforce development; public safety and ethics; health care and\naccessibility; labor; government and public sector efficiency; state security\nand cybersecurity; consumer protection and privacy; and industry and\ninnovation.\n\n(ii) Subcommittees and their members may be invited to participate on an\nongoing, recurring, or one-time basis.\n\n(iii) The executive committee in collaboration with the attorney general shall\nappoint members to the subcommittees that must be comprised of industry\nparticipants, subject matter experts, representatives of federally recognized\ntribes, or other relevant stakeholders.\n\n(iv) Each subcommittee must contain at least one member possessing relevant\nindustry expertise and at least one member from an advocacy organization that\nrepresents communities that are disproportionately vulnerable to being harmed\nby algorithmic bias including, but not limited to: African American; Hispanic\nAmerican; Native American; Asian American; Native Hawaiian and Pacific\nIslander communities; religious minorities; individuals with disabilities; and\nother vulnerable communities.\n\n(v) Meeting summaries and reports delivered by the subcommittees to the\nexecutive committee must be made available on the attorney general's website\nwithin 30 days of delivery.\n\n_(vi) The executive committee shall identify and direct the appropriate\nsubcommittee to provide input, no less than once per year, to assist the\ndepartment of commerce in the identification of state priorities to form the\nbasis of the spark act grants that will promote the economic development of\ninnovative uses of artificial intelligence, pursuant to section 2 of this\nact._\n\n(3) The office of the attorney general must administer and provide staff\nsupport for the task force. The office of the attorney general may, when\ndeemed necessary by the task force, retain consultants to provide data\nanalysis, research, recommendations, training, and other services to the task\nforce for the purposes provided in subsection (4) of this section. The office\nof the attorney general may work with the task force to determine appropriate\nsubcommittees as needed.\n\n(4) The executive committee and subcommittees of the task force shall examine\nthe development and use of artificial intelligence by private and public\nsector entities and make recommendations to the legislature regarding\nguidelines and potential legislation for the use and regulation of artificial\nintelligence systems to protect Washingtonians' safety, privacy, and civil and\nintellectual property rights. The task force findings and recommendations must\ninclude:\n\n(a) A literature review of public policy issues with artificial intelligence,\nincluding benefits and risks to the public broadly, historically excluded\ncommunities, and other identifiable groups, racial equity considerations,\nworkforce impacts, and ethical concerns;\n\n(b) A review of existing protections under state and federal law for\nindividual data and privacy rights, safety, civil rights, and intellectual\nproperty rights, and how federal, state, and local laws relating to artificial\nintelligence align, differ, conflict, and interact across levels of\ngovernment;\n\n(c) A recommended set of guiding principles for artificial intelligence use\ninformed by standards established by relevant bodies, including recommending a\ndefinition for ethical artificial intelligence and guiding principles;\n\n(d) Identification of high-risk uses of artificial intelligence, including\nthose that may negatively affect safety or fundamental rights;\n\n(e) Opportunities to support and promote the innovation of artificial\nintelligence technologies through grants and incentives;\n\n(f) Recommendations on appropriate uses of and limitations on the use of\nartificial intelligence by state and local governments and the private sector;\n\n(g) Recommendations relating to the appropriate and legal use of training\ndata;\n\n(h) Algorithmic discrimination issues which may occur when artificial\nintelligence systems are used and contribute to unjustified differential\ntreatment or impacts disfavoring people on the basis of race, color, national\norigin, citizen or immigration status, families with children, creed,\nreligious belief or affiliation, sex, marital status, the presence of any\nsensory, mental, or physical disability, age, honorably discharged veteran or\nmilitary status, sexual orientation, gender expression or gender identity, or\nany other protected class under RCW _49.60.010_ and recommendations to\nmitigate and protect against algorithmic discrimination;\n\n(i) Recommendations on minimizing unlawful discriminatory or biased outputs or\napplications;\n\n(j) Recommendations on prioritizing transparency so that the behavior and\nfunctional components artificial intelligence can be understood in order to\nenable the identification of performance issues, safety and privacy concerns,\nbiases, exclusionary practices, and unintended outcomes;\n\n(k) Racial equity issues posed by artificial intelligence systems and ways to\nmitigate the concerns to build equity into the systems;\n\n(l) Civil liberties issues posed by artificial intelligence systems and civil\nrights and civil liberties protections to be incorporated into artificial\nintelligence systems;\n\n(m) Recommendations as to how the state should educate the public on the\ndevelopment and use of artificial intelligence, including information about\ndata privacy and security, data collection and retention practices, use of\nindividual data in machine learning, and intellectual property considerations\nregarding generative artificial intelligence;\n\n(n) A review of protections of personhood, including replicas of voice or\nlikeness, in typical contract structures, and a review of artificial\nintelligence tools used to support employment decisions;\n\n(o) Proposed state guidelines for the use of artificial intelligence to inform\nthe development, deployment, and use of artificial intelligence systems to:\n\n(i) Retain appropriate human agency and oversight;\n\n(ii) Be subject to internal and external security testing of systems before\npublic release for high-risk artificial intelligence systems;\n\n(iii) Protect data privacy and security;\n\n(iv) Promote appropriate transparency for consumers when they interact with\nartificial intelligence systems or products created by artificial\nintelligence; and\n\n(v) Ensure accountability, considering oversight, impact assessment,\nauditability, and due diligence mechanisms;\n\n(p) A review of existing civil and criminal remedies for addressing potential\nharms resulting from the use of artificial intelligence systems and\nrecommendations, if needed, for new means of enforcement and remedies; and\n\n(q) Recommendations for establishing an ongoing committee that must study\nemerging technologies not limited to artificial technology.\n\n(5) The executive committee of the task force must hold its first meeting\nwithin 45 days of final appointments to the task force and must meet at least\ntwice each year thereafter. The task force must submit reports to the governor\nand the appropriate committees of the legislature detailing its findings and\nrecommendations. A preliminary report must be delivered by December 31, 2024,\nan interim report by December 1, 2025, and a final report by July 1, 2026.\nMeeting summaries must be posted to the website of the attorney general's\noffice within 30 days of any meeting by the task force.\n\n(6) Legislative members of the task force shall be reimbursed for travel\nexpenses in accordance with RCW _44.04.120_. Nonlegislative members are not\nentitled to be reimbursed for travel expenses if they are elected officials or\nare participating on behalf of an employer, governmental entity, or other\norganization. Any reimbursement for other nonlegislative members is subject to\nchapter _43.03_ RCW.\n\n(7) To ensure that the task force has diverse and inclusive representation of\nthose affected by its work, task force members, including subcommittee\nmembers, whose participation in the task force may be hampered by financial\nhardship and may be compensated as provided in RCW _43.03.220_.\n\n(8) The definitions in this subsection apply throughout this section unless\nthe context clearly requires otherwise.\n\n(a) \"Artificial intelligence\" means the use of machine learning and related\ntechnologies that use data to train statistical models for the purpose of\nenabling computer systems to perform tasks normally associated with human\nintelligence or perception, such as computer vision, speech or natural\nlanguage processing, and content generation.\n\n(b) \"Generative artificial intelligence\" means an artificial intelligence\nsystem that generates novel data or content based on a foundation model.\n\n(c) \"Machine learning\" means the process by which artificial intelligence is\ndeveloped using data and algorithms to draw inferences therefrom to\nautomatically adapt or improve its accuracy without explicit programming.\n\n(d) \"Training data\" means labeled data that is used to teach artificial\nintelligence models or machine learning algorithms to make proper decisions.\nTraining data may include, but is not limited to, annotated text, images,\nvideo, or audio.\n\n(9) This section expires June 30, 2027.\n\n_NEW SECTION._ Sec. 6. This act may be known and cited as the spark act.\n\n_NEW SECTION._ Sec. 7. If specific funding for the purposes of this act,\nreferencing this act by bill or chapter number, is not provided by June 30,\n2025, in the omnibus appropriations act, this act is null and void.\n\nCopyright (C) 2025 State Net  \n  \n---\n\n",
      "latest_version": true
    }
  ]
}