{
  "bill_id": "WA2025000H1249",
  "source_url": "http://custom.statenet.com/public/resources.cgi?id=ID:bill:WA2025000H1249&cuiq=93d84396-c63b-526a-b152-38b7f79b4cfd&client_md=e4f6fea4-27b4-5d41-b7d3-766fe52569f0",
  "versions": [
    {
      "date": "01/10/2025",
      "label": "Prefiled",
      "url": "https://custom.statenet.com/public/resources.cgi?mode=show_text&id=ID:bill:WA2025000H1249&verid=WA2025000H1249_20250110_0_F&",
      "raw_html": "<html>\n<head>\n<title>Bill Resource</title>\n\n<!--   <link href=\"https://custom.statenet.com/network/Common/css/extregtext.css\" rel=\"stylesheet\" type=\"text/css\" />-->\n   <link href=\"https://custom.statenet.com/network/Common/css/xmltext-2.0.css\" rel=\"stylesheet\" type=\"text/css\" />\n   <link href=\"https://custom.statenet.com/network/Common/css/additional-text.css\" rel=\"stylesheet\" type=\"text/css\" />\n\n\t<style type=\"text/css\">\n<!--\n\ntd, body {\n     background-color: white;\n\tfont-family: Verdana, Arial, Helvetica, sans-serif;\n\tfont-size: 12px;\n}\n\n.resourceContainer {\n   border: 1px solid black;\n}\n-->\n</style>\n</head>\n<body>\n\n    <div style=\"width: 750px; margin: auto\">\n       <div style=\"font-size: .8em;margin-bottom: 10px\"><table width=\"100%\"><tr><td align=\"left\" style=\"font-size: .8em;\"><div>The following has special meaning:</div>\n<div><u class=\"amendmentInsertedText\">green underline denotes added text</u></div>\n<div><strike class=\"amendmentDeletedText\">red struck out text denotes deleted text</strike></div></td> <td align=\"right\"><a href=\"https://www.lexisnexis.com/statenet/\"><img alt=\"Powered by State Net\" src=\"https://custom.statenet.com/network/poweredby.gif\" /></a></td></tr></table></div><table id=\"text-identifier\"><tr><td class=\"key\">2025 WA H 1249</td> <td><table><tr><td class=\"label\">Author:</td> <td>Barnard</td></tr> <tr><td class=\"label\">Version:</td> <td>Prefiled</td></tr> <tr><td class=\"label\">Version Date:</td> <td>01/10/2025</td></tr></table></td></tr></table><div class=\"documentBody\">\n  <a name=\"head_document_section\"></a><div class=\"head\">\n   <p class=\"center\">HOUSE BILL 1249</p>\n   <p class=\"center\">State of Washington -- 69th Legislature -- 2025 Regular Session</p>\n   <p class=\"indent\">By Representatives Barnard and Stearns</p>\n   <p class=\"indent\">Prefiled 01/10/25.</p>\n  </div>\n  <a name=\"code_document_section\"></a><div class=\"code\">\n   <p class=\"indent\">AN ACT Relating to creating the commercial liftoff for energy from advanced nuclear advisory commission; and adding a new chapter to Title <u>80</u> RCW.</p>\n  </div>\n  <a name=\"text_document_section\"></a><div class=\"text\">\n   <span>\n    <p class=\"indent\">BE IT ENACTED BY THE LEGISLATURE OF THE STATE OF WASHINGTON:</p>\n   </span>\n   <p class=\"indent\">\n    <u>NEW SECTION.</u> Sec. 1. The legislature finds that nuclear energy is a safe and reliable source of nonemitting energy and that all electricity provided to Washington retail electric customers must be from nonemitting or renewable resources by January 1, 2045. The legislature finds that decarbonization policies and artificial intelligence applications have accelerated demand on Washington&#39;s electricity grid. Nuclear energy provides significant value to a decarbonized grid; it is a clean firm complement to renewable resources, has low land-use requirements while producing energy at scale, and offers high-paying jobs and regional economic benefits. Therefore, the legislature finds that nuclear energy will play an essential role in the energy transition.</p>\n   <p class=\"indent\">It is the intent of the legislature that a new nuclear energy advisory commission shall provide a credible resource on nuclear energy to the people of the state of Washington and support the growth of the nuclear energy industry. The commercial liftoff for energy from advanced nuclear advisory commission aims to establish a common fact base with the private sector around the path to liftoff for critical clean firm energy technologies.</p>\n   <p class=\"indent\">\n    <u>NEW SECTION.</u> Sec. 2. There is hereby created the commercial liftoff for energy from advanced nuclear advisory commission. The purpose of the commercial liftoff for energy from advanced nuclear advisory commission is to catalyze more rapid and coordinated action across the value chain for nuclear energy deployment. The commercial liftoff for energy from advanced nuclear advisory commission is composed of 13 voting members with expertise in nuclear energy. Members must be nominated and appointed by the leadership of the entities that they represent as follows:</p>\n   <p class=\"indent\">(1) Two members from Washington State University with at least one member from the institute for northwest energy futures;</p>\n   <p class=\"indent\">(2) One member from the University of Washington;</p>\n   <p class=\"indent\">(3) One member invited from the Pacific Northwest national laboratory;</p>\n   <p class=\"indent\">(4) One member invited from the United States department of energy;</p>\n   <p class=\"indent\">(5) One member representing a joint operating agency as described in chapter <u>43.52</u> RCW and formed in 1957;</p>\n   <p class=\"indent\">(6) One member from the state radiation control agency as defined in RCW <u>70A.388.040</u>;</p>\n   <p class=\"indent\">(7) One member invited from a federally recognized tribe and nominated and appointed by the governor&#39;s office of Indian affairs;</p>\n   <p class=\"indent\">(8) One member from the Washington vertical innovation cluster;</p>\n   <p class=\"indent\">(9) One member from the state energy office in the department of commerce;</p>\n   <p class=\"indent\">(10) One member from the governor&#39;s office;</p>\n   <p class=\"indent\">(11) One member from the association of Washington business; and</p>\n   <p class=\"indent\">(12) One member from the Washington state labor council.</p>\n   <p class=\"indent\">\n    <u>NEW SECTION.</u> Sec. 3. The commercial liftoff for energy from advanced nuclear advisory commission may:</p>\n   <p class=\"indent\">(1) Establish offices that are necessary to carry out the purpose of the commission as described in section 2 of this act, including prescribing the functions and duties of such offices and developing policies and procedures;</p>\n   <p class=\"indent\">(2) Appoint or provide for the appointment of, and remove or provide for the removal of, employees of the commission;</p>\n   <p class=\"indent\">(3) Fix the salaries, wages, and other compensation of employees of the commission;</p>\n   <p class=\"indent\">(4) Fix the time and place or places at which regular or special meetings are to be held. Each member of the commission is eligible to be reimbursed for travel expenses in accordance with RCW <u>43.03.050</u> and <u>43.03.060</u>; and</p>\n   <p class=\"indent\">(5) Solicit and receive gifts, grants, and endowments from public or private sources that are made for the use or benefit of the commission and to expend the same or any income therefrom according to the purpose of the commission.</p>\n   <p class=\"indent\">\n    <u>NEW SECTION.</u> Sec. 4. The duties of the commercial liftoff for energy from advanced nuclear advisory commission are as follows:</p>\n   <p class=\"indent\">(1) Meet at least five times a year in accordance with chapter <u>42.30</u> RCW to consider existing and model policies and plans to support the deployment of additional nuclear energy in the state. Considerations must include workforce needs;</p>\n   <p class=\"indent\">(2) Develop recommendations on what is needed to site and build additional nuclear facilities in the state, including a detailed roadmap with timelines and targets;</p>\n   <p class=\"indent\">(3) Submit recommendations to the governor and the appropriate committees of the legislature by October 1st every even-numbered year;</p>\n   <p class=\"indent\">(4) Review the United States department of energy pathways to commercial liftoff: Advanced nuclear report as of September 2024 for consideration in recommendations submitted according to subsection (3) of this section for the commission&#39;s first recommendation report due on October 1, 2026.</p>\n   <p class=\"indent\">\n    <u>NEW SECTION.</u> Sec. 5. Sections 1 through 4 of this act constitute a new chapter in Title <u>80</u> RCW.</p>\n  </div>\n </div>\n    </div>\t\n<table cellpadding=0 cellspacing=0 width=\"100%\">\n   <tr>\n      <td>\n          Copyright &copy; 2025 State Net\n      </td>\n<BR>\n<!--???MOVED INTO resources.cgi      <td align=\"right\">\n          <img src=\"https://custom.statenet.com/network/poweredby.gif\" alt=\"Powered by State Net\">\n      </td>-->\n\n    </tr>\n</table>\n</body></html>\n",
      "markdown": "The following has special meaning: _green underline denotes added text_ ~~red struck out text denotes deleted text~~ | [![Powered by State Net](https://custom.statenet.com/network/poweredby.gif)](https://www.lexisnexis.com/statenet/)  \n---|---  \n  \n2025 WA H 1249 | | Author: | Barnard  \n---|---  \nVersion: | Prefiled  \nVersion Date: | 01/10/2025  \n  \nHOUSE BILL 1249\n\nState of Washington -- 69th Legislature -- 2025 Regular Session\n\nBy Representatives Barnard and Stearns\n\nPrefiled 01/10/25.\n\nAN ACT Relating to creating the commercial liftoff for energy from advanced\nnuclear advisory commission; and adding a new chapter to Title _80_ RCW.\n\nBE IT ENACTED BY THE LEGISLATURE OF THE STATE OF WASHINGTON:\n\n_NEW SECTION._ Sec. 1. The legislature finds that nuclear energy is a safe and\nreliable source of nonemitting energy and that all electricity provided to\nWashington retail electric customers must be from nonemitting or renewable\nresources by January 1, 2045. The legislature finds that decarbonization\npolicies and artificial intelligence applications have accelerated demand on\nWashington's electricity grid. Nuclear energy provides significant value to a\ndecarbonized grid; it is a clean firm complement to renewable resources, has\nlow land-use requirements while producing energy at scale, and offers high-\npaying jobs and regional economic benefits. Therefore, the legislature finds\nthat nuclear energy will play an essential role in the energy transition.\n\nIt is the intent of the legislature that a new nuclear energy advisory\ncommission shall provide a credible resource on nuclear energy to the people\nof the state of Washington and support the growth of the nuclear energy\nindustry. The commercial liftoff for energy from advanced nuclear advisory\ncommission aims to establish a common fact base with the private sector around\nthe path to liftoff for critical clean firm energy technologies.\n\n_NEW SECTION._ Sec. 2. There is hereby created the commercial liftoff for\nenergy from advanced nuclear advisory commission. The purpose of the\ncommercial liftoff for energy from advanced nuclear advisory commission is to\ncatalyze more rapid and coordinated action across the value chain for nuclear\nenergy deployment. The commercial liftoff for energy from advanced nuclear\nadvisory commission is composed of 13 voting members with expertise in nuclear\nenergy. Members must be nominated and appointed by the leadership of the\nentities that they represent as follows:\n\n(1) Two members from Washington State University with at least one member from\nthe institute for northwest energy futures;\n\n(2) One member from the University of Washington;\n\n(3) One member invited from the Pacific Northwest national laboratory;\n\n(4) One member invited from the United States department of energy;\n\n(5) One member representing a joint operating agency as described in chapter\n_43.52_ RCW and formed in 1957;\n\n(6) One member from the state radiation control agency as defined in RCW\n_70A.388.040_ ;\n\n(7) One member invited from a federally recognized tribe and nominated and\nappointed by the governor's office of Indian affairs;\n\n(8) One member from the Washington vertical innovation cluster;\n\n(9) One member from the state energy office in the department of commerce;\n\n(10) One member from the governor's office;\n\n(11) One member from the association of Washington business; and\n\n(12) One member from the Washington state labor council.\n\n_NEW SECTION._ Sec. 3. The commercial liftoff for energy from advanced nuclear\nadvisory commission may:\n\n(1) Establish offices that are necessary to carry out the purpose of the\ncommission as described in section 2 of this act, including prescribing the\nfunctions and duties of such offices and developing policies and procedures;\n\n(2) Appoint or provide for the appointment of, and remove or provide for the\nremoval of, employees of the commission;\n\n(3) Fix the salaries, wages, and other compensation of employees of the\ncommission;\n\n(4) Fix the time and place or places at which regular or special meetings are\nto be held. Each member of the commission is eligible to be reimbursed for\ntravel expenses in accordance with RCW _43.03.050_ and _43.03.060_ ; and\n\n(5) Solicit and receive gifts, grants, and endowments from public or private\nsources that are made for the use or benefit of the commission and to expend\nthe same or any income therefrom according to the purpose of the commission.\n\n_NEW SECTION._ Sec. 4. The duties of the commercial liftoff for energy from\nadvanced nuclear advisory commission are as follows:\n\n(1) Meet at least five times a year in accordance with chapter _42.30_ RCW to\nconsider existing and model policies and plans to support the deployment of\nadditional nuclear energy in the state. Considerations must include workforce\nneeds;\n\n(2) Develop recommendations on what is needed to site and build additional\nnuclear facilities in the state, including a detailed roadmap with timelines\nand targets;\n\n(3) Submit recommendations to the governor and the appropriate committees of\nthe legislature by October 1st every even-numbered year;\n\n(4) Review the United States department of energy pathways to commercial\nliftoff: Advanced nuclear report as of September 2024 for consideration in\nrecommendations submitted according to subsection (3) of this section for the\ncommission's first recommendation report due on October 1, 2026.\n\n_NEW SECTION._ Sec. 5. Sections 1 through 4 of this act constitute a new\nchapter in Title _80_ RCW.\n\nCopyright (C) 2025 State Net  \n  \n---\n\n",
      "latest_version": false
    },
    {
      "date": "01/13/2025",
      "label": "Introduced",
      "url": "https://custom.statenet.com/public/resources.cgi?mode=show_text&id=ID:bill:WA2025000H1249&verid=WA2025000H1249_20250113_0_I&",
      "raw_html": "<html>\n<head>\n<title>Bill Resource</title>\n\n<!--   <link href=\"https://custom.statenet.com/network/Common/css/extregtext.css\" rel=\"stylesheet\" type=\"text/css\" />-->\n   <link href=\"https://custom.statenet.com/network/Common/css/xmltext-2.0.css\" rel=\"stylesheet\" type=\"text/css\" />\n   <link href=\"https://custom.statenet.com/network/Common/css/additional-text.css\" rel=\"stylesheet\" type=\"text/css\" />\n\n\t<style type=\"text/css\">\n<!--\n\ntd, body {\n     background-color: white;\n\tfont-family: Verdana, Arial, Helvetica, sans-serif;\n\tfont-size: 12px;\n}\n\n.resourceContainer {\n   border: 1px solid black;\n}\n-->\n</style>\n</head>\n<body>\n\n    <div style=\"width: 750px; margin: auto\">\n       <div style=\"font-size: .8em;margin-bottom: 10px\"><table width=\"100%\"><tr><td align=\"left\" style=\"font-size: .8em;\"><div>The following has special meaning:</div>\n<div><u class=\"amendmentInsertedText\">green underline denotes added text</u></div>\n<div><strike class=\"amendmentDeletedText\">red struck out text denotes deleted text</strike></div></td> <td align=\"right\"><a href=\"https://www.lexisnexis.com/statenet/\"><img alt=\"Powered by State Net\" src=\"https://custom.statenet.com/network/poweredby.gif\" /></a></td></tr></table></div><table id=\"text-identifier\"><tr><td class=\"key\">2025 WA H 1249</td> <td><table><tr><td class=\"label\">Author:</td> <td>Barnard</td></tr> <tr><td class=\"label\">Version:</td> <td>Introduced</td></tr> <tr><td class=\"label\">Version Date:</td> <td>01/13/2025</td></tr></table></td></tr></table><div class=\"documentBody\">\n  <a name=\"head_document_section\"></a><div class=\"head\">\n   <p class=\"center\">HOUSE BILL 1249</p>\n   <p class=\"center\">State of Washington -- 69th Legislature -- 2025 Regular Session</p>\n   <p class=\"indent\">By Representatives Barnard and Stearns</p>\n   <p class=\"indent\">Prefiled 01/10/25.</p>\n  </div>\n  <a name=\"code_document_section\"></a><div class=\"code\">\n   <p class=\"indent\">AN ACT Relating to creating the commercial liftoff for energy from advanced nuclear advisory commission; and adding a new chapter to Title <u>80</u> RCW.</p>\n  </div>\n  <a name=\"text_document_section\"></a><div class=\"text\">\n   <span>\n    <p class=\"indent\">BE IT ENACTED BY THE LEGISLATURE OF THE STATE OF WASHINGTON:</p>\n   </span>\n   <p class=\"indent\">\n    <u>NEW SECTION.</u> Sec. 1. The legislature finds that nuclear energy is a safe and reliable source of nonemitting energy and that all electricity provided to Washington retail electric customers must be from nonemitting or renewable resources by January 1, 2045. The legislature finds that decarbonization policies and artificial intelligence applications have accelerated demand on Washington&#39;s electricity grid. Nuclear energy provides significant value to a decarbonized grid; it is a clean firm complement to renewable resources, has low land-use requirements while producing energy at scale, and offers high-paying jobs and regional economic benefits. Therefore, the legislature finds that nuclear energy will play an essential role in the energy transition.</p>\n   <p class=\"indent\">It is the intent of the legislature that a new nuclear energy advisory commission shall provide a credible resource on nuclear energy to the people of the state of Washington and support the growth of the nuclear energy industry. The commercial liftoff for energy from advanced nuclear advisory commission aims to establish a common fact base with the private sector around the path to liftoff for critical clean firm energy technologies.</p>\n   <p class=\"indent\">\n    <u>NEW SECTION.</u> Sec. 2. There is hereby created the commercial liftoff for energy from advanced nuclear advisory commission. The purpose of the commercial liftoff for energy from advanced nuclear advisory commission is to catalyze more rapid and coordinated action across the value chain for nuclear energy deployment. The commercial liftoff for energy from advanced nuclear advisory commission is composed of 13 voting members with expertise in nuclear energy. Members must be nominated and appointed by the leadership of the entities that they represent as follows:</p>\n   <p class=\"indent\">(1) Two members from Washington State University with at least one member from the institute for northwest energy futures;</p>\n   <p class=\"indent\">(2) One member from the University of Washington;</p>\n   <p class=\"indent\">(3) One member invited from the Pacific Northwest national laboratory;</p>\n   <p class=\"indent\">(4) One member invited from the United States department of energy;</p>\n   <p class=\"indent\">(5) One member representing a joint operating agency as described in chapter <u>43.52</u> RCW and formed in 1957;</p>\n   <p class=\"indent\">(6) One member from the state radiation control agency as defined in RCW <u>70A.388.040</u>;</p>\n   <p class=\"indent\">(7) One member invited from a federally recognized tribe and nominated and appointed by the governor&#39;s office of Indian affairs;</p>\n   <p class=\"indent\">(8) One member from the Washington vertical innovation cluster;</p>\n   <p class=\"indent\">(9) One member from the state energy office in the department of commerce;</p>\n   <p class=\"indent\">(10) One member from the governor&#39;s office;</p>\n   <p class=\"indent\">(11) One member from the association of Washington business; and</p>\n   <p class=\"indent\">(12) One member from the Washington state labor council.</p>\n   <p class=\"indent\">\n    <u>NEW SECTION.</u> Sec. 3. The commercial liftoff for energy from advanced nuclear advisory commission may:</p>\n   <p class=\"indent\">(1) Establish offices that are necessary to carry out the purpose of the commission as described in section 2 of this act, including prescribing the functions and duties of such offices and developing policies and procedures;</p>\n   <p class=\"indent\">(2) Appoint or provide for the appointment of, and remove or provide for the removal of, employees of the commission;</p>\n   <p class=\"indent\">(3) Fix the salaries, wages, and other compensation of employees of the commission;</p>\n   <p class=\"indent\">(4) Fix the time and place or places at which regular or special meetings are to be held. Each member of the commission is eligible to be reimbursed for travel expenses in accordance with RCW <u>43.03.050</u> and <u>43.03.060</u>; and</p>\n   <p class=\"indent\">(5) Solicit and receive gifts, grants, and endowments from public or private sources that are made for the use or benefit of the commission and to expend the same or any income therefrom according to the purpose of the commission.</p>\n   <p class=\"indent\">\n    <u>NEW SECTION.</u> Sec. 4. The duties of the commercial liftoff for energy from advanced nuclear advisory commission are as follows:</p>\n   <p class=\"indent\">(1) Meet at least five times a year in accordance with chapter <u>42.30</u> RCW to consider existing and model policies and plans to support the deployment of additional nuclear energy in the state. Considerations must include workforce needs;</p>\n   <p class=\"indent\">(2) Develop recommendations on what is needed to site and build additional nuclear facilities in the state, including a detailed roadmap with timelines and targets;</p>\n   <p class=\"indent\">(3) Submit recommendations to the governor and the appropriate committees of the legislature by October 1st every even-numbered year;</p>\n   <p class=\"indent\">(4) Review the United States department of energy pathways to commercial liftoff: Advanced nuclear report as of September 2024 for consideration in recommendations submitted according to subsection (3) of this section for the commission&#39;s first recommendation report due on October 1, 2026.</p>\n   <p class=\"indent\">\n    <u>NEW SECTION.</u> Sec. 5. Sections 1 through 4 of this act constitute a new chapter in Title <u>80</u> RCW.</p>\n  </div>\n </div>\n    </div>\t\n<table cellpadding=0 cellspacing=0 width=\"100%\">\n   <tr>\n      <td>\n          Copyright &copy; 2025 State Net\n      </td>\n<BR>\n<!--???MOVED INTO resources.cgi      <td align=\"right\">\n          <img src=\"https://custom.statenet.com/network/poweredby.gif\" alt=\"Powered by State Net\">\n      </td>-->\n\n    </tr>\n</table>\n</body></html>\n",
      "markdown": "The following has special meaning: _green underline denotes added text_ ~~red struck out text denotes deleted text~~ | [![Powered by State Net](https://custom.statenet.com/network/poweredby.gif)](https://www.lexisnexis.com/statenet/)  \n---|---  \n  \n2025 WA H 1249 | | Author: | Barnard  \n---|---  \nVersion: | Introduced  \nVersion Date: | 01/13/2025  \n  \nHOUSE BILL 1249\n\nState of Washington -- 69th Legislature -- 2025 Regular Session\n\nBy Representatives Barnard and Stearns\n\nPrefiled 01/10/25.\n\nAN ACT Relating to creating the commercial liftoff for energy from advanced\nnuclear advisory commission; and adding a new chapter to Title _80_ RCW.\n\nBE IT ENACTED BY THE LEGISLATURE OF THE STATE OF WASHINGTON:\n\n_NEW SECTION._ Sec. 1. The legislature finds that nuclear energy is a safe and\nreliable source of nonemitting energy and that all electricity provided to\nWashington retail electric customers must be from nonemitting or renewable\nresources by January 1, 2045. The legislature finds that decarbonization\npolicies and artificial intelligence applications have accelerated demand on\nWashington's electricity grid. Nuclear energy provides significant value to a\ndecarbonized grid; it is a clean firm complement to renewable resources, has\nlow land-use requirements while producing energy at scale, and offers high-\npaying jobs and regional economic benefits. Therefore, the legislature finds\nthat nuclear energy will play an essential role in the energy transition.\n\nIt is the intent of the legislature that a new nuclear energy advisory\ncommission shall provide a credible resource on nuclear energy to the people\nof the state of Washington and support the growth of the nuclear energy\nindustry. The commercial liftoff for energy from advanced nuclear advisory\ncommission aims to establish a common fact base with the private sector around\nthe path to liftoff for critical clean firm energy technologies.\n\n_NEW SECTION._ Sec. 2. There is hereby created the commercial liftoff for\nenergy from advanced nuclear advisory commission. The purpose of the\ncommercial liftoff for energy from advanced nuclear advisory commission is to\ncatalyze more rapid and coordinated action across the value chain for nuclear\nenergy deployment. The commercial liftoff for energy from advanced nuclear\nadvisory commission is composed of 13 voting members with expertise in nuclear\nenergy. Members must be nominated and appointed by the leadership of the\nentities that they represent as follows:\n\n(1) Two members from Washington State University with at least one member from\nthe institute for northwest energy futures;\n\n(2) One member from the University of Washington;\n\n(3) One member invited from the Pacific Northwest national laboratory;\n\n(4) One member invited from the United States department of energy;\n\n(5) One member representing a joint operating agency as described in chapter\n_43.52_ RCW and formed in 1957;\n\n(6) One member from the state radiation control agency as defined in RCW\n_70A.388.040_ ;\n\n(7) One member invited from a federally recognized tribe and nominated and\nappointed by the governor's office of Indian affairs;\n\n(8) One member from the Washington vertical innovation cluster;\n\n(9) One member from the state energy office in the department of commerce;\n\n(10) One member from the governor's office;\n\n(11) One member from the association of Washington business; and\n\n(12) One member from the Washington state labor council.\n\n_NEW SECTION._ Sec. 3. The commercial liftoff for energy from advanced nuclear\nadvisory commission may:\n\n(1) Establish offices that are necessary to carry out the purpose of the\ncommission as described in section 2 of this act, including prescribing the\nfunctions and duties of such offices and developing policies and procedures;\n\n(2) Appoint or provide for the appointment of, and remove or provide for the\nremoval of, employees of the commission;\n\n(3) Fix the salaries, wages, and other compensation of employees of the\ncommission;\n\n(4) Fix the time and place or places at which regular or special meetings are\nto be held. Each member of the commission is eligible to be reimbursed for\ntravel expenses in accordance with RCW _43.03.050_ and _43.03.060_ ; and\n\n(5) Solicit and receive gifts, grants, and endowments from public or private\nsources that are made for the use or benefit of the commission and to expend\nthe same or any income therefrom according to the purpose of the commission.\n\n_NEW SECTION._ Sec. 4. The duties of the commercial liftoff for energy from\nadvanced nuclear advisory commission are as follows:\n\n(1) Meet at least five times a year in accordance with chapter _42.30_ RCW to\nconsider existing and model policies and plans to support the deployment of\nadditional nuclear energy in the state. Considerations must include workforce\nneeds;\n\n(2) Develop recommendations on what is needed to site and build additional\nnuclear facilities in the state, including a detailed roadmap with timelines\nand targets;\n\n(3) Submit recommendations to the governor and the appropriate committees of\nthe legislature by October 1st every even-numbered year;\n\n(4) Review the United States department of energy pathways to commercial\nliftoff: Advanced nuclear report as of September 2024 for consideration in\nrecommendations submitted according to subsection (3) of this section for the\ncommission's first recommendation report due on October 1, 2026.\n\n_NEW SECTION._ Sec. 5. Sections 1 through 4 of this act constitute a new\nchapter in Title _80_ RCW.\n\nCopyright (C) 2025 State Net  \n  \n---\n\n",
      "latest_version": true
    }
  ]
}