{
  "bill_id": "WI2023000S1072",
  "source_url": "http://custom.statenet.com/public/resources.cgi?id=ID:bill:WI2023000S1072&cuiq=93d84396-c63b-526a-b152-38b7f79b4cfd&client_md=e4f6fea4-27b4-5d41-b7d3-766fe52569f0",
  "versions": [
    {
      "date": "02/26/2024",
      "label": "Introduced",
      "url": "https://custom.statenet.com/public/resources.cgi?mode=show_text&id=ID:bill:WI2023000S1072&verid=WI2023000S1072_20240226_0_I&",
      "raw_html": "<html>\n<head>\n<title>Bill Resource</title>\n\n<!--   <link href=\"https://custom.statenet.com/network/Common/css/extregtext.css\" rel=\"stylesheet\" type=\"text/css\" />-->\n   <link href=\"https://custom.statenet.com/network/Common/css/xmltext-2.0.css\" rel=\"stylesheet\" type=\"text/css\" />\n   <link href=\"https://custom.statenet.com/network/Common/css/additional-text.css\" rel=\"stylesheet\" type=\"text/css\" />\n\n\t<style type=\"text/css\">\n<!--\n\ntd, body {\n     background-color: white;\n\tfont-family: Verdana, Arial, Helvetica, sans-serif;\n\tfont-size: 12px;\n}\n\n.resourceContainer {\n   border: 1px solid black;\n}\n-->\n</style>\n</head>\n<body>\n\n    <div style=\"width: 750px; margin: auto\">\n       <div style=\"font-size: .8em;margin-bottom: 10px\"><table width=\"100%\"><tr><td align=\"left\" style=\"font-size: .8em;\"><div>The following has special meaning:</div>\n<div><u class=\"amendmentInsertedText\">green underline denotes added text</u></div>\n<div><strike class=\"amendmentDeletedText\">red struck out text denotes deleted text</strike></div></td> <td align=\"right\"><a href=\"https://www.lexisnexis.com/statenet/\"><img alt=\"Powered by State Net\" src=\"https://custom.statenet.com/network/poweredby.gif\" /></a></td></tr></table></div><table id=\"text-identifier\"><tr><td class=\"key\">2023 WI S 1072</td> <td><table><tr><td class=\"label\">Author:</td> <td>Spreitzer</td></tr> <tr><td class=\"label\">Version:</td> <td>Introduced</td></tr> <tr><td class=\"label\">Version Date:</td> <td>02/26/2024</td></tr></table></td></tr></table><div class=\"documentBody\">\n  <a name=\"head_document_section\"></a><div class=\"head\">\n   <p class=\"center\">2023 - 2024 LEGISLATURE</p>\n   <p class=\"center\">2023 Senate BILL 1072</p>\n   <p class=\"indent\">February 26, 2024 - Introduced by Senators Spreitzer, Larson, Roys and Agard, cosponsored by Representatives Palmeri, Doyle, C. Anderson, Baldeh, Ohnstad, Bare, Behnke, Considine, Emerson, Gustafson, Joers, O&#39;Connor and Ratcliff. Referred to Committee on Utilities and Technology.</p>\n  </div>\n  <a name=\"code_document_section\"></a><div class=\"code\">\n   <p class=\"indent\">An Act <i>\n     <b>to create</b>\n    </i> 100.32 of the statutes; <b>relating to:</b> disclaimer required when interacting with generative artificial intelligence that simulates conversation.</p>\n  </div>\n  <a name=\"digest_document_section\"></a><div class=\"digest\">\n   <p class=\"center\">\n    <b>\n     <i>Analysis by the Legislative Reference Bureau</i>\n    </b>\n   </p>\n   <p class=\"indent\">This bill prohibits a person from hosting or using on the person&#39;s digital platform, product, service, application, or web page generative artificial intelligence that simulates a conversation with or an instant message from a human being unless the person first provides to the user, in the same location as the conversation or instant message, a prominent and legible disclaimer that the generative artificial intelligence is not a human being.</p>\n  </div>\n  <a name=\"text_document_section\"></a><div class=\"text\">\n   <span>\n    <p class=\"indent\">\n     <i>\n      <b>The people of the state of Wisconsin, represented in senate and assembly, do enact as follows:</b>\n     </i>\n    </p>\n   </span>\n   <p class=\"indent\">\n    <b>Section 1.</b> 100.32 of the statutes is created to read:</p>\n   <p class=\"indent\">\n    <b>100.32 Generative artificial intelligence disclaimer required.</b> No person may host or use on the person&#39;s digital platform, product, service, application, or web page generative artificial intelligence that simulates what a human user of the digital platform, product, service, application, or web page would reasonably expect to be a conversation with, or instant message from, a human being unless the person first provides to the user, in the same location as the conversation or instant message, a prominent and legible disclaimer that the generative artificial intelligence is not a human being.</p>\n  </div>\n </div>\n    </div>\t\n<table cellpadding=0 cellspacing=0 width=\"100%\">\n   <tr>\n      <td>\n          Copyright &copy; 2025 State Net\n      </td>\n<BR>\n<!--???MOVED INTO resources.cgi      <td align=\"right\">\n          <img src=\"https://custom.statenet.com/network/poweredby.gif\" alt=\"Powered by State Net\">\n      </td>-->\n\n    </tr>\n</table>\n</body></html>\n",
      "markdown": "The following has special meaning: _green underline denotes added text_ ~~red struck out text denotes deleted text~~ | [![Powered by State Net](https://custom.statenet.com/network/poweredby.gif)](https://www.lexisnexis.com/statenet/)  \n---|---  \n  \n2023 WI S 1072 | | Author: | Spreitzer  \n---|---  \nVersion: | Introduced  \nVersion Date: | 02/26/2024  \n  \n2023 - 2024 LEGISLATURE\n\n2023 Senate BILL 1072\n\nFebruary 26, 2024 - Introduced by Senators Spreitzer, Larson, Roys and Agard,\ncosponsored by Representatives Palmeri, Doyle, C. Anderson, Baldeh, Ohnstad,\nBare, Behnke, Considine, Emerson, Gustafson, Joers, O'Connor and Ratcliff.\nReferred to Committee on Utilities and Technology.\n\nAn Act _**to create** _ 100.32 of the statutes; **relating to:** disclaimer\nrequired when interacting with generative artificial intelligence that\nsimulates conversation.\n\n**_Analysis by the Legislative Reference Bureau_ **\n\nThis bill prohibits a person from hosting or using on the person's digital\nplatform, product, service, application, or web page generative artificial\nintelligence that simulates a conversation with or an instant message from a\nhuman being unless the person first provides to the user, in the same location\nas the conversation or instant message, a prominent and legible disclaimer\nthat the generative artificial intelligence is not a human being.\n\n_**The people of the state of Wisconsin, represented in senate and assembly,\ndo enact as follows:** _\n\n**Section 1.** 100.32 of the statutes is created to read:\n\n**100.32 Generative artificial intelligence disclaimer required.** No person\nmay host or use on the person's digital platform, product, service,\napplication, or web page generative artificial intelligence that simulates\nwhat a human user of the digital platform, product, service, application, or\nweb page would reasonably expect to be a conversation with, or instant message\nfrom, a human being unless the person first provides to the user, in the same\nlocation as the conversation or instant message, a prominent and legible\ndisclaimer that the generative artificial intelligence is not a human being.\n\nCopyright (C) 2025 State Net  \n  \n---\n\n",
      "latest_version": true
    }
  ]
}