{
  "bill_id": "WI2023000A664",
  "source_url": "http://custom.statenet.com/public/resources.cgi?id=ID:bill:WI2023000A664&cuiq=93d84396-c63b-526a-b152-38b7f79b4cfd&client_md=e4f6fea4-27b4-5d41-b7d3-766fe52569f0",
  "versions": [
    {
      "date": "11/09/2023",
      "label": "Introduced",
      "url": "https://custom.statenet.com/public/resources.cgi?mode=show_text&id=ID:bill:WI2023000A664&verid=WI2023000A664_20231109_0_I&",
      "raw_html": "<html>\n<head>\n<title>Bill Resource</title>\n\n<!--   <link href=\"https://custom.statenet.com/network/Common/css/extregtext.css\" rel=\"stylesheet\" type=\"text/css\" />-->\n   <link href=\"https://custom.statenet.com/network/Common/css/xmltext-2.0.css\" rel=\"stylesheet\" type=\"text/css\" />\n   <link href=\"https://custom.statenet.com/network/Common/css/additional-text.css\" rel=\"stylesheet\" type=\"text/css\" />\n\n\t<style type=\"text/css\">\n<!--\n\ntd, body {\n     background-color: white;\n\tfont-family: Verdana, Arial, Helvetica, sans-serif;\n\tfont-size: 12px;\n}\n\n.resourceContainer {\n   border: 1px solid black;\n}\n-->\n</style>\n</head>\n<body>\n\n    <div style=\"width: 750px; margin: auto\">\n       <div style=\"font-size: .8em;margin-bottom: 10px\"><table width=\"100%\"><tr><td align=\"left\" style=\"font-size: .8em;\"><div>The following has special meaning:</div>\n<div><u class=\"amendmentInsertedText\">green underline denotes added text</u></div>\n<div><strike class=\"amendmentDeletedText\">red struck out text denotes deleted text</strike></div></td> <td align=\"right\"><a href=\"https://www.lexisnexis.com/statenet/\"><img alt=\"Powered by State Net\" src=\"https://custom.statenet.com/network/poweredby.gif\" /></a></td></tr></table></div><table id=\"text-identifier\"><tr><td class=\"key\">2023 WI A 664</td> <td><table><tr><td class=\"label\">Author:</td> <td>Neylon</td></tr> <tr><td class=\"label\">Version:</td> <td>Introduced</td></tr> <tr><td class=\"label\">Version Date:</td> <td>11/09/2023</td></tr></table></td></tr></table><div class=\"documentBody\">\n  <a name=\"head_document_section\"></a><div class=\"head\">\n   <p class=\"center\">2023 - 2024 LEGISLATURE </p>\n   <p class=\"center\">2023 ASSEMBLY BILL 664 </p>\n   <p class=\"indent\">November 9, 2023 - Introduced by Representatives Neylon, C. Anderson, J. Anderson, Armstrong, Bare, Behnke, Conley, Considine, Dittrich, Emerson, Gundrum, Joers, Kitchens, Krug, Mursau, O&#39;Connor, Riemer, Rettinger, Schraa, Snodgrass, Snyder, Tittl, Wichgers and Goeben, cosponsored by Senators Quinn, Spreitzer, Feyen, Hesselbein and Cabral-Guevara. Referred to Committee on Campaigns and Elections.</p>\n   <p class=\"center\">***AUTHORS SUBJECT TO CHANGE***</p>\n  </div>\n  <a name=\"code_document_section\"></a><div class=\"code\">\n   <p class=\"indent\">An Act <i>\n     <b>to amend</b>\n    </i> 11.1303 (title); and <i>\n     <b>to create</b>\n    </i> 11.1303 (2m) of the statutes; <b>relating to:</b> disclosures regarding content generated by artificial intelligence in political advertisements, granting rule-making authority, and providing a penalty.</p>\n  </div>\n  <a name=\"digest_document_section\"></a><div class=\"digest\">\n   <p class=\"center\">\n    <b>\n     <i>Analysis by the Legislative Reference Bureau</i>\n    </b>\n   </p>\n   <p class=\"indent\">This bill requires that any audio or video communication that is paid for by a candidate committee, legislative campaign committee, political action committee, independent expenditure committee, political party, recall committee, or referendum committee with a contribution or disbursement make certain disclosures if the communication contains synthetic media. The bill defines &ldquo;synthetic media&rdquo; as audio or video content substantially produced by means of generative artificial intelligence. </p>\n   <p class=\"indent\">Under the bill, every audio communication paid for with a contribution or disbursement that contains synthetic media must include at both the beginning and the end of the communication the words &ldquo;Contains content generated by AI.&rdquo;</p>\n   <p class=\"indent\">Similarly, the bill provides that every video communication paid for with a contribution or disbursement must include throughout the duration of each portion of the communication containing synthetic media, in writing that is readable, legible, and readily accessible, the words &ldquo;This video content generated by AI&rdquo; if the video includes video synthetic media only, &ldquo;This audio content generated by AI&rdquo; if the video includes audio synthetic media only, or &ldquo;This content generated by AI&rdquo; if the video includes both video and audio synthetic media.</p>\n   <p class=\"indent\">The bill imposes a forfeiture of up to $1,000 for each violation of the bill&#39;s requirements and authorizes the Ethics Commission to adopt rules creating limited exceptions to those requirements.</p>\n   <p class=\"indent\">For further information see the state fiscal estimate, which will be printed as an appendix to this bill.</p>\n  </div>\n  <a name=\"text_document_section\"></a><div class=\"text\">\n   <span>\n    <p class=\"indent\">\n     <i>\n      <b>The people of the state of Wisconsin, represented in senate and assembly, do enact as follows:</b>\n     </i>\n    </p>\n   </span>\n   <p class=\"indent\">\n    <b>Section 1.</b> 11.1303 (title) of the statutes is amended to read:</p>\n   <p class=\"indent\">\n    <b>11.1303</b> (title) <b>Attribution of political contributions, disbursements and communications<u class=\"amendmentInsertedText\">; synthetic media</u>.</b>\n   </p>\n   <p class=\"indent\">\n    <b>Section 2.</b> 11.1303 (2m) of the statutes is created to read:</p>\n   <p class=\"indent\">11.1303 <b>(2m)</b> (a) In this subsection, &ldquo;synthetic media&rdquo; means audio or video content that is substantially produced in whole or in part by means of generative artificial intelligence.</p>\n   <p class=\"indent\">(b) Every audio communication described in sub. (2) (a) or (b) that contains synthetic media shall include both at the beginning and at the end of the communication the words &ldquo;Contains content generated by AI.&rdquo;</p>\n   <p class=\"indent\">(c) Every video communication described in sub. (2) (a) or (b) shall include throughout the duration of each portion of the communication containing synthetic media, in writing that is readable, legible, and readily accessible, the words &ldquo;This video content generated by AI&rdquo; if the video includes video synthetic media only, &ldquo;This audio content generated by AI&rdquo; if the video includes audio synthetic media only, or &ldquo;This content generated by AI&rdquo; if the video includes both video and audio synthetic media.</p>\n   <p class=\"indent\">(d) The commission may promulgate rules implementing pars. (a), (b), and (c). The rules may include limited exceptions to the requirements under this subsection.</p>\n   <p class=\"indent\">(e) Compliance with this subsection does not create an exemption from any civil or criminal liability, including for violations of s. 12.05.</p>\n   <p class=\"indent\">(f) Notwithstanding s. 11.1401 (1) (b), whoever intentionally violates par. (a), (b), or (c) shall be subject to a forfeiture not to exceed $1,000 for each violation.</p>\n   <p class=\"indent\">\n    <b>Section 3. Initial applicability.</b>\n   </p>\n   <p class=\"indent\">(1) This act first applies to a communication described in s. 11.1303 (2) (a) or (b) that is created on the effective date of this subsection.</p>\n  </div>\n </div>\n    </div>\t\n<table cellpadding=0 cellspacing=0 width=\"100%\">\n   <tr>\n      <td>\n          Copyright &copy; 2025 State Net\n      </td>\n<BR>\n<!--???MOVED INTO resources.cgi      <td align=\"right\">\n          <img src=\"https://custom.statenet.com/network/poweredby.gif\" alt=\"Powered by State Net\">\n      </td>-->\n\n    </tr>\n</table>\n</body></html>\n",
      "markdown": "The following has special meaning: _green underline denotes added text_ ~~red struck out text denotes deleted text~~ | [![Powered by State Net](https://custom.statenet.com/network/poweredby.gif)](https://www.lexisnexis.com/statenet/)  \n---|---  \n  \n2023 WI A 664 | | Author: | Neylon  \n---|---  \nVersion: | Introduced  \nVersion Date: | 11/09/2023  \n  \n2023 - 2024 LEGISLATURE\n\n2023 ASSEMBLY BILL 664\n\nNovember 9, 2023 - Introduced by Representatives Neylon, C. Anderson, J.\nAnderson, Armstrong, Bare, Behnke, Conley, Considine, Dittrich, Emerson,\nGundrum, Joers, Kitchens, Krug, Mursau, O'Connor, Riemer, Rettinger, Schraa,\nSnodgrass, Snyder, Tittl, Wichgers and Goeben, cosponsored by Senators Quinn,\nSpreitzer, Feyen, Hesselbein and Cabral-Guevara. Referred to Committee on\nCampaigns and Elections.\n\n***AUTHORS SUBJECT TO CHANGE***\n\nAn Act _**to amend** _ 11.1303 (title); and _**to create** _ 11.1303 (2m) of\nthe statutes; **relating to:** disclosures regarding content generated by\nartificial intelligence in political advertisements, granting rule-making\nauthority, and providing a penalty.\n\n**_Analysis by the Legislative Reference Bureau_ **\n\nThis bill requires that any audio or video communication that is paid for by a\ncandidate committee, legislative campaign committee, political action\ncommittee, independent expenditure committee, political party, recall\ncommittee, or referendum committee with a contribution or disbursement make\ncertain disclosures if the communication contains synthetic media. The bill\ndefines \"synthetic media\" as audio or video content substantially produced by\nmeans of generative artificial intelligence.\n\nUnder the bill, every audio communication paid for with a contribution or\ndisbursement that contains synthetic media must include at both the beginning\nand the end of the communication the words \"Contains content generated by AI.\"\n\nSimilarly, the bill provides that every video communication paid for with a\ncontribution or disbursement must include throughout the duration of each\nportion of the communication containing synthetic media, in writing that is\nreadable, legible, and readily accessible, the words \"This video content\ngenerated by AI\" if the video includes video synthetic media only, \"This audio\ncontent generated by AI\" if the video includes audio synthetic media only, or\n\"This content generated by AI\" if the video includes both video and audio\nsynthetic media.\n\nThe bill imposes a forfeiture of up to $1,000 for each violation of the bill's\nrequirements and authorizes the Ethics Commission to adopt rules creating\nlimited exceptions to those requirements.\n\nFor further information see the state fiscal estimate, which will be printed\nas an appendix to this bill.\n\n_**The people of the state of Wisconsin, represented in senate and assembly,\ndo enact as follows:** _\n\n**Section 1.** 11.1303 (title) of the statutes is amended to read:\n\n**11.1303** (title) **Attribution of political contributions, disbursements\nand communications _; synthetic media_.**\n\n**Section 2.** 11.1303 (2m) of the statutes is created to read:\n\n11.1303 **(2m)** (a) In this subsection, \"synthetic media\" means audio or\nvideo content that is substantially produced in whole or in part by means of\ngenerative artificial intelligence.\n\n(b) Every audio communication described in sub. (2) (a) or (b) that contains\nsynthetic media shall include both at the beginning and at the end of the\ncommunication the words \"Contains content generated by AI.\"\n\n(c) Every video communication described in sub. (2) (a) or (b) shall include\nthroughout the duration of each portion of the communication containing\nsynthetic media, in writing that is readable, legible, and readily accessible,\nthe words \"This video content generated by AI\" if the video includes video\nsynthetic media only, \"This audio content generated by AI\" if the video\nincludes audio synthetic media only, or \"This content generated by AI\" if the\nvideo includes both video and audio synthetic media.\n\n(d) The commission may promulgate rules implementing pars. (a), (b), and (c).\nThe rules may include limited exceptions to the requirements under this\nsubsection.\n\n(e) Compliance with this subsection does not create an exemption from any\ncivil or criminal liability, including for violations of s. 12.05.\n\n(f) Notwithstanding s. 11.1401 (1) (b), whoever intentionally violates par.\n(a), (b), or (c) shall be subject to a forfeiture not to exceed $1,000 for\neach violation.\n\n**Section 3. Initial applicability.**\n\n(1) This act first applies to a communication described in s. 11.1303 (2) (a)\nor (b) that is created on the effective date of this subsection.\n\nCopyright (C) 2025 State Net  \n  \n---\n\n",
      "latest_version": false
    },
    {
      "date": "02/14/2024",
      "label": "Offered Substitute",
      "url": "https://custom.statenet.com/public/resources.cgi?mode=show_text&id=ID:bill:WI2023000A664&verid=WI2023000A664_20240214_0_OS&",
      "raw_html": "<html>\n<head>\n<title>Bill Resource</title>\n\n<!--   <link href=\"https://custom.statenet.com/network/Common/css/extregtext.css\" rel=\"stylesheet\" type=\"text/css\" />-->\n   <link href=\"https://custom.statenet.com/network/Common/css/xmltext-2.0.css\" rel=\"stylesheet\" type=\"text/css\" />\n   <link href=\"https://custom.statenet.com/network/Common/css/additional-text.css\" rel=\"stylesheet\" type=\"text/css\" />\n\n\t<style type=\"text/css\">\n<!--\n\ntd, body {\n     background-color: white;\n\tfont-family: Verdana, Arial, Helvetica, sans-serif;\n\tfont-size: 12px;\n}\n\n.resourceContainer {\n   border: 1px solid black;\n}\n-->\n</style>\n</head>\n<body>\n\n    <div style=\"width: 750px; margin: auto\">\n       <div style=\"font-size: .8em;margin-bottom: 10px\"><table width=\"100%\"><tr><td align=\"left\" style=\"font-size: .8em;\"><div>The following has special meaning:</div>\n<div><u class=\"amendmentInsertedText\">green underline denotes added text</u></div>\n<div><strike class=\"amendmentDeletedText\">red struck out text denotes deleted text</strike></div></td> <td align=\"right\"><a href=\"https://www.lexisnexis.com/statenet/\"><img alt=\"Powered by State Net\" src=\"https://custom.statenet.com/network/poweredby.gif\" /></a></td></tr></table></div><table id=\"text-identifier\"><tr><td class=\"key\">2023 WI A 664</td> <td><table><tr><td class=\"label\">Author:</td> <td>Neylon</td></tr> <tr><td class=\"label\">Version:</td> <td>Offered Substitute</td></tr> <tr><td class=\"label\">Version Date:</td> <td>02/14/2024</td></tr></table></td></tr></table><div class=\"documentBody\">\n  <a name=\"head_document_section\"></a><div class=\"head\">\n   <p class=\"center\">2023 - 2024 LEGISLATURE </p>\n   <p class=\"center\">ASSEMBLY SUBSTITUTE AMENDMENT 1,</p>\n   <p class=\"center\">TO ASSEMBLY BILL 664</p>\n   <p class=\"indent\">February 14, 2024 - Offered by Representative Neylon.</p>\n   <p class=\"center\">***AUTHORS SUBJECT TO CHANGE***</p>\n  </div>\n  <a name=\"code_document_section\"></a><div class=\"code\">\n   <p class=\"indent\">An Act <i>\n     <b>to amend</b>\n    </i> 11.1303 (title); and <i>\n     <b>to create</b>\n    </i> 11.1303 (2m) of the statutes; <b>relating to:</b> disclosures regarding content generated by artificial intelligence in political advertisements, granting rule-making authority, and providing a penalty.</p>\n  </div>\n  <a name=\"digest_document_section\"></a><div class=\"digest\">\n   <p class=\"center\">\n    <b>\n     <i>Analysis by the Legislative Reference Bureau</i>\n    </b>\n   </p>\n   <p class=\"indent\">This bill requires that any audio or video communication make certain disclosures if the communication 1) is paid for by a candidate committee, legislative campaign committee, political action committee, independent expenditure committee, political party, recall committee, or referendum committee with a contribution or disbursement; 2) contains synthetic media; and 3) contains express advocacy, as defined under current law, or issue advocacy or supports or opposes a referendum. The bill defines &ldquo;synthetic media&rdquo; as audio or video content substantially produced by means of generative artificial intelligence. The bill further defines &ldquo;issue advocacy&rdquo; as a communication that provides information about political or social issues and is made to influence the outcome of an election. </p>\n   <p class=\"indent\">Under the bill, every such audio communication must include at both the beginning and the end of the communication the words &ldquo;Contains content generated by AI.&rdquo;</p>\n   <p class=\"indent\">Similarly, the bill provides that every such video communication must include throughout the duration of each portion of the communication containing synthetic media, in writing that is readable, legible, and readily accessible, the words &ldquo;This video content generated by AI&rdquo; if the video includes video synthetic media only, &ldquo;This audio content generated by AI&rdquo; if the video includes audio synthetic media only, or &ldquo;This content generated by AI&rdquo; if the video includes both video and audio synthetic media. </p>\n   <p class=\"indent\">The bill imposes a forfeiture of up to $1,000 for each violation of the bill&#39;s requirements, enforced in the same manner as other similar violations of Wisconsin&#39;s laws regulating campaigns, and authorizes the Ethics Commission to adopt rules creating limited exceptions to the bill&#39;s disclosure requirements. </p>\n   <p class=\"indent\">Finally, the bill specifies that no liability for a violation of the bill&#39;s disclosure requirements shall attach to a broadcaster or other host or carrier of a video or audio communication and that the bill may not be construed to alter or negate any rights, obligations, or immunities of a computer service or Internet access provider under federal law.</p>\n  </div>\n  <a name=\"text_document_section\"></a><div class=\"text\">\n   <span>\n    <p class=\"indent\">\n     <i>\n      <b>The people of the state of Wisconsin, represented in senate and assembly, do enact as follows:</b>\n     </i>\n    </p>\n   </span>\n   <p class=\"indent\">\n    <b>Section 1.</b> 11.1303 (title) of the statutes is amended to read:</p>\n   <p class=\"indent\">\n    <b>11.1303</b> (title) <b>Attribution of political contributions, disbursements and communications<u class=\"amendmentInsertedText\">; synthetic media</u>.</b>\n   </p>\n   <p class=\"indent\">\n    <b>Section 2.</b> 11.1303 (2m) of the statutes is created to read:</p>\n   <p class=\"indent\">11.1303 <b>(2m)</b> (a) In this subsection:</p>\n   <p class=\"indent\">1. &ldquo;Issue advocacy&rdquo; means a communication that provides information about political or social issues and is made to influence the outcome of an election.</p>\n   <p class=\"indent\">2. &ldquo;Synthetic media&rdquo; means audio or video content that is substantially produced in whole or in part by means of generative artificial intelligence.</p>\n   <p class=\"indent\">(b) Every audio communication otherwise described in sub. (2) (a) or (b) but containing express advocacy or issue advocacy or supporting or opposing a referendum and that contains synthetic media shall include both at the beginning and at the end of the communication the words &ldquo;Contains content generated by AI.&rdquo;</p>\n   <p class=\"indent\">(c) Every video communication otherwise described in sub. (2) (a) or (b) but containing express advocacy or issue advocacy or supporting or opposing a referendum shall include throughout the duration of each portion of the communication containing synthetic media, in writing that is readable, legible, and readily accessible, the words &ldquo;This video content generated by AI&rdquo; if the video includes video synthetic media only, &ldquo;This audio content generated by AI&rdquo; if the video includes audio synthetic media only, or &ldquo;This content generated by AI&rdquo; if the video includes both video and audio synthetic media.</p>\n   <p class=\"indent\">(d) The commission may promulgate rules implementing this subsection. The rules may include limited exceptions to the requirements under pars. (b) and (c).</p>\n   <p class=\"indent\">(e) Compliance with this subsection does not create an exemption from any civil or criminal liability, including for violations of s. 12.05.</p>\n   <p class=\"indent\">(f) Notwithstanding s. 11.1401 (1) (b), whoever intentionally violates par. (b) or (c) shall be subject to a forfeiture not to exceed $1,000 for each violation. Any violation of par. (b) or (c) shall be enforced as provided under s. 11.1400 (5).</p>\n   <p class=\"indent\">(g) No liability for a violation of this subsection shall attach to any person who is a broadcaster or other host or carrier of a video or audio communication described in sub. (2) (a) or (b) that contains synthetic media, unless the person is a committee responsible for the communication.</p>\n   <p class=\"indent\">(h) This subsection may not be construed to alter or negate any rights, obligations, or immunities of a provider of an interactive computer service under 47 USC 230.</p>\n   <p class=\"indent\">\n    <b>Section 3. Initial applicability.</b>\n   </p>\n   <p class=\"indent\">(1) This act first applies to a communication under s. 11.1303 (2m) (b) or (c) that is created on the effective date of this subsection.</p>\n  </div>\n </div>\n    </div>\t\n<table cellpadding=0 cellspacing=0 width=\"100%\">\n   <tr>\n      <td>\n          Copyright &copy; 2025 State Net\n      </td>\n<BR>\n<!--???MOVED INTO resources.cgi      <td align=\"right\">\n          <img src=\"https://custom.statenet.com/network/poweredby.gif\" alt=\"Powered by State Net\">\n      </td>-->\n\n    </tr>\n</table>\n</body></html>\n",
      "markdown": "The following has special meaning: _green underline denotes added text_ ~~red struck out text denotes deleted text~~ | [![Powered by State Net](https://custom.statenet.com/network/poweredby.gif)](https://www.lexisnexis.com/statenet/)  \n---|---  \n  \n2023 WI A 664 | | Author: | Neylon  \n---|---  \nVersion: | Offered Substitute  \nVersion Date: | 02/14/2024  \n  \n2023 - 2024 LEGISLATURE\n\nASSEMBLY SUBSTITUTE AMENDMENT 1,\n\nTO ASSEMBLY BILL 664\n\nFebruary 14, 2024 - Offered by Representative Neylon.\n\n***AUTHORS SUBJECT TO CHANGE***\n\nAn Act _**to amend** _ 11.1303 (title); and _**to create** _ 11.1303 (2m) of\nthe statutes; **relating to:** disclosures regarding content generated by\nartificial intelligence in political advertisements, granting rule-making\nauthority, and providing a penalty.\n\n**_Analysis by the Legislative Reference Bureau_ **\n\nThis bill requires that any audio or video communication make certain\ndisclosures if the communication 1) is paid for by a candidate committee,\nlegislative campaign committee, political action committee, independent\nexpenditure committee, political party, recall committee, or referendum\ncommittee with a contribution or disbursement; 2) contains synthetic media;\nand 3) contains express advocacy, as defined under current law, or issue\nadvocacy or supports or opposes a referendum. The bill defines \"synthetic\nmedia\" as audio or video content substantially produced by means of generative\nartificial intelligence. The bill further defines \"issue advocacy\" as a\ncommunication that provides information about political or social issues and\nis made to influence the outcome of an election.\n\nUnder the bill, every such audio communication must include at both the\nbeginning and the end of the communication the words \"Contains content\ngenerated by AI.\"\n\nSimilarly, the bill provides that every such video communication must include\nthroughout the duration of each portion of the communication containing\nsynthetic media, in writing that is readable, legible, and readily accessible,\nthe words \"This video content generated by AI\" if the video includes video\nsynthetic media only, \"This audio content generated by AI\" if the video\nincludes audio synthetic media only, or \"This content generated by AI\" if the\nvideo includes both video and audio synthetic media.\n\nThe bill imposes a forfeiture of up to $1,000 for each violation of the bill's\nrequirements, enforced in the same manner as other similar violations of\nWisconsin's laws regulating campaigns, and authorizes the Ethics Commission to\nadopt rules creating limited exceptions to the bill's disclosure requirements.\n\nFinally, the bill specifies that no liability for a violation of the bill's\ndisclosure requirements shall attach to a broadcaster or other host or carrier\nof a video or audio communication and that the bill may not be construed to\nalter or negate any rights, obligations, or immunities of a computer service\nor Internet access provider under federal law.\n\n_**The people of the state of Wisconsin, represented in senate and assembly,\ndo enact as follows:** _\n\n**Section 1.** 11.1303 (title) of the statutes is amended to read:\n\n**11.1303** (title) **Attribution of political contributions, disbursements\nand communications _; synthetic media_.**\n\n**Section 2.** 11.1303 (2m) of the statutes is created to read:\n\n11.1303 **(2m)** (a) In this subsection:\n\n1\\. \"Issue advocacy\" means a communication that provides information about\npolitical or social issues and is made to influence the outcome of an\nelection.\n\n2\\. \"Synthetic media\" means audio or video content that is substantially\nproduced in whole or in part by means of generative artificial intelligence.\n\n(b) Every audio communication otherwise described in sub. (2) (a) or (b) but\ncontaining express advocacy or issue advocacy or supporting or opposing a\nreferendum and that contains synthetic media shall include both at the\nbeginning and at the end of the communication the words \"Contains content\ngenerated by AI.\"\n\n(c) Every video communication otherwise described in sub. (2) (a) or (b) but\ncontaining express advocacy or issue advocacy or supporting or opposing a\nreferendum shall include throughout the duration of each portion of the\ncommunication containing synthetic media, in writing that is readable,\nlegible, and readily accessible, the words \"This video content generated by\nAI\" if the video includes video synthetic media only, \"This audio content\ngenerated by AI\" if the video includes audio synthetic media only, or \"This\ncontent generated by AI\" if the video includes both video and audio synthetic\nmedia.\n\n(d) The commission may promulgate rules implementing this subsection. The\nrules may include limited exceptions to the requirements under pars. (b) and\n(c).\n\n(e) Compliance with this subsection does not create an exemption from any\ncivil or criminal liability, including for violations of s. 12.05.\n\n(f) Notwithstanding s. 11.1401 (1) (b), whoever intentionally violates par.\n(b) or (c) shall be subject to a forfeiture not to exceed $1,000 for each\nviolation. Any violation of par. (b) or (c) shall be enforced as provided\nunder s. 11.1400 (5).\n\n(g) No liability for a violation of this subsection shall attach to any person\nwho is a broadcaster or other host or carrier of a video or audio\ncommunication described in sub. (2) (a) or (b) that contains synthetic media,\nunless the person is a committee responsible for the communication.\n\n(h) This subsection may not be construed to alter or negate any rights,\nobligations, or immunities of a provider of an interactive computer service\nunder 47 USC 230.\n\n**Section 3. Initial applicability.**\n\n(1) This act first applies to a communication under s. 11.1303 (2m) (b) or (c)\nthat is created on the effective date of this subsection.\n\nCopyright (C) 2025 State Net  \n  \n---\n\n",
      "latest_version": false
    },
    {
      "date": "03/15/2024",
      "label": "Enrolled",
      "url": "https://custom.statenet.com/public/resources.cgi?mode=show_text&id=ID:bill:WI2023000A664&verid=WI2023000A664_20240315_0_ENR&",
      "raw_html": "<html>\n<head>\n<title>Bill Resource</title>\n\n<!--   <link href=\"https://custom.statenet.com/network/Common/css/extregtext.css\" rel=\"stylesheet\" type=\"text/css\" />-->\n   <link href=\"https://custom.statenet.com/network/Common/css/xmltext-2.0.css\" rel=\"stylesheet\" type=\"text/css\" />\n   <link href=\"https://custom.statenet.com/network/Common/css/additional-text.css\" rel=\"stylesheet\" type=\"text/css\" />\n\n\t<style type=\"text/css\">\n<!--\n\ntd, body {\n     background-color: white;\n\tfont-family: Verdana, Arial, Helvetica, sans-serif;\n\tfont-size: 12px;\n}\n\n.resourceContainer {\n   border: 1px solid black;\n}\n-->\n</style>\n</head>\n<body>\n\n    <div style=\"width: 750px; margin: auto\">\n       <div style=\"font-size: .8em;margin-bottom: 10px\"><table width=\"100%\"><tr><td align=\"left\" style=\"font-size: .8em;\"><div>The following has special meaning:</div>\n<div><u class=\"amendmentInsertedText\">green underline denotes added text</u></div>\n<div><strike class=\"amendmentDeletedText\">red struck out text denotes deleted text</strike></div></td> <td align=\"right\"><a href=\"https://www.lexisnexis.com/statenet/\"><img alt=\"Powered by State Net\" src=\"https://custom.statenet.com/network/poweredby.gif\" /></a></td></tr></table></div><table id=\"text-identifier\"><tr><td class=\"key\">2023 WI A 664</td> <td><table><tr><td class=\"label\">Author:</td> <td>Neylon</td></tr> <tr><td class=\"label\">Version:</td> <td>Enrolled</td></tr> <tr><td class=\"label\">Version Date:</td> <td>03/15/2024</td></tr></table></td></tr></table><div class=\"documentBody\">\n  <a name=\"head_document_section\"></a><div class=\"head\">\n   <p class=\"indent\">Date of enactment:</p>\n   <p class=\"indent\">\n    <b>2023 Assembly Bill 664</b> Date of publication*:</p>\n   <p class=\"indent\">* Section 991.11, Wisconsin Statutes: Effective date of acts. &ldquo;Every act and every portion of an act enacted by the legislature over the governor&#39;s partial veto which does not expressly prescribe the time when it takes effect shall take effect on the day after its date of publication.&quot;</p>\n   <p class=\"center\">2023 WISCONSIN ACT</p>\n  </div>\n  <a name=\"code_document_section\"></a><div class=\"code\">\n   <p class=\"indent\">An Act <b>\n     <i>to amend</i>\n    </b> 11.1303 (title); and <b>\n     <i>to create</i>\n    </b> 11.1303 (2m) of the statutes; <b>relating to:</b> disclosures regarding content generated by artificial intelligence in political advertisements, granting rule-making authority, and providing a penalty.</p>\n  </div>\n  <a name=\"text_document_section\"></a><div class=\"text\">\n   <span>\n    <p class=\"indent\">\n     <b>\n      <i>The people of the state of Wisconsin, represented in senate and assembly, do enact as follows:</i>\n     </b>\n    </p>\n   </span>\n   <p class=\"indent\">\n    <b>Section 1.</b> 11.1303 (title) of the statutes is amended to read:</p>\n   <p class=\"indent\">\n    <b>11.1303</b> (title) <b>Attribution of political contributions, disbursements and communications<u class=\"amendmentInsertedText\">; synthetic media</u>.</b>\n   </p>\n   <p class=\"indent\">\n    <b>Section 2.</b> 11.1303 (2m) of the statutes is created to read:</p>\n   <p class=\"indent\">11.1303 <b>(2m)</b> (a) In this subsection:</p>\n   <p class=\"indent\">1. &ldquo;Issue advocacy&rdquo; means a communication that provides information about political or social issues and is made to influence the outcome of an election.</p>\n   <p class=\"indent\">2. &ldquo;Synthetic media&rdquo; means audio or video content that is substantially produced in whole or in part by means of generative artificial intelligence.</p>\n   <p class=\"indent\">(b) Every audio communication otherwise described in sub. (2) (a) or (b) but containing express advocacy or issue advocacy or supporting or opposing a referendum and that contains synthetic media shall include both at the beginning and at the end of the communication the words &ldquo;Contains content generated by AI.&rdquo;</p>\n   <p class=\"indent\">(c) Every video communication otherwise described in sub. (2) (a) or (b) but containing express advocacy or issue advocacy or supporting or opposing a referendum shall include throughout the duration of each portion of the communication containing synthetic media, in writing that is readable, legible, and readily accessible, the words &ldquo;This video content generated by AI&rdquo; if the video includes video synthetic media only, &ldquo;This audio content generated by AI&rdquo; if the video includes audio synthetic media only, or &ldquo;This content generated by AI&rdquo; if the video includes both video and audio synthetic media.</p>\n   <p class=\"indent\">(d) The commission may promulgate rules implementing this subsection. The rules may include limited exceptions to the requirements under pars. (b) and (c).</p>\n   <p class=\"indent\">(e) Compliance with this subsection does not create an exemption from any civil or criminal liability, including for violations of s. 12.05.</p>\n   <p class=\"indent\">(f) Notwithstanding s. 11.1401 (1) (b), whoever intentionally violates par. (b) or (c) shall be subject to a forfeiture not to exceed $1,000 for each violation. Any violation of par. (b) or (c) shall be enforced as provided under s. 11.1400 (5).</p>\n   <p class=\"indent\">(g) No liability for a violation of this subsection shall attach to any person who is a broadcaster or other host or carrier of a video or audio communication described in sub. (2) (a) or (b) that contains synthetic media, unless the person is a committee responsible for the communication.</p>\n   <p class=\"indent\">(h) This subsection may not be construed to alter or negate any rights, obligations, or immunities of a provider of an interactive computer service under 47 USC 230.</p>\n   <p class=\"indent\">\n    <b>Section 3. Initial applicability.</b>\n   </p>\n   <p class=\"indent\">(1) This act first applies to a communication under s. 11.1303 (2m) (b) or (c) that is created on the effective date of this subsection.</p>\n  </div>\n </div>\n    </div>\t\n<table cellpadding=0 cellspacing=0 width=\"100%\">\n   <tr>\n      <td>\n          Copyright &copy; 2025 State Net\n      </td>\n<BR>\n<!--???MOVED INTO resources.cgi      <td align=\"right\">\n          <img src=\"https://custom.statenet.com/network/poweredby.gif\" alt=\"Powered by State Net\">\n      </td>-->\n\n    </tr>\n</table>\n</body></html>\n",
      "markdown": "The following has special meaning: _green underline denotes added text_ ~~red struck out text denotes deleted text~~ | [![Powered by State Net](https://custom.statenet.com/network/poweredby.gif)](https://www.lexisnexis.com/statenet/)  \n---|---  \n  \n2023 WI A 664 | | Author: | Neylon  \n---|---  \nVersion: | Enrolled  \nVersion Date: | 03/15/2024  \n  \nDate of enactment:\n\n**2023 Assembly Bill 664** Date of publication*:\n\n* Section 991.11, Wisconsin Statutes: Effective date of acts. \"Every act and every portion of an act enacted by the legislature over the governor's partial veto which does not expressly prescribe the time when it takes effect shall take effect on the day after its date of publication.\"\n\n2023 WISCONSIN ACT\n\nAn Act **_to amend_ ** 11.1303 (title); and **_to create_ ** 11.1303 (2m) of\nthe statutes; **relating to:** disclosures regarding content generated by\nartificial intelligence in political advertisements, granting rule-making\nauthority, and providing a penalty.\n\n**_The people of the state of Wisconsin, represented in senate and assembly,\ndo enact as follows:_ **\n\n**Section 1.** 11.1303 (title) of the statutes is amended to read:\n\n**11.1303** (title) **Attribution of political contributions, disbursements\nand communications _; synthetic media_.**\n\n**Section 2.** 11.1303 (2m) of the statutes is created to read:\n\n11.1303 **(2m)** (a) In this subsection:\n\n1\\. \"Issue advocacy\" means a communication that provides information about\npolitical or social issues and is made to influence the outcome of an\nelection.\n\n2\\. \"Synthetic media\" means audio or video content that is substantially\nproduced in whole or in part by means of generative artificial intelligence.\n\n(b) Every audio communication otherwise described in sub. (2) (a) or (b) but\ncontaining express advocacy or issue advocacy or supporting or opposing a\nreferendum and that contains synthetic media shall include both at the\nbeginning and at the end of the communication the words \"Contains content\ngenerated by AI.\"\n\n(c) Every video communication otherwise described in sub. (2) (a) or (b) but\ncontaining express advocacy or issue advocacy or supporting or opposing a\nreferendum shall include throughout the duration of each portion of the\ncommunication containing synthetic media, in writing that is readable,\nlegible, and readily accessible, the words \"This video content generated by\nAI\" if the video includes video synthetic media only, \"This audio content\ngenerated by AI\" if the video includes audio synthetic media only, or \"This\ncontent generated by AI\" if the video includes both video and audio synthetic\nmedia.\n\n(d) The commission may promulgate rules implementing this subsection. The\nrules may include limited exceptions to the requirements under pars. (b) and\n(c).\n\n(e) Compliance with this subsection does not create an exemption from any\ncivil or criminal liability, including for violations of s. 12.05.\n\n(f) Notwithstanding s. 11.1401 (1) (b), whoever intentionally violates par.\n(b) or (c) shall be subject to a forfeiture not to exceed $1,000 for each\nviolation. Any violation of par. (b) or (c) shall be enforced as provided\nunder s. 11.1400 (5).\n\n(g) No liability for a violation of this subsection shall attach to any person\nwho is a broadcaster or other host or carrier of a video or audio\ncommunication described in sub. (2) (a) or (b) that contains synthetic media,\nunless the person is a committee responsible for the communication.\n\n(h) This subsection may not be construed to alter or negate any rights,\nobligations, or immunities of a provider of an interactive computer service\nunder 47 USC 230.\n\n**Section 3. Initial applicability.**\n\n(1) This act first applies to a communication under s. 11.1303 (2m) (b) or (c)\nthat is created on the effective date of this subsection.\n\nCopyright (C) 2025 State Net  \n  \n---\n\n",
      "latest_version": false
    },
    {
      "date": "03/21/2024",
      "label": "Enacted - Final",
      "url": "https://custom.statenet.com/public/resources.cgi?mode=show_text&id=ID:bill:WI2023000A664&verid=WI2023000A664_20240321_0_EF&",
      "raw_html": "<html>\n<head>\n<title>Bill Resource</title>\n\n<!--   <link href=\"https://custom.statenet.com/network/Common/css/extregtext.css\" rel=\"stylesheet\" type=\"text/css\" />-->\n   <link href=\"https://custom.statenet.com/network/Common/css/xmltext-2.0.css\" rel=\"stylesheet\" type=\"text/css\" />\n   <link href=\"https://custom.statenet.com/network/Common/css/additional-text.css\" rel=\"stylesheet\" type=\"text/css\" />\n\n\t<style type=\"text/css\">\n<!--\n\ntd, body {\n     background-color: white;\n\tfont-family: Verdana, Arial, Helvetica, sans-serif;\n\tfont-size: 12px;\n}\n\n.resourceContainer {\n   border: 1px solid black;\n}\n-->\n</style>\n</head>\n<body>\n\n    <div style=\"width: 750px; margin: auto\">\n       <div style=\"font-size: .8em;margin-bottom: 10px\"><table width=\"100%\"><tr><td align=\"left\" style=\"font-size: .8em;\"><div>The following has special meaning:</div>\n<div><u class=\"amendmentInsertedText\">green underline denotes added text</u></div>\n<div><strike class=\"amendmentDeletedText\">red struck out text denotes deleted text</strike></div></td> <td align=\"right\"><a href=\"https://www.lexisnexis.com/statenet/\"><img alt=\"Powered by State Net\" src=\"https://custom.statenet.com/network/poweredby.gif\" /></a></td></tr></table></div><table id=\"text-identifier\"><tr><td class=\"key\">2023 WI A 664</td> <td><table><tr><td class=\"label\">Author:</td> <td>Neylon</td></tr> <tr><td class=\"label\">Version:</td> <td>Enacted - Final</td></tr> <tr><td class=\"label\">Version Date:</td> <td>03/21/2024</td></tr></table></td></tr></table><div class=\"documentBody\">\n  <a name=\"head_document_section\"></a><div class=\"head\">\n   <p class=\"indent\"> Date of enactment: <b>March 21, 2024</b>\n   </p>\n   <p class=\"indent\">\n    <b>2023 Assembly Bill 664</b>\n   </p>\n   <p class=\"indent\">Date of publication*: <b>March 22, 2024</b>\n   </p>\n   <p class=\"indent\">* Section 991.11, Wisconsin Statutes : Effective date of acts. &ldquo;Every act and every portion of an act enacted by the legislature over the governor&#39;s partial veto which does not expressly prescribe the time when it takes effect shall take effect on the day after its date of publication.&quot; </p>\n   <p class=\"center\">2023 WISCONSIN ACT 123</p>\n  </div>\n  <a name=\"code_document_section\"></a><div class=\"code\">\n   <p class=\"indent\">An Act <b>\n     <i>to amend</i>\n    </b> 11.1303 (title); and <b>\n     <i>to create</i>\n    </b> 11.1303 (2m) of the statutes; <b>relating to:</b> disclosures regarding content generated by artificial intelligence in political advertisements, granting rule-making authority, and providing a penalty. </p>\n  </div>\n  <a name=\"text_document_section\"></a><div class=\"text\">\n   <span>\n    <p class=\"indent\">The people of the state of Wisconsin, represented in senate and assembly, do enact as follows: </p>\n   </span>\n   <p class=\"indent\">\n    <b>Section 1.</b> 11.1303 (title) of the statutes is amended to read: </p>\n   <a name=\"section-11.1303 (title)-amended\"></a><div title=\"Section: 11.1303 (title), Action: &quot;amended&quot;\" class=\"sectionContent\">\n    <p class=\"indent\">\n     <b>11.1303</b> (title) <b>Attribution of political contributions, disbursements and communications <u class=\"amendmentInsertedText\">; synthetic media</u> .</b>\n    </p>\n   </div>\n   <p class=\"indent\">\n    <b>Section 2.</b> 11.1303 (2m) of the statutes is created to read: </p>\n   <a name=\"section-11.1303 (2m)-new\"></a><div class=\"sectionContent\" title=\"Section: 11.1303 (2m), Action: &quot;new&quot;\">\n    <p class=\"indent\">11.1303 <b>(2m)</b> (a) In this subsection: </p>\n    <p class=\"indent\">1. &ldquo;Issue advocacy&rdquo; means a communication that provides information about political or social issues and is made to influence the outcome of an election. </p>\n    <p class=\"indent\">2. &ldquo;Synthetic media&rdquo; means audio or video content that is substantially produced in whole or in part by means of generative artificial intelligence. </p>\n    <p class=\"indent\">(b) Every audio communication otherwise described in sub. (2) (a) or (b) but containing express advocacy or issue advocacy or supporting or opposing a referendum and that contains synthetic media shall include both at the beginning and at the end of the communication the words &ldquo;Contains content generated by AI.&rdquo; </p>\n    <p class=\"indent\">(c) Every video communication otherwise described in sub. (2) (a) or (b) but containing express advocacy or issue advocacy or supporting or opposing a referendum shall include throughout the duration of each portion of the communication containing synthetic media, in writing that is readable, legible, and readily accessible, the words &ldquo;This video content generated by AI&rdquo; if the video includes video synthetic media only, &ldquo;This audio content generated by AI&rdquo; if the video includes audio synthetic media only, or &ldquo;This content generated by AI&rdquo; if the video includes both video and audio synthetic media. </p>\n    <p class=\"indent\">(d) The commission may promulgate rules implementing this subsection. The rules may include limited exceptions to the requirements under pars. (b) and (c). </p>\n    <p class=\"indent\">(e) Compliance with this subsection does not create an exemption from any civil or criminal liability, including for violations of s. 12.05. </p>\n    <p class=\"indent\">(f) Notwithstanding s. 11.1401 (1) (b), whoever intentionally violates par. (b) or (c) shall be subject to a forfeiture not to exceed $1,000 for each violation. Any violation of par. (b) or (c) shall be enforced as provided under s. 11.1400 (5). </p>\n    <p class=\"indent\">(g) No liability for a violation of this subsection shall attach to any person who is a broadcaster or other host or carrier of a video or audio communication described in sub. (2) (a) or (b) that contains synthetic media, unless the person is a committee responsible for the communication. </p>\n    <p class=\"indent\">(h) This subsection may not be construed to alter or negate any rights, obligations, or immunities of a provider of an interactive computer service under 47 USC 230. </p>\n   </div>\n   <a name=\"section-Act 123, Section 3-new\"></a><div title=\"Section: Act 123, Section 3, Action: &quot;new&quot;\" class=\"sectionContent\">\n    <p class=\"indent\">\n     <b>Section 3. Initial applicability.</b>\n    </p>\n    <p class=\"indent\">(1) This act first applies to a communication under s. 11.1303 (2m) (b) or (c) that is created on the effective date of this subsection.</p>\n   </div>\n  </div>\n </div>\n    </div>\t\n<table cellpadding=0 cellspacing=0 width=\"100%\">\n   <tr>\n      <td>\n          Copyright &copy; 2025 State Net\n      </td>\n<BR>\n<!--???MOVED INTO resources.cgi      <td align=\"right\">\n          <img src=\"https://custom.statenet.com/network/poweredby.gif\" alt=\"Powered by State Net\">\n      </td>-->\n\n    </tr>\n</table>\n</body></html>\n",
      "markdown": "The following has special meaning: _green underline denotes added text_ ~~red struck out text denotes deleted text~~ | [![Powered by State Net](https://custom.statenet.com/network/poweredby.gif)](https://www.lexisnexis.com/statenet/)  \n---|---  \n  \n2023 WI A 664 | | Author: | Neylon  \n---|---  \nVersion: | Enacted - Final  \nVersion Date: | 03/21/2024  \n  \nDate of enactment: **March 21, 2024**\n\n**2023 Assembly Bill 664**\n\nDate of publication*: **March 22, 2024**\n\n* Section 991.11, Wisconsin Statutes : Effective date of acts. \"Every act and every portion of an act enacted by the legislature over the governor's partial veto which does not expressly prescribe the time when it takes effect shall take effect on the day after its date of publication.\"\n\n2023 WISCONSIN ACT 123\n\nAn Act **_to amend_ ** 11.1303 (title); and **_to create_ ** 11.1303 (2m) of\nthe statutes; **relating to:** disclosures regarding content generated by\nartificial intelligence in political advertisements, granting rule-making\nauthority, and providing a penalty.\n\nThe people of the state of Wisconsin, represented in senate and assembly, do\nenact as follows:\n\n**Section 1.** 11.1303 (title) of the statutes is amended to read:\n\n**11.1303** (title) **Attribution of political contributions, disbursements\nand communications _; synthetic media_ .**\n\n**Section 2.** 11.1303 (2m) of the statutes is created to read:\n\n11.1303 **(2m)** (a) In this subsection:\n\n1\\. \"Issue advocacy\" means a communication that provides information about\npolitical or social issues and is made to influence the outcome of an\nelection.\n\n2\\. \"Synthetic media\" means audio or video content that is substantially\nproduced in whole or in part by means of generative artificial intelligence.\n\n(b) Every audio communication otherwise described in sub. (2) (a) or (b) but\ncontaining express advocacy or issue advocacy or supporting or opposing a\nreferendum and that contains synthetic media shall include both at the\nbeginning and at the end of the communication the words \"Contains content\ngenerated by AI.\"\n\n(c) Every video communication otherwise described in sub. (2) (a) or (b) but\ncontaining express advocacy or issue advocacy or supporting or opposing a\nreferendum shall include throughout the duration of each portion of the\ncommunication containing synthetic media, in writing that is readable,\nlegible, and readily accessible, the words \"This video content generated by\nAI\" if the video includes video synthetic media only, \"This audio content\ngenerated by AI\" if the video includes audio synthetic media only, or \"This\ncontent generated by AI\" if the video includes both video and audio synthetic\nmedia.\n\n(d) The commission may promulgate rules implementing this subsection. The\nrules may include limited exceptions to the requirements under pars. (b) and\n(c).\n\n(e) Compliance with this subsection does not create an exemption from any\ncivil or criminal liability, including for violations of s. 12.05.\n\n(f) Notwithstanding s. 11.1401 (1) (b), whoever intentionally violates par.\n(b) or (c) shall be subject to a forfeiture not to exceed $1,000 for each\nviolation. Any violation of par. (b) or (c) shall be enforced as provided\nunder s. 11.1400 (5).\n\n(g) No liability for a violation of this subsection shall attach to any person\nwho is a broadcaster or other host or carrier of a video or audio\ncommunication described in sub. (2) (a) or (b) that contains synthetic media,\nunless the person is a committee responsible for the communication.\n\n(h) This subsection may not be construed to alter or negate any rights,\nobligations, or immunities of a provider of an interactive computer service\nunder 47 USC 230.\n\n**Section 3. Initial applicability.**\n\n(1) This act first applies to a communication under s. 11.1303 (2m) (b) or (c)\nthat is created on the effective date of this subsection.\n\nCopyright (C) 2025 State Net  \n  \n---\n\n",
      "latest_version": true
    }
  ]
}